ISO-10303-21;
HEADER;
FILE_DESCRIPTION(('Open CASCADE Model'),'2;1');
FILE_NAME('Open CASCADE Shape Model','2026-10-02T13:06:25',('Author'),(
    'Open CASCADE'),'Open CASCADE STEP processor 7.7','Open CASCADE 7.7'
  ,'Unknown');
FILE_SCHEMA(('AUTOMOTIVE_DESIGN { 1 0 10303 214 1 1 1 1 }'));
ENDSEC;
DATA;
#1 = APPLICATION_PROTOCOL_DEFINITION('international standard',
  'automotive_design',2000,#2);
#2 = APPLICATION_CONTEXT(
  'core data for automotive mechanical design processes');
#3 = SHAPE_DEFINITION_REPRESENTATION(#4,#10);
#4 = PRODUCT_DEFINITION_SHAPE('','',#5);
#5 = PRODUCT_DEFINITION('design','',#6,#9);
#6 = PRODUCT_DEFINITION_FORMATION('','',#7);
#7 = PRODUCT('99856eab-be83-11f1-b6a4-98597a8d5927',
  '99856eab-be83-11f1-b6a4-98597a8d5927','',(#8));
#8 = PRODUCT_CONTEXT('',#2,'mechanical');
#9 = PRODUCT_DEFINITION_CONTEXT('part definition',#2,'design');
#10 = SHAPE_REPRESENTATION('',(#11,#15,#19,#23,#27,#31,#35,#39,#43,#47,
    #51),#55);
#11 = AXIS2_PLACEMENT_3D('',#12,#13,#14);
#12 = CARTESIAN_POINT('',(0.,0.,0.));
#13 = DIRECTION('',(0.,0.,1.));
#14 = DIRECTION('',(1.,0.,-0.));
#15 = AXIS2_PLACEMENT_3D('',#16,#17,#18);
#16 = CARTESIAN_POINT('',(0.,0.,0.));
#17 = DIRECTION('',(0.,0.,1.));
#18 = DIRECTION('',(1.,0.,-0.));
#19 = AXIS2_PLACEMENT_3D('',#20,#21,#22);
#20 = CARTESIAN_POINT('',(0.,0.,0.));
#21 = DIRECTION('',(0.,0.,1.));
#22 = DIRECTION('',(1.,0.,-0.));
#23 = AXIS2_PLACEMENT_3D('',#24,#25,#26);
#24 = CARTESIAN_POINT('',(0.,0.,0.));
#25 = DIRECTION('',(0.,0.,1.));
#26 = DIRECTION('',(1.,0.,-0.));
#27 = AXIS2_PLACEMENT_3D('',#28,#29,#30);
#28 = CARTESIAN_POINT('',(0.,0.,0.));
#29 = DIRECTION('',(0.,0.,1.));
#30 = DIRECTION('',(1.,0.,-0.));
#31 = AXIS2_PLACEMENT_3D('',#32,#33,#34);
#32 = CARTESIAN_POINT('',(0.,0.,0.));
#33 = DIRECTION('',(0.,0.,1.));
#34 = DIRECTION('',(1.,0.,-0.));
#35 = AXIS2_PLACEMENT_3D('',#36,#37,#38);
#36 = CARTESIAN_POINT('',(0.,0.,0.));
#37 = DIRECTION('',(0.,0.,1.));
#38 = DIRECTION('',(1.,0.,-0.));
#39 = AXIS2_PLACEMENT_3D('',#40,#41,#42);
#40 = CARTESIAN_POINT('',(0.,0.,0.));
#41 = DIRECTION('',(0.,0.,1.));
#42 = DIRECTION('',(1.,0.,-0.));
#43 = AXIS2_PLACEMENT_3D('',#44,#45,#46);
#44 = CARTESIAN_POINT('',(0.,0.,0.));
#45 = DIRECTION('',(0.,0.,1.));
#46 = DIRECTION('',(1.,0.,-0.));
#47 = AXIS2_PLACEMENT_3D('',#48,#49,#50);
#48 = CARTESIAN_POINT('',(0.,0.,0.));
#49 = DIRECTION('',(0.,0.,1.));
#50 = DIRECTION('',(1.,0.,-0.));
#51 = AXIS2_PLACEMENT_3D('',#52,#53,#54);
#52 = CARTESIAN_POINT('',(0.,0.,0.));
#53 = DIRECTION('',(0.,0.,1.));
#54 = DIRECTION('',(1.,0.,-0.));
#55 = ( GEOMETRIC_REPRESENTATION_CONTEXT(3) 
GLOBAL_UNCERTAINTY_ASSIGNED_CONTEXT((#59)) GLOBAL_UNIT_ASSIGNED_CONTEXT(
(#56,#57,#58)) REPRESENTATION_CONTEXT('Context #1',
  '3D Context with UNIT and UNCERTAINTY') );
#56 = ( LENGTH_UNIT() NAMED_UNIT(*) SI_UNIT(.MILLI.,.METRE.) );
#57 = ( NAMED_UNIT(*) PLANE_ANGLE_UNIT() SI_UNIT($,.RADIAN.) );
#58 = ( NAMED_UNIT(*) SI_UNIT($,.STERADIAN.) SOLID_ANGLE_UNIT() );
#59 = UNCERTAINTY_MEASURE_WITH_UNIT(LENGTH_MEASURE(1.E-07),#56,
  'distance_accuracy_value','confusion accuracy');
#60 = PRODUCT_RELATED_PRODUCT_CATEGORY('part',$,(#7));
#61 = SHAPE_DEFINITION_REPRESENTATION(#62,#68);
#62 = PRODUCT_DEFINITION_SHAPE('','',#63);
#63 = PRODUCT_DEFINITION('design','',#64,#67);
#64 = PRODUCT_DEFINITION_FORMATION('','',#65);
#65 = PRODUCT('carriage_plate','carriage_plate','',(#66));
#66 = PRODUCT_CONTEXT('',#2,'mechanical');
#67 = PRODUCT_DEFINITION_CONTEXT('part definition',#2,'design');
#68 = SHAPE_REPRESENTATION('',(#11,#69),#73);
#69 = AXIS2_PLACEMENT_3D('',#70,#71,#72);
#70 = CARTESIAN_POINT('',(0.,0.,0.));
#71 = DIRECTION('',(0.,0.,1.));
#72 = DIRECTION('',(1.,0.,-0.));
#73 = ( GEOMETRIC_REPRESENTATION_CONTEXT(3) 
GLOBAL_UNCERTAINTY_ASSIGNED_CONTEXT((#77)) GLOBAL_UNIT_ASSIGNED_CONTEXT(
(#74,#75,#76)) REPRESENTATION_CONTEXT('Context #1',
  '3D Context with UNIT and UNCERTAINTY') );
#74 = ( LENGTH_UNIT() NAMED_UNIT(*) SI_UNIT(.MILLI.,.METRE.) );
#75 = ( NAMED_UNIT(*) PLANE_ANGLE_UNIT() SI_UNIT($,.RADIAN.) );
#76 = ( NAMED_UNIT(*) SI_UNIT($,.STERADIAN.) SOLID_ANGLE_UNIT() );
#77 = UNCERTAINTY_MEASURE_WITH_UNIT(LENGTH_MEASURE(1.E-07),#74,
  'distance_accuracy_value','confusion accuracy');
#78 = CONTEXT_DEPENDENT_SHAPE_REPRESENTATION(#79,#81);
#79 = ( REPRESENTATION_RELATIONSHIP('','',#68,#10) 
REPRESENTATION_RELATIONSHIP_WITH_TRANSFORMATION(#80) 
SHAPE_REPRESENTATION_RELATIONSHIP() );
#80 = ITEM_DEFINED_TRANSFORMATION('','',#11,#15);
#81 = PRODUCT_DEFINITION_SHAPE('Placement','Placement of an item',#82);
#82 = NEXT_ASSEMBLY_USAGE_OCCURRENCE('2','','',#5,#63,$);
#83 = PRODUCT_RELATED_PRODUCT_CATEGORY('part',$,(#65));
#84 = SHAPE_DEFINITION_REPRESENTATION(#85,#91);
#85 = PRODUCT_DEFINITION_SHAPE('','',#86);
#86 = PRODUCT_DEFINITION('design','',#87,#90);
#87 = PRODUCT_DEFINITION_FORMATION('','',#88);
#88 = PRODUCT('carriage_plate_part','carriage_plate_part','',(#89));
#89 = PRODUCT_CONTEXT('',#2,'mechanical');
#90 = PRODUCT_DEFINITION_CONTEXT('part definition',#2,'design');
#91 = ADVANCED_BREP_SHAPE_REPRESENTATION('',(#11,#92),#2206);
#92 = MANIFOLD_SOLID_BREP('',#93);
#93 = CLOSED_SHELL('',(#94,#249,#325,#626,#907,#934,#993,#1055,#1082,
    #1144,#1171,#1336,#1391,#1446,#1501,#1556,#1606,#1656,#1706,#1756,
    #1900,#1959,#2009,#2056,#2083,#2110,#2137,#2164,#2171,#2178,#2185,
    #2192,#2199));
#94 = ADVANCED_FACE('',(#95,#214),#109,.F.);
#95 = FACE_BOUND('',#96,.F.);
#96 = EDGE_LOOP('',(#97,#132,#160,#188));
#97 = ORIENTED_EDGE('',*,*,#98,.F.);
#98 = EDGE_CURVE('',#99,#101,#103,.T.);
#99 = VERTEX_POINT('',#100);
#100 = CARTESIAN_POINT('',(50.,24.,0.));
#101 = VERTEX_POINT('',#102);
#102 = CARTESIAN_POINT('',(50.,24.,10.));
#103 = SURFACE_CURVE('',#104,(#108,#120),.PCURVE_S1.);
#104 = LINE('',#105,#106);
#105 = CARTESIAN_POINT('',(50.,24.,0.));
#106 = VECTOR('',#107,1.);
#107 = DIRECTION('',(0.,0.,1.));
#108 = PCURVE('',#109,#114);
#109 = PLANE('',#110);
#110 = AXIS2_PLACEMENT_3D('',#111,#112,#113);
#111 = CARTESIAN_POINT('',(50.,24.,0.));
#112 = DIRECTION('',(1.,0.,0.));
#113 = DIRECTION('',(0.,0.,1.));
#114 = DEFINITIONAL_REPRESENTATION('',(#115),#119);
#115 = LINE('',#116,#117);
#116 = CARTESIAN_POINT('',(0.,0.));
#117 = VECTOR('',#118,1.);
#118 = DIRECTION('',(1.,0.));
#119 = ( GEOMETRIC_REPRESENTATION_CONTEXT(2) 
PARAMETRIC_REPRESENTATION_CONTEXT() REPRESENTATION_CONTEXT('2D SPACE',''
  ) );
#120 = PCURVE('',#121,#126);
#121 = PLANE('',#122);
#122 = AXIS2_PLACEMENT_3D('',#123,#124,#125);
#123 = CARTESIAN_POINT('',(0.,24.,0.));
#124 = DIRECTION('',(0.,1.,0.));
#125 = DIRECTION('',(0.,0.,1.));
#126 = DEFINITIONAL_REPRESENTATION('',(#127),#131);
#127 = LINE('',#128,#129);
#128 = CARTESIAN_POINT('',(0.,50.));
#129 = VECTOR('',#130,1.);
#130 = DIRECTION('',(1.,0.));
#131 = ( GEOMETRIC_REPRESENTATION_CONTEXT(2) 
PARAMETRIC_REPRESENTATION_CONTEXT() REPRESENTATION_CONTEXT('2D SPACE',''
  ) );
#132 = ORIENTED_EDGE('',*,*,#133,.T.);
#133 = EDGE_CURVE('',#99,#134,#136,.T.);
#134 = VERTEX_POINT('',#135);
#135 = CARTESIAN_POINT('',(50.,37.071067811865,0.));
#136 = SURFACE_CURVE('',#137,(#141,#148),.PCURVE_S1.);
#137 = LINE('',#138,#139);
#138 = CARTESIAN_POINT('',(50.,24.,0.));
#139 = VECTOR('',#140,1.);
#140 = DIRECTION('',(0.,1.,0.));
#141 = PCURVE('',#109,#142);
#142 = DEFINITIONAL_REPRESENTATION('',(#143),#147);
#143 = LINE('',#144,#145);
#144 = CARTESIAN_POINT('',(0.,0.));
#145 = VECTOR('',#146,1.);
#146 = DIRECTION('',(0.,-1.));
#147 = ( GEOMETRIC_REPRESENTATION_CONTEXT(2) 
PARAMETRIC_REPRESENTATION_CONTEXT() REPRESENTATION_CONTEXT('2D SPACE',''
  ) );
#148 = PCURVE('',#149,#154);
#149 = PLANE('',#150);
#150 = AXIS2_PLACEMENT_3D('',#151,#152,#153);
#151 = CARTESIAN_POINT('',(50.,24.,0.));
#152 = DIRECTION('',(0.,0.,1.));
#153 = DIRECTION('',(1.,0.,0.));
#154 = DEFINITIONAL_REPRESENTATION('',(#155),#159);
#155 = LINE('',#156,#157);
#156 = CARTESIAN_POINT('',(0.,0.));
#157 = VECTOR('',#158,1.);
#158 = DIRECTION('',(0.,1.));
#159 = ( GEOMETRIC_REPRESENTATION_CONTEXT(2) 
PARAMETRIC_REPRESENTATION_CONTEXT() REPRESENTATION_CONTEXT('2D SPACE',''
  ) );
#160 = ORIENTED_EDGE('',*,*,#161,.T.);
#161 = EDGE_CURVE('',#134,#162,#164,.T.);
#162 = VERTEX_POINT('',#163);
#163 = CARTESIAN_POINT('',(50.,37.071067811865,10.));
#164 = SURFACE_CURVE('',#165,(#169,#176),.PCURVE_S1.);
#165 = LINE('',#166,#167);
#166 = CARTESIAN_POINT('',(50.,37.071067811865,0.));
#167 = VECTOR('',#168,1.);
#168 = DIRECTION('',(0.,0.,1.));
#169 = PCURVE('',#109,#170);
#170 = DEFINITIONAL_REPRESENTATION('',(#171),#175);
#171 = LINE('',#172,#173);
#172 = CARTESIAN_POINT('',(0.,-13.07106781186));
#173 = VECTOR('',#174,1.);
#174 = DIRECTION('',(1.,0.));
#175 = ( GEOMETRIC_REPRESENTATION_CONTEXT(2) 
PARAMETRIC_REPRESENTATION_CONTEXT() REPRESENTATION_CONTEXT('2D SPACE',''
  ) );
#176 = PCURVE('',#177,#182);
#177 = PLANE('',#178);
#178 = AXIS2_PLACEMENT_3D('',#179,#180,#181);
#179 = CARTESIAN_POINT('',(50.,37.071067811865,0.));
#180 = DIRECTION('',(0.,1.,0.));
#181 = DIRECTION('',(0.,0.,1.));
#182 = DEFINITIONAL_REPRESENTATION('',(#183),#187);
#183 = LINE('',#184,#185);
#184 = CARTESIAN_POINT('',(0.,0.));
#185 = VECTOR('',#186,1.);
#186 = DIRECTION('',(1.,0.));
#187 = ( GEOMETRIC_REPRESENTATION_CONTEXT(2) 
PARAMETRIC_REPRESENTATION_CONTEXT() REPRESENTATION_CONTEXT('2D SPACE',''
  ) );
#188 = ORIENTED_EDGE('',*,*,#189,.F.);
#189 = EDGE_CURVE('',#101,#162,#190,.T.);
#190 = SURFACE_CURVE('',#191,(#195,#202),.PCURVE_S1.);
#191 = LINE('',#192,#193);
#192 = CARTESIAN_POINT('',(50.,24.,10.));
#193 = VECTOR('',#194,1.);
#194 = DIRECTION('',(0.,1.,0.));
#195 = PCURVE('',#109,#196);
#196 = DEFINITIONAL_REPRESENTATION('',(#197),#201);
#197 = LINE('',#198,#199);
#198 = CARTESIAN_POINT('',(10.,0.));
#199 = VECTOR('',#200,1.);
#200 = DIRECTION('',(0.,-1.));
#201 = ( GEOMETRIC_REPRESENTATION_CONTEXT(2) 
PARAMETRIC_REPRESENTATION_CONTEXT() REPRESENTATION_CONTEXT('2D SPACE',''
  ) );
#202 = PCURVE('',#203,#208);
#203 = PLANE('',#204);
#204 = AXIS2_PLACEMENT_3D('',#205,#206,#207);
#205 = CARTESIAN_POINT('',(50.,24.,10.));
#206 = DIRECTION('',(0.,0.,1.));
#207 = DIRECTION('',(1.,0.,0.));
#208 = DEFINITIONAL_REPRESENTATION('',(#209),#213);
#209 = LINE('',#210,#211);
#210 = CARTESIAN_POINT('',(0.,0.));
#211 = VECTOR('',#212,1.);
#212 = DIRECTION('',(0.,1.));
#213 = ( GEOMETRIC_REPRESENTATION_CONTEXT(2) 
PARAMETRIC_REPRESENTATION_CONTEXT() REPRESENTATION_CONTEXT('2D SPACE',''
  ) );
#214 = FACE_BOUND('',#215,.F.);
#215 = EDGE_LOOP('',(#216));
#216 = ORIENTED_EDGE('',*,*,#217,.T.);
#217 = EDGE_CURVE('',#218,#218,#220,.T.);
#218 = VERTEX_POINT('',#219);
#219 = CARTESIAN_POINT('',(50.,34.271067811865,5.));
#220 = SURFACE_CURVE('',#221,(#226,#237),.PCURVE_S1.);
#221 = CIRCLE('',#222,2.2);
#222 = AXIS2_PLACEMENT_3D('',#223,#224,#225);
#223 = CARTESIAN_POINT('',(50.,32.071067811865,5.));
#224 = DIRECTION('',(-1.,0.,0.));
#225 = DIRECTION('',(0.,1.,0.));
#226 = PCURVE('',#109,#227);
#227 = DEFINITIONAL_REPRESENTATION('',(#228),#236);
#228 = ( BOUNDED_CURVE() B_SPLINE_CURVE(2,(#229,#230,#231,#232,#233,#234
,#235),.UNSPECIFIED.,.T.,.F.) B_SPLINE_CURVE_WITH_KNOTS((1,2,2,2,2,1),(
    -2.094395102393,0.,2.094395102393,4.188790204786,6.28318530718,
8.377580409573),.UNSPECIFIED.) CURVE() GEOMETRIC_REPRESENTATION_ITEM() 
RATIONAL_B_SPLINE_CURVE((1.,0.5,1.,0.5,1.,0.5,1.)) REPRESENTATION_ITEM(
  '') );
#229 = CARTESIAN_POINT('',(5.,-10.27106781186));
#230 = CARTESIAN_POINT('',(1.189488223348,-10.27106781186));
#231 = CARTESIAN_POINT('',(3.094744111674,-6.971067811865));
#232 = CARTESIAN_POINT('',(5.,-3.671067811865));
#233 = CARTESIAN_POINT('',(6.905255888326,-6.971067811865));
#234 = CARTESIAN_POINT('',(8.810511776652,-10.27106781186));
#235 = CARTESIAN_POINT('',(5.,-10.27106781186));
#236 = ( GEOMETRIC_REPRESENTATION_CONTEXT(2) 
PARAMETRIC_REPRESENTATION_CONTEXT() REPRESENTATION_CONTEXT('2D SPACE',''
  ) );
#237 = PCURVE('',#238,#243);
#238 = CYLINDRICAL_SURFACE('',#239,2.2);
#239 = AXIS2_PLACEMENT_3D('',#240,#241,#242);
#240 = CARTESIAN_POINT('',(-1.,32.071067811865,5.));
#241 = DIRECTION('',(-1.,-0.,-0.));
#242 = DIRECTION('',(0.,1.,0.));
#243 = DEFINITIONAL_REPRESENTATION('',(#244),#248);
#244 = LINE('',#245,#246);
#245 = CARTESIAN_POINT('',(-6.28318530718,-51.));
#246 = VECTOR('',#247,1.);
#247 = DIRECTION('',(1.,-0.));
#248 = ( GEOMETRIC_REPRESENTATION_CONTEXT(2) 
PARAMETRIC_REPRESENTATION_CONTEXT() REPRESENTATION_CONTEXT('2D SPACE',''
  ) );
#249 = ADVANCED_FACE('',(#250),#121,.T.);
#250 = FACE_BOUND('',#251,.T.);
#251 = EDGE_LOOP('',(#252,#275,#303,#324));
#252 = ORIENTED_EDGE('',*,*,#253,.F.);
#253 = EDGE_CURVE('',#254,#99,#256,.T.);
#254 = VERTEX_POINT('',#255);
#255 = CARTESIAN_POINT('',(15.,24.,0.));
#256 = SURFACE_CURVE('',#257,(#261,#268),.PCURVE_S1.);
#257 = LINE('',#258,#259);
#258 = CARTESIAN_POINT('',(0.,24.,0.));
#259 = VECTOR('',#260,1.);
#260 = DIRECTION('',(1.,0.,0.));
#261 = PCURVE('',#121,#262);
#262 = DEFINITIONAL_REPRESENTATION('',(#263),#267);
#263 = LINE('',#264,#265);
#264 = CARTESIAN_POINT('',(0.,0.));
#265 = VECTOR('',#266,1.);
#266 = DIRECTION('',(0.,1.));
#267 = ( GEOMETRIC_REPRESENTATION_CONTEXT(2) 
PARAMETRIC_REPRESENTATION_CONTEXT() REPRESENTATION_CONTEXT('2D SPACE',''
  ) );
#268 = PCURVE('',#149,#269);
#269 = DEFINITIONAL_REPRESENTATION('',(#270),#274);
#270 = LINE('',#271,#272);
#271 = CARTESIAN_POINT('',(-50.,0.));
#272 = VECTOR('',#273,1.);
#273 = DIRECTION('',(1.,0.));
#274 = ( GEOMETRIC_REPRESENTATION_CONTEXT(2) 
PARAMETRIC_REPRESENTATION_CONTEXT() REPRESENTATION_CONTEXT('2D SPACE',''
  ) );
#275 = ORIENTED_EDGE('',*,*,#276,.T.);
#276 = EDGE_CURVE('',#254,#277,#279,.T.);
#277 = VERTEX_POINT('',#278);
#278 = CARTESIAN_POINT('',(15.,24.,10.));
#279 = SURFACE_CURVE('',#280,(#284,#291),.PCURVE_S1.);
#280 = LINE('',#281,#282);
#281 = CARTESIAN_POINT('',(15.,24.,0.));
#282 = VECTOR('',#283,1.);
#283 = DIRECTION('',(0.,0.,1.));
#284 = PCURVE('',#121,#285);
#285 = DEFINITIONAL_REPRESENTATION('',(#286),#290);
#286 = LINE('',#287,#288);
#287 = CARTESIAN_POINT('',(0.,15.));
#288 = VECTOR('',#289,1.);
#289 = DIRECTION('',(1.,0.));
#290 = ( GEOMETRIC_REPRESENTATION_CONTEXT(2) 
PARAMETRIC_REPRESENTATION_CONTEXT() REPRESENTATION_CONTEXT('2D SPACE',''
  ) );
#291 = PCURVE('',#292,#297);
#292 = PLANE('',#293);
#293 = AXIS2_PLACEMENT_3D('',#294,#295,#296);
#294 = CARTESIAN_POINT('',(15.,24.,0.));
#295 = DIRECTION('',(1.,0.,0.));
#296 = DIRECTION('',(0.,0.,1.));
#297 = DEFINITIONAL_REPRESENTATION('',(#298),#302);
#298 = LINE('',#299,#300);
#299 = CARTESIAN_POINT('',(0.,0.));
#300 = VECTOR('',#301,1.);
#301 = DIRECTION('',(1.,0.));
#302 = ( GEOMETRIC_REPRESENTATION_CONTEXT(2) 
PARAMETRIC_REPRESENTATION_CONTEXT() REPRESENTATION_CONTEXT('2D SPACE',''
  ) );
#303 = ORIENTED_EDGE('',*,*,#304,.T.);
#304 = EDGE_CURVE('',#277,#101,#305,.T.);
#305 = SURFACE_CURVE('',#306,(#310,#317),.PCURVE_S1.);
#306 = LINE('',#307,#308);
#307 = CARTESIAN_POINT('',(0.,24.,10.));
#308 = VECTOR('',#309,1.);
#309 = DIRECTION('',(1.,0.,0.));
#310 = PCURVE('',#121,#311);
#311 = DEFINITIONAL_REPRESENTATION('',(#312),#316);
#312 = LINE('',#313,#314);
#313 = CARTESIAN_POINT('',(10.,0.));
#314 = VECTOR('',#315,1.);
#315 = DIRECTION('',(0.,1.));
#316 = ( GEOMETRIC_REPRESENTATION_CONTEXT(2) 
PARAMETRIC_REPRESENTATION_CONTEXT() REPRESENTATION_CONTEXT('2D SPACE',''
  ) );
#317 = PCURVE('',#203,#318);
#318 = DEFINITIONAL_REPRESENTATION('',(#319),#323);
#319 = LINE('',#320,#321);
#320 = CARTESIAN_POINT('',(-50.,0.));
#321 = VECTOR('',#322,1.);
#322 = DIRECTION('',(1.,0.));
#323 = ( GEOMETRIC_REPRESENTATION_CONTEXT(2) 
PARAMETRIC_REPRESENTATION_CONTEXT() REPRESENTATION_CONTEXT('2D SPACE',''
  ) );
#324 = ORIENTED_EDGE('',*,*,#98,.F.);
#325 = ADVANCED_FACE('',(#326,#486,#521,#556,#591),#203,.T.);
#326 = FACE_BOUND('',#327,.T.);
#327 = EDGE_LOOP('',(#328,#329,#330,#353,#381,#409,#437,#465));
#328 = ORIENTED_EDGE('',*,*,#189,.F.);
#329 = ORIENTED_EDGE('',*,*,#304,.F.);
#330 = ORIENTED_EDGE('',*,*,#331,.T.);
#331 = EDGE_CURVE('',#277,#332,#334,.T.);
#332 = VERTEX_POINT('',#333);
#333 = CARTESIAN_POINT('',(15.,37.071067811865,10.));
#334 = SURFACE_CURVE('',#335,(#339,#346),.PCURVE_S1.);
#335 = LINE('',#336,#337);
#336 = CARTESIAN_POINT('',(15.,24.,10.));
#337 = VECTOR('',#338,1.);
#338 = DIRECTION('',(0.,1.,0.));
#339 = PCURVE('',#203,#340);
#340 = DEFINITIONAL_REPRESENTATION('',(#341),#345);
#341 = LINE('',#342,#343);
#342 = CARTESIAN_POINT('',(-35.,0.));
#343 = VECTOR('',#344,1.);
#344 = DIRECTION('',(0.,1.));
#345 = ( GEOMETRIC_REPRESENTATION_CONTEXT(2) 
PARAMETRIC_REPRESENTATION_CONTEXT() REPRESENTATION_CONTEXT('2D SPACE',''
  ) );
#346 = PCURVE('',#292,#347);
#347 = DEFINITIONAL_REPRESENTATION('',(#348),#352);
#348 = LINE('',#349,#350);
#349 = CARTESIAN_POINT('',(10.,0.));
#350 = VECTOR('',#351,1.);
#351 = DIRECTION('',(0.,-1.));
#352 = ( GEOMETRIC_REPRESENTATION_CONTEXT(2) 
PARAMETRIC_REPRESENTATION_CONTEXT() REPRESENTATION_CONTEXT('2D SPACE',''
  ) );
#353 = ORIENTED_EDGE('',*,*,#354,.F.);
#354 = EDGE_CURVE('',#355,#332,#357,.T.);
#355 = VERTEX_POINT('',#356);
#356 = CARTESIAN_POINT('',(0.,37.071067811865,10.));
#357 = SURFACE_CURVE('',#358,(#362,#369),.PCURVE_S1.);
#358 = LINE('',#359,#360);
#359 = CARTESIAN_POINT('',(0.,37.071067811865,10.));
#360 = VECTOR('',#361,1.);
#361 = DIRECTION('',(1.,0.,0.));
#362 = PCURVE('',#203,#363);
#363 = DEFINITIONAL_REPRESENTATION('',(#364),#368);
#364 = LINE('',#365,#366);
#365 = CARTESIAN_POINT('',(-50.,13.071067811865));
#366 = VECTOR('',#367,1.);
#367 = DIRECTION('',(1.,0.));
#368 = ( GEOMETRIC_REPRESENTATION_CONTEXT(2) 
PARAMETRIC_REPRESENTATION_CONTEXT() REPRESENTATION_CONTEXT('2D SPACE',''
  ) );
#369 = PCURVE('',#370,#375);
#370 = PLANE('',#371);
#371 = AXIS2_PLACEMENT_3D('',#372,#373,#374);
#372 = CARTESIAN_POINT('',(0.,37.071067811865,0.));
#373 = DIRECTION('',(0.,1.,0.));
#374 = DIRECTION('',(0.,0.,1.));
#375 = DEFINITIONAL_REPRESENTATION('',(#376),#380);
#376 = LINE('',#377,#378);
#377 = CARTESIAN_POINT('',(10.,0.));
#378 = VECTOR('',#379,1.);
#379 = DIRECTION('',(0.,1.));
#380 = ( GEOMETRIC_REPRESENTATION_CONTEXT(2) 
PARAMETRIC_REPRESENTATION_CONTEXT() REPRESENTATION_CONTEXT('2D SPACE',''
  ) );
#381 = ORIENTED_EDGE('',*,*,#382,.F.);
#382 = EDGE_CURVE('',#383,#355,#385,.T.);
#383 = VERTEX_POINT('',#384);
#384 = CARTESIAN_POINT('',(0.,-24.,10.));
#385 = SURFACE_CURVE('',#386,(#390,#397),.PCURVE_S1.);
#386 = LINE('',#387,#388);
#387 = CARTESIAN_POINT('',(0.,-24.,10.));
#388 = VECTOR('',#389,1.);
#389 = DIRECTION('',(0.,1.,0.));
#390 = PCURVE('',#203,#391);
#391 = DEFINITIONAL_REPRESENTATION('',(#392),#396);
#392 = LINE('',#393,#394);
#393 = CARTESIAN_POINT('',(-50.,-48.));
#394 = VECTOR('',#395,1.);
#395 = DIRECTION('',(0.,1.));
#396 = ( GEOMETRIC_REPRESENTATION_CONTEXT(2) 
PARAMETRIC_REPRESENTATION_CONTEXT() REPRESENTATION_CONTEXT('2D SPACE',''
  ) );
#397 = PCURVE('',#398,#403);
#398 = PLANE('',#399);
#399 = AXIS2_PLACEMENT_3D('',#400,#401,#402);
#400 = CARTESIAN_POINT('',(0.,24.,0.));
#401 = DIRECTION('',(1.,0.,0.));
#402 = DIRECTION('',(0.,0.,1.));
#403 = DEFINITIONAL_REPRESENTATION('',(#404),#408);
#404 = LINE('',#405,#406);
#405 = CARTESIAN_POINT('',(10.,48.));
#406 = VECTOR('',#407,1.);
#407 = DIRECTION('',(0.,-1.));
#408 = ( GEOMETRIC_REPRESENTATION_CONTEXT(2) 
PARAMETRIC_REPRESENTATION_CONTEXT() REPRESENTATION_CONTEXT('2D SPACE',''
  ) );
#409 = ORIENTED_EDGE('',*,*,#410,.T.);
#410 = EDGE_CURVE('',#383,#411,#413,.T.);
#411 = VERTEX_POINT('',#412);
#412 = CARTESIAN_POINT('',(65.,-24.,10.));
#413 = SURFACE_CURVE('',#414,(#418,#425),.PCURVE_S1.);
#414 = LINE('',#415,#416);
#415 = CARTESIAN_POINT('',(0.,-24.,10.));
#416 = VECTOR('',#417,1.);
#417 = DIRECTION('',(1.,0.,0.));
#418 = PCURVE('',#203,#419);
#419 = DEFINITIONAL_REPRESENTATION('',(#420),#424);
#420 = LINE('',#421,#422);
#421 = CARTESIAN_POINT('',(-50.,-48.));
#422 = VECTOR('',#423,1.);
#423 = DIRECTION('',(1.,0.));
#424 = ( GEOMETRIC_REPRESENTATION_CONTEXT(2) 
PARAMETRIC_REPRESENTATION_CONTEXT() REPRESENTATION_CONTEXT('2D SPACE',''
  ) );
#425 = PCURVE('',#426,#431);
#426 = PLANE('',#427);
#427 = AXIS2_PLACEMENT_3D('',#428,#429,#430);
#428 = CARTESIAN_POINT('',(0.,-24.,0.));
#429 = DIRECTION('',(0.,1.,0.));
#430 = DIRECTION('',(0.,0.,1.));
#431 = DEFINITIONAL_REPRESENTATION('',(#432),#436);
#432 = LINE('',#433,#434);
#433 = CARTESIAN_POINT('',(10.,0.));
#434 = VECTOR('',#435,1.);
#435 = DIRECTION('',(0.,1.));
#436 = ( GEOMETRIC_REPRESENTATION_CONTEXT(2) 
PARAMETRIC_REPRESENTATION_CONTEXT() REPRESENTATION_CONTEXT('2D SPACE',''
  ) );
#437 = ORIENTED_EDGE('',*,*,#438,.T.);
#438 = EDGE_CURVE('',#411,#439,#441,.T.);
#439 = VERTEX_POINT('',#440);
#440 = CARTESIAN_POINT('',(65.,37.071067811865,10.));
#441 = SURFACE_CURVE('',#442,(#446,#453),.PCURVE_S1.);
#442 = LINE('',#443,#444);
#443 = CARTESIAN_POINT('',(65.,-24.,10.));
#444 = VECTOR('',#445,1.);
#445 = DIRECTION('',(0.,1.,0.));
#446 = PCURVE('',#203,#447);
#447 = DEFINITIONAL_REPRESENTATION('',(#448),#452);
#448 = LINE('',#449,#450);
#449 = CARTESIAN_POINT('',(15.,-48.));
#450 = VECTOR('',#451,1.);
#451 = DIRECTION('',(0.,1.));
#452 = ( GEOMETRIC_REPRESENTATION_CONTEXT(2) 
PARAMETRIC_REPRESENTATION_CONTEXT() REPRESENTATION_CONTEXT('2D SPACE',''
  ) );
#453 = PCURVE('',#454,#459);
#454 = PLANE('',#455);
#455 = AXIS2_PLACEMENT_3D('',#456,#457,#458);
#456 = CARTESIAN_POINT('',(65.,24.,0.));
#457 = DIRECTION('',(1.,0.,0.));
#458 = DIRECTION('',(0.,0.,1.));
#459 = DEFINITIONAL_REPRESENTATION('',(#460),#464);
#460 = LINE('',#461,#462);
#461 = CARTESIAN_POINT('',(10.,48.));
#462 = VECTOR('',#463,1.);
#463 = DIRECTION('',(0.,-1.));
#464 = ( GEOMETRIC_REPRESENTATION_CONTEXT(2) 
PARAMETRIC_REPRESENTATION_CONTEXT() REPRESENTATION_CONTEXT('2D SPACE',''
  ) );
#465 = ORIENTED_EDGE('',*,*,#466,.F.);
#466 = EDGE_CURVE('',#162,#439,#467,.T.);
#467 = SURFACE_CURVE('',#468,(#472,#479),.PCURVE_S1.);
#468 = LINE('',#469,#470);
#469 = CARTESIAN_POINT('',(50.,37.071067811865,10.));
#470 = VECTOR('',#471,1.);
#471 = DIRECTION('',(1.,0.,0.));
#472 = PCURVE('',#203,#473);
#473 = DEFINITIONAL_REPRESENTATION('',(#474),#478);
#474 = LINE('',#475,#476);
#475 = CARTESIAN_POINT('',(0.,13.071067811865));
#476 = VECTOR('',#477,1.);
#477 = DIRECTION('',(1.,0.));
#478 = ( GEOMETRIC_REPRESENTATION_CONTEXT(2) 
PARAMETRIC_REPRESENTATION_CONTEXT() REPRESENTATION_CONTEXT('2D SPACE',''
  ) );
#479 = PCURVE('',#177,#480);
#480 = DEFINITIONAL_REPRESENTATION('',(#481),#485);
#481 = LINE('',#482,#483);
#482 = CARTESIAN_POINT('',(10.,0.));
#483 = VECTOR('',#484,1.);
#484 = DIRECTION('',(0.,1.));
#485 = ( GEOMETRIC_REPRESENTATION_CONTEXT(2) 
PARAMETRIC_REPRESENTATION_CONTEXT() REPRESENTATION_CONTEXT('2D SPACE',''
  ) );
#486 = FACE_BOUND('',#487,.T.);
#487 = EDGE_LOOP('',(#488));
#488 = ORIENTED_EDGE('',*,*,#489,.T.);
#489 = EDGE_CURVE('',#490,#490,#492,.T.);
#490 = VERTEX_POINT('',#491);
#491 = CARTESIAN_POINT('',(17.,12.5,10.));
#492 = SURFACE_CURVE('',#493,(#498,#509),.PCURVE_S1.);
#493 = CIRCLE('',#494,4.);
#494 = AXIS2_PLACEMENT_3D('',#495,#496,#497);
#495 = CARTESIAN_POINT('',(21.,12.5,10.));
#496 = DIRECTION('',(0.,0.,-1.));
#497 = DIRECTION('',(-1.,0.,0.));
#498 = PCURVE('',#203,#499);
#499 = DEFINITIONAL_REPRESENTATION('',(#500),#508);
#500 = ( BOUNDED_CURVE() B_SPLINE_CURVE(2,(#501,#502,#503,#504,#505,#506
,#507),.UNSPECIFIED.,.T.,.F.) B_SPLINE_CURVE_WITH_KNOTS((1,2,2,2,2,1),(
    -2.094395102393,0.,2.094395102393,4.188790204786,6.28318530718,
8.377580409573),.UNSPECIFIED.) CURVE() GEOMETRIC_REPRESENTATION_ITEM() 
RATIONAL_B_SPLINE_CURVE((1.,0.5,1.,0.5,1.,0.5,1.)) REPRESENTATION_ITEM(
  '') );
#501 = CARTESIAN_POINT('',(-33.,-11.5));
#502 = CARTESIAN_POINT('',(-33.,-4.571796769724));
#503 = CARTESIAN_POINT('',(-27.,-8.035898384862));
#504 = CARTESIAN_POINT('',(-21.,-11.5));
#505 = CARTESIAN_POINT('',(-27.,-14.96410161513));
#506 = CARTESIAN_POINT('',(-33.,-18.42820323027));
#507 = CARTESIAN_POINT('',(-33.,-11.5));
#508 = ( GEOMETRIC_REPRESENTATION_CONTEXT(2) 
PARAMETRIC_REPRESENTATION_CONTEXT() REPRESENTATION_CONTEXT('2D SPACE',''
  ) );
#509 = PCURVE('',#510,#515);
#510 = CYLINDRICAL_SURFACE('',#511,4.);
#511 = AXIS2_PLACEMENT_3D('',#512,#513,#514);
#512 = CARTESIAN_POINT('',(21.,12.5,10.));
#513 = DIRECTION('',(0.,0.,-1.));
#514 = DIRECTION('',(-1.,0.,0.));
#515 = DEFINITIONAL_REPRESENTATION('',(#516),#520);
#516 = LINE('',#517,#518);
#517 = CARTESIAN_POINT('',(0.,0.));
#518 = VECTOR('',#519,1.);
#519 = DIRECTION('',(1.,0.));
#520 = ( GEOMETRIC_REPRESENTATION_CONTEXT(2) 
PARAMETRIC_REPRESENTATION_CONTEXT() REPRESENTATION_CONTEXT('2D SPACE',''
  ) );
#521 = FACE_BOUND('',#522,.T.);
#522 = EDGE_LOOP('',(#523));
#523 = ORIENTED_EDGE('',*,*,#524,.T.);
#524 = EDGE_CURVE('',#525,#525,#527,.T.);
#525 = VERTEX_POINT('',#526);
#526 = CARTESIAN_POINT('',(42.,12.5,10.));
#527 = SURFACE_CURVE('',#528,(#533,#544),.PCURVE_S1.);
#528 = CIRCLE('',#529,4.);
#529 = AXIS2_PLACEMENT_3D('',#530,#531,#532);
#530 = CARTESIAN_POINT('',(46.,12.5,10.));
#531 = DIRECTION('',(0.,0.,-1.));
#532 = DIRECTION('',(-1.,0.,0.));
#533 = PCURVE('',#203,#534);
#534 = DEFINITIONAL_REPRESENTATION('',(#535),#543);
#535 = ( BOUNDED_CURVE() B_SPLINE_CURVE(2,(#536,#537,#538,#539,#540,#541
,#542),.UNSPECIFIED.,.T.,.F.) B_SPLINE_CURVE_WITH_KNOTS((1,2,2,2,2,1),(
    -2.094395102393,0.,2.094395102393,4.188790204786,6.28318530718,
8.377580409573),.UNSPECIFIED.) CURVE() GEOMETRIC_REPRESENTATION_ITEM() 
RATIONAL_B_SPLINE_CURVE((1.,0.5,1.,0.5,1.,0.5,1.)) REPRESENTATION_ITEM(
  '') );
#536 = CARTESIAN_POINT('',(-8.,-11.5));
#537 = CARTESIAN_POINT('',(-8.,-4.571796769724));
#538 = CARTESIAN_POINT('',(-2.,-8.035898384862));
#539 = CARTESIAN_POINT('',(4.,-11.5));
#540 = CARTESIAN_POINT('',(-2.,-14.96410161513));
#541 = CARTESIAN_POINT('',(-8.,-18.42820323027));
#542 = CARTESIAN_POINT('',(-8.,-11.5));
#543 = ( GEOMETRIC_REPRESENTATION_CONTEXT(2) 
PARAMETRIC_REPRESENTATION_CONTEXT() REPRESENTATION_CONTEXT('2D SPACE',''
  ) );
#544 = PCURVE('',#545,#550);
#545 = CYLINDRICAL_SURFACE('',#546,4.);
#546 = AXIS2_PLACEMENT_3D('',#547,#548,#549);
#547 = CARTESIAN_POINT('',(46.,12.5,10.));
#548 = DIRECTION('',(0.,0.,-1.));
#549 = DIRECTION('',(-1.,0.,0.));
#550 = DEFINITIONAL_REPRESENTATION('',(#551),#555);
#551 = LINE('',#552,#553);
#552 = CARTESIAN_POINT('',(0.,0.));
#553 = VECTOR('',#554,1.);
#554 = DIRECTION('',(1.,0.));
#555 = ( GEOMETRIC_REPRESENTATION_CONTEXT(2) 
PARAMETRIC_REPRESENTATION_CONTEXT() REPRESENTATION_CONTEXT('2D SPACE',''
  ) );
#556 = FACE_BOUND('',#557,.T.);
#557 = EDGE_LOOP('',(#558));
#558 = ORIENTED_EDGE('',*,*,#559,.T.);
#559 = EDGE_CURVE('',#560,#560,#562,.T.);
#560 = VERTEX_POINT('',#561);
#561 = CARTESIAN_POINT('',(17.,-12.5,10.));
#562 = SURFACE_CURVE('',#563,(#568,#579),.PCURVE_S1.);
#563 = CIRCLE('',#564,4.);
#564 = AXIS2_PLACEMENT_3D('',#565,#566,#567);
#565 = CARTESIAN_POINT('',(21.,-12.5,10.));
#566 = DIRECTION('',(0.,0.,-1.));
#567 = DIRECTION('',(-1.,0.,0.));
#568 = PCURVE('',#203,#569);
#569 = DEFINITIONAL_REPRESENTATION('',(#570),#578);
#570 = ( BOUNDED_CURVE() B_SPLINE_CURVE(2,(#571,#572,#573,#574,#575,#576
,#577),.UNSPECIFIED.,.T.,.F.) B_SPLINE_CURVE_WITH_KNOTS((1,2,2,2,2,1),(
    -2.094395102393,0.,2.094395102393,4.188790204786,6.28318530718,
8.377580409573),.UNSPECIFIED.) CURVE() GEOMETRIC_REPRESENTATION_ITEM() 
RATIONAL_B_SPLINE_CURVE((1.,0.5,1.,0.5,1.,0.5,1.)) REPRESENTATION_ITEM(
  '') );
#571 = CARTESIAN_POINT('',(-33.,-36.5));
#572 = CARTESIAN_POINT('',(-33.,-29.57179676972));
#573 = CARTESIAN_POINT('',(-27.,-33.03589838486));
#574 = CARTESIAN_POINT('',(-21.,-36.5));
#575 = CARTESIAN_POINT('',(-27.,-39.96410161513));
#576 = CARTESIAN_POINT('',(-33.,-43.42820323027));
#577 = CARTESIAN_POINT('',(-33.,-36.5));
#578 = ( GEOMETRIC_REPRESENTATION_CONTEXT(2) 
PARAMETRIC_REPRESENTATION_CONTEXT() REPRESENTATION_CONTEXT('2D SPACE',''
  ) );
#579 = PCURVE('',#580,#585);
#580 = CYLINDRICAL_SURFACE('',#581,4.);
#581 = AXIS2_PLACEMENT_3D('',#582,#583,#584);
#582 = CARTESIAN_POINT('',(21.,-12.5,10.));
#583 = DIRECTION('',(0.,0.,-1.));
#584 = DIRECTION('',(-1.,0.,0.));
#585 = DEFINITIONAL_REPRESENTATION('',(#586),#590);
#586 = LINE('',#587,#588);
#587 = CARTESIAN_POINT('',(0.,0.));
#588 = VECTOR('',#589,1.);
#589 = DIRECTION('',(1.,0.));
#590 = ( GEOMETRIC_REPRESENTATION_CONTEXT(2) 
PARAMETRIC_REPRESENTATION_CONTEXT() REPRESENTATION_CONTEXT('2D SPACE',''
  ) );
#591 = FACE_BOUND('',#592,.T.);
#592 = EDGE_LOOP('',(#593));
#593 = ORIENTED_EDGE('',*,*,#594,.T.);
#594 = EDGE_CURVE('',#595,#595,#597,.T.);
#595 = VERTEX_POINT('',#596);
#596 = CARTESIAN_POINT('',(42.,-12.5,10.));
#597 = SURFACE_CURVE('',#598,(#603,#614),.PCURVE_S1.);
#598 = CIRCLE('',#599,4.);
#599 = AXIS2_PLACEMENT_3D('',#600,#601,#602);
#600 = CARTESIAN_POINT('',(46.,-12.5,10.));
#601 = DIRECTION('',(0.,0.,-1.));
#602 = DIRECTION('',(-1.,0.,0.));
#603 = PCURVE('',#203,#604);
#604 = DEFINITIONAL_REPRESENTATION('',(#605),#613);
#605 = ( BOUNDED_CURVE() B_SPLINE_CURVE(2,(#606,#607,#608,#609,#610,#611
,#612),.UNSPECIFIED.,.T.,.F.) B_SPLINE_CURVE_WITH_KNOTS((1,2,2,2,2,1),(
    -2.094395102393,0.,2.094395102393,4.188790204786,6.28318530718,
8.377580409573),.UNSPECIFIED.) CURVE() GEOMETRIC_REPRESENTATION_ITEM() 
RATIONAL_B_SPLINE_CURVE((1.,0.5,1.,0.5,1.,0.5,1.)) REPRESENTATION_ITEM(
  '') );
#606 = CARTESIAN_POINT('',(-8.,-36.5));
#607 = CARTESIAN_POINT('',(-8.,-29.57179676972));
#608 = CARTESIAN_POINT('',(-2.,-33.03589838486));
#609 = CARTESIAN_POINT('',(4.,-36.5));
#610 = CARTESIAN_POINT('',(-2.,-39.96410161513));
#611 = CARTESIAN_POINT('',(-8.,-43.42820323027));
#612 = CARTESIAN_POINT('',(-8.,-36.5));
#613 = ( GEOMETRIC_REPRESENTATION_CONTEXT(2) 
PARAMETRIC_REPRESENTATION_CONTEXT() REPRESENTATION_CONTEXT('2D SPACE',''
  ) );
#614 = PCURVE('',#615,#620);
#615 = CYLINDRICAL_SURFACE('',#616,4.);
#616 = AXIS2_PLACEMENT_3D('',#617,#618,#619);
#617 = CARTESIAN_POINT('',(46.,-12.5,10.));
#618 = DIRECTION('',(0.,0.,-1.));
#619 = DIRECTION('',(-1.,0.,0.));
#620 = DEFINITIONAL_REPRESENTATION('',(#621),#625);
#621 = LINE('',#622,#623);
#622 = CARTESIAN_POINT('',(0.,0.));
#623 = VECTOR('',#624,1.);
#624 = DIRECTION('',(1.,0.));
#625 = ( GEOMETRIC_REPRESENTATION_CONTEXT(2) 
PARAMETRIC_REPRESENTATION_CONTEXT() REPRESENTATION_CONTEXT('2D SPACE',''
  ) );
#626 = ADVANCED_FACE('',(#627,#767,#802,#837,#872),#149,.F.);
#627 = FACE_BOUND('',#628,.F.);
#628 = EDGE_LOOP('',(#629,#630,#631,#654,#677,#700,#723,#746));
#629 = ORIENTED_EDGE('',*,*,#133,.F.);
#630 = ORIENTED_EDGE('',*,*,#253,.F.);
#631 = ORIENTED_EDGE('',*,*,#632,.T.);
#632 = EDGE_CURVE('',#254,#633,#635,.T.);
#633 = VERTEX_POINT('',#634);
#634 = CARTESIAN_POINT('',(15.,37.071067811865,0.));
#635 = SURFACE_CURVE('',#636,(#640,#647),.PCURVE_S1.);
#636 = LINE('',#637,#638);
#637 = CARTESIAN_POINT('',(15.,24.,0.));
#638 = VECTOR('',#639,1.);
#639 = DIRECTION('',(0.,1.,0.));
#640 = PCURVE('',#149,#641);
#641 = DEFINITIONAL_REPRESENTATION('',(#642),#646);
#642 = LINE('',#643,#644);
#643 = CARTESIAN_POINT('',(-35.,0.));
#644 = VECTOR('',#645,1.);
#645 = DIRECTION('',(0.,1.));
#646 = ( GEOMETRIC_REPRESENTATION_CONTEXT(2) 
PARAMETRIC_REPRESENTATION_CONTEXT() REPRESENTATION_CONTEXT('2D SPACE',''
  ) );
#647 = PCURVE('',#292,#648);
#648 = DEFINITIONAL_REPRESENTATION('',(#649),#653);
#649 = LINE('',#650,#651);
#650 = CARTESIAN_POINT('',(0.,0.));
#651 = VECTOR('',#652,1.);
#652 = DIRECTION('',(0.,-1.));
#653 = ( GEOMETRIC_REPRESENTATION_CONTEXT(2) 
PARAMETRIC_REPRESENTATION_CONTEXT() REPRESENTATION_CONTEXT('2D SPACE',''
  ) );
#654 = ORIENTED_EDGE('',*,*,#655,.F.);
#655 = EDGE_CURVE('',#656,#633,#658,.T.);
#656 = VERTEX_POINT('',#657);
#657 = CARTESIAN_POINT('',(0.,37.071067811865,0.));
#658 = SURFACE_CURVE('',#659,(#663,#670),.PCURVE_S1.);
#659 = LINE('',#660,#661);
#660 = CARTESIAN_POINT('',(0.,37.071067811865,0.));
#661 = VECTOR('',#662,1.);
#662 = DIRECTION('',(1.,0.,0.));
#663 = PCURVE('',#149,#664);
#664 = DEFINITIONAL_REPRESENTATION('',(#665),#669);
#665 = LINE('',#666,#667);
#666 = CARTESIAN_POINT('',(-50.,13.071067811865));
#667 = VECTOR('',#668,1.);
#668 = DIRECTION('',(1.,0.));
#669 = ( GEOMETRIC_REPRESENTATION_CONTEXT(2) 
PARAMETRIC_REPRESENTATION_CONTEXT() REPRESENTATION_CONTEXT('2D SPACE',''
  ) );
#670 = PCURVE('',#370,#671);
#671 = DEFINITIONAL_REPRESENTATION('',(#672),#676);
#672 = LINE('',#673,#674);
#673 = CARTESIAN_POINT('',(0.,0.));
#674 = VECTOR('',#675,1.);
#675 = DIRECTION('',(0.,1.));
#676 = ( GEOMETRIC_REPRESENTATION_CONTEXT(2) 
PARAMETRIC_REPRESENTATION_CONTEXT() REPRESENTATION_CONTEXT('2D SPACE',''
  ) );
#677 = ORIENTED_EDGE('',*,*,#678,.T.);
#678 = EDGE_CURVE('',#656,#679,#681,.T.);
#679 = VERTEX_POINT('',#680);
#680 = CARTESIAN_POINT('',(0.,-24.,0.));
#681 = SURFACE_CURVE('',#682,(#686,#693),.PCURVE_S1.);
#682 = LINE('',#683,#684);
#683 = CARTESIAN_POINT('',(0.,37.071067811865,0.));
#684 = VECTOR('',#685,1.);
#685 = DIRECTION('',(0.,-1.,0.));
#686 = PCURVE('',#149,#687);
#687 = DEFINITIONAL_REPRESENTATION('',(#688),#692);
#688 = LINE('',#689,#690);
#689 = CARTESIAN_POINT('',(-50.,13.071067811865));
#690 = VECTOR('',#691,1.);
#691 = DIRECTION('',(0.,-1.));
#692 = ( GEOMETRIC_REPRESENTATION_CONTEXT(2) 
PARAMETRIC_REPRESENTATION_CONTEXT() REPRESENTATION_CONTEXT('2D SPACE',''
  ) );
#693 = PCURVE('',#398,#694);
#694 = DEFINITIONAL_REPRESENTATION('',(#695),#699);
#695 = LINE('',#696,#697);
#696 = CARTESIAN_POINT('',(0.,-13.07106781186));
#697 = VECTOR('',#698,1.);
#698 = DIRECTION('',(0.,1.));
#699 = ( GEOMETRIC_REPRESENTATION_CONTEXT(2) 
PARAMETRIC_REPRESENTATION_CONTEXT() REPRESENTATION_CONTEXT('2D SPACE',''
  ) );
#700 = ORIENTED_EDGE('',*,*,#701,.T.);
#701 = EDGE_CURVE('',#679,#702,#704,.T.);
#702 = VERTEX_POINT('',#703);
#703 = CARTESIAN_POINT('',(65.,-24.,0.));
#704 = SURFACE_CURVE('',#705,(#709,#716),.PCURVE_S1.);
#705 = LINE('',#706,#707);
#706 = CARTESIAN_POINT('',(0.,-24.,0.));
#707 = VECTOR('',#708,1.);
#708 = DIRECTION('',(1.,0.,0.));
#709 = PCURVE('',#149,#710);
#710 = DEFINITIONAL_REPRESENTATION('',(#711),#715);
#711 = LINE('',#712,#713);
#712 = CARTESIAN_POINT('',(-50.,-48.));
#713 = VECTOR('',#714,1.);
#714 = DIRECTION('',(1.,0.));
#715 = ( GEOMETRIC_REPRESENTATION_CONTEXT(2) 
PARAMETRIC_REPRESENTATION_CONTEXT() REPRESENTATION_CONTEXT('2D SPACE',''
  ) );
#716 = PCURVE('',#426,#717);
#717 = DEFINITIONAL_REPRESENTATION('',(#718),#722);
#718 = LINE('',#719,#720);
#719 = CARTESIAN_POINT('',(0.,0.));
#720 = VECTOR('',#721,1.);
#721 = DIRECTION('',(0.,1.));
#722 = ( GEOMETRIC_REPRESENTATION_CONTEXT(2) 
PARAMETRIC_REPRESENTATION_CONTEXT() REPRESENTATION_CONTEXT('2D SPACE',''
  ) );
#723 = ORIENTED_EDGE('',*,*,#724,.F.);
#724 = EDGE_CURVE('',#725,#702,#727,.T.);
#725 = VERTEX_POINT('',#726);
#726 = CARTESIAN_POINT('',(65.,37.071067811865,0.));
#727 = SURFACE_CURVE('',#728,(#732,#739),.PCURVE_S1.);
#728 = LINE('',#729,#730);
#729 = CARTESIAN_POINT('',(65.,37.071067811865,0.));
#730 = VECTOR('',#731,1.);
#731 = DIRECTION('',(0.,-1.,0.));
#732 = PCURVE('',#149,#733);
#733 = DEFINITIONAL_REPRESENTATION('',(#734),#738);
#734 = LINE('',#735,#736);
#735 = CARTESIAN_POINT('',(15.,13.071067811865));
#736 = VECTOR('',#737,1.);
#737 = DIRECTION('',(0.,-1.));
#738 = ( GEOMETRIC_REPRESENTATION_CONTEXT(2) 
PARAMETRIC_REPRESENTATION_CONTEXT() REPRESENTATION_CONTEXT('2D SPACE',''
  ) );
#739 = PCURVE('',#454,#740);
#740 = DEFINITIONAL_REPRESENTATION('',(#741),#745);
#741 = LINE('',#742,#743);
#742 = CARTESIAN_POINT('',(0.,-13.07106781186));
#743 = VECTOR('',#744,1.);
#744 = DIRECTION('',(0.,1.));
#745 = ( GEOMETRIC_REPRESENTATION_CONTEXT(2) 
PARAMETRIC_REPRESENTATION_CONTEXT() REPRESENTATION_CONTEXT('2D SPACE',''
  ) );
#746 = ORIENTED_EDGE('',*,*,#747,.F.);
#747 = EDGE_CURVE('',#134,#725,#748,.T.);
#748 = SURFACE_CURVE('',#749,(#753,#760),.PCURVE_S1.);
#749 = LINE('',#750,#751);
#750 = CARTESIAN_POINT('',(50.,37.071067811865,0.));
#751 = VECTOR('',#752,1.);
#752 = DIRECTION('',(1.,0.,0.));
#753 = PCURVE('',#149,#754);
#754 = DEFINITIONAL_REPRESENTATION('',(#755),#759);
#755 = LINE('',#756,#757);
#756 = CARTESIAN_POINT('',(0.,13.071067811865));
#757 = VECTOR('',#758,1.);
#758 = DIRECTION('',(1.,0.));
#759 = ( GEOMETRIC_REPRESENTATION_CONTEXT(2) 
PARAMETRIC_REPRESENTATION_CONTEXT() REPRESENTATION_CONTEXT('2D SPACE',''
  ) );
#760 = PCURVE('',#177,#761);
#761 = DEFINITIONAL_REPRESENTATION('',(#762),#766);
#762 = LINE('',#763,#764);
#763 = CARTESIAN_POINT('',(0.,0.));
#764 = VECTOR('',#765,1.);
#765 = DIRECTION('',(0.,1.));
#766 = ( GEOMETRIC_REPRESENTATION_CONTEXT(2) 
PARAMETRIC_REPRESENTATION_CONTEXT() REPRESENTATION_CONTEXT('2D SPACE',''
  ) );
#767 = FACE_BOUND('',#768,.F.);
#768 = EDGE_LOOP('',(#769));
#769 = ORIENTED_EDGE('',*,*,#770,.T.);
#770 = EDGE_CURVE('',#771,#771,#773,.T.);
#771 = VERTEX_POINT('',#772);
#772 = CARTESIAN_POINT('',(18.75,12.5,0.));
#773 = SURFACE_CURVE('',#774,(#779,#790),.PCURVE_S1.);
#774 = CIRCLE('',#775,2.25);
#775 = AXIS2_PLACEMENT_3D('',#776,#777,#778);
#776 = CARTESIAN_POINT('',(21.,12.5,0.));
#777 = DIRECTION('',(0.,0.,-1.));
#778 = DIRECTION('',(-1.,0.,0.));
#779 = PCURVE('',#149,#780);
#780 = DEFINITIONAL_REPRESENTATION('',(#781),#789);
#781 = ( BOUNDED_CURVE() B_SPLINE_CURVE(2,(#782,#783,#784,#785,#786,#787
,#788),.UNSPECIFIED.,.T.,.F.) B_SPLINE_CURVE_WITH_KNOTS((1,2,2,2,2,1),(
    -2.094395102393,0.,2.094395102393,4.188790204786,6.28318530718,
8.377580409573),.UNSPECIFIED.) CURVE() GEOMETRIC_REPRESENTATION_ITEM() 
RATIONAL_B_SPLINE_CURVE((1.,0.5,1.,0.5,1.,0.5,1.)) REPRESENTATION_ITEM(
  '') );
#782 = CARTESIAN_POINT('',(-31.25,-11.5));
#783 = CARTESIAN_POINT('',(-31.25,-7.60288568297));
#784 = CARTESIAN_POINT('',(-27.875,-9.551442841485));
#785 = CARTESIAN_POINT('',(-24.5,-11.5));
#786 = CARTESIAN_POINT('',(-27.875,-13.44855715851));
#787 = CARTESIAN_POINT('',(-31.25,-15.39711431703));
#788 = CARTESIAN_POINT('',(-31.25,-11.5));
#789 = ( GEOMETRIC_REPRESENTATION_CONTEXT(2) 
PARAMETRIC_REPRESENTATION_CONTEXT() REPRESENTATION_CONTEXT('2D SPACE',''
  ) );
#790 = PCURVE('',#791,#796);
#791 = CYLINDRICAL_SURFACE('',#792,2.25);
#792 = AXIS2_PLACEMENT_3D('',#793,#794,#795);
#793 = CARTESIAN_POINT('',(21.,12.5,10.));
#794 = DIRECTION('',(0.,0.,-1.));
#795 = DIRECTION('',(-1.,0.,0.));
#796 = DEFINITIONAL_REPRESENTATION('',(#797),#801);
#797 = LINE('',#798,#799);
#798 = CARTESIAN_POINT('',(0.,10.));
#799 = VECTOR('',#800,1.);
#800 = DIRECTION('',(1.,0.));
#801 = ( GEOMETRIC_REPRESENTATION_CONTEXT(2) 
PARAMETRIC_REPRESENTATION_CONTEXT() REPRESENTATION_CONTEXT('2D SPACE',''
  ) );
#802 = FACE_BOUND('',#803,.F.);
#803 = EDGE_LOOP('',(#804));
#804 = ORIENTED_EDGE('',*,*,#805,.T.);
#805 = EDGE_CURVE('',#806,#806,#808,.T.);
#806 = VERTEX_POINT('',#807);
#807 = CARTESIAN_POINT('',(43.75,12.5,0.));
#808 = SURFACE_CURVE('',#809,(#814,#825),.PCURVE_S1.);
#809 = CIRCLE('',#810,2.25);
#810 = AXIS2_PLACEMENT_3D('',#811,#812,#813);
#811 = CARTESIAN_POINT('',(46.,12.5,0.));
#812 = DIRECTION('',(0.,0.,-1.));
#813 = DIRECTION('',(-1.,0.,0.));
#814 = PCURVE('',#149,#815);
#815 = DEFINITIONAL_REPRESENTATION('',(#816),#824);
#816 = ( BOUNDED_CURVE() B_SPLINE_CURVE(2,(#817,#818,#819,#820,#821,#822
,#823),.UNSPECIFIED.,.T.,.F.) B_SPLINE_CURVE_WITH_KNOTS((1,2,2,2,2,1),(
    -2.094395102393,0.,2.094395102393,4.188790204786,6.28318530718,
8.377580409573),.UNSPECIFIED.) CURVE() GEOMETRIC_REPRESENTATION_ITEM() 
RATIONAL_B_SPLINE_CURVE((1.,0.5,1.,0.5,1.,0.5,1.)) REPRESENTATION_ITEM(
  '') );
#817 = CARTESIAN_POINT('',(-6.25,-11.5));
#818 = CARTESIAN_POINT('',(-6.25,-7.60288568297));
#819 = CARTESIAN_POINT('',(-2.875,-9.551442841485));
#820 = CARTESIAN_POINT('',(0.5,-11.5));
#821 = CARTESIAN_POINT('',(-2.875,-13.44855715851));
#822 = CARTESIAN_POINT('',(-6.25,-15.39711431703));
#823 = CARTESIAN_POINT('',(-6.25,-11.5));
#824 = ( GEOMETRIC_REPRESENTATION_CONTEXT(2) 
PARAMETRIC_REPRESENTATION_CONTEXT() REPRESENTATION_CONTEXT('2D SPACE',''
  ) );
#825 = PCURVE('',#826,#831);
#826 = CYLINDRICAL_SURFACE('',#827,2.25);
#827 = AXIS2_PLACEMENT_3D('',#828,#829,#830);
#828 = CARTESIAN_POINT('',(46.,12.5,10.));
#829 = DIRECTION('',(0.,0.,-1.));
#830 = DIRECTION('',(-1.,0.,0.));
#831 = DEFINITIONAL_REPRESENTATION('',(#832),#836);
#832 = LINE('',#833,#834);
#833 = CARTESIAN_POINT('',(0.,10.));
#834 = VECTOR('',#835,1.);
#835 = DIRECTION('',(1.,0.));
#836 = ( GEOMETRIC_REPRESENTATION_CONTEXT(2) 
PARAMETRIC_REPRESENTATION_CONTEXT() REPRESENTATION_CONTEXT('2D SPACE',''
  ) );
#837 = FACE_BOUND('',#838,.F.);
#838 = EDGE_LOOP('',(#839));
#839 = ORIENTED_EDGE('',*,*,#840,.T.);
#840 = EDGE_CURVE('',#841,#841,#843,.T.);
#841 = VERTEX_POINT('',#842);
#842 = CARTESIAN_POINT('',(18.75,-12.5,0.));
#843 = SURFACE_CURVE('',#844,(#849,#860),.PCURVE_S1.);
#844 = CIRCLE('',#845,2.25);
#845 = AXIS2_PLACEMENT_3D('',#846,#847,#848);
#846 = CARTESIAN_POINT('',(21.,-12.5,0.));
#847 = DIRECTION('',(0.,0.,-1.));
#848 = DIRECTION('',(-1.,0.,0.));
#849 = PCURVE('',#149,#850);
#850 = DEFINITIONAL_REPRESENTATION('',(#851),#859);
#851 = ( BOUNDED_CURVE() B_SPLINE_CURVE(2,(#852,#853,#854,#855,#856,#857
,#858),.UNSPECIFIED.,.T.,.F.) B_SPLINE_CURVE_WITH_KNOTS((1,2,2,2,2,1),(
    -2.094395102393,0.,2.094395102393,4.188790204786,6.28318530718,
8.377580409573),.UNSPECIFIED.) CURVE() GEOMETRIC_REPRESENTATION_ITEM() 
RATIONAL_B_SPLINE_CURVE((1.,0.5,1.,0.5,1.,0.5,1.)) REPRESENTATION_ITEM(
  '') );
#852 = CARTESIAN_POINT('',(-31.25,-36.5));
#853 = CARTESIAN_POINT('',(-31.25,-32.60288568297));
#854 = CARTESIAN_POINT('',(-27.875,-34.55144284148));
#855 = CARTESIAN_POINT('',(-24.5,-36.5));
#856 = CARTESIAN_POINT('',(-27.875,-38.44855715851));
#857 = CARTESIAN_POINT('',(-31.25,-40.39711431703));
#858 = CARTESIAN_POINT('',(-31.25,-36.5));
#859 = ( GEOMETRIC_REPRESENTATION_CONTEXT(2) 
PARAMETRIC_REPRESENTATION_CONTEXT() REPRESENTATION_CONTEXT('2D SPACE',''
  ) );
#860 = PCURVE('',#861,#866);
#861 = CYLINDRICAL_SURFACE('',#862,2.25);
#862 = AXIS2_PLACEMENT_3D('',#863,#864,#865);
#863 = CARTESIAN_POINT('',(21.,-12.5,10.));
#864 = DIRECTION('',(0.,0.,-1.));
#865 = DIRECTION('',(-1.,0.,0.));
#866 = DEFINITIONAL_REPRESENTATION('',(#867),#871);
#867 = LINE('',#868,#869);
#868 = CARTESIAN_POINT('',(0.,10.));
#869 = VECTOR('',#870,1.);
#870 = DIRECTION('',(1.,0.));
#871 = ( GEOMETRIC_REPRESENTATION_CONTEXT(2) 
PARAMETRIC_REPRESENTATION_CONTEXT() REPRESENTATION_CONTEXT('2D SPACE',''
  ) );
#872 = FACE_BOUND('',#873,.F.);
#873 = EDGE_LOOP('',(#874));
#874 = ORIENTED_EDGE('',*,*,#875,.T.);
#875 = EDGE_CURVE('',#876,#876,#878,.T.);
#876 = VERTEX_POINT('',#877);
#877 = CARTESIAN_POINT('',(43.75,-12.5,0.));
#878 = SURFACE_CURVE('',#879,(#884,#895),.PCURVE_S1.);
#879 = CIRCLE('',#880,2.25);
#880 = AXIS2_PLACEMENT_3D('',#881,#882,#883);
#881 = CARTESIAN_POINT('',(46.,-12.5,0.));
#882 = DIRECTION('',(0.,0.,-1.));
#883 = DIRECTION('',(-1.,0.,0.));
#884 = PCURVE('',#149,#885);
#885 = DEFINITIONAL_REPRESENTATION('',(#886),#894);
#886 = ( BOUNDED_CURVE() B_SPLINE_CURVE(2,(#887,#888,#889,#890,#891,#892
,#893),.UNSPECIFIED.,.T.,.F.) B_SPLINE_CURVE_WITH_KNOTS((1,2,2,2,2,1),(
    -2.094395102393,0.,2.094395102393,4.188790204786,6.28318530718,
8.377580409573),.UNSPECIFIED.) CURVE() GEOMETRIC_REPRESENTATION_ITEM() 
RATIONAL_B_SPLINE_CURVE((1.,0.5,1.,0.5,1.,0.5,1.)) REPRESENTATION_ITEM(
  '') );
#887 = CARTESIAN_POINT('',(-6.25,-36.5));
#888 = CARTESIAN_POINT('',(-6.25,-32.60288568297));
#889 = CARTESIAN_POINT('',(-2.875,-34.55144284148));
#890 = CARTESIAN_POINT('',(0.5,-36.5));
#891 = CARTESIAN_POINT('',(-2.875,-38.44855715851));
#892 = CARTESIAN_POINT('',(-6.25,-40.39711431703));
#893 = CARTESIAN_POINT('',(-6.25,-36.5));
#894 = ( GEOMETRIC_REPRESENTATION_CONTEXT(2) 
PARAMETRIC_REPRESENTATION_CONTEXT() REPRESENTATION_CONTEXT('2D SPACE',''
  ) );
#895 = PCURVE('',#896,#901);
#896 = CYLINDRICAL_SURFACE('',#897,2.25);
#897 = AXIS2_PLACEMENT_3D('',#898,#899,#900);
#898 = CARTESIAN_POINT('',(46.,-12.5,10.));
#899 = DIRECTION('',(0.,0.,-1.));
#900 = DIRECTION('',(-1.,0.,0.));
#901 = DEFINITIONAL_REPRESENTATION('',(#902),#906);
#902 = LINE('',#903,#904);
#903 = CARTESIAN_POINT('',(0.,10.));
#904 = VECTOR('',#905,1.);
#905 = DIRECTION('',(1.,0.));
#906 = ( GEOMETRIC_REPRESENTATION_CONTEXT(2) 
PARAMETRIC_REPRESENTATION_CONTEXT() REPRESENTATION_CONTEXT('2D SPACE',''
  ) );
#907 = ADVANCED_FACE('',(#908),#177,.T.);
#908 = FACE_BOUND('',#909,.T.);
#909 = EDGE_LOOP('',(#910,#911,#912,#913));
#910 = ORIENTED_EDGE('',*,*,#747,.F.);
#911 = ORIENTED_EDGE('',*,*,#161,.T.);
#912 = ORIENTED_EDGE('',*,*,#466,.T.);
#913 = ORIENTED_EDGE('',*,*,#914,.F.);
#914 = EDGE_CURVE('',#725,#439,#915,.T.);
#915 = SURFACE_CURVE('',#916,(#920,#927),.PCURVE_S1.);
#916 = LINE('',#917,#918);
#917 = CARTESIAN_POINT('',(65.,37.071067811865,0.));
#918 = VECTOR('',#919,1.);
#919 = DIRECTION('',(0.,0.,1.));
#920 = PCURVE('',#177,#921);
#921 = DEFINITIONAL_REPRESENTATION('',(#922),#926);
#922 = LINE('',#923,#924);
#923 = CARTESIAN_POINT('',(0.,15.));
#924 = VECTOR('',#925,1.);
#925 = DIRECTION('',(1.,0.));
#926 = ( GEOMETRIC_REPRESENTATION_CONTEXT(2) 
PARAMETRIC_REPRESENTATION_CONTEXT() REPRESENTATION_CONTEXT('2D SPACE',''
  ) );
#927 = PCURVE('',#454,#928);
#928 = DEFINITIONAL_REPRESENTATION('',(#929),#933);
#929 = LINE('',#930,#931);
#930 = CARTESIAN_POINT('',(0.,-13.07106781186));
#931 = VECTOR('',#932,1.);
#932 = DIRECTION('',(1.,0.));
#933 = ( GEOMETRIC_REPRESENTATION_CONTEXT(2) 
PARAMETRIC_REPRESENTATION_CONTEXT() REPRESENTATION_CONTEXT('2D SPACE',''
  ) );
#934 = ADVANCED_FACE('',(#935),#238,.F.);
#935 = FACE_BOUND('',#936,.T.);
#936 = EDGE_LOOP('',(#937,#960,#961,#962));
#937 = ORIENTED_EDGE('',*,*,#938,.F.);
#938 = EDGE_CURVE('',#218,#939,#941,.T.);
#939 = VERTEX_POINT('',#940);
#940 = CARTESIAN_POINT('',(57.,34.271067811865,5.));
#941 = SEAM_CURVE('',#942,(#946,#953),.PCURVE_S1.);
#942 = LINE('',#943,#944);
#943 = CARTESIAN_POINT('',(-1.,34.271067811865,5.));
#944 = VECTOR('',#945,1.);
#945 = DIRECTION('',(1.,0.,0.));
#946 = PCURVE('',#238,#947);
#947 = DEFINITIONAL_REPRESENTATION('',(#948),#952);
#948 = LINE('',#949,#950);
#949 = CARTESIAN_POINT('',(-6.28318530718,0.));
#950 = VECTOR('',#951,1.);
#951 = DIRECTION('',(-0.,-1.));
#952 = ( GEOMETRIC_REPRESENTATION_CONTEXT(2) 
PARAMETRIC_REPRESENTATION_CONTEXT() REPRESENTATION_CONTEXT('2D SPACE',''
  ) );
#953 = PCURVE('',#238,#954);
#954 = DEFINITIONAL_REPRESENTATION('',(#955),#959);
#955 = LINE('',#956,#957);
#956 = CARTESIAN_POINT('',(-0.,0.));
#957 = VECTOR('',#958,1.);
#958 = DIRECTION('',(-0.,-1.));
#959 = ( GEOMETRIC_REPRESENTATION_CONTEXT(2) 
PARAMETRIC_REPRESENTATION_CONTEXT() REPRESENTATION_CONTEXT('2D SPACE',''
  ) );
#960 = ORIENTED_EDGE('',*,*,#217,.T.);
#961 = ORIENTED_EDGE('',*,*,#938,.T.);
#962 = ORIENTED_EDGE('',*,*,#963,.F.);
#963 = EDGE_CURVE('',#939,#939,#964,.T.);
#964 = SURFACE_CURVE('',#965,(#970,#977),.PCURVE_S1.);
#965 = CIRCLE('',#966,2.2);
#966 = AXIS2_PLACEMENT_3D('',#967,#968,#969);
#967 = CARTESIAN_POINT('',(57.,32.071067811865,5.));
#968 = DIRECTION('',(-1.,0.,0.));
#969 = DIRECTION('',(0.,1.,0.));
#970 = PCURVE('',#238,#971);
#971 = DEFINITIONAL_REPRESENTATION('',(#972),#976);
#972 = LINE('',#973,#974);
#973 = CARTESIAN_POINT('',(-6.28318530718,-58.));
#974 = VECTOR('',#975,1.);
#975 = DIRECTION('',(1.,-0.));
#976 = ( GEOMETRIC_REPRESENTATION_CONTEXT(2) 
PARAMETRIC_REPRESENTATION_CONTEXT() REPRESENTATION_CONTEXT('2D SPACE',''
  ) );
#977 = PCURVE('',#978,#983);
#978 = PLANE('',#979);
#979 = AXIS2_PLACEMENT_3D('',#980,#981,#982);
#980 = CARTESIAN_POINT('',(57.,32.071067811865,5.));
#981 = DIRECTION('',(1.,0.,0.));
#982 = DIRECTION('',(-0.,0.,1.));
#983 = DEFINITIONAL_REPRESENTATION('',(#984),#992);
#984 = ( BOUNDED_CURVE() B_SPLINE_CURVE(2,(#985,#986,#987,#988,#989,#990
,#991),.UNSPECIFIED.,.T.,.F.) B_SPLINE_CURVE_WITH_KNOTS((1,2,2,2,2,1),(
    -2.094395102393,0.,2.094395102393,4.188790204786,6.28318530718,
8.377580409573),.UNSPECIFIED.) CURVE() GEOMETRIC_REPRESENTATION_ITEM() 
RATIONAL_B_SPLINE_CURVE((1.,0.5,1.,0.5,1.,0.5,1.)) REPRESENTATION_ITEM(
  '') );
#985 = CARTESIAN_POINT('',(0.,-2.2));
#986 = CARTESIAN_POINT('',(-3.810511776652,-2.2));
#987 = CARTESIAN_POINT('',(-1.905255888326,1.1));
#988 = CARTESIAN_POINT('',(-5.388445916248E-16,4.4));
#989 = CARTESIAN_POINT('',(1.905255888326,1.1));
#990 = CARTESIAN_POINT('',(3.810511776652,-2.2));
#991 = CARTESIAN_POINT('',(0.,-2.2));
#992 = ( GEOMETRIC_REPRESENTATION_CONTEXT(2) 
PARAMETRIC_REPRESENTATION_CONTEXT() REPRESENTATION_CONTEXT('2D SPACE',''
  ) );
#993 = ADVANCED_FACE('',(#994,#1020),#292,.T.);
#994 = FACE_BOUND('',#995,.T.);
#995 = EDGE_LOOP('',(#996,#997,#998,#1019));
#996 = ORIENTED_EDGE('',*,*,#276,.F.);
#997 = ORIENTED_EDGE('',*,*,#632,.T.);
#998 = ORIENTED_EDGE('',*,*,#999,.T.);
#999 = EDGE_CURVE('',#633,#332,#1000,.T.);
#1000 = SURFACE_CURVE('',#1001,(#1005,#1012),.PCURVE_S1.);
#1001 = LINE('',#1002,#1003);
#1002 = CARTESIAN_POINT('',(15.,37.071067811865,0.));
#1003 = VECTOR('',#1004,1.);
#1004 = DIRECTION('',(0.,0.,1.));
#1005 = PCURVE('',#292,#1006);
#1006 = DEFINITIONAL_REPRESENTATION('',(#1007),#1011);
#1007 = LINE('',#1008,#1009);
#1008 = CARTESIAN_POINT('',(0.,-13.07106781186));
#1009 = VECTOR('',#1010,1.);
#1010 = DIRECTION('',(1.,0.));
#1011 = ( GEOMETRIC_REPRESENTATION_CONTEXT(2) 
PARAMETRIC_REPRESENTATION_CONTEXT() REPRESENTATION_CONTEXT('2D SPACE',''
  ) );
#1012 = PCURVE('',#370,#1013);
#1013 = DEFINITIONAL_REPRESENTATION('',(#1014),#1018);
#1014 = LINE('',#1015,#1016);
#1015 = CARTESIAN_POINT('',(0.,15.));
#1016 = VECTOR('',#1017,1.);
#1017 = DIRECTION('',(1.,0.));
#1018 = ( GEOMETRIC_REPRESENTATION_CONTEXT(2) 
PARAMETRIC_REPRESENTATION_CONTEXT() REPRESENTATION_CONTEXT('2D SPACE',''
  ) );
#1019 = ORIENTED_EDGE('',*,*,#331,.F.);
#1020 = FACE_BOUND('',#1021,.T.);
#1021 = EDGE_LOOP('',(#1022));
#1022 = ORIENTED_EDGE('',*,*,#1023,.T.);
#1023 = EDGE_CURVE('',#1024,#1024,#1026,.T.);
#1024 = VERTEX_POINT('',#1025);
#1025 = CARTESIAN_POINT('',(15.,34.271067811865,5.));
#1026 = SURFACE_CURVE('',#1027,(#1032,#1043),.PCURVE_S1.);
#1027 = CIRCLE('',#1028,2.2);
#1028 = AXIS2_PLACEMENT_3D('',#1029,#1030,#1031);
#1029 = CARTESIAN_POINT('',(15.,32.071067811865,5.));
#1030 = DIRECTION('',(-1.,0.,0.));
#1031 = DIRECTION('',(0.,1.,0.));
#1032 = PCURVE('',#292,#1033);
#1033 = DEFINITIONAL_REPRESENTATION('',(#1034),#1042);
#1034 = ( BOUNDED_CURVE() B_SPLINE_CURVE(2,(#1035,#1036,#1037,#1038,
#1039,#1040,#1041),.UNSPECIFIED.,.T.,.F.) B_SPLINE_CURVE_WITH_KNOTS((1,2
    ,2,2,2,1),(-2.094395102393,0.,2.094395102393,4.188790204786,
6.28318530718,8.377580409573),.UNSPECIFIED.) CURVE() 
GEOMETRIC_REPRESENTATION_ITEM() RATIONAL_B_SPLINE_CURVE((1.,0.5,1.,0.5,
1.,0.5,1.)) REPRESENTATION_ITEM('') );
#1035 = CARTESIAN_POINT('',(5.,-10.27106781186));
#1036 = CARTESIAN_POINT('',(1.189488223348,-10.27106781186));
#1037 = CARTESIAN_POINT('',(3.094744111674,-6.971067811865));
#1038 = CARTESIAN_POINT('',(5.,-3.671067811865));
#1039 = CARTESIAN_POINT('',(6.905255888326,-6.971067811865));
#1040 = CARTESIAN_POINT('',(8.810511776652,-10.27106781186));
#1041 = CARTESIAN_POINT('',(5.,-10.27106781186));
#1042 = ( GEOMETRIC_REPRESENTATION_CONTEXT(2) 
PARAMETRIC_REPRESENTATION_CONTEXT() REPRESENTATION_CONTEXT('2D SPACE',''
  ) );
#1043 = PCURVE('',#1044,#1049);
#1044 = CYLINDRICAL_SURFACE('',#1045,2.2);
#1045 = AXIS2_PLACEMENT_3D('',#1046,#1047,#1048);
#1046 = CARTESIAN_POINT('',(-1.,32.071067811865,5.));
#1047 = DIRECTION('',(-1.,-0.,-0.));
#1048 = DIRECTION('',(0.,1.,0.));
#1049 = DEFINITIONAL_REPRESENTATION('',(#1050),#1054);
#1050 = LINE('',#1051,#1052);
#1051 = CARTESIAN_POINT('',(-6.28318530718,-16.));
#1052 = VECTOR('',#1053,1.);
#1053 = DIRECTION('',(1.,-0.));
#1054 = ( GEOMETRIC_REPRESENTATION_CONTEXT(2) 
PARAMETRIC_REPRESENTATION_CONTEXT() REPRESENTATION_CONTEXT('2D SPACE',''
  ) );
#1055 = ADVANCED_FACE('',(#1056),#370,.T.);
#1056 = FACE_BOUND('',#1057,.T.);
#1057 = EDGE_LOOP('',(#1058,#1059,#1080,#1081));
#1058 = ORIENTED_EDGE('',*,*,#655,.F.);
#1059 = ORIENTED_EDGE('',*,*,#1060,.T.);
#1060 = EDGE_CURVE('',#656,#355,#1061,.T.);
#1061 = SURFACE_CURVE('',#1062,(#1066,#1073),.PCURVE_S1.);
#1062 = LINE('',#1063,#1064);
#1063 = CARTESIAN_POINT('',(0.,37.071067811865,0.));
#1064 = VECTOR('',#1065,1.);
#1065 = DIRECTION('',(0.,0.,1.));
#1066 = PCURVE('',#370,#1067);
#1067 = DEFINITIONAL_REPRESENTATION('',(#1068),#1072);
#1068 = LINE('',#1069,#1070);
#1069 = CARTESIAN_POINT('',(0.,0.));
#1070 = VECTOR('',#1071,1.);
#1071 = DIRECTION('',(1.,0.));
#1072 = ( GEOMETRIC_REPRESENTATION_CONTEXT(2) 
PARAMETRIC_REPRESENTATION_CONTEXT() REPRESENTATION_CONTEXT('2D SPACE',''
  ) );
#1073 = PCURVE('',#398,#1074);
#1074 = DEFINITIONAL_REPRESENTATION('',(#1075),#1079);
#1075 = LINE('',#1076,#1077);
#1076 = CARTESIAN_POINT('',(0.,-13.07106781186));
#1077 = VECTOR('',#1078,1.);
#1078 = DIRECTION('',(1.,0.));
#1079 = ( GEOMETRIC_REPRESENTATION_CONTEXT(2) 
PARAMETRIC_REPRESENTATION_CONTEXT() REPRESENTATION_CONTEXT('2D SPACE',''
  ) );
#1080 = ORIENTED_EDGE('',*,*,#354,.T.);
#1081 = ORIENTED_EDGE('',*,*,#999,.F.);
#1082 = ADVANCED_FACE('',(#1083,#1109),#398,.F.);
#1083 = FACE_BOUND('',#1084,.F.);
#1084 = EDGE_LOOP('',(#1085,#1086,#1107,#1108));
#1085 = ORIENTED_EDGE('',*,*,#382,.F.);
#1086 = ORIENTED_EDGE('',*,*,#1087,.F.);
#1087 = EDGE_CURVE('',#679,#383,#1088,.T.);
#1088 = SURFACE_CURVE('',#1089,(#1093,#1100),.PCURVE_S1.);
#1089 = LINE('',#1090,#1091);
#1090 = CARTESIAN_POINT('',(0.,-24.,0.));
#1091 = VECTOR('',#1092,1.);
#1092 = DIRECTION('',(0.,0.,1.));
#1093 = PCURVE('',#398,#1094);
#1094 = DEFINITIONAL_REPRESENTATION('',(#1095),#1099);
#1095 = LINE('',#1096,#1097);
#1096 = CARTESIAN_POINT('',(0.,48.));
#1097 = VECTOR('',#1098,1.);
#1098 = DIRECTION('',(1.,0.));
#1099 = ( GEOMETRIC_REPRESENTATION_CONTEXT(2) 
PARAMETRIC_REPRESENTATION_CONTEXT() REPRESENTATION_CONTEXT('2D SPACE',''
  ) );
#1100 = PCURVE('',#426,#1101);
#1101 = DEFINITIONAL_REPRESENTATION('',(#1102),#1106);
#1102 = LINE('',#1103,#1104);
#1103 = CARTESIAN_POINT('',(0.,0.));
#1104 = VECTOR('',#1105,1.);
#1105 = DIRECTION('',(1.,0.));
#1106 = ( GEOMETRIC_REPRESENTATION_CONTEXT(2) 
PARAMETRIC_REPRESENTATION_CONTEXT() REPRESENTATION_CONTEXT('2D SPACE',''
  ) );
#1107 = ORIENTED_EDGE('',*,*,#678,.F.);
#1108 = ORIENTED_EDGE('',*,*,#1060,.T.);
#1109 = FACE_BOUND('',#1110,.F.);
#1110 = EDGE_LOOP('',(#1111));
#1111 = ORIENTED_EDGE('',*,*,#1112,.T.);
#1112 = EDGE_CURVE('',#1113,#1113,#1115,.T.);
#1113 = VERTEX_POINT('',#1114);
#1114 = CARTESIAN_POINT('',(0.,35.821067811865,5.));
#1115 = SURFACE_CURVE('',#1116,(#1121,#1132),.PCURVE_S1.);
#1116 = CIRCLE('',#1117,3.75);
#1117 = AXIS2_PLACEMENT_3D('',#1118,#1119,#1120);
#1118 = CARTESIAN_POINT('',(0.,32.071067811865,5.));
#1119 = DIRECTION('',(-1.,0.,0.));
#1120 = DIRECTION('',(0.,1.,0.));
#1121 = PCURVE('',#398,#1122);
#1122 = DEFINITIONAL_REPRESENTATION('',(#1123),#1131);
#1123 = ( BOUNDED_CURVE() B_SPLINE_CURVE(2,(#1124,#1125,#1126,#1127,
#1128,#1129,#1130),.UNSPECIFIED.,.T.,.F.) B_SPLINE_CURVE_WITH_KNOTS((1,2
    ,2,2,2,1),(-2.094395102393,0.,2.094395102393,4.188790204786,
6.28318530718,8.377580409573),.UNSPECIFIED.) CURVE() 
GEOMETRIC_REPRESENTATION_ITEM() RATIONAL_B_SPLINE_CURVE((1.,0.5,1.,0.5,
1.,0.5,1.)) REPRESENTATION_ITEM('') );
#1124 = CARTESIAN_POINT('',(5.,-11.82106781186));
#1125 = CARTESIAN_POINT('',(-1.495190528383,-11.82106781186));
#1126 = CARTESIAN_POINT('',(1.752404735808,-6.196067811865));
#1127 = CARTESIAN_POINT('',(5.,-0.571067811865));
#1128 = CARTESIAN_POINT('',(8.247595264192,-6.196067811865));
#1129 = CARTESIAN_POINT('',(11.495190528383,-11.82106781186));
#1130 = CARTESIAN_POINT('',(5.,-11.82106781186));
#1131 = ( GEOMETRIC_REPRESENTATION_CONTEXT(2) 
PARAMETRIC_REPRESENTATION_CONTEXT() REPRESENTATION_CONTEXT('2D SPACE',''
  ) );
#1132 = PCURVE('',#1133,#1138);
#1133 = CYLINDRICAL_SURFACE('',#1134,3.75);
#1134 = AXIS2_PLACEMENT_3D('',#1135,#1136,#1137);
#1135 = CARTESIAN_POINT('',(-1.,32.071067811865,5.));
#1136 = DIRECTION('',(-1.,-0.,-0.));
#1137 = DIRECTION('',(0.,1.,0.));
#1138 = DEFINITIONAL_REPRESENTATION('',(#1139),#1143);
#1139 = LINE('',#1140,#1141);
#1140 = CARTESIAN_POINT('',(-6.28318530718,-1.));
#1141 = VECTOR('',#1142,1.);
#1142 = DIRECTION('',(1.,-0.));
#1143 = ( GEOMETRIC_REPRESENTATION_CONTEXT(2) 
PARAMETRIC_REPRESENTATION_CONTEXT() REPRESENTATION_CONTEXT('2D SPACE',''
  ) );
#1144 = ADVANCED_FACE('',(#1145),#426,.F.);
#1145 = FACE_BOUND('',#1146,.F.);
#1146 = EDGE_LOOP('',(#1147,#1148,#1149,#1150));
#1147 = ORIENTED_EDGE('',*,*,#701,.F.);
#1148 = ORIENTED_EDGE('',*,*,#1087,.T.);
#1149 = ORIENTED_EDGE('',*,*,#410,.T.);
#1150 = ORIENTED_EDGE('',*,*,#1151,.F.);
#1151 = EDGE_CURVE('',#702,#411,#1152,.T.);
#1152 = SURFACE_CURVE('',#1153,(#1157,#1164),.PCURVE_S1.);
#1153 = LINE('',#1154,#1155);
#1154 = CARTESIAN_POINT('',(65.,-24.,0.));
#1155 = VECTOR('',#1156,1.);
#1156 = DIRECTION('',(0.,0.,1.));
#1157 = PCURVE('',#426,#1158);
#1158 = DEFINITIONAL_REPRESENTATION('',(#1159),#1163);
#1159 = LINE('',#1160,#1161);
#1160 = CARTESIAN_POINT('',(0.,65.));
#1161 = VECTOR('',#1162,1.);
#1162 = DIRECTION('',(1.,0.));
#1163 = ( GEOMETRIC_REPRESENTATION_CONTEXT(2) 
PARAMETRIC_REPRESENTATION_CONTEXT() REPRESENTATION_CONTEXT('2D SPACE',''
  ) );
#1164 = PCURVE('',#454,#1165);
#1165 = DEFINITIONAL_REPRESENTATION('',(#1166),#1170);
#1166 = LINE('',#1167,#1168);
#1167 = CARTESIAN_POINT('',(0.,48.));
#1168 = VECTOR('',#1169,1.);
#1169 = DIRECTION('',(1.,0.));
#1170 = ( GEOMETRIC_REPRESENTATION_CONTEXT(2) 
PARAMETRIC_REPRESENTATION_CONTEXT() REPRESENTATION_CONTEXT('2D SPACE',''
  ) );
#1171 = ADVANCED_FACE('',(#1172,#1178),#454,.T.);
#1172 = FACE_BOUND('',#1173,.T.);
#1173 = EDGE_LOOP('',(#1174,#1175,#1176,#1177));
#1174 = ORIENTED_EDGE('',*,*,#438,.F.);
#1175 = ORIENTED_EDGE('',*,*,#1151,.F.);
#1176 = ORIENTED_EDGE('',*,*,#724,.F.);
#1177 = ORIENTED_EDGE('',*,*,#914,.T.);
#1178 = FACE_BOUND('',#1179,.T.);
#1179 = EDGE_LOOP('',(#1180,#1208,#1234,#1260,#1286,#1312));
#1180 = ORIENTED_EDGE('',*,*,#1181,.T.);
#1181 = EDGE_CURVE('',#1182,#1184,#1186,.T.);
#1182 = VERTEX_POINT('',#1183);
#1183 = CARTESIAN_POINT('',(65.,29.963739329323,8.65));
#1184 = VERTEX_POINT('',#1185);
#1185 = CARTESIAN_POINT('',(65.,34.178396294408,8.65));
#1186 = SURFACE_CURVE('',#1187,(#1191,#1197),.PCURVE_S1.);
#1187 = LINE('',#1188,#1189);
#1188 = CARTESIAN_POINT('',(65.,29.089198147204,8.65));
#1189 = VECTOR('',#1190,1.);
#1190 = DIRECTION('',(0.,1.,-1.05367818432E-16));
#1191 = PCURVE('',#454,#1192);
#1192 = DEFINITIONAL_REPRESENTATION('',(#1193),#1196);
#1193 = B_SPLINE_CURVE_WITH_KNOTS('',1,(#1194,#1195),.UNSPECIFIED.,.F.,
  .F.,(2,2),(0.87454118212,5.089198147204),.PIECEWISE_BEZIER_KNOTS.);
#1194 = CARTESIAN_POINT('',(8.65,-5.963739329323));
#1195 = CARTESIAN_POINT('',(8.65,-10.1783962944));
#1196 = ( GEOMETRIC_REPRESENTATION_CONTEXT(2) 
PARAMETRIC_REPRESENTATION_CONTEXT() REPRESENTATION_CONTEXT('2D SPACE',''
  ) );
#1197 = PCURVE('',#1198,#1203);
#1198 = PLANE('',#1199);
#1199 = AXIS2_PLACEMENT_3D('',#1200,#1201,#1202);
#1200 = CARTESIAN_POINT('',(57.,34.178396294408,8.65));
#1201 = DIRECTION('',(0.,-1.05367818432E-16,-1.));
#1202 = DIRECTION('',(0.,-1.,1.05367818432E-16));
#1203 = DEFINITIONAL_REPRESENTATION('',(#1204),#1207);
#1204 = B_SPLINE_CURVE_WITH_KNOTS('',1,(#1205,#1206),.UNSPECIFIED.,.F.,
  .F.,(2,2),(0.87454118212,5.089198147204),.PIECEWISE_BEZIER_KNOTS.);
#1205 = CARTESIAN_POINT('',(4.214656965084,-8.));
#1206 = CARTESIAN_POINT('',(0.,-8.));
#1207 = ( GEOMETRIC_REPRESENTATION_CONTEXT(2) 
PARAMETRIC_REPRESENTATION_CONTEXT() REPRESENTATION_CONTEXT('2D SPACE',''
  ) );
#1208 = ORIENTED_EDGE('',*,*,#1209,.T.);
#1209 = EDGE_CURVE('',#1184,#1210,#1212,.T.);
#1210 = VERTEX_POINT('',#1211);
#1211 = CARTESIAN_POINT('',(65.,36.28572477695,5.));
#1212 = SURFACE_CURVE('',#1213,(#1217,#1223),.PCURVE_S1.);
#1213 = LINE('',#1214,#1215);
#1214 = CARTESIAN_POINT('',(65.,35.832540934562,5.784937440186));
#1215 = VECTOR('',#1216,1.);
#1216 = DIRECTION('',(0.,0.5,-0.866025403784));
#1217 = PCURVE('',#454,#1218);
#1218 = DEFINITIONAL_REPRESENTATION('',(#1219),#1222);
#1219 = B_SPLINE_CURVE_WITH_KNOTS('',1,(#1220,#1221),.UNSPECIFIED.,.F.,
  .F.,(2,2),(-3.308289280308,0.906367684776),.PIECEWISE_BEZIER_KNOTS.);
#1220 = CARTESIAN_POINT('',(8.65,-10.1783962944));
#1221 = CARTESIAN_POINT('',(5.,-12.28572477695));
#1222 = ( GEOMETRIC_REPRESENTATION_CONTEXT(2) 
PARAMETRIC_REPRESENTATION_CONTEXT() REPRESENTATION_CONTEXT('2D SPACE',''
  ) );
#1223 = PCURVE('',#1224,#1229);
#1224 = PLANE('',#1225);
#1225 = AXIS2_PLACEMENT_3D('',#1226,#1227,#1228);
#1226 = CARTESIAN_POINT('',(57.,36.28572477695,5.));
#1227 = DIRECTION('',(0.,-0.866025403784,-0.5));
#1228 = DIRECTION('',(0.,-0.5,0.866025403784));
#1229 = DEFINITIONAL_REPRESENTATION('',(#1230),#1233);
#1230 = B_SPLINE_CURVE_WITH_KNOTS('',1,(#1231,#1232),.UNSPECIFIED.,.F.,
  .F.,(2,2),(-3.308289280308,0.906367684776),.PIECEWISE_BEZIER_KNOTS.);
#1231 = CARTESIAN_POINT('',(4.214656965084,-8.));
#1232 = CARTESIAN_POINT('',(0.,-8.));
#1233 = ( GEOMETRIC_REPRESENTATION_CONTEXT(2) 
PARAMETRIC_REPRESENTATION_CONTEXT() REPRESENTATION_CONTEXT('2D SPACE',''
  ) );
#1234 = ORIENTED_EDGE('',*,*,#1235,.T.);
#1235 = EDGE_CURVE('',#1210,#1236,#1238,.T.);
#1236 = VERTEX_POINT('',#1237);
#1237 = CARTESIAN_POINT('',(65.,34.178396294408,1.35));
#1238 = SURFACE_CURVE('',#1239,(#1243,#1249),.PCURVE_S1.);
#1239 = LINE('',#1240,#1241);
#1240 = CARTESIAN_POINT('',(65.,32.613813183829,-1.359937440186));
#1241 = VECTOR('',#1242,1.);
#1242 = DIRECTION('',(0.,-0.5,-0.866025403784));
#1243 = PCURVE('',#454,#1244);
#1244 = DEFINITIONAL_REPRESENTATION('',(#1245),#1248);
#1245 = B_SPLINE_CURVE_WITH_KNOTS('',1,(#1246,#1247),.UNSPECIFIED.,.F.,
  .F.,(2,2),(-7.343823186241,-3.129166221156),.PIECEWISE_BEZIER_KNOTS.);
#1246 = CARTESIAN_POINT('',(5.,-12.28572477695));
#1247 = CARTESIAN_POINT('',(1.35,-10.1783962944));
#1248 = ( GEOMETRIC_REPRESENTATION_CONTEXT(2) 
PARAMETRIC_REPRESENTATION_CONTEXT() REPRESENTATION_CONTEXT('2D SPACE',''
  ) );
#1249 = PCURVE('',#1250,#1255);
#1250 = PLANE('',#1251);
#1251 = AXIS2_PLACEMENT_3D('',#1252,#1253,#1254);
#1252 = CARTESIAN_POINT('',(57.,34.178396294408,1.35));
#1253 = DIRECTION('',(0.,-0.866025403784,0.5));
#1254 = DIRECTION('',(0.,0.5,0.866025403784));
#1255 = DEFINITIONAL_REPRESENTATION('',(#1256),#1259);
#1256 = B_SPLINE_CURVE_WITH_KNOTS('',1,(#1257,#1258),.UNSPECIFIED.,.F.,
  .F.,(2,2),(-7.343823186241,-3.129166221156),.PIECEWISE_BEZIER_KNOTS.);
#1257 = CARTESIAN_POINT('',(4.214656965084,-8.));
#1258 = CARTESIAN_POINT('',(0.,-8.));
#1259 = ( GEOMETRIC_REPRESENTATION_CONTEXT(2) 
PARAMETRIC_REPRESENTATION_CONTEXT() REPRESENTATION_CONTEXT('2D SPACE',''
  ) );
#1260 = ORIENTED_EDGE('',*,*,#1261,.T.);
#1261 = EDGE_CURVE('',#1236,#1262,#1264,.T.);
#1262 = VERTEX_POINT('',#1263);
#1263 = CARTESIAN_POINT('',(65.,29.963739329323,1.35));
#1264 = SURFACE_CURVE('',#1265,(#1269,#1275),.PCURVE_S1.);
#1265 = LINE('',#1266,#1267);
#1266 = CARTESIAN_POINT('',(65.,26.981869664662,1.35));
#1267 = VECTOR('',#1268,1.);
#1268 = DIRECTION('',(0.,-1.,6.322069105919E-16));
#1269 = PCURVE('',#454,#1270);
#1270 = DEFINITIONAL_REPRESENTATION('',(#1271),#1274);
#1271 = B_SPLINE_CURVE_WITH_KNOTS('',1,(#1272,#1273),.UNSPECIFIED.,.F.,
  .F.,(2,2),(-7.196526629746,-2.981869664662),.PIECEWISE_BEZIER_KNOTS.);
#1272 = CARTESIAN_POINT('',(1.35,-10.1783962944));
#1273 = CARTESIAN_POINT('',(1.35,-5.963739329323));
#1274 = ( GEOMETRIC_REPRESENTATION_CONTEXT(2) 
PARAMETRIC_REPRESENTATION_CONTEXT() REPRESENTATION_CONTEXT('2D SPACE',''
  ) );
#1275 = PCURVE('',#1276,#1281);
#1276 = PLANE('',#1277);
#1277 = AXIS2_PLACEMENT_3D('',#1278,#1279,#1280);
#1278 = CARTESIAN_POINT('',(57.,29.963739329323,1.35));
#1279 = DIRECTION('',(-0.,6.322069105919E-16,1.));
#1280 = DIRECTION('',(0.,1.,-6.322069105919E-16));
#1281 = DEFINITIONAL_REPRESENTATION('',(#1282),#1285);
#1282 = B_SPLINE_CURVE_WITH_KNOTS('',1,(#1283,#1284),.UNSPECIFIED.,.F.,
  .F.,(2,2),(-7.196526629746,-2.981869664662),.PIECEWISE_BEZIER_KNOTS.);
#1283 = CARTESIAN_POINT('',(4.214656965084,-8.));
#1284 = CARTESIAN_POINT('',(0.,-8.));
#1285 = ( GEOMETRIC_REPRESENTATION_CONTEXT(2) 
PARAMETRIC_REPRESENTATION_CONTEXT() REPRESENTATION_CONTEXT('2D SPACE',''
  ) );
#1286 = ORIENTED_EDGE('',*,*,#1287,.T.);
#1287 = EDGE_CURVE('',#1262,#1288,#1290,.T.);
#1288 = VERTEX_POINT('',#1289);
#1289 = CARTESIAN_POINT('',(65.,27.856410846781,5.));
#1290 = SURFACE_CURVE('',#1291,(#1295,#1301),.PCURVE_S1.);
#1291 = LINE('',#1292,#1293);
#1292 = CARTESIAN_POINT('',(65.,28.456891245664,3.959937440186));
#1293 = VECTOR('',#1294,1.);
#1294 = DIRECTION('',(0.,-0.5,0.866025403784));
#1295 = PCURVE('',#454,#1296);
#1296 = DEFINITIONAL_REPRESENTATION('',(#1297),#1300);
#1297 = B_SPLINE_CURVE_WITH_KNOTS('',1,(#1298,#1299),.UNSPECIFIED.,.F.,
  .F.,(2,2),(-3.013696167318,1.200960797766),.PIECEWISE_BEZIER_KNOTS.);
#1298 = CARTESIAN_POINT('',(1.35,-5.963739329323));
#1299 = CARTESIAN_POINT('',(5.,-3.856410846781));
#1300 = ( GEOMETRIC_REPRESENTATION_CONTEXT(2) 
PARAMETRIC_REPRESENTATION_CONTEXT() REPRESENTATION_CONTEXT('2D SPACE',''
  ) );
#1301 = PCURVE('',#1302,#1307);
#1302 = PLANE('',#1303);
#1303 = AXIS2_PLACEMENT_3D('',#1304,#1305,#1306);
#1304 = CARTESIAN_POINT('',(57.,27.856410846781,5.));
#1305 = DIRECTION('',(-0.,0.866025403784,0.5));
#1306 = DIRECTION('',(0.,0.5,-0.866025403784));
#1307 = DEFINITIONAL_REPRESENTATION('',(#1308),#1311);
#1308 = B_SPLINE_CURVE_WITH_KNOTS('',1,(#1309,#1310),.UNSPECIFIED.,.F.,
  .F.,(2,2),(-3.013696167318,1.200960797766),.PIECEWISE_BEZIER_KNOTS.);
#1309 = CARTESIAN_POINT('',(4.214656965084,-8.));
#1310 = CARTESIAN_POINT('',(0.,-8.));
#1311 = ( GEOMETRIC_REPRESENTATION_CONTEXT(2) 
PARAMETRIC_REPRESENTATION_CONTEXT() REPRESENTATION_CONTEXT('2D SPACE',''
  ) );
#1312 = ORIENTED_EDGE('',*,*,#1313,.T.);
#1313 = EDGE_CURVE('',#1288,#1182,#1314,.T.);
#1314 = SURFACE_CURVE('',#1315,(#1319,#1325),.PCURVE_S1.);
#1315 = LINE('',#1316,#1317);
#1316 = CARTESIAN_POINT('',(65.,27.345491977474,4.115062559814));
#1317 = VECTOR('',#1318,1.);
#1318 = DIRECTION('',(-0.,0.5,0.866025403784));
#1319 = PCURVE('',#454,#1320);
#1320 = DEFINITIONAL_REPRESENTATION('',(#1321),#1324);
#1321 = B_SPLINE_CURVE_WITH_KNOTS('',1,(#1322,#1323),.UNSPECIFIED.,.F.,
  .F.,(2,2),(1.021837738614,5.236494703699),.PIECEWISE_BEZIER_KNOTS.);
#1322 = CARTESIAN_POINT('',(5.,-3.856410846781));
#1323 = CARTESIAN_POINT('',(8.65,-5.963739329323));
#1324 = ( GEOMETRIC_REPRESENTATION_CONTEXT(2) 
PARAMETRIC_REPRESENTATION_CONTEXT() REPRESENTATION_CONTEXT('2D SPACE',''
  ) );
#1325 = PCURVE('',#1326,#1331);
#1326 = PLANE('',#1327);
#1327 = AXIS2_PLACEMENT_3D('',#1328,#1329,#1330);
#1328 = CARTESIAN_POINT('',(57.,29.963739329323,8.65));
#1329 = DIRECTION('',(0.,0.866025403784,-0.5));
#1330 = DIRECTION('',(0.,-0.5,-0.866025403784));
#1331 = DEFINITIONAL_REPRESENTATION('',(#1332),#1335);
#1332 = B_SPLINE_CURVE_WITH_KNOTS('',1,(#1333,#1334),.UNSPECIFIED.,.F.,
  .F.,(2,2),(1.021837738614,5.236494703699),.PIECEWISE_BEZIER_KNOTS.);
#1333 = CARTESIAN_POINT('',(4.214656965084,-8.));
#1334 = CARTESIAN_POINT('',(0.,-8.));
#1335 = ( GEOMETRIC_REPRESENTATION_CONTEXT(2) 
PARAMETRIC_REPRESENTATION_CONTEXT() REPRESENTATION_CONTEXT('2D SPACE',''
  ) );
#1336 = ADVANCED_FACE('',(#1337),#510,.F.);
#1337 = FACE_BOUND('',#1338,.F.);
#1338 = EDGE_LOOP('',(#1339,#1368,#1389,#1390));
#1339 = ORIENTED_EDGE('',*,*,#1340,.F.);
#1340 = EDGE_CURVE('',#1341,#1341,#1343,.T.);
#1341 = VERTEX_POINT('',#1342);
#1342 = CARTESIAN_POINT('',(17.,12.5,5.));
#1343 = SURFACE_CURVE('',#1344,(#1349,#1356),.PCURVE_S1.);
#1344 = CIRCLE('',#1345,4.);
#1345 = AXIS2_PLACEMENT_3D('',#1346,#1347,#1348);
#1346 = CARTESIAN_POINT('',(21.,12.5,5.));
#1347 = DIRECTION('',(0.,0.,-1.));
#1348 = DIRECTION('',(-1.,0.,0.));
#1349 = PCURVE('',#510,#1350);
#1350 = DEFINITIONAL_REPRESENTATION('',(#1351),#1355);
#1351 = LINE('',#1352,#1353);
#1352 = CARTESIAN_POINT('',(0.,5.));
#1353 = VECTOR('',#1354,1.);
#1354 = DIRECTION('',(1.,0.));
#1355 = ( GEOMETRIC_REPRESENTATION_CONTEXT(2) 
PARAMETRIC_REPRESENTATION_CONTEXT() REPRESENTATION_CONTEXT('2D SPACE',''
  ) );
#1356 = PCURVE('',#1357,#1362);
#1357 = PLANE('',#1358);
#1358 = AXIS2_PLACEMENT_3D('',#1359,#1360,#1361);
#1359 = CARTESIAN_POINT('',(21.,12.5,5.));
#1360 = DIRECTION('',(0.,0.,-1.));
#1361 = DIRECTION('',(-1.,0.,0.));
#1362 = DEFINITIONAL_REPRESENTATION('',(#1363),#1367);
#1363 = CIRCLE('',#1364,4.);
#1364 = AXIS2_PLACEMENT_2D('',#1365,#1366);
#1365 = CARTESIAN_POINT('',(0.,0.));
#1366 = DIRECTION('',(1.,0.));
#1367 = ( GEOMETRIC_REPRESENTATION_CONTEXT(2) 
PARAMETRIC_REPRESENTATION_CONTEXT() REPRESENTATION_CONTEXT('2D SPACE',''
  ) );
#1368 = ORIENTED_EDGE('',*,*,#1369,.F.);
#1369 = EDGE_CURVE('',#490,#1341,#1370,.T.);
#1370 = SEAM_CURVE('',#1371,(#1375,#1382),.PCURVE_S1.);
#1371 = LINE('',#1372,#1373);
#1372 = CARTESIAN_POINT('',(17.,12.5,10.));
#1373 = VECTOR('',#1374,1.);
#1374 = DIRECTION('',(0.,0.,-1.));
#1375 = PCURVE('',#510,#1376);
#1376 = DEFINITIONAL_REPRESENTATION('',(#1377),#1381);
#1377 = LINE('',#1378,#1379);
#1378 = CARTESIAN_POINT('',(6.28318530718,-0.));
#1379 = VECTOR('',#1380,1.);
#1380 = DIRECTION('',(0.,1.));
#1381 = ( GEOMETRIC_REPRESENTATION_CONTEXT(2) 
PARAMETRIC_REPRESENTATION_CONTEXT() REPRESENTATION_CONTEXT('2D SPACE',''
  ) );
#1382 = PCURVE('',#510,#1383);
#1383 = DEFINITIONAL_REPRESENTATION('',(#1384),#1388);
#1384 = LINE('',#1385,#1386);
#1385 = CARTESIAN_POINT('',(0.,-0.));
#1386 = VECTOR('',#1387,1.);
#1387 = DIRECTION('',(0.,1.));
#1388 = ( GEOMETRIC_REPRESENTATION_CONTEXT(2) 
PARAMETRIC_REPRESENTATION_CONTEXT() REPRESENTATION_CONTEXT('2D SPACE',''
  ) );
#1389 = ORIENTED_EDGE('',*,*,#489,.T.);
#1390 = ORIENTED_EDGE('',*,*,#1369,.T.);
#1391 = ADVANCED_FACE('',(#1392),#545,.F.);
#1392 = FACE_BOUND('',#1393,.F.);
#1393 = EDGE_LOOP('',(#1394,#1423,#1444,#1445));
#1394 = ORIENTED_EDGE('',*,*,#1395,.F.);
#1395 = EDGE_CURVE('',#1396,#1396,#1398,.T.);
#1396 = VERTEX_POINT('',#1397);
#1397 = CARTESIAN_POINT('',(42.,12.5,5.));
#1398 = SURFACE_CURVE('',#1399,(#1404,#1411),.PCURVE_S1.);
#1399 = CIRCLE('',#1400,4.);
#1400 = AXIS2_PLACEMENT_3D('',#1401,#1402,#1403);
#1401 = CARTESIAN_POINT('',(46.,12.5,5.));
#1402 = DIRECTION('',(0.,0.,-1.));
#1403 = DIRECTION('',(-1.,0.,0.));
#1404 = PCURVE('',#545,#1405);
#1405 = DEFINITIONAL_REPRESENTATION('',(#1406),#1410);
#1406 = LINE('',#1407,#1408);
#1407 = CARTESIAN_POINT('',(0.,5.));
#1408 = VECTOR('',#1409,1.);
#1409 = DIRECTION('',(1.,0.));
#1410 = ( GEOMETRIC_REPRESENTATION_CONTEXT(2) 
PARAMETRIC_REPRESENTATION_CONTEXT() REPRESENTATION_CONTEXT('2D SPACE',''
  ) );
#1411 = PCURVE('',#1412,#1417);
#1412 = PLANE('',#1413);
#1413 = AXIS2_PLACEMENT_3D('',#1414,#1415,#1416);
#1414 = CARTESIAN_POINT('',(46.,12.5,5.));
#1415 = DIRECTION('',(0.,0.,-1.));
#1416 = DIRECTION('',(-1.,0.,0.));
#1417 = DEFINITIONAL_REPRESENTATION('',(#1418),#1422);
#1418 = CIRCLE('',#1419,4.);
#1419 = AXIS2_PLACEMENT_2D('',#1420,#1421);
#1420 = CARTESIAN_POINT('',(0.,0.));
#1421 = DIRECTION('',(1.,0.));
#1422 = ( GEOMETRIC_REPRESENTATION_CONTEXT(2) 
PARAMETRIC_REPRESENTATION_CONTEXT() REPRESENTATION_CONTEXT('2D SPACE',''
  ) );
#1423 = ORIENTED_EDGE('',*,*,#1424,.F.);
#1424 = EDGE_CURVE('',#525,#1396,#1425,.T.);
#1425 = SEAM_CURVE('',#1426,(#1430,#1437),.PCURVE_S1.);
#1426 = LINE('',#1427,#1428);
#1427 = CARTESIAN_POINT('',(42.,12.5,10.));
#1428 = VECTOR('',#1429,1.);
#1429 = DIRECTION('',(0.,0.,-1.));
#1430 = PCURVE('',#545,#1431);
#1431 = DEFINITIONAL_REPRESENTATION('',(#1432),#1436);
#1432 = LINE('',#1433,#1434);
#1433 = CARTESIAN_POINT('',(6.28318530718,-0.));
#1434 = VECTOR('',#1435,1.);
#1435 = DIRECTION('',(0.,1.));
#1436 = ( GEOMETRIC_REPRESENTATION_CONTEXT(2) 
PARAMETRIC_REPRESENTATION_CONTEXT() REPRESENTATION_CONTEXT('2D SPACE',''
  ) );
#1437 = PCURVE('',#545,#1438);
#1438 = DEFINITIONAL_REPRESENTATION('',(#1439),#1443);
#1439 = LINE('',#1440,#1441);
#1440 = CARTESIAN_POINT('',(0.,-0.));
#1441 = VECTOR('',#1442,1.);
#1442 = DIRECTION('',(0.,1.));
#1443 = ( GEOMETRIC_REPRESENTATION_CONTEXT(2) 
PARAMETRIC_REPRESENTATION_CONTEXT() REPRESENTATION_CONTEXT('2D SPACE',''
  ) );
#1444 = ORIENTED_EDGE('',*,*,#524,.T.);
#1445 = ORIENTED_EDGE('',*,*,#1424,.T.);
#1446 = ADVANCED_FACE('',(#1447),#580,.F.);
#1447 = FACE_BOUND('',#1448,.F.);
#1448 = EDGE_LOOP('',(#1449,#1478,#1499,#1500));
#1449 = ORIENTED_EDGE('',*,*,#1450,.F.);
#1450 = EDGE_CURVE('',#1451,#1451,#1453,.T.);
#1451 = VERTEX_POINT('',#1452);
#1452 = CARTESIAN_POINT('',(17.,-12.5,5.));
#1453 = SURFACE_CURVE('',#1454,(#1459,#1466),.PCURVE_S1.);
#1454 = CIRCLE('',#1455,4.);
#1455 = AXIS2_PLACEMENT_3D('',#1456,#1457,#1458);
#1456 = CARTESIAN_POINT('',(21.,-12.5,5.));
#1457 = DIRECTION('',(0.,0.,-1.));
#1458 = DIRECTION('',(-1.,0.,0.));
#1459 = PCURVE('',#580,#1460);
#1460 = DEFINITIONAL_REPRESENTATION('',(#1461),#1465);
#1461 = LINE('',#1462,#1463);
#1462 = CARTESIAN_POINT('',(0.,5.));
#1463 = VECTOR('',#1464,1.);
#1464 = DIRECTION('',(1.,0.));
#1465 = ( GEOMETRIC_REPRESENTATION_CONTEXT(2) 
PARAMETRIC_REPRESENTATION_CONTEXT() REPRESENTATION_CONTEXT('2D SPACE',''
  ) );
#1466 = PCURVE('',#1467,#1472);
#1467 = PLANE('',#1468);
#1468 = AXIS2_PLACEMENT_3D('',#1469,#1470,#1471);
#1469 = CARTESIAN_POINT('',(21.,-12.5,5.));
#1470 = DIRECTION('',(0.,0.,-1.));
#1471 = DIRECTION('',(-1.,0.,0.));
#1472 = DEFINITIONAL_REPRESENTATION('',(#1473),#1477);
#1473 = CIRCLE('',#1474,4.);
#1474 = AXIS2_PLACEMENT_2D('',#1475,#1476);
#1475 = CARTESIAN_POINT('',(0.,0.));
#1476 = DIRECTION('',(1.,0.));
#1477 = ( GEOMETRIC_REPRESENTATION_CONTEXT(2) 
PARAMETRIC_REPRESENTATION_CONTEXT() REPRESENTATION_CONTEXT('2D SPACE',''
  ) );
#1478 = ORIENTED_EDGE('',*,*,#1479,.F.);
#1479 = EDGE_CURVE('',#560,#1451,#1480,.T.);
#1480 = SEAM_CURVE('',#1481,(#1485,#1492),.PCURVE_S1.);
#1481 = LINE('',#1482,#1483);
#1482 = CARTESIAN_POINT('',(17.,-12.5,10.));
#1483 = VECTOR('',#1484,1.);
#1484 = DIRECTION('',(0.,0.,-1.));
#1485 = PCURVE('',#580,#1486);
#1486 = DEFINITIONAL_REPRESENTATION('',(#1487),#1491);
#1487 = LINE('',#1488,#1489);
#1488 = CARTESIAN_POINT('',(6.28318530718,-0.));
#1489 = VECTOR('',#1490,1.);
#1490 = DIRECTION('',(0.,1.));
#1491 = ( GEOMETRIC_REPRESENTATION_CONTEXT(2) 
PARAMETRIC_REPRESENTATION_CONTEXT() REPRESENTATION_CONTEXT('2D SPACE',''
  ) );
#1492 = PCURVE('',#580,#1493);
#1493 = DEFINITIONAL_REPRESENTATION('',(#1494),#1498);
#1494 = LINE('',#1495,#1496);
#1495 = CARTESIAN_POINT('',(0.,-0.));
#1496 = VECTOR('',#1497,1.);
#1497 = DIRECTION('',(0.,1.));
#1498 = ( GEOMETRIC_REPRESENTATION_CONTEXT(2) 
PARAMETRIC_REPRESENTATION_CONTEXT() REPRESENTATION_CONTEXT('2D SPACE',''
  ) );
#1499 = ORIENTED_EDGE('',*,*,#559,.T.);
#1500 = ORIENTED_EDGE('',*,*,#1479,.T.);
#1501 = ADVANCED_FACE('',(#1502),#615,.F.);
#1502 = FACE_BOUND('',#1503,.F.);
#1503 = EDGE_LOOP('',(#1504,#1533,#1554,#1555));
#1504 = ORIENTED_EDGE('',*,*,#1505,.F.);
#1505 = EDGE_CURVE('',#1506,#1506,#1508,.T.);
#1506 = VERTEX_POINT('',#1507);
#1507 = CARTESIAN_POINT('',(42.,-12.5,5.));
#1508 = SURFACE_CURVE('',#1509,(#1514,#1521),.PCURVE_S1.);
#1509 = CIRCLE('',#1510,4.);
#1510 = AXIS2_PLACEMENT_3D('',#1511,#1512,#1513);
#1511 = CARTESIAN_POINT('',(46.,-12.5,5.));
#1512 = DIRECTION('',(0.,0.,-1.));
#1513 = DIRECTION('',(-1.,0.,0.));
#1514 = PCURVE('',#615,#1515);
#1515 = DEFINITIONAL_REPRESENTATION('',(#1516),#1520);
#1516 = LINE('',#1517,#1518);
#1517 = CARTESIAN_POINT('',(0.,5.));
#1518 = VECTOR('',#1519,1.);
#1519 = DIRECTION('',(1.,0.));
#1520 = ( GEOMETRIC_REPRESENTATION_CONTEXT(2) 
PARAMETRIC_REPRESENTATION_CONTEXT() REPRESENTATION_CONTEXT('2D SPACE',''
  ) );
#1521 = PCURVE('',#1522,#1527);
#1522 = PLANE('',#1523);
#1523 = AXIS2_PLACEMENT_3D('',#1524,#1525,#1526);
#1524 = CARTESIAN_POINT('',(46.,-12.5,5.));
#1525 = DIRECTION('',(0.,0.,-1.));
#1526 = DIRECTION('',(-1.,0.,0.));
#1527 = DEFINITIONAL_REPRESENTATION('',(#1528),#1532);
#1528 = CIRCLE('',#1529,4.);
#1529 = AXIS2_PLACEMENT_2D('',#1530,#1531);
#1530 = CARTESIAN_POINT('',(0.,0.));
#1531 = DIRECTION('',(1.,0.));
#1532 = ( GEOMETRIC_REPRESENTATION_CONTEXT(2) 
PARAMETRIC_REPRESENTATION_CONTEXT() REPRESENTATION_CONTEXT('2D SPACE',''
  ) );
#1533 = ORIENTED_EDGE('',*,*,#1534,.F.);
#1534 = EDGE_CURVE('',#595,#1506,#1535,.T.);
#1535 = SEAM_CURVE('',#1536,(#1540,#1547),.PCURVE_S1.);
#1536 = LINE('',#1537,#1538);
#1537 = CARTESIAN_POINT('',(42.,-12.5,10.));
#1538 = VECTOR('',#1539,1.);
#1539 = DIRECTION('',(0.,0.,-1.));
#1540 = PCURVE('',#615,#1541);
#1541 = DEFINITIONAL_REPRESENTATION('',(#1542),#1546);
#1542 = LINE('',#1543,#1544);
#1543 = CARTESIAN_POINT('',(6.28318530718,-0.));
#1544 = VECTOR('',#1545,1.);
#1545 = DIRECTION('',(0.,1.));
#1546 = ( GEOMETRIC_REPRESENTATION_CONTEXT(2) 
PARAMETRIC_REPRESENTATION_CONTEXT() REPRESENTATION_CONTEXT('2D SPACE',''
  ) );
#1547 = PCURVE('',#615,#1548);
#1548 = DEFINITIONAL_REPRESENTATION('',(#1549),#1553);
#1549 = LINE('',#1550,#1551);
#1550 = CARTESIAN_POINT('',(0.,-0.));
#1551 = VECTOR('',#1552,1.);
#1552 = DIRECTION('',(0.,1.));
#1553 = ( GEOMETRIC_REPRESENTATION_CONTEXT(2) 
PARAMETRIC_REPRESENTATION_CONTEXT() REPRESENTATION_CONTEXT('2D SPACE',''
  ) );
#1554 = ORIENTED_EDGE('',*,*,#594,.T.);
#1555 = ORIENTED_EDGE('',*,*,#1534,.T.);
#1556 = ADVANCED_FACE('',(#1557),#791,.F.);
#1557 = FACE_BOUND('',#1558,.F.);
#1558 = EDGE_LOOP('',(#1559,#1583,#1604,#1605));
#1559 = ORIENTED_EDGE('',*,*,#1560,.T.);
#1560 = EDGE_CURVE('',#1561,#1561,#1563,.T.);
#1561 = VERTEX_POINT('',#1562);
#1562 = CARTESIAN_POINT('',(18.75,12.5,5.));
#1563 = SURFACE_CURVE('',#1564,(#1569,#1576),.PCURVE_S1.);
#1564 = CIRCLE('',#1565,2.25);
#1565 = AXIS2_PLACEMENT_3D('',#1566,#1567,#1568);
#1566 = CARTESIAN_POINT('',(21.,12.5,5.));
#1567 = DIRECTION('',(0.,0.,-1.));
#1568 = DIRECTION('',(-1.,0.,0.));
#1569 = PCURVE('',#791,#1570);
#1570 = DEFINITIONAL_REPRESENTATION('',(#1571),#1575);
#1571 = LINE('',#1572,#1573);
#1572 = CARTESIAN_POINT('',(0.,5.));
#1573 = VECTOR('',#1574,1.);
#1574 = DIRECTION('',(1.,0.));
#1575 = ( GEOMETRIC_REPRESENTATION_CONTEXT(2) 
PARAMETRIC_REPRESENTATION_CONTEXT() REPRESENTATION_CONTEXT('2D SPACE',''
  ) );
#1576 = PCURVE('',#1357,#1577);
#1577 = DEFINITIONAL_REPRESENTATION('',(#1578),#1582);
#1578 = CIRCLE('',#1579,2.25);
#1579 = AXIS2_PLACEMENT_2D('',#1580,#1581);
#1580 = CARTESIAN_POINT('',(0.,0.));
#1581 = DIRECTION('',(1.,0.));
#1582 = ( GEOMETRIC_REPRESENTATION_CONTEXT(2) 
PARAMETRIC_REPRESENTATION_CONTEXT() REPRESENTATION_CONTEXT('2D SPACE',''
  ) );
#1583 = ORIENTED_EDGE('',*,*,#1584,.T.);
#1584 = EDGE_CURVE('',#1561,#771,#1585,.T.);
#1585 = SEAM_CURVE('',#1586,(#1590,#1597),.PCURVE_S1.);
#1586 = LINE('',#1587,#1588);
#1587 = CARTESIAN_POINT('',(18.75,12.5,10.));
#1588 = VECTOR('',#1589,1.);
#1589 = DIRECTION('',(0.,0.,-1.));
#1590 = PCURVE('',#791,#1591);
#1591 = DEFINITIONAL_REPRESENTATION('',(#1592),#1596);
#1592 = LINE('',#1593,#1594);
#1593 = CARTESIAN_POINT('',(0.,-0.));
#1594 = VECTOR('',#1595,1.);
#1595 = DIRECTION('',(0.,1.));
#1596 = ( GEOMETRIC_REPRESENTATION_CONTEXT(2) 
PARAMETRIC_REPRESENTATION_CONTEXT() REPRESENTATION_CONTEXT('2D SPACE',''
  ) );
#1597 = PCURVE('',#791,#1598);
#1598 = DEFINITIONAL_REPRESENTATION('',(#1599),#1603);
#1599 = LINE('',#1600,#1601);
#1600 = CARTESIAN_POINT('',(6.28318530718,-0.));
#1601 = VECTOR('',#1602,1.);
#1602 = DIRECTION('',(0.,1.));
#1603 = ( GEOMETRIC_REPRESENTATION_CONTEXT(2) 
PARAMETRIC_REPRESENTATION_CONTEXT() REPRESENTATION_CONTEXT('2D SPACE',''
  ) );
#1604 = ORIENTED_EDGE('',*,*,#770,.F.);
#1605 = ORIENTED_EDGE('',*,*,#1584,.F.);
#1606 = ADVANCED_FACE('',(#1607),#826,.F.);
#1607 = FACE_BOUND('',#1608,.F.);
#1608 = EDGE_LOOP('',(#1609,#1633,#1654,#1655));
#1609 = ORIENTED_EDGE('',*,*,#1610,.T.);
#1610 = EDGE_CURVE('',#1611,#1611,#1613,.T.);
#1611 = VERTEX_POINT('',#1612);
#1612 = CARTESIAN_POINT('',(43.75,12.5,5.));
#1613 = SURFACE_CURVE('',#1614,(#1619,#1626),.PCURVE_S1.);
#1614 = CIRCLE('',#1615,2.25);
#1615 = AXIS2_PLACEMENT_3D('',#1616,#1617,#1618);
#1616 = CARTESIAN_POINT('',(46.,12.5,5.));
#1617 = DIRECTION('',(0.,0.,-1.));
#1618 = DIRECTION('',(-1.,0.,0.));
#1619 = PCURVE('',#826,#1620);
#1620 = DEFINITIONAL_REPRESENTATION('',(#1621),#1625);
#1621 = LINE('',#1622,#1623);
#1622 = CARTESIAN_POINT('',(0.,5.));
#1623 = VECTOR('',#1624,1.);
#1624 = DIRECTION('',(1.,0.));
#1625 = ( GEOMETRIC_REPRESENTATION_CONTEXT(2) 
PARAMETRIC_REPRESENTATION_CONTEXT() REPRESENTATION_CONTEXT('2D SPACE',''
  ) );
#1626 = PCURVE('',#1412,#1627);
#1627 = DEFINITIONAL_REPRESENTATION('',(#1628),#1632);
#1628 = CIRCLE('',#1629,2.25);
#1629 = AXIS2_PLACEMENT_2D('',#1630,#1631);
#1630 = CARTESIAN_POINT('',(0.,0.));
#1631 = DIRECTION('',(1.,0.));
#1632 = ( GEOMETRIC_REPRESENTATION_CONTEXT(2) 
PARAMETRIC_REPRESENTATION_CONTEXT() REPRESENTATION_CONTEXT('2D SPACE',''
  ) );
#1633 = ORIENTED_EDGE('',*,*,#1634,.T.);
#1634 = EDGE_CURVE('',#1611,#806,#1635,.T.);
#1635 = SEAM_CURVE('',#1636,(#1640,#1647),.PCURVE_S1.);
#1636 = LINE('',#1637,#1638);
#1637 = CARTESIAN_POINT('',(43.75,12.5,10.));
#1638 = VECTOR('',#1639,1.);
#1639 = DIRECTION('',(0.,0.,-1.));
#1640 = PCURVE('',#826,#1641);
#1641 = DEFINITIONAL_REPRESENTATION('',(#1642),#1646);
#1642 = LINE('',#1643,#1644);
#1643 = CARTESIAN_POINT('',(0.,-0.));
#1644 = VECTOR('',#1645,1.);
#1645 = DIRECTION('',(0.,1.));
#1646 = ( GEOMETRIC_REPRESENTATION_CONTEXT(2) 
PARAMETRIC_REPRESENTATION_CONTEXT() REPRESENTATION_CONTEXT('2D SPACE',''
  ) );
#1647 = PCURVE('',#826,#1648);
#1648 = DEFINITIONAL_REPRESENTATION('',(#1649),#1653);
#1649 = LINE('',#1650,#1651);
#1650 = CARTESIAN_POINT('',(6.28318530718,-0.));
#1651 = VECTOR('',#1652,1.);
#1652 = DIRECTION('',(0.,1.));
#1653 = ( GEOMETRIC_REPRESENTATION_CONTEXT(2) 
PARAMETRIC_REPRESENTATION_CONTEXT() REPRESENTATION_CONTEXT('2D SPACE',''
  ) );
#1654 = ORIENTED_EDGE('',*,*,#805,.F.);
#1655 = ORIENTED_EDGE('',*,*,#1634,.F.);
#1656 = ADVANCED_FACE('',(#1657),#861,.F.);
#1657 = FACE_BOUND('',#1658,.F.);
#1658 = EDGE_LOOP('',(#1659,#1683,#1704,#1705));
#1659 = ORIENTED_EDGE('',*,*,#1660,.T.);
#1660 = EDGE_CURVE('',#1661,#1661,#1663,.T.);
#1661 = VERTEX_POINT('',#1662);
#1662 = CARTESIAN_POINT('',(18.75,-12.5,5.));
#1663 = SURFACE_CURVE('',#1664,(#1669,#1676),.PCURVE_S1.);
#1664 = CIRCLE('',#1665,2.25);
#1665 = AXIS2_PLACEMENT_3D('',#1666,#1667,#1668);
#1666 = CARTESIAN_POINT('',(21.,-12.5,5.));
#1667 = DIRECTION('',(0.,0.,-1.));
#1668 = DIRECTION('',(-1.,0.,0.));
#1669 = PCURVE('',#861,#1670);
#1670 = DEFINITIONAL_REPRESENTATION('',(#1671),#1675);
#1671 = LINE('',#1672,#1673);
#1672 = CARTESIAN_POINT('',(0.,5.));
#1673 = VECTOR('',#1674,1.);
#1674 = DIRECTION('',(1.,0.));
#1675 = ( GEOMETRIC_REPRESENTATION_CONTEXT(2) 
PARAMETRIC_REPRESENTATION_CONTEXT() REPRESENTATION_CONTEXT('2D SPACE',''
  ) );
#1676 = PCURVE('',#1467,#1677);
#1677 = DEFINITIONAL_REPRESENTATION('',(#1678),#1682);
#1678 = CIRCLE('',#1679,2.25);
#1679 = AXIS2_PLACEMENT_2D('',#1680,#1681);
#1680 = CARTESIAN_POINT('',(0.,0.));
#1681 = DIRECTION('',(1.,0.));
#1682 = ( GEOMETRIC_REPRESENTATION_CONTEXT(2) 
PARAMETRIC_REPRESENTATION_CONTEXT() REPRESENTATION_CONTEXT('2D SPACE',''
  ) );
#1683 = ORIENTED_EDGE('',*,*,#1684,.T.);
#1684 = EDGE_CURVE('',#1661,#841,#1685,.T.);
#1685 = SEAM_CURVE('',#1686,(#1690,#1697),.PCURVE_S1.);
#1686 = LINE('',#1687,#1688);
#1687 = CARTESIAN_POINT('',(18.75,-12.5,10.));
#1688 = VECTOR('',#1689,1.);
#1689 = DIRECTION('',(0.,0.,-1.));
#1690 = PCURVE('',#861,#1691);
#1691 = DEFINITIONAL_REPRESENTATION('',(#1692),#1696);
#1692 = LINE('',#1693,#1694);
#1693 = CARTESIAN_POINT('',(0.,-0.));
#1694 = VECTOR('',#1695,1.);
#1695 = DIRECTION('',(0.,1.));
#1696 = ( GEOMETRIC_REPRESENTATION_CONTEXT(2) 
PARAMETRIC_REPRESENTATION_CONTEXT() REPRESENTATION_CONTEXT('2D SPACE',''
  ) );
#1697 = PCURVE('',#861,#1698);
#1698 = DEFINITIONAL_REPRESENTATION('',(#1699),#1703);
#1699 = LINE('',#1700,#1701);
#1700 = CARTESIAN_POINT('',(6.28318530718,-0.));
#1701 = VECTOR('',#1702,1.);
#1702 = DIRECTION('',(0.,1.));
#1703 = ( GEOMETRIC_REPRESENTATION_CONTEXT(2) 
PARAMETRIC_REPRESENTATION_CONTEXT() REPRESENTATION_CONTEXT('2D SPACE',''
  ) );
#1704 = ORIENTED_EDGE('',*,*,#840,.F.);
#1705 = ORIENTED_EDGE('',*,*,#1684,.F.);
#1706 = ADVANCED_FACE('',(#1707),#896,.F.);
#1707 = FACE_BOUND('',#1708,.F.);
#1708 = EDGE_LOOP('',(#1709,#1733,#1754,#1755));
#1709 = ORIENTED_EDGE('',*,*,#1710,.T.);
#1710 = EDGE_CURVE('',#1711,#1711,#1713,.T.);
#1711 = VERTEX_POINT('',#1712);
#1712 = CARTESIAN_POINT('',(43.75,-12.5,5.));
#1713 = SURFACE_CURVE('',#1714,(#1719,#1726),.PCURVE_S1.);
#1714 = CIRCLE('',#1715,2.25);
#1715 = AXIS2_PLACEMENT_3D('',#1716,#1717,#1718);
#1716 = CARTESIAN_POINT('',(46.,-12.5,5.));
#1717 = DIRECTION('',(0.,0.,-1.));
#1718 = DIRECTION('',(-1.,0.,0.));
#1719 = PCURVE('',#896,#1720);
#1720 = DEFINITIONAL_REPRESENTATION('',(#1721),#1725);
#1721 = LINE('',#1722,#1723);
#1722 = CARTESIAN_POINT('',(0.,5.));
#1723 = VECTOR('',#1724,1.);
#1724 = DIRECTION('',(1.,0.));
#1725 = ( GEOMETRIC_REPRESENTATION_CONTEXT(2) 
PARAMETRIC_REPRESENTATION_CONTEXT() REPRESENTATION_CONTEXT('2D SPACE',''
  ) );
#1726 = PCURVE('',#1522,#1727);
#1727 = DEFINITIONAL_REPRESENTATION('',(#1728),#1732);
#1728 = CIRCLE('',#1729,2.25);
#1729 = AXIS2_PLACEMENT_2D('',#1730,#1731);
#1730 = CARTESIAN_POINT('',(0.,0.));
#1731 = DIRECTION('',(1.,0.));
#1732 = ( GEOMETRIC_REPRESENTATION_CONTEXT(2) 
PARAMETRIC_REPRESENTATION_CONTEXT() REPRESENTATION_CONTEXT('2D SPACE',''
  ) );
#1733 = ORIENTED_EDGE('',*,*,#1734,.T.);
#1734 = EDGE_CURVE('',#1711,#876,#1735,.T.);
#1735 = SEAM_CURVE('',#1736,(#1740,#1747),.PCURVE_S1.);
#1736 = LINE('',#1737,#1738);
#1737 = CARTESIAN_POINT('',(43.75,-12.5,10.));
#1738 = VECTOR('',#1739,1.);
#1739 = DIRECTION('',(0.,0.,-1.));
#1740 = PCURVE('',#896,#1741);
#1741 = DEFINITIONAL_REPRESENTATION('',(#1742),#1746);
#1742 = LINE('',#1743,#1744);
#1743 = CARTESIAN_POINT('',(0.,-0.));
#1744 = VECTOR('',#1745,1.);
#1745 = DIRECTION('',(0.,1.));
#1746 = ( GEOMETRIC_REPRESENTATION_CONTEXT(2) 
PARAMETRIC_REPRESENTATION_CONTEXT() REPRESENTATION_CONTEXT('2D SPACE',''
  ) );
#1747 = PCURVE('',#896,#1748);
#1748 = DEFINITIONAL_REPRESENTATION('',(#1749),#1753);
#1749 = LINE('',#1750,#1751);
#1750 = CARTESIAN_POINT('',(6.28318530718,-0.));
#1751 = VECTOR('',#1752,1.);
#1752 = DIRECTION('',(0.,1.));
#1753 = ( GEOMETRIC_REPRESENTATION_CONTEXT(2) 
PARAMETRIC_REPRESENTATION_CONTEXT() REPRESENTATION_CONTEXT('2D SPACE',''
  ) );
#1754 = ORIENTED_EDGE('',*,*,#875,.F.);
#1755 = ORIENTED_EDGE('',*,*,#1734,.F.);
#1756 = ADVANCED_FACE('',(#1757,#1897),#978,.T.);
#1757 = FACE_BOUND('',#1758,.T.);
#1758 = EDGE_LOOP('',(#1759,#1784,#1807,#1830,#1853,#1876));
#1759 = ORIENTED_EDGE('',*,*,#1760,.T.);
#1760 = EDGE_CURVE('',#1761,#1763,#1765,.T.);
#1761 = VERTEX_POINT('',#1762);
#1762 = CARTESIAN_POINT('',(57.,36.28572477695,5.));
#1763 = VERTEX_POINT('',#1764);
#1764 = CARTESIAN_POINT('',(57.,34.178396294408,8.65));
#1765 = SURFACE_CURVE('',#1766,(#1770,#1777),.PCURVE_S1.);
#1766 = LINE('',#1767,#1768);
#1767 = CARTESIAN_POINT('',(57.,36.28572477695,5.));
#1768 = VECTOR('',#1769,1.);
#1769 = DIRECTION('',(0.,-0.5,0.866025403784));
#1770 = PCURVE('',#978,#1771);
#1771 = DEFINITIONAL_REPRESENTATION('',(#1772),#1776);
#1772 = LINE('',#1773,#1774);
#1773 = CARTESIAN_POINT('',(0.,-4.214656965084));
#1774 = VECTOR('',#1775,1.);
#1775 = DIRECTION('',(0.866025403784,0.5));
#1776 = ( GEOMETRIC_REPRESENTATION_CONTEXT(2) 
PARAMETRIC_REPRESENTATION_CONTEXT() REPRESENTATION_CONTEXT('2D SPACE',''
  ) );
#1777 = PCURVE('',#1224,#1778);
#1778 = DEFINITIONAL_REPRESENTATION('',(#1779),#1783);
#1779 = LINE('',#1780,#1781);
#1780 = CARTESIAN_POINT('',(0.,0.));
#1781 = VECTOR('',#1782,1.);
#1782 = DIRECTION('',(1.,0.));
#1783 = ( GEOMETRIC_REPRESENTATION_CONTEXT(2) 
PARAMETRIC_REPRESENTATION_CONTEXT() REPRESENTATION_CONTEXT('2D SPACE',''
  ) );
#1784 = ORIENTED_EDGE('',*,*,#1785,.T.);
#1785 = EDGE_CURVE('',#1763,#1786,#1788,.T.);
#1786 = VERTEX_POINT('',#1787);
#1787 = CARTESIAN_POINT('',(57.,29.963739329323,8.65));
#1788 = SURFACE_CURVE('',#1789,(#1793,#1800),.PCURVE_S1.);
#1789 = LINE('',#1790,#1791);
#1790 = CARTESIAN_POINT('',(57.,34.178396294408,8.65));
#1791 = VECTOR('',#1792,1.);
#1792 = DIRECTION('',(0.,-1.,1.05367818432E-16));
#1793 = PCURVE('',#978,#1794);
#1794 = DEFINITIONAL_REPRESENTATION('',(#1795),#1799);
#1795 = LINE('',#1796,#1797);
#1796 = CARTESIAN_POINT('',(3.65,-2.107328482542));
#1797 = VECTOR('',#1798,1.);
#1798 = DIRECTION('',(1.05367818432E-16,1.));
#1799 = ( GEOMETRIC_REPRESENTATION_CONTEXT(2) 
PARAMETRIC_REPRESENTATION_CONTEXT() REPRESENTATION_CONTEXT('2D SPACE',''
  ) );
#1800 = PCURVE('',#1198,#1801);
#1801 = DEFINITIONAL_REPRESENTATION('',(#1802),#1806);
#1802 = LINE('',#1803,#1804);
#1803 = CARTESIAN_POINT('',(0.,0.));
#1804 = VECTOR('',#1805,1.);
#1805 = DIRECTION('',(1.,0.));
#1806 = ( GEOMETRIC_REPRESENTATION_CONTEXT(2) 
PARAMETRIC_REPRESENTATION_CONTEXT() REPRESENTATION_CONTEXT('2D SPACE',''
  ) );
#1807 = ORIENTED_EDGE('',*,*,#1808,.T.);
#1808 = EDGE_CURVE('',#1786,#1809,#1811,.T.);
#1809 = VERTEX_POINT('',#1810);
#1810 = CARTESIAN_POINT('',(57.,27.856410846781,5.));
#1811 = SURFACE_CURVE('',#1812,(#1816,#1823),.PCURVE_S1.);
#1812 = LINE('',#1813,#1814);
#1813 = CARTESIAN_POINT('',(57.,29.963739329323,8.65));
#1814 = VECTOR('',#1815,1.);
#1815 = DIRECTION('',(0.,-0.5,-0.866025403784));
#1816 = PCURVE('',#978,#1817);
#1817 = DEFINITIONAL_REPRESENTATION('',(#1818),#1822);
#1818 = LINE('',#1819,#1820);
#1819 = CARTESIAN_POINT('',(3.65,2.107328482542));
#1820 = VECTOR('',#1821,1.);
#1821 = DIRECTION('',(-0.866025403784,0.5));
#1822 = ( GEOMETRIC_REPRESENTATION_CONTEXT(2) 
PARAMETRIC_REPRESENTATION_CONTEXT() REPRESENTATION_CONTEXT('2D SPACE',''
  ) );
#1823 = PCURVE('',#1326,#1824);
#1824 = DEFINITIONAL_REPRESENTATION('',(#1825),#1829);
#1825 = LINE('',#1826,#1827);
#1826 = CARTESIAN_POINT('',(0.,0.));
#1827 = VECTOR('',#1828,1.);
#1828 = DIRECTION('',(1.,0.));
#1829 = ( GEOMETRIC_REPRESENTATION_CONTEXT(2) 
PARAMETRIC_REPRESENTATION_CONTEXT() REPRESENTATION_CONTEXT('2D SPACE',''
  ) );
#1830 = ORIENTED_EDGE('',*,*,#1831,.T.);
#1831 = EDGE_CURVE('',#1809,#1832,#1834,.T.);
#1832 = VERTEX_POINT('',#1833);
#1833 = CARTESIAN_POINT('',(57.,29.963739329323,1.35));
#1834 = SURFACE_CURVE('',#1835,(#1839,#1846),.PCURVE_S1.);
#1835 = LINE('',#1836,#1837);
#1836 = CARTESIAN_POINT('',(57.,27.856410846781,5.));
#1837 = VECTOR('',#1838,1.);
#1838 = DIRECTION('',(0.,0.5,-0.866025403784));
#1839 = PCURVE('',#978,#1840);
#1840 = DEFINITIONAL_REPRESENTATION('',(#1841),#1845);
#1841 = LINE('',#1842,#1843);
#1842 = CARTESIAN_POINT('',(8.881784197001E-16,4.214656965084));
#1843 = VECTOR('',#1844,1.);
#1844 = DIRECTION('',(-0.866025403784,-0.5));
#1845 = ( GEOMETRIC_REPRESENTATION_CONTEXT(2) 
PARAMETRIC_REPRESENTATION_CONTEXT() REPRESENTATION_CONTEXT('2D SPACE',''
  ) );
#1846 = PCURVE('',#1302,#1847);
#1847 = DEFINITIONAL_REPRESENTATION('',(#1848),#1852);
#1848 = LINE('',#1849,#1850);
#1849 = CARTESIAN_POINT('',(0.,0.));
#1850 = VECTOR('',#1851,1.);
#1851 = DIRECTION('',(1.,0.));
#1852 = ( GEOMETRIC_REPRESENTATION_CONTEXT(2) 
PARAMETRIC_REPRESENTATION_CONTEXT() REPRESENTATION_CONTEXT('2D SPACE',''
  ) );
#1853 = ORIENTED_EDGE('',*,*,#1854,.T.);
#1854 = EDGE_CURVE('',#1832,#1855,#1857,.T.);
#1855 = VERTEX_POINT('',#1856);
#1856 = CARTESIAN_POINT('',(57.,34.178396294408,1.35));
#1857 = SURFACE_CURVE('',#1858,(#1862,#1869),.PCURVE_S1.);
#1858 = LINE('',#1859,#1860);
#1859 = CARTESIAN_POINT('',(57.,29.963739329323,1.35));
#1860 = VECTOR('',#1861,1.);
#1861 = DIRECTION('',(0.,1.,-6.322069105919E-16));
#1862 = PCURVE('',#978,#1863);
#1863 = DEFINITIONAL_REPRESENTATION('',(#1864),#1868);
#1864 = LINE('',#1865,#1866);
#1865 = CARTESIAN_POINT('',(-3.65,2.107328482542));
#1866 = VECTOR('',#1867,1.);
#1867 = DIRECTION('',(-6.322069105919E-16,-1.));
#1868 = ( GEOMETRIC_REPRESENTATION_CONTEXT(2) 
PARAMETRIC_REPRESENTATION_CONTEXT() REPRESENTATION_CONTEXT('2D SPACE',''
  ) );
#1869 = PCURVE('',#1276,#1870);
#1870 = DEFINITIONAL_REPRESENTATION('',(#1871),#1875);
#1871 = LINE('',#1872,#1873);
#1872 = CARTESIAN_POINT('',(0.,0.));
#1873 = VECTOR('',#1874,1.);
#1874 = DIRECTION('',(1.,0.));
#1875 = ( GEOMETRIC_REPRESENTATION_CONTEXT(2) 
PARAMETRIC_REPRESENTATION_CONTEXT() REPRESENTATION_CONTEXT('2D SPACE',''
  ) );
#1876 = ORIENTED_EDGE('',*,*,#1877,.T.);
#1877 = EDGE_CURVE('',#1855,#1761,#1878,.T.);
#1878 = SURFACE_CURVE('',#1879,(#1883,#1890),.PCURVE_S1.);
#1879 = LINE('',#1880,#1881);
#1880 = CARTESIAN_POINT('',(57.,34.178396294408,1.35));
#1881 = VECTOR('',#1882,1.);
#1882 = DIRECTION('',(0.,0.5,0.866025403784));
#1883 = PCURVE('',#978,#1884);
#1884 = DEFINITIONAL_REPRESENTATION('',(#1885),#1889);
#1885 = LINE('',#1886,#1887);
#1886 = CARTESIAN_POINT('',(-3.65,-2.107328482542));
#1887 = VECTOR('',#1888,1.);
#1888 = DIRECTION('',(0.866025403784,-0.5));
#1889 = ( GEOMETRIC_REPRESENTATION_CONTEXT(2) 
PARAMETRIC_REPRESENTATION_CONTEXT() REPRESENTATION_CONTEXT('2D SPACE',''
  ) );
#1890 = PCURVE('',#1250,#1891);
#1891 = DEFINITIONAL_REPRESENTATION('',(#1892),#1896);
#1892 = LINE('',#1893,#1894);
#1893 = CARTESIAN_POINT('',(0.,0.));
#1894 = VECTOR('',#1895,1.);
#1895 = DIRECTION('',(1.,0.));
#1896 = ( GEOMETRIC_REPRESENTATION_CONTEXT(2) 
PARAMETRIC_REPRESENTATION_CONTEXT() REPRESENTATION_CONTEXT('2D SPACE',''
  ) );
#1897 = FACE_BOUND('',#1898,.T.);
#1898 = EDGE_LOOP('',(#1899));
#1899 = ORIENTED_EDGE('',*,*,#963,.T.);
#1900 = ADVANCED_FACE('',(#1901),#1044,.F.);
#1901 = FACE_BOUND('',#1902,.T.);
#1902 = EDGE_LOOP('',(#1903,#1936,#1957,#1958));
#1903 = ORIENTED_EDGE('',*,*,#1904,.T.);
#1904 = EDGE_CURVE('',#1905,#1905,#1907,.T.);
#1905 = VERTEX_POINT('',#1906);
#1906 = CARTESIAN_POINT('',(7.,34.271067811865,5.));
#1907 = SURFACE_CURVE('',#1908,(#1913,#1920),.PCURVE_S1.);
#1908 = CIRCLE('',#1909,2.2);
#1909 = AXIS2_PLACEMENT_3D('',#1910,#1911,#1912);
#1910 = CARTESIAN_POINT('',(7.,32.071067811865,5.));
#1911 = DIRECTION('',(-1.,0.,0.));
#1912 = DIRECTION('',(0.,1.,0.));
#1913 = PCURVE('',#1044,#1914);
#1914 = DEFINITIONAL_REPRESENTATION('',(#1915),#1919);
#1915 = LINE('',#1916,#1917);
#1916 = CARTESIAN_POINT('',(-6.28318530718,-8.));
#1917 = VECTOR('',#1918,1.);
#1918 = DIRECTION('',(1.,-0.));
#1919 = ( GEOMETRIC_REPRESENTATION_CONTEXT(2) 
PARAMETRIC_REPRESENTATION_CONTEXT() REPRESENTATION_CONTEXT('2D SPACE',''
  ) );
#1920 = PCURVE('',#1921,#1926);
#1921 = PLANE('',#1922);
#1922 = AXIS2_PLACEMENT_3D('',#1923,#1924,#1925);
#1923 = CARTESIAN_POINT('',(7.,32.071067811865,5.));
#1924 = DIRECTION('',(1.,0.,0.));
#1925 = DIRECTION('',(-0.,0.,1.));
#1926 = DEFINITIONAL_REPRESENTATION('',(#1927),#1935);
#1927 = ( BOUNDED_CURVE() B_SPLINE_CURVE(2,(#1928,#1929,#1930,#1931,
#1932,#1933,#1934),.UNSPECIFIED.,.T.,.F.) B_SPLINE_CURVE_WITH_KNOTS((1,2
    ,2,2,2,1),(-2.094395102393,0.,2.094395102393,4.188790204786,
6.28318530718,8.377580409573),.UNSPECIFIED.) CURVE() 
GEOMETRIC_REPRESENTATION_ITEM() RATIONAL_B_SPLINE_CURVE((1.,0.5,1.,0.5,
1.,0.5,1.)) REPRESENTATION_ITEM('') );
#1928 = CARTESIAN_POINT('',(0.,-2.2));
#1929 = CARTESIAN_POINT('',(-3.810511776652,-2.2));
#1930 = CARTESIAN_POINT('',(-1.905255888326,1.1));
#1931 = CARTESIAN_POINT('',(-5.388445916248E-16,4.4));
#1932 = CARTESIAN_POINT('',(1.905255888326,1.1));
#1933 = CARTESIAN_POINT('',(3.810511776652,-2.2));
#1934 = CARTESIAN_POINT('',(0.,-2.2));
#1935 = ( GEOMETRIC_REPRESENTATION_CONTEXT(2) 
PARAMETRIC_REPRESENTATION_CONTEXT() REPRESENTATION_CONTEXT('2D SPACE',''
  ) );
#1936 = ORIENTED_EDGE('',*,*,#1937,.T.);
#1937 = EDGE_CURVE('',#1905,#1024,#1938,.T.);
#1938 = SEAM_CURVE('',#1939,(#1943,#1950),.PCURVE_S1.);
#1939 = LINE('',#1940,#1941);
#1940 = CARTESIAN_POINT('',(-1.,34.271067811865,5.));
#1941 = VECTOR('',#1942,1.);
#1942 = DIRECTION('',(1.,0.,0.));
#1943 = PCURVE('',#1044,#1944);
#1944 = DEFINITIONAL_REPRESENTATION('',(#1945),#1949);
#1945 = LINE('',#1946,#1947);
#1946 = CARTESIAN_POINT('',(-6.28318530718,0.));
#1947 = VECTOR('',#1948,1.);
#1948 = DIRECTION('',(-0.,-1.));
#1949 = ( GEOMETRIC_REPRESENTATION_CONTEXT(2) 
PARAMETRIC_REPRESENTATION_CONTEXT() REPRESENTATION_CONTEXT('2D SPACE',''
  ) );
#1950 = PCURVE('',#1044,#1951);
#1951 = DEFINITIONAL_REPRESENTATION('',(#1952),#1956);
#1952 = LINE('',#1953,#1954);
#1953 = CARTESIAN_POINT('',(-0.,0.));
#1954 = VECTOR('',#1955,1.);
#1955 = DIRECTION('',(-0.,-1.));
#1956 = ( GEOMETRIC_REPRESENTATION_CONTEXT(2) 
PARAMETRIC_REPRESENTATION_CONTEXT() REPRESENTATION_CONTEXT('2D SPACE',''
  ) );
#1957 = ORIENTED_EDGE('',*,*,#1023,.F.);
#1958 = ORIENTED_EDGE('',*,*,#1937,.F.);
#1959 = ADVANCED_FACE('',(#1960),#1133,.F.);
#1960 = FACE_BOUND('',#1961,.T.);
#1961 = EDGE_LOOP('',(#1962,#1963,#1986,#2008));
#1962 = ORIENTED_EDGE('',*,*,#1112,.T.);
#1963 = ORIENTED_EDGE('',*,*,#1964,.T.);
#1964 = EDGE_CURVE('',#1113,#1965,#1967,.T.);
#1965 = VERTEX_POINT('',#1966);
#1966 = CARTESIAN_POINT('',(7.,35.821067811865,5.));
#1967 = SEAM_CURVE('',#1968,(#1972,#1979),.PCURVE_S1.);
#1968 = LINE('',#1969,#1970);
#1969 = CARTESIAN_POINT('',(-1.,35.821067811865,5.));
#1970 = VECTOR('',#1971,1.);
#1971 = DIRECTION('',(1.,0.,0.));
#1972 = PCURVE('',#1133,#1973);
#1973 = DEFINITIONAL_REPRESENTATION('',(#1974),#1978);
#1974 = LINE('',#1975,#1976);
#1975 = CARTESIAN_POINT('',(-6.28318530718,0.));
#1976 = VECTOR('',#1977,1.);
#1977 = DIRECTION('',(-0.,-1.));
#1978 = ( GEOMETRIC_REPRESENTATION_CONTEXT(2) 
PARAMETRIC_REPRESENTATION_CONTEXT() REPRESENTATION_CONTEXT('2D SPACE',''
  ) );
#1979 = PCURVE('',#1133,#1980);
#1980 = DEFINITIONAL_REPRESENTATION('',(#1981),#1985);
#1981 = LINE('',#1982,#1983);
#1982 = CARTESIAN_POINT('',(-0.,0.));
#1983 = VECTOR('',#1984,1.);
#1984 = DIRECTION('',(-0.,-1.));
#1985 = ( GEOMETRIC_REPRESENTATION_CONTEXT(2) 
PARAMETRIC_REPRESENTATION_CONTEXT() REPRESENTATION_CONTEXT('2D SPACE',''
  ) );
#1986 = ORIENTED_EDGE('',*,*,#1987,.T.);
#1987 = EDGE_CURVE('',#1965,#1965,#1988,.T.);
#1988 = SURFACE_CURVE('',#1989,(#1994,#2001),.PCURVE_S1.);
#1989 = CIRCLE('',#1990,3.75);
#1990 = AXIS2_PLACEMENT_3D('',#1991,#1992,#1993);
#1991 = CARTESIAN_POINT('',(7.,32.071067811865,5.));
#1992 = DIRECTION('',(1.,0.,0.));
#1993 = DIRECTION('',(0.,1.,0.));
#1994 = PCURVE('',#1133,#1995);
#1995 = DEFINITIONAL_REPRESENTATION('',(#1996),#2000);
#1996 = LINE('',#1997,#1998);
#1997 = CARTESIAN_POINT('',(-0.,-8.));
#1998 = VECTOR('',#1999,1.);
#1999 = DIRECTION('',(-1.,0.));
#2000 = ( GEOMETRIC_REPRESENTATION_CONTEXT(2) 
PARAMETRIC_REPRESENTATION_CONTEXT() REPRESENTATION_CONTEXT('2D SPACE',''
  ) );
#2001 = PCURVE('',#1921,#2002);
#2002 = DEFINITIONAL_REPRESENTATION('',(#2003),#2007);
#2003 = CIRCLE('',#2004,3.75);
#2004 = AXIS2_PLACEMENT_2D('',#2005,#2006);
#2005 = CARTESIAN_POINT('',(0.,-7.105427357601E-15));
#2006 = DIRECTION('',(0.,-1.));
#2007 = ( GEOMETRIC_REPRESENTATION_CONTEXT(2) 
PARAMETRIC_REPRESENTATION_CONTEXT() REPRESENTATION_CONTEXT('2D SPACE',''
  ) );
#2008 = ORIENTED_EDGE('',*,*,#1964,.F.);
#2009 = ADVANCED_FACE('',(#2010),#1198,.T.);
#2010 = FACE_BOUND('',#2011,.T.);
#2011 = EDGE_LOOP('',(#2012,#2013,#2034,#2035));
#2012 = ORIENTED_EDGE('',*,*,#1785,.F.);
#2013 = ORIENTED_EDGE('',*,*,#2014,.T.);
#2014 = EDGE_CURVE('',#1763,#1184,#2015,.T.);
#2015 = SURFACE_CURVE('',#2016,(#2020,#2027),.PCURVE_S1.);
#2016 = LINE('',#2017,#2018);
#2017 = CARTESIAN_POINT('',(57.,34.178396294408,8.65));
#2018 = VECTOR('',#2019,1.);
#2019 = DIRECTION('',(1.,0.,0.));
#2020 = PCURVE('',#1198,#2021);
#2021 = DEFINITIONAL_REPRESENTATION('',(#2022),#2026);
#2022 = LINE('',#2023,#2024);
#2023 = CARTESIAN_POINT('',(0.,0.));
#2024 = VECTOR('',#2025,1.);
#2025 = DIRECTION('',(0.,-1.));
#2026 = ( GEOMETRIC_REPRESENTATION_CONTEXT(2) 
PARAMETRIC_REPRESENTATION_CONTEXT() REPRESENTATION_CONTEXT('2D SPACE',''
  ) );
#2027 = PCURVE('',#1224,#2028);
#2028 = DEFINITIONAL_REPRESENTATION('',(#2029),#2033);
#2029 = LINE('',#2030,#2031);
#2030 = CARTESIAN_POINT('',(4.214656965084,0.));
#2031 = VECTOR('',#2032,1.);
#2032 = DIRECTION('',(0.,-1.));
#2033 = ( GEOMETRIC_REPRESENTATION_CONTEXT(2) 
PARAMETRIC_REPRESENTATION_CONTEXT() REPRESENTATION_CONTEXT('2D SPACE',''
  ) );
#2034 = ORIENTED_EDGE('',*,*,#1181,.F.);
#2035 = ORIENTED_EDGE('',*,*,#2036,.F.);
#2036 = EDGE_CURVE('',#1786,#1182,#2037,.T.);
#2037 = SURFACE_CURVE('',#2038,(#2042,#2049),.PCURVE_S1.);
#2038 = LINE('',#2039,#2040);
#2039 = CARTESIAN_POINT('',(57.,29.963739329323,8.65));
#2040 = VECTOR('',#2041,1.);
#2041 = DIRECTION('',(1.,0.,0.));
#2042 = PCURVE('',#1198,#2043);
#2043 = DEFINITIONAL_REPRESENTATION('',(#2044),#2048);
#2044 = LINE('',#2045,#2046);
#2045 = CARTESIAN_POINT('',(4.214656965084,0.));
#2046 = VECTOR('',#2047,1.);
#2047 = DIRECTION('',(0.,-1.));
#2048 = ( GEOMETRIC_REPRESENTATION_CONTEXT(2) 
PARAMETRIC_REPRESENTATION_CONTEXT() REPRESENTATION_CONTEXT('2D SPACE',''
  ) );
#2049 = PCURVE('',#1326,#2050);
#2050 = DEFINITIONAL_REPRESENTATION('',(#2051),#2055);
#2051 = LINE('',#2052,#2053);
#2052 = CARTESIAN_POINT('',(0.,0.));
#2053 = VECTOR('',#2054,1.);
#2054 = DIRECTION('',(0.,-1.));
#2055 = ( GEOMETRIC_REPRESENTATION_CONTEXT(2) 
PARAMETRIC_REPRESENTATION_CONTEXT() REPRESENTATION_CONTEXT('2D SPACE',''
  ) );
#2056 = ADVANCED_FACE('',(#2057),#1326,.T.);
#2057 = FACE_BOUND('',#2058,.T.);
#2058 = EDGE_LOOP('',(#2059,#2060,#2061,#2062));
#2059 = ORIENTED_EDGE('',*,*,#1808,.F.);
#2060 = ORIENTED_EDGE('',*,*,#2036,.T.);
#2061 = ORIENTED_EDGE('',*,*,#1313,.F.);
#2062 = ORIENTED_EDGE('',*,*,#2063,.F.);
#2063 = EDGE_CURVE('',#1809,#1288,#2064,.T.);
#2064 = SURFACE_CURVE('',#2065,(#2069,#2076),.PCURVE_S1.);
#2065 = LINE('',#2066,#2067);
#2066 = CARTESIAN_POINT('',(57.,27.856410846781,5.));
#2067 = VECTOR('',#2068,1.);
#2068 = DIRECTION('',(1.,0.,0.));
#2069 = PCURVE('',#1326,#2070);
#2070 = DEFINITIONAL_REPRESENTATION('',(#2071),#2075);
#2071 = LINE('',#2072,#2073);
#2072 = CARTESIAN_POINT('',(4.214656965084,0.));
#2073 = VECTOR('',#2074,1.);
#2074 = DIRECTION('',(0.,-1.));
#2075 = ( GEOMETRIC_REPRESENTATION_CONTEXT(2) 
PARAMETRIC_REPRESENTATION_CONTEXT() REPRESENTATION_CONTEXT('2D SPACE',''
  ) );
#2076 = PCURVE('',#1302,#2077);
#2077 = DEFINITIONAL_REPRESENTATION('',(#2078),#2082);
#2078 = LINE('',#2079,#2080);
#2079 = CARTESIAN_POINT('',(0.,0.));
#2080 = VECTOR('',#2081,1.);
#2081 = DIRECTION('',(0.,-1.));
#2082 = ( GEOMETRIC_REPRESENTATION_CONTEXT(2) 
PARAMETRIC_REPRESENTATION_CONTEXT() REPRESENTATION_CONTEXT('2D SPACE',''
  ) );
#2083 = ADVANCED_FACE('',(#2084),#1302,.T.);
#2084 = FACE_BOUND('',#2085,.T.);
#2085 = EDGE_LOOP('',(#2086,#2087,#2088,#2089));
#2086 = ORIENTED_EDGE('',*,*,#1831,.F.);
#2087 = ORIENTED_EDGE('',*,*,#2063,.T.);
#2088 = ORIENTED_EDGE('',*,*,#1287,.F.);
#2089 = ORIENTED_EDGE('',*,*,#2090,.F.);
#2090 = EDGE_CURVE('',#1832,#1262,#2091,.T.);
#2091 = SURFACE_CURVE('',#2092,(#2096,#2103),.PCURVE_S1.);
#2092 = LINE('',#2093,#2094);
#2093 = CARTESIAN_POINT('',(57.,29.963739329323,1.35));
#2094 = VECTOR('',#2095,1.);
#2095 = DIRECTION('',(1.,0.,0.));
#2096 = PCURVE('',#1302,#2097);
#2097 = DEFINITIONAL_REPRESENTATION('',(#2098),#2102);
#2098 = LINE('',#2099,#2100);
#2099 = CARTESIAN_POINT('',(4.214656965084,0.));
#2100 = VECTOR('',#2101,1.);
#2101 = DIRECTION('',(0.,-1.));
#2102 = ( GEOMETRIC_REPRESENTATION_CONTEXT(2) 
PARAMETRIC_REPRESENTATION_CONTEXT() REPRESENTATION_CONTEXT('2D SPACE',''
  ) );
#2103 = PCURVE('',#1276,#2104);
#2104 = DEFINITIONAL_REPRESENTATION('',(#2105),#2109);
#2105 = LINE('',#2106,#2107);
#2106 = CARTESIAN_POINT('',(0.,0.));
#2107 = VECTOR('',#2108,1.);
#2108 = DIRECTION('',(0.,-1.));
#2109 = ( GEOMETRIC_REPRESENTATION_CONTEXT(2) 
PARAMETRIC_REPRESENTATION_CONTEXT() REPRESENTATION_CONTEXT('2D SPACE',''
  ) );
#2110 = ADVANCED_FACE('',(#2111),#1276,.T.);
#2111 = FACE_BOUND('',#2112,.T.);
#2112 = EDGE_LOOP('',(#2113,#2114,#2115,#2116));
#2113 = ORIENTED_EDGE('',*,*,#1854,.F.);
#2114 = ORIENTED_EDGE('',*,*,#2090,.T.);
#2115 = ORIENTED_EDGE('',*,*,#1261,.F.);
#2116 = ORIENTED_EDGE('',*,*,#2117,.F.);
#2117 = EDGE_CURVE('',#1855,#1236,#2118,.T.);
#2118 = SURFACE_CURVE('',#2119,(#2123,#2130),.PCURVE_S1.);
#2119 = LINE('',#2120,#2121);
#2120 = CARTESIAN_POINT('',(57.,34.178396294408,1.35));
#2121 = VECTOR('',#2122,1.);
#2122 = DIRECTION('',(1.,0.,0.));
#2123 = PCURVE('',#1276,#2124);
#2124 = DEFINITIONAL_REPRESENTATION('',(#2125),#2129);
#2125 = LINE('',#2126,#2127);
#2126 = CARTESIAN_POINT('',(4.214656965084,0.));
#2127 = VECTOR('',#2128,1.);
#2128 = DIRECTION('',(0.,-1.));
#2129 = ( GEOMETRIC_REPRESENTATION_CONTEXT(2) 
PARAMETRIC_REPRESENTATION_CONTEXT() REPRESENTATION_CONTEXT('2D SPACE',''
  ) );
#2130 = PCURVE('',#1250,#2131);
#2131 = DEFINITIONAL_REPRESENTATION('',(#2132),#2136);
#2132 = LINE('',#2133,#2134);
#2133 = CARTESIAN_POINT('',(0.,0.));
#2134 = VECTOR('',#2135,1.);
#2135 = DIRECTION('',(0.,-1.));
#2136 = ( GEOMETRIC_REPRESENTATION_CONTEXT(2) 
PARAMETRIC_REPRESENTATION_CONTEXT() REPRESENTATION_CONTEXT('2D SPACE',''
  ) );
#2137 = ADVANCED_FACE('',(#2138),#1250,.T.);
#2138 = FACE_BOUND('',#2139,.T.);
#2139 = EDGE_LOOP('',(#2140,#2141,#2142,#2143));
#2140 = ORIENTED_EDGE('',*,*,#1877,.F.);
#2141 = ORIENTED_EDGE('',*,*,#2117,.T.);
#2142 = ORIENTED_EDGE('',*,*,#1235,.F.);
#2143 = ORIENTED_EDGE('',*,*,#2144,.F.);
#2144 = EDGE_CURVE('',#1761,#1210,#2145,.T.);
#2145 = SURFACE_CURVE('',#2146,(#2150,#2157),.PCURVE_S1.);
#2146 = LINE('',#2147,#2148);
#2147 = CARTESIAN_POINT('',(57.,36.28572477695,5.));
#2148 = VECTOR('',#2149,1.);
#2149 = DIRECTION('',(1.,0.,0.));
#2150 = PCURVE('',#1250,#2151);
#2151 = DEFINITIONAL_REPRESENTATION('',(#2152),#2156);
#2152 = LINE('',#2153,#2154);
#2153 = CARTESIAN_POINT('',(4.214656965084,0.));
#2154 = VECTOR('',#2155,1.);
#2155 = DIRECTION('',(0.,-1.));
#2156 = ( GEOMETRIC_REPRESENTATION_CONTEXT(2) 
PARAMETRIC_REPRESENTATION_CONTEXT() REPRESENTATION_CONTEXT('2D SPACE',''
  ) );
#2157 = PCURVE('',#1224,#2158);
#2158 = DEFINITIONAL_REPRESENTATION('',(#2159),#2163);
#2159 = LINE('',#2160,#2161);
#2160 = CARTESIAN_POINT('',(0.,0.));
#2161 = VECTOR('',#2162,1.);
#2162 = DIRECTION('',(0.,-1.));
#2163 = ( GEOMETRIC_REPRESENTATION_CONTEXT(2) 
PARAMETRIC_REPRESENTATION_CONTEXT() REPRESENTATION_CONTEXT('2D SPACE',''
  ) );
#2164 = ADVANCED_FACE('',(#2165),#1224,.T.);
#2165 = FACE_BOUND('',#2166,.T.);
#2166 = EDGE_LOOP('',(#2167,#2168,#2169,#2170));
#2167 = ORIENTED_EDGE('',*,*,#1760,.F.);
#2168 = ORIENTED_EDGE('',*,*,#2144,.T.);
#2169 = ORIENTED_EDGE('',*,*,#1209,.F.);
#2170 = ORIENTED_EDGE('',*,*,#2014,.F.);
#2171 = ADVANCED_FACE('',(#2172,#2175),#1357,.F.);
#2172 = FACE_BOUND('',#2173,.F.);
#2173 = EDGE_LOOP('',(#2174));
#2174 = ORIENTED_EDGE('',*,*,#1340,.T.);
#2175 = FACE_BOUND('',#2176,.F.);
#2176 = EDGE_LOOP('',(#2177));
#2177 = ORIENTED_EDGE('',*,*,#1560,.F.);
#2178 = ADVANCED_FACE('',(#2179,#2182),#1412,.F.);
#2179 = FACE_BOUND('',#2180,.F.);
#2180 = EDGE_LOOP('',(#2181));
#2181 = ORIENTED_EDGE('',*,*,#1395,.T.);
#2182 = FACE_BOUND('',#2183,.F.);
#2183 = EDGE_LOOP('',(#2184));
#2184 = ORIENTED_EDGE('',*,*,#1610,.F.);
#2185 = ADVANCED_FACE('',(#2186,#2189),#1467,.F.);
#2186 = FACE_BOUND('',#2187,.F.);
#2187 = EDGE_LOOP('',(#2188));
#2188 = ORIENTED_EDGE('',*,*,#1450,.T.);
#2189 = FACE_BOUND('',#2190,.F.);
#2190 = EDGE_LOOP('',(#2191));
#2191 = ORIENTED_EDGE('',*,*,#1660,.F.);
#2192 = ADVANCED_FACE('',(#2193,#2196),#1522,.F.);
#2193 = FACE_BOUND('',#2194,.F.);
#2194 = EDGE_LOOP('',(#2195));
#2195 = ORIENTED_EDGE('',*,*,#1505,.T.);
#2196 = FACE_BOUND('',#2197,.F.);
#2197 = EDGE_LOOP('',(#2198));
#2198 = ORIENTED_EDGE('',*,*,#1710,.F.);
#2199 = ADVANCED_FACE('',(#2200,#2203),#1921,.F.);
#2200 = FACE_BOUND('',#2201,.F.);
#2201 = EDGE_LOOP('',(#2202));
#2202 = ORIENTED_EDGE('',*,*,#1987,.T.);
#2203 = FACE_BOUND('',#2204,.F.);
#2204 = EDGE_LOOP('',(#2205));
#2205 = ORIENTED_EDGE('',*,*,#1904,.T.);
#2206 = ( GEOMETRIC_REPRESENTATION_CONTEXT(3) 
GLOBAL_UNCERTAINTY_ASSIGNED_CONTEXT((#2210)) 
GLOBAL_UNIT_ASSIGNED_CONTEXT((#2207,#2208,#2209)) REPRESENTATION_CONTEXT
('Context #1','3D Context with UNIT and UNCERTAINTY') );
#2207 = ( LENGTH_UNIT() NAMED_UNIT(*) SI_UNIT(.MILLI.,.METRE.) );
#2208 = ( NAMED_UNIT(*) PLANE_ANGLE_UNIT() SI_UNIT($,.RADIAN.) );
#2209 = ( NAMED_UNIT(*) SI_UNIT($,.STERADIAN.) SOLID_ANGLE_UNIT() );
#2210 = UNCERTAINTY_MEASURE_WITH_UNIT(LENGTH_MEASURE(1.E-07),#2207,
  'distance_accuracy_value','confusion accuracy');
#2211 = CONTEXT_DEPENDENT_SHAPE_REPRESENTATION(#2212,#2214);
#2212 = ( REPRESENTATION_RELATIONSHIP('','',#91,#68) 
REPRESENTATION_RELATIONSHIP_WITH_TRANSFORMATION(#2213) 
SHAPE_REPRESENTATION_RELATIONSHIP() );
#2213 = ITEM_DEFINED_TRANSFORMATION('','',#11,#69);
#2214 = PRODUCT_DEFINITION_SHAPE('Placement','Placement of an item',
  #2215);
#2215 = NEXT_ASSEMBLY_USAGE_OCCURRENCE('1','','',#63,#86,$);
#2216 = PRODUCT_RELATED_PRODUCT_CATEGORY('part',$,(#88));
#2217 = SHAPE_DEFINITION_REPRESENTATION(#2218,#2224);
#2218 = PRODUCT_DEFINITION_SHAPE('','',#2219);
#2219 = PRODUCT_DEFINITION('design','',#2220,#2223);
#2220 = PRODUCT_DEFINITION_FORMATION('','',#2221);
#2221 = PRODUCT('link1','link1','',(#2222));
#2222 = PRODUCT_CONTEXT('',#2,'mechanical');
#2223 = PRODUCT_DEFINITION_CONTEXT('part definition',#2,'design');
#2224 = SHAPE_REPRESENTATION('',(#11,#2225),#2229);
#2225 = AXIS2_PLACEMENT_3D('',#2226,#2227,#2228);
#2226 = CARTESIAN_POINT('',(0.,0.,0.));
#2227 = DIRECTION('',(0.,0.,1.));
#2228 = DIRECTION('',(1.,0.,-0.));
#2229 = ( GEOMETRIC_REPRESENTATION_CONTEXT(3) 
GLOBAL_UNCERTAINTY_ASSIGNED_CONTEXT((#2233)) 
GLOBAL_UNIT_ASSIGNED_CONTEXT((#2230,#2231,#2232)) REPRESENTATION_CONTEXT
('Context #1','3D Context with UNIT and UNCERTAINTY') );
#2230 = ( LENGTH_UNIT() NAMED_UNIT(*) SI_UNIT(.MILLI.,.METRE.) );
#2231 = ( NAMED_UNIT(*) PLANE_ANGLE_UNIT() SI_UNIT($,.RADIAN.) );
#2232 = ( NAMED_UNIT(*) SI_UNIT($,.STERADIAN.) SOLID_ANGLE_UNIT() );
#2233 = UNCERTAINTY_MEASURE_WITH_UNIT(LENGTH_MEASURE(1.E-07),#2230,
  'distance_accuracy_value','confusion accuracy');
#2234 = CONTEXT_DEPENDENT_SHAPE_REPRESENTATION(#2235,#2237);
#2235 = ( REPRESENTATION_RELATIONSHIP('','',#2224,#10) 
REPRESENTATION_RELATIONSHIP_WITH_TRANSFORMATION(#2236) 
SHAPE_REPRESENTATION_RELATIONSHIP() );
#2236 = ITEM_DEFINED_TRANSFORMATION('','',#11,#19);
#2237 = PRODUCT_DEFINITION_SHAPE('Placement','Placement of an item',
  #2238);
#2238 = NEXT_ASSEMBLY_USAGE_OCCURRENCE('4','','',#5,#2219,$);
#2239 = PRODUCT_RELATED_PRODUCT_CATEGORY('part',$,(#2221));
#2240 = SHAPE_DEFINITION_REPRESENTATION(#2241,#2247);
#2241 = PRODUCT_DEFINITION_SHAPE('','',#2242);
#2242 = PRODUCT_DEFINITION('design','',#2243,#2246);
#2243 = PRODUCT_DEFINITION_FORMATION('','',#2244);
#2244 = PRODUCT('link1_part','link1_part','',(#2245));
#2245 = PRODUCT_CONTEXT('',#2,'mechanical');
#2246 = PRODUCT_DEFINITION_CONTEXT('part definition',#2,'design');
#2247 = ADVANCED_BREP_SHAPE_REPRESENTATION('',(#11,#2248),#4686);
#2248 = MANIFOLD_SOLID_BREP('',#2249);
#2249 = CLOSED_SHELL('',(#2250,#2405,#2481,#2984,#3407,#3434,#3493,#3555
    ,#3582,#3644,#3671,#3733,#3760,#3817,#3844,#4021,#4068,#4095,#4122,
    #4149,#4176,#4203,#4230,#4237,#4381,#4440,#4490,#4517,#4564,#4591,
    #4618,#4645,#4672,#4679));
#2250 = ADVANCED_FACE('',(#2251,#2370),#2265,.F.);
#2251 = FACE_BOUND('',#2252,.F.);
#2252 = EDGE_LOOP('',(#2253,#2288,#2316,#2344));
#2253 = ORIENTED_EDGE('',*,*,#2254,.F.);
#2254 = EDGE_CURVE('',#2255,#2257,#2259,.T.);
#2255 = VERTEX_POINT('',#2256);
#2256 = CARTESIAN_POINT('',(50.,106.35016970232,-138.9742827797));
#2257 = VERTEX_POINT('',#2258);
#2258 = CARTESIAN_POINT('',(50.,115.09139680384,-134.1172313326));
#2259 = SURFACE_CURVE('',#2260,(#2264,#2276),.PCURVE_S1.);
#2260 = LINE('',#2261,#2262);
#2261 = CARTESIAN_POINT('',(50.,106.35016970232,-138.9742827797));
#2262 = VECTOR('',#2263,1.);
#2263 = DIRECTION('',(0.,0.874122710151,0.48570514471));
#2264 = PCURVE('',#2265,#2270);
#2265 = PLANE('',#2266);
#2266 = AXIS2_PLACEMENT_3D('',#2267,#2268,#2269);
#2267 = CARTESIAN_POINT('',(50.,106.35016970232,-138.9742827797));
#2268 = DIRECTION('',(1.,0.,0.));
#2269 = DIRECTION('',(0.,0.874122710151,0.48570514471));
#2270 = DEFINITIONAL_REPRESENTATION('',(#2271),#2275);
#2271 = LINE('',#2272,#2273);
#2272 = CARTESIAN_POINT('',(0.,0.));
#2273 = VECTOR('',#2274,1.);
#2274 = DIRECTION('',(1.,0.));
#2275 = ( GEOMETRIC_REPRESENTATION_CONTEXT(2) 
PARAMETRIC_REPRESENTATION_CONTEXT() REPRESENTATION_CONTEXT('2D SPACE',''
  ) );
#2276 = PCURVE('',#2277,#2282);
#2277 = PLANE('',#2278);
#2278 = AXIS2_PLACEMENT_3D('',#2279,#2280,#2281);
#2279 = CARTESIAN_POINT('',(0.,106.35016970232,-138.9742827797));
#2280 = DIRECTION('',(0.,0.48570514471,-0.874122710151));
#2281 = DIRECTION('',(0.,0.874122710151,0.48570514471));
#2282 = DEFINITIONAL_REPRESENTATION('',(#2283),#2287);
#2283 = LINE('',#2284,#2285);
#2284 = CARTESIAN_POINT('',(0.,50.));
#2285 = VECTOR('',#2286,1.);
#2286 = DIRECTION('',(1.,0.));
#2287 = ( GEOMETRIC_REPRESENTATION_CONTEXT(2) 
PARAMETRIC_REPRESENTATION_CONTEXT() REPRESENTATION_CONTEXT('2D SPACE',''
  ) );
#2288 = ORIENTED_EDGE('',*,*,#2289,.T.);
#2289 = EDGE_CURVE('',#2255,#2290,#2292,.T.);
#2290 = VERTEX_POINT('',#2291);
#2291 = CARTESIAN_POINT('',(50.,112.6988545854,-150.4));
#2292 = SURFACE_CURVE('',#2293,(#2297,#2304),.PCURVE_S1.);
#2293 = LINE('',#2294,#2295);
#2294 = CARTESIAN_POINT('',(50.,106.35016970232,-138.9742827797));
#2295 = VECTOR('',#2296,1.);
#2296 = DIRECTION('',(0.,0.48570514471,-0.874122710151));
#2297 = PCURVE('',#2265,#2298);
#2298 = DEFINITIONAL_REPRESENTATION('',(#2299),#2303);
#2299 = LINE('',#2300,#2301);
#2300 = CARTESIAN_POINT('',(0.,0.));
#2301 = VECTOR('',#2302,1.);
#2302 = DIRECTION('',(0.,-1.));
#2303 = ( GEOMETRIC_REPRESENTATION_CONTEXT(2) 
PARAMETRIC_REPRESENTATION_CONTEXT() REPRESENTATION_CONTEXT('2D SPACE',''
  ) );
#2304 = PCURVE('',#2305,#2310);
#2305 = PLANE('',#2306);
#2306 = AXIS2_PLACEMENT_3D('',#2307,#2308,#2309);
#2307 = CARTESIAN_POINT('',(50.,106.35016970232,-138.9742827797));
#2308 = DIRECTION('',(0.,0.874122710151,0.48570514471));
#2309 = DIRECTION('',(1.,0.,0.));
#2310 = DEFINITIONAL_REPRESENTATION('',(#2311),#2315);
#2311 = LINE('',#2312,#2313);
#2312 = CARTESIAN_POINT('',(0.,0.));
#2313 = VECTOR('',#2314,1.);
#2314 = DIRECTION('',(0.,1.));
#2315 = ( GEOMETRIC_REPRESENTATION_CONTEXT(2) 
PARAMETRIC_REPRESENTATION_CONTEXT() REPRESENTATION_CONTEXT('2D SPACE',''
  ) );
#2316 = ORIENTED_EDGE('',*,*,#2317,.T.);
#2317 = EDGE_CURVE('',#2290,#2318,#2320,.T.);
#2318 = VERTEX_POINT('',#2319);
#2319 = CARTESIAN_POINT('',(50.,121.44008168692,-145.5429485528));
#2320 = SURFACE_CURVE('',#2321,(#2325,#2332),.PCURVE_S1.);
#2321 = LINE('',#2322,#2323);
#2322 = CARTESIAN_POINT('',(50.,112.6988545854,-150.4));
#2323 = VECTOR('',#2324,1.);
#2324 = DIRECTION('',(0.,0.874122710151,0.48570514471));
#2325 = PCURVE('',#2265,#2326);
#2326 = DEFINITIONAL_REPRESENTATION('',(#2327),#2331);
#2327 = LINE('',#2328,#2329);
#2328 = CARTESIAN_POINT('',(-3.552713678801E-15,-13.07106781186));
#2329 = VECTOR('',#2330,1.);
#2330 = DIRECTION('',(1.,0.));
#2331 = ( GEOMETRIC_REPRESENTATION_CONTEXT(2) 
PARAMETRIC_REPRESENTATION_CONTEXT() REPRESENTATION_CONTEXT('2D SPACE',''
  ) );
#2332 = PCURVE('',#2333,#2338);
#2333 = PLANE('',#2334);
#2334 = AXIS2_PLACEMENT_3D('',#2335,#2336,#2337);
#2335 = CARTESIAN_POINT('',(50.,112.6988545854,-150.4));
#2336 = DIRECTION('',(0.,0.48570514471,-0.874122710151));
#2337 = DIRECTION('',(0.,0.874122710151,0.48570514471));
#2338 = DEFINITIONAL_REPRESENTATION('',(#2339),#2343);
#2339 = LINE('',#2340,#2341);
#2340 = CARTESIAN_POINT('',(0.,0.));
#2341 = VECTOR('',#2342,1.);
#2342 = DIRECTION('',(1.,0.));
#2343 = ( GEOMETRIC_REPRESENTATION_CONTEXT(2) 
PARAMETRIC_REPRESENTATION_CONTEXT() REPRESENTATION_CONTEXT('2D SPACE',''
  ) );
#2344 = ORIENTED_EDGE('',*,*,#2345,.F.);
#2345 = EDGE_CURVE('',#2257,#2318,#2346,.T.);
#2346 = SURFACE_CURVE('',#2347,(#2351,#2358),.PCURVE_S1.);
#2347 = LINE('',#2348,#2349);
#2348 = CARTESIAN_POINT('',(50.,115.09139680384,-134.1172313326));
#2349 = VECTOR('',#2350,1.);
#2350 = DIRECTION('',(0.,0.48570514471,-0.874122710151));
#2351 = PCURVE('',#2265,#2352);
#2352 = DEFINITIONAL_REPRESENTATION('',(#2353),#2357);
#2353 = LINE('',#2354,#2355);
#2354 = CARTESIAN_POINT('',(10.,1.59872115546E-14));
#2355 = VECTOR('',#2356,1.);
#2356 = DIRECTION('',(0.,-1.));
#2357 = ( GEOMETRIC_REPRESENTATION_CONTEXT(2) 
PARAMETRIC_REPRESENTATION_CONTEXT() REPRESENTATION_CONTEXT('2D SPACE',''
  ) );
#2358 = PCURVE('',#2359,#2364);
#2359 = PLANE('',#2360);
#2360 = AXIS2_PLACEMENT_3D('',#2361,#2362,#2363);
#2361 = CARTESIAN_POINT('',(50.,115.09139680384,-134.1172313326));
#2362 = DIRECTION('',(0.,0.874122710151,0.48570514471));
#2363 = DIRECTION('',(1.,0.,0.));
#2364 = DEFINITIONAL_REPRESENTATION('',(#2365),#2369);
#2365 = LINE('',#2366,#2367);
#2366 = CARTESIAN_POINT('',(0.,0.));
#2367 = VECTOR('',#2368,1.);
#2368 = DIRECTION('',(0.,1.));
#2369 = ( GEOMETRIC_REPRESENTATION_CONTEXT(2) 
PARAMETRIC_REPRESENTATION_CONTEXT() REPRESENTATION_CONTEXT('2D SPACE',''
  ) );
#2370 = FACE_BOUND('',#2371,.F.);
#2371 = EDGE_LOOP('',(#2372));
#2372 = ORIENTED_EDGE('',*,*,#2373,.T.);
#2373 = EDGE_CURVE('',#2374,#2374,#2376,.T.);
#2374 = VERTEX_POINT('',#2375);
#2375 = CARTESIAN_POINT('',(50.,115.70949373097,-145.523930688));
#2376 = SURFACE_CURVE('',#2377,(#2382,#2393),.PCURVE_S1.);
#2377 = CIRCLE('',#2378,2.2);
#2378 = AXIS2_PLACEMENT_3D('',#2379,#2380,#2381);
#2379 = CARTESIAN_POINT('',(50.,114.64094241261,-143.6008607256));
#2380 = DIRECTION('',(-1.,0.,-0.));
#2381 = DIRECTION('',(0.,0.48570514471,-0.874122710151));
#2382 = PCURVE('',#2265,#2383);
#2383 = DEFINITIONAL_REPRESENTATION('',(#2384),#2392);
#2384 = ( BOUNDED_CURVE() B_SPLINE_CURVE(2,(#2385,#2386,#2387,#2388,
#2389,#2390,#2391),.UNSPECIFIED.,.T.,.F.) B_SPLINE_CURVE_WITH_KNOTS((1,2
    ,2,2,2,1),(-2.094395102393,0.,2.094395102393,4.188790204786,
6.28318530718,8.377580409573),.UNSPECIFIED.) CURVE() 
GEOMETRIC_REPRESENTATION_ITEM() RATIONAL_B_SPLINE_CURVE((1.,0.5,1.,0.5,
1.,0.5,1.)) REPRESENTATION_ITEM('') );
#2385 = CARTESIAN_POINT('',(5.,-10.27106781186));
#2386 = CARTESIAN_POINT('',(1.189488223348,-10.27106781186));
#2387 = CARTESIAN_POINT('',(3.094744111674,-6.971067811865));
#2388 = CARTESIAN_POINT('',(5.,-3.671067811865));
#2389 = CARTESIAN_POINT('',(6.905255888326,-6.971067811865));
#2390 = CARTESIAN_POINT('',(8.810511776652,-10.27106781186));
#2391 = CARTESIAN_POINT('',(5.,-10.27106781186));
#2392 = ( GEOMETRIC_REPRESENTATION_CONTEXT(2) 
PARAMETRIC_REPRESENTATION_CONTEXT() REPRESENTATION_CONTEXT('2D SPACE',''
  ) );
#2393 = PCURVE('',#2394,#2399);
#2394 = CYLINDRICAL_SURFACE('',#2395,2.2);
#2395 = AXIS2_PLACEMENT_3D('',#2396,#2397,#2398);
#2396 = CARTESIAN_POINT('',(-1.,114.64094241261,-143.6008607256));
#2397 = DIRECTION('',(-1.,-0.,0.));
#2398 = DIRECTION('',(0.,0.48570514471,-0.874122710151));
#2399 = DEFINITIONAL_REPRESENTATION('',(#2400),#2404);
#2400 = LINE('',#2401,#2402);
#2401 = CARTESIAN_POINT('',(-6.28318530718,-51.));
#2402 = VECTOR('',#2403,1.);
#2403 = DIRECTION('',(1.,-0.));
#2404 = ( GEOMETRIC_REPRESENTATION_CONTEXT(2) 
PARAMETRIC_REPRESENTATION_CONTEXT() REPRESENTATION_CONTEXT('2D SPACE',''
  ) );
#2405 = ADVANCED_FACE('',(#2406),#2277,.T.);
#2406 = FACE_BOUND('',#2407,.T.);
#2407 = EDGE_LOOP('',(#2408,#2431,#2459,#2480));
#2408 = ORIENTED_EDGE('',*,*,#2409,.F.);
#2409 = EDGE_CURVE('',#2410,#2255,#2412,.T.);
#2410 = VERTEX_POINT('',#2411);
#2411 = CARTESIAN_POINT('',(15.,106.35016970232,-138.9742827797));
#2412 = SURFACE_CURVE('',#2413,(#2417,#2424),.PCURVE_S1.);
#2413 = LINE('',#2414,#2415);
#2414 = CARTESIAN_POINT('',(0.,106.35016970232,-138.9742827797));
#2415 = VECTOR('',#2416,1.);
#2416 = DIRECTION('',(1.,0.,0.));
#2417 = PCURVE('',#2277,#2418);
#2418 = DEFINITIONAL_REPRESENTATION('',(#2419),#2423);
#2419 = LINE('',#2420,#2421);
#2420 = CARTESIAN_POINT('',(0.,0.));
#2421 = VECTOR('',#2422,1.);
#2422 = DIRECTION('',(0.,1.));
#2423 = ( GEOMETRIC_REPRESENTATION_CONTEXT(2) 
PARAMETRIC_REPRESENTATION_CONTEXT() REPRESENTATION_CONTEXT('2D SPACE',''
  ) );
#2424 = PCURVE('',#2305,#2425);
#2425 = DEFINITIONAL_REPRESENTATION('',(#2426),#2430);
#2426 = LINE('',#2427,#2428);
#2427 = CARTESIAN_POINT('',(-50.,0.));
#2428 = VECTOR('',#2429,1.);
#2429 = DIRECTION('',(1.,0.));
#2430 = ( GEOMETRIC_REPRESENTATION_CONTEXT(2) 
PARAMETRIC_REPRESENTATION_CONTEXT() REPRESENTATION_CONTEXT('2D SPACE',''
  ) );
#2431 = ORIENTED_EDGE('',*,*,#2432,.T.);
#2432 = EDGE_CURVE('',#2410,#2433,#2435,.T.);
#2433 = VERTEX_POINT('',#2434);
#2434 = CARTESIAN_POINT('',(15.,115.09139680384,-134.1172313326));
#2435 = SURFACE_CURVE('',#2436,(#2440,#2447),.PCURVE_S1.);
#2436 = LINE('',#2437,#2438);
#2437 = CARTESIAN_POINT('',(15.,106.35016970232,-138.9742827797));
#2438 = VECTOR('',#2439,1.);
#2439 = DIRECTION('',(0.,0.874122710151,0.48570514471));
#2440 = PCURVE('',#2277,#2441);
#2441 = DEFINITIONAL_REPRESENTATION('',(#2442),#2446);
#2442 = LINE('',#2443,#2444);
#2443 = CARTESIAN_POINT('',(0.,15.));
#2444 = VECTOR('',#2445,1.);
#2445 = DIRECTION('',(1.,0.));
#2446 = ( GEOMETRIC_REPRESENTATION_CONTEXT(2) 
PARAMETRIC_REPRESENTATION_CONTEXT() REPRESENTATION_CONTEXT('2D SPACE',''
  ) );
#2447 = PCURVE('',#2448,#2453);
#2448 = PLANE('',#2449);
#2449 = AXIS2_PLACEMENT_3D('',#2450,#2451,#2452);
#2450 = CARTESIAN_POINT('',(15.,106.35016970232,-138.9742827797));
#2451 = DIRECTION('',(1.,0.,0.));
#2452 = DIRECTION('',(0.,0.874122710151,0.48570514471));
#2453 = DEFINITIONAL_REPRESENTATION('',(#2454),#2458);
#2454 = LINE('',#2455,#2456);
#2455 = CARTESIAN_POINT('',(0.,0.));
#2456 = VECTOR('',#2457,1.);
#2457 = DIRECTION('',(1.,0.));
#2458 = ( GEOMETRIC_REPRESENTATION_CONTEXT(2) 
PARAMETRIC_REPRESENTATION_CONTEXT() REPRESENTATION_CONTEXT('2D SPACE',''
  ) );
#2459 = ORIENTED_EDGE('',*,*,#2460,.T.);
#2460 = EDGE_CURVE('',#2433,#2257,#2461,.T.);
#2461 = SURFACE_CURVE('',#2462,(#2466,#2473),.PCURVE_S1.);
#2462 = LINE('',#2463,#2464);
#2463 = CARTESIAN_POINT('',(0.,115.09139680384,-134.1172313326));
#2464 = VECTOR('',#2465,1.);
#2465 = DIRECTION('',(1.,0.,0.));
#2466 = PCURVE('',#2277,#2467);
#2467 = DEFINITIONAL_REPRESENTATION('',(#2468),#2472);
#2468 = LINE('',#2469,#2470);
#2469 = CARTESIAN_POINT('',(10.,0.));
#2470 = VECTOR('',#2471,1.);
#2471 = DIRECTION('',(0.,1.));
#2472 = ( GEOMETRIC_REPRESENTATION_CONTEXT(2) 
PARAMETRIC_REPRESENTATION_CONTEXT() REPRESENTATION_CONTEXT('2D SPACE',''
  ) );
#2473 = PCURVE('',#2359,#2474);
#2474 = DEFINITIONAL_REPRESENTATION('',(#2475),#2479);
#2475 = LINE('',#2476,#2477);
#2476 = CARTESIAN_POINT('',(-50.,0.));
#2477 = VECTOR('',#2478,1.);
#2478 = DIRECTION('',(1.,0.));
#2479 = ( GEOMETRIC_REPRESENTATION_CONTEXT(2) 
PARAMETRIC_REPRESENTATION_CONTEXT() REPRESENTATION_CONTEXT('2D SPACE',''
  ) );
#2480 = ORIENTED_EDGE('',*,*,#2254,.F.);
#2481 = ADVANCED_FACE('',(#2482,#2754),#2359,.T.);
#2482 = FACE_BOUND('',#2483,.T.);
#2483 = EDGE_LOOP('',(#2484,#2485,#2486,#2509,#2537,#2565,#2593,#2621,
    #2649,#2677,#2705,#2733));
#2484 = ORIENTED_EDGE('',*,*,#2345,.F.);
#2485 = ORIENTED_EDGE('',*,*,#2460,.F.);
#2486 = ORIENTED_EDGE('',*,*,#2487,.T.);
#2487 = EDGE_CURVE('',#2433,#2488,#2490,.T.);
#2488 = VERTEX_POINT('',#2489);
#2489 = CARTESIAN_POINT('',(15.,121.44008168692,-145.5429485528));
#2490 = SURFACE_CURVE('',#2491,(#2495,#2502),.PCURVE_S1.);
#2491 = LINE('',#2492,#2493);
#2492 = CARTESIAN_POINT('',(15.,115.09139680384,-134.1172313326));
#2493 = VECTOR('',#2494,1.);
#2494 = DIRECTION('',(0.,0.48570514471,-0.874122710151));
#2495 = PCURVE('',#2359,#2496);
#2496 = DEFINITIONAL_REPRESENTATION('',(#2497),#2501);
#2497 = LINE('',#2498,#2499);
#2498 = CARTESIAN_POINT('',(-35.,0.));
#2499 = VECTOR('',#2500,1.);
#2500 = DIRECTION('',(0.,1.));
#2501 = ( GEOMETRIC_REPRESENTATION_CONTEXT(2) 
PARAMETRIC_REPRESENTATION_CONTEXT() REPRESENTATION_CONTEXT('2D SPACE',''
  ) );
#2502 = PCURVE('',#2448,#2503);
#2503 = DEFINITIONAL_REPRESENTATION('',(#2504),#2508);
#2504 = LINE('',#2505,#2506);
#2505 = CARTESIAN_POINT('',(10.,1.59872115546E-14));
#2506 = VECTOR('',#2507,1.);
#2507 = DIRECTION('',(0.,-1.));
#2508 = ( GEOMETRIC_REPRESENTATION_CONTEXT(2) 
PARAMETRIC_REPRESENTATION_CONTEXT() REPRESENTATION_CONTEXT('2D SPACE',''
  ) );
#2509 = ORIENTED_EDGE('',*,*,#2510,.F.);
#2510 = EDGE_CURVE('',#2511,#2488,#2513,.T.);
#2511 = VERTEX_POINT('',#2512);
#2512 = CARTESIAN_POINT('',(0.,121.44008168692,-145.5429485528));
#2513 = SURFACE_CURVE('',#2514,(#2518,#2525),.PCURVE_S1.);
#2514 = LINE('',#2515,#2516);
#2515 = CARTESIAN_POINT('',(0.,121.44008168692,-145.5429485528));
#2516 = VECTOR('',#2517,1.);
#2517 = DIRECTION('',(1.,0.,0.));
#2518 = PCURVE('',#2359,#2519);
#2519 = DEFINITIONAL_REPRESENTATION('',(#2520),#2524);
#2520 = LINE('',#2521,#2522);
#2521 = CARTESIAN_POINT('',(-50.,13.071067811865));
#2522 = VECTOR('',#2523,1.);
#2523 = DIRECTION('',(1.,0.));
#2524 = ( GEOMETRIC_REPRESENTATION_CONTEXT(2) 
PARAMETRIC_REPRESENTATION_CONTEXT() REPRESENTATION_CONTEXT('2D SPACE',''
  ) );
#2525 = PCURVE('',#2526,#2531);
#2526 = PLANE('',#2527);
#2527 = AXIS2_PLACEMENT_3D('',#2528,#2529,#2530);
#2528 = CARTESIAN_POINT('',(0.,112.6988545854,-150.4));
#2529 = DIRECTION('',(0.,0.48570514471,-0.874122710151));
#2530 = DIRECTION('',(0.,0.874122710151,0.48570514471));
#2531 = DEFINITIONAL_REPRESENTATION('',(#2532),#2536);
#2532 = LINE('',#2533,#2534);
#2533 = CARTESIAN_POINT('',(10.,0.));
#2534 = VECTOR('',#2535,1.);
#2535 = DIRECTION('',(0.,1.));
#2536 = ( GEOMETRIC_REPRESENTATION_CONTEXT(2) 
PARAMETRIC_REPRESENTATION_CONTEXT() REPRESENTATION_CONTEXT('2D SPACE',''
  ) );
#2537 = ORIENTED_EDGE('',*,*,#2538,.F.);
#2538 = EDGE_CURVE('',#2539,#2511,#2541,.T.);
#2539 = VERTEX_POINT('',#2540);
#2540 = CARTESIAN_POINT('',(0.,40.36184052215,0.37342205403));
#2541 = SURFACE_CURVE('',#2542,(#2546,#2553),.PCURVE_S1.);
#2542 = LINE('',#2543,#2544);
#2543 = CARTESIAN_POINT('',(0.,40.36184052215,0.37342205403));
#2544 = VECTOR('',#2545,1.);
#2545 = DIRECTION('',(0.,0.48570514471,-0.874122710151));
#2546 = PCURVE('',#2359,#2547);
#2547 = DEFINITIONAL_REPRESENTATION('',(#2548),#2552);
#2548 = LINE('',#2549,#2550);
#2549 = CARTESIAN_POINT('',(-50.,-153.8578643762));
#2550 = VECTOR('',#2551,1.);
#2551 = DIRECTION('',(0.,1.));
#2552 = ( GEOMETRIC_REPRESENTATION_CONTEXT(2) 
PARAMETRIC_REPRESENTATION_CONTEXT() REPRESENTATION_CONTEXT('2D SPACE',''
  ) );
#2553 = PCURVE('',#2554,#2559);
#2554 = PLANE('',#2555);
#2555 = AXIS2_PLACEMENT_3D('',#2556,#2557,#2558);
#2556 = CARTESIAN_POINT('',(0.,106.35016970232,-138.9742827797));
#2557 = DIRECTION('',(1.,0.,0.));
#2558 = DIRECTION('',(0.,0.874122710151,0.48570514471));
#2559 = DEFINITIONAL_REPRESENTATION('',(#2560),#2564);
#2560 = LINE('',#2561,#2562);
#2561 = CARTESIAN_POINT('',(10.,153.85786437626));
#2562 = VECTOR('',#2563,1.);
#2563 = DIRECTION('',(0.,-1.));
#2564 = ( GEOMETRIC_REPRESENTATION_CONTEXT(2) 
PARAMETRIC_REPRESENTATION_CONTEXT() REPRESENTATION_CONTEXT('2D SPACE',''
  ) );
#2565 = ORIENTED_EDGE('',*,*,#2566,.T.);
#2566 = EDGE_CURVE('',#2539,#2567,#2569,.T.);
#2567 = VERTEX_POINT('',#2568);
#2568 = CARTESIAN_POINT('',(15.2,40.36184052215,0.37342205403));
#2569 = SURFACE_CURVE('',#2570,(#2574,#2581),.PCURVE_S1.);
#2570 = LINE('',#2571,#2572);
#2571 = CARTESIAN_POINT('',(0.,40.36184052215,0.37342205403));
#2572 = VECTOR('',#2573,1.);
#2573 = DIRECTION('',(1.,0.,0.));
#2574 = PCURVE('',#2359,#2575);
#2575 = DEFINITIONAL_REPRESENTATION('',(#2576),#2580);
#2576 = LINE('',#2577,#2578);
#2577 = CARTESIAN_POINT('',(-50.,-153.8578643762));
#2578 = VECTOR('',#2579,1.);
#2579 = DIRECTION('',(1.,0.));
#2580 = ( GEOMETRIC_REPRESENTATION_CONTEXT(2) 
PARAMETRIC_REPRESENTATION_CONTEXT() REPRESENTATION_CONTEXT('2D SPACE',''
  ) );
#2581 = PCURVE('',#2582,#2587);
#2582 = PLANE('',#2583);
#2583 = AXIS2_PLACEMENT_3D('',#2584,#2585,#2586);
#2584 = CARTESIAN_POINT('',(0.,31.620613420638,-4.483629393073));
#2585 = DIRECTION('',(0.,0.48570514471,-0.874122710151));
#2586 = DIRECTION('',(0.,0.874122710151,0.48570514471));
#2587 = DEFINITIONAL_REPRESENTATION('',(#2588),#2592);
#2588 = LINE('',#2589,#2590);
#2589 = CARTESIAN_POINT('',(10.,0.));
#2590 = VECTOR('',#2591,1.);
#2591 = DIRECTION('',(0.,1.));
#2592 = ( GEOMETRIC_REPRESENTATION_CONTEXT(2) 
PARAMETRIC_REPRESENTATION_CONTEXT() REPRESENTATION_CONTEXT('2D SPACE',''
  ) );
#2593 = ORIENTED_EDGE('',*,*,#2594,.F.);
#2594 = EDGE_CURVE('',#2595,#2567,#2597,.T.);
#2595 = VERTEX_POINT('',#2596);
#2596 = CARTESIAN_POINT('',(15.2,34.01315563907,11.799139274307));
#2597 = SURFACE_CURVE('',#2598,(#2602,#2609),.PCURVE_S1.);
#2598 = LINE('',#2599,#2600);
#2599 = CARTESIAN_POINT('',(15.2,34.01315563907,11.799139274307));
#2600 = VECTOR('',#2601,1.);
#2601 = DIRECTION('',(0.,0.48570514471,-0.874122710151));
#2602 = PCURVE('',#2359,#2603);
#2603 = DEFINITIONAL_REPRESENTATION('',(#2604),#2608);
#2604 = LINE('',#2605,#2606);
#2605 = CARTESIAN_POINT('',(-34.8,-166.9289321881));
#2606 = VECTOR('',#2607,1.);
#2607 = DIRECTION('',(0.,1.));
#2608 = ( GEOMETRIC_REPRESENTATION_CONTEXT(2) 
PARAMETRIC_REPRESENTATION_CONTEXT() REPRESENTATION_CONTEXT('2D SPACE',''
  ) );
#2609 = PCURVE('',#2610,#2615);
#2610 = PLANE('',#2611);
#2611 = AXIS2_PLACEMENT_3D('',#2612,#2613,#2614);
#2612 = CARTESIAN_POINT('',(15.2,25.271928537558,6.942087827204));
#2613 = DIRECTION('',(1.,0.,0.));
#2614 = DIRECTION('',(0.,0.874122710151,0.48570514471));
#2615 = DEFINITIONAL_REPRESENTATION('',(#2616),#2620);
#2616 = LINE('',#2617,#2618);
#2617 = CARTESIAN_POINT('',(10.,8.881784197001E-16));
#2618 = VECTOR('',#2619,1.);
#2619 = DIRECTION('',(0.,-1.));
#2620 = ( GEOMETRIC_REPRESENTATION_CONTEXT(2) 
PARAMETRIC_REPRESENTATION_CONTEXT() REPRESENTATION_CONTEXT('2D SPACE',''
  ) );
#2621 = ORIENTED_EDGE('',*,*,#2622,.T.);
#2622 = EDGE_CURVE('',#2595,#2623,#2625,.T.);
#2623 = VERTEX_POINT('',#2624);
#2624 = CARTESIAN_POINT('',(49.8,34.01315563907,11.799139274307));
#2625 = SURFACE_CURVE('',#2626,(#2630,#2637),.PCURVE_S1.);
#2626 = LINE('',#2627,#2628);
#2627 = CARTESIAN_POINT('',(15.2,34.01315563907,11.799139274307));
#2628 = VECTOR('',#2629,1.);
#2629 = DIRECTION('',(1.,0.,0.));
#2630 = PCURVE('',#2359,#2631);
#2631 = DEFINITIONAL_REPRESENTATION('',(#2632),#2636);
#2632 = LINE('',#2633,#2634);
#2633 = CARTESIAN_POINT('',(-34.8,-166.9289321881));
#2634 = VECTOR('',#2635,1.);
#2635 = DIRECTION('',(1.,0.));
#2636 = ( GEOMETRIC_REPRESENTATION_CONTEXT(2) 
PARAMETRIC_REPRESENTATION_CONTEXT() REPRESENTATION_CONTEXT('2D SPACE',''
  ) );
#2637 = PCURVE('',#2638,#2643);
#2638 = PLANE('',#2639);
#2639 = AXIS2_PLACEMENT_3D('',#2640,#2641,#2642);
#2640 = CARTESIAN_POINT('',(15.2,25.271928537558,6.942087827204));
#2641 = DIRECTION('',(0.,0.48570514471,-0.874122710151));
#2642 = DIRECTION('',(0.,0.874122710151,0.48570514471));
#2643 = DEFINITIONAL_REPRESENTATION('',(#2644),#2648);
#2644 = LINE('',#2645,#2646);
#2645 = CARTESIAN_POINT('',(10.,0.));
#2646 = VECTOR('',#2647,1.);
#2647 = DIRECTION('',(0.,1.));
#2648 = ( GEOMETRIC_REPRESENTATION_CONTEXT(2) 
PARAMETRIC_REPRESENTATION_CONTEXT() REPRESENTATION_CONTEXT('2D SPACE',''
  ) );
#2649 = ORIENTED_EDGE('',*,*,#2650,.T.);
#2650 = EDGE_CURVE('',#2623,#2651,#2653,.T.);
#2651 = VERTEX_POINT('',#2652);
#2652 = CARTESIAN_POINT('',(49.8,40.36184052215,0.37342205403));
#2653 = SURFACE_CURVE('',#2654,(#2658,#2665),.PCURVE_S1.);
#2654 = LINE('',#2655,#2656);
#2655 = CARTESIAN_POINT('',(49.8,34.01315563907,11.799139274307));
#2656 = VECTOR('',#2657,1.);
#2657 = DIRECTION('',(0.,0.48570514471,-0.874122710151));
#2658 = PCURVE('',#2359,#2659);
#2659 = DEFINITIONAL_REPRESENTATION('',(#2660),#2664);
#2660 = LINE('',#2661,#2662);
#2661 = CARTESIAN_POINT('',(-0.2,-166.9289321881));
#2662 = VECTOR('',#2663,1.);
#2663 = DIRECTION('',(0.,1.));
#2664 = ( GEOMETRIC_REPRESENTATION_CONTEXT(2) 
PARAMETRIC_REPRESENTATION_CONTEXT() REPRESENTATION_CONTEXT('2D SPACE',''
  ) );
#2665 = PCURVE('',#2666,#2671);
#2666 = PLANE('',#2667);
#2667 = AXIS2_PLACEMENT_3D('',#2668,#2669,#2670);
#2668 = CARTESIAN_POINT('',(49.8,25.271928537558,6.942087827204));
#2669 = DIRECTION('',(1.,0.,0.));
#2670 = DIRECTION('',(0.,0.874122710151,0.48570514471));
#2671 = DEFINITIONAL_REPRESENTATION('',(#2672),#2676);
#2672 = LINE('',#2673,#2674);
#2673 = CARTESIAN_POINT('',(10.,8.881784197001E-16));
#2674 = VECTOR('',#2675,1.);
#2675 = DIRECTION('',(0.,-1.));
#2676 = ( GEOMETRIC_REPRESENTATION_CONTEXT(2) 
PARAMETRIC_REPRESENTATION_CONTEXT() REPRESENTATION_CONTEXT('2D SPACE',''
  ) );
#2677 = ORIENTED_EDGE('',*,*,#2678,.T.);
#2678 = EDGE_CURVE('',#2651,#2679,#2681,.T.);
#2679 = VERTEX_POINT('',#2680);
#2680 = CARTESIAN_POINT('',(65.,40.36184052215,0.37342205403));
#2681 = SURFACE_CURVE('',#2682,(#2686,#2693),.PCURVE_S1.);
#2682 = LINE('',#2683,#2684);
#2683 = CARTESIAN_POINT('',(0.,40.36184052215,0.37342205403));
#2684 = VECTOR('',#2685,1.);
#2685 = DIRECTION('',(1.,0.,0.));
#2686 = PCURVE('',#2359,#2687);
#2687 = DEFINITIONAL_REPRESENTATION('',(#2688),#2692);
#2688 = LINE('',#2689,#2690);
#2689 = CARTESIAN_POINT('',(-50.,-153.8578643762));
#2690 = VECTOR('',#2691,1.);
#2691 = DIRECTION('',(1.,0.));
#2692 = ( GEOMETRIC_REPRESENTATION_CONTEXT(2) 
PARAMETRIC_REPRESENTATION_CONTEXT() REPRESENTATION_CONTEXT('2D SPACE',''
  ) );
#2693 = PCURVE('',#2694,#2699);
#2694 = PLANE('',#2695);
#2695 = AXIS2_PLACEMENT_3D('',#2696,#2697,#2698);
#2696 = CARTESIAN_POINT('',(0.,31.620613420638,-4.483629393073));
#2697 = DIRECTION('',(0.,0.48570514471,-0.874122710151));
#2698 = DIRECTION('',(0.,0.874122710151,0.48570514471));
#2699 = DEFINITIONAL_REPRESENTATION('',(#2700),#2704);
#2700 = LINE('',#2701,#2702);
#2701 = CARTESIAN_POINT('',(10.,0.));
#2702 = VECTOR('',#2703,1.);
#2703 = DIRECTION('',(0.,1.));
#2704 = ( GEOMETRIC_REPRESENTATION_CONTEXT(2) 
PARAMETRIC_REPRESENTATION_CONTEXT() REPRESENTATION_CONTEXT('2D SPACE',''
  ) );
#2705 = ORIENTED_EDGE('',*,*,#2706,.T.);
#2706 = EDGE_CURVE('',#2679,#2707,#2709,.T.);
#2707 = VERTEX_POINT('',#2708);
#2708 = CARTESIAN_POINT('',(65.,121.44008168692,-145.5429485528));
#2709 = SURFACE_CURVE('',#2710,(#2714,#2721),.PCURVE_S1.);
#2710 = LINE('',#2711,#2712);
#2711 = CARTESIAN_POINT('',(65.,40.36184052215,0.37342205403));
#2712 = VECTOR('',#2713,1.);
#2713 = DIRECTION('',(0.,0.48570514471,-0.874122710151));
#2714 = PCURVE('',#2359,#2715);
#2715 = DEFINITIONAL_REPRESENTATION('',(#2716),#2720);
#2716 = LINE('',#2717,#2718);
#2717 = CARTESIAN_POINT('',(15.,-153.8578643762));
#2718 = VECTOR('',#2719,1.);
#2719 = DIRECTION('',(0.,1.));
#2720 = ( GEOMETRIC_REPRESENTATION_CONTEXT(2) 
PARAMETRIC_REPRESENTATION_CONTEXT() REPRESENTATION_CONTEXT('2D SPACE',''
  ) );
#2721 = PCURVE('',#2722,#2727);
#2722 = PLANE('',#2723);
#2723 = AXIS2_PLACEMENT_3D('',#2724,#2725,#2726);
#2724 = CARTESIAN_POINT('',(65.,106.35016970232,-138.9742827797));
#2725 = DIRECTION('',(1.,0.,0.));
#2726 = DIRECTION('',(0.,0.874122710151,0.48570514471));
#2727 = DEFINITIONAL_REPRESENTATION('',(#2728),#2732);
#2728 = LINE('',#2729,#2730);
#2729 = CARTESIAN_POINT('',(10.,153.85786437626));
#2730 = VECTOR('',#2731,1.);
#2731 = DIRECTION('',(0.,-1.));
#2732 = ( GEOMETRIC_REPRESENTATION_CONTEXT(2) 
PARAMETRIC_REPRESENTATION_CONTEXT() REPRESENTATION_CONTEXT('2D SPACE',''
  ) );
#2733 = ORIENTED_EDGE('',*,*,#2734,.F.);
#2734 = EDGE_CURVE('',#2318,#2707,#2735,.T.);
#2735 = SURFACE_CURVE('',#2736,(#2740,#2747),.PCURVE_S1.);
#2736 = LINE('',#2737,#2738);
#2737 = CARTESIAN_POINT('',(50.,121.44008168692,-145.5429485528));
#2738 = VECTOR('',#2739,1.);
#2739 = DIRECTION('',(1.,0.,0.));
#2740 = PCURVE('',#2359,#2741);
#2741 = DEFINITIONAL_REPRESENTATION('',(#2742),#2746);
#2742 = LINE('',#2743,#2744);
#2743 = CARTESIAN_POINT('',(0.,13.071067811865));
#2744 = VECTOR('',#2745,1.);
#2745 = DIRECTION('',(1.,0.));
#2746 = ( GEOMETRIC_REPRESENTATION_CONTEXT(2) 
PARAMETRIC_REPRESENTATION_CONTEXT() REPRESENTATION_CONTEXT('2D SPACE',''
  ) );
#2747 = PCURVE('',#2333,#2748);
#2748 = DEFINITIONAL_REPRESENTATION('',(#2749),#2753);
#2749 = LINE('',#2750,#2751);
#2750 = CARTESIAN_POINT('',(10.,0.));
#2751 = VECTOR('',#2752,1.);
#2752 = DIRECTION('',(0.,1.));
#2753 = ( GEOMETRIC_REPRESENTATION_CONTEXT(2) 
PARAMETRIC_REPRESENTATION_CONTEXT() REPRESENTATION_CONTEXT('2D SPACE',''
  ) );
#2754 = FACE_BOUND('',#2755,.T.);
#2755 = EDGE_LOOP('',(#2756,#2787,#2815,#2844,#2872,#2901,#2929,#2958));
#2756 = ORIENTED_EDGE('',*,*,#2757,.F.);
#2757 = EDGE_CURVE('',#2758,#2760,#2762,.T.);
#2758 = VERTEX_POINT('',#2759);
#2759 = CARTESIAN_POINT('',(49.,45.218891969253,-8.367805047481));
#2760 = VERTEX_POINT('',#2761);
#2761 = CARTESIAN_POINT('',(55.,48.133122837514,-13.61254130838));
#2762 = SURFACE_CURVE('',#2763,(#2768,#2775),.PCURVE_S1.);
#2763 = CIRCLE('',#2764,6.);
#2764 = AXIS2_PLACEMENT_3D('',#2765,#2766,#2767);
#2765 = CARTESIAN_POINT('',(49.,48.133122837514,-13.61254130838));
#2766 = DIRECTION('',(-0.,0.874122710151,0.48570514471));
#2767 = DIRECTION('',(1.,0.,0.));
#2768 = PCURVE('',#2359,#2769);
#2769 = DEFINITIONAL_REPRESENTATION('',(#2770),#2774);
#2770 = CIRCLE('',#2771,6.);
#2771 = AXIS2_PLACEMENT_2D('',#2772,#2773);
#2772 = CARTESIAN_POINT('',(-1.,-137.8578643762));
#2773 = DIRECTION('',(1.,0.));
#2774 = ( GEOMETRIC_REPRESENTATION_CONTEXT(2) 
PARAMETRIC_REPRESENTATION_CONTEXT() REPRESENTATION_CONTEXT('2D SPACE',''
  ) );
#2775 = PCURVE('',#2776,#2781);
#2776 = CYLINDRICAL_SURFACE('',#2777,6.);
#2777 = AXIS2_PLACEMENT_3D('',#2778,#2779,#2780);
#2778 = CARTESIAN_POINT('',(49.,38.517773025852,-18.9552979002));
#2779 = DIRECTION('',(0.,0.874122710151,0.48570514471));
#2780 = DIRECTION('',(1.,0.,0.));
#2781 = DEFINITIONAL_REPRESENTATION('',(#2782),#2786);
#2782 = LINE('',#2783,#2784);
#2783 = CARTESIAN_POINT('',(-6.28318530718,11.));
#2784 = VECTOR('',#2785,1.);
#2785 = DIRECTION('',(1.,-0.));
#2786 = ( GEOMETRIC_REPRESENTATION_CONTEXT(2) 
PARAMETRIC_REPRESENTATION_CONTEXT() REPRESENTATION_CONTEXT('2D SPACE',''
  ) );
#2787 = ORIENTED_EDGE('',*,*,#2788,.T.);
#2788 = EDGE_CURVE('',#2758,#2789,#2791,.T.);
#2789 = VERTEX_POINT('',#2790);
#2790 = CARTESIAN_POINT('',(16.,45.218891969253,-8.367805047481));
#2791 = SURFACE_CURVE('',#2792,(#2796,#2803),.PCURVE_S1.);
#2792 = LINE('',#2793,#2794);
#2793 = CARTESIAN_POINT('',(5.,45.218891969253,-8.367805047481));
#2794 = VECTOR('',#2795,1.);
#2795 = DIRECTION('',(-1.,0.,0.));
#2796 = PCURVE('',#2359,#2797);
#2797 = DEFINITIONAL_REPRESENTATION('',(#2798),#2802);
#2798 = LINE('',#2799,#2800);
#2799 = CARTESIAN_POINT('',(-45.,-143.8578643762));
#2800 = VECTOR('',#2801,1.);
#2801 = DIRECTION('',(-1.,0.));
#2802 = ( GEOMETRIC_REPRESENTATION_CONTEXT(2) 
PARAMETRIC_REPRESENTATION_CONTEXT() REPRESENTATION_CONTEXT('2D SPACE',''
  ) );
#2803 = PCURVE('',#2804,#2809);
#2804 = PLANE('',#2805);
#2805 = AXIS2_PLACEMENT_3D('',#2806,#2807,#2808);
#2806 = CARTESIAN_POINT('',(10.,35.60354215759,-13.71056163929));
#2807 = DIRECTION('',(0.,0.48570514471,-0.874122710151));
#2808 = DIRECTION('',(0.,0.874122710151,0.48570514471));
#2809 = DEFINITIONAL_REPRESENTATION('',(#2810),#2814);
#2810 = LINE('',#2811,#2812);
#2811 = CARTESIAN_POINT('',(11.,-5.));
#2812 = VECTOR('',#2813,1.);
#2813 = DIRECTION('',(0.,-1.));
#2814 = ( GEOMETRIC_REPRESENTATION_CONTEXT(2) 
PARAMETRIC_REPRESENTATION_CONTEXT() REPRESENTATION_CONTEXT('2D SPACE',''
  ) );
#2815 = ORIENTED_EDGE('',*,*,#2816,.F.);
#2816 = EDGE_CURVE('',#2817,#2789,#2819,.T.);
#2817 = VERTEX_POINT('',#2818);
#2818 = CARTESIAN_POINT('',(10.,48.133122837514,-13.61254130838));
#2819 = SURFACE_CURVE('',#2820,(#2825,#2832),.PCURVE_S1.);
#2820 = CIRCLE('',#2821,6.);
#2821 = AXIS2_PLACEMENT_3D('',#2822,#2823,#2824);
#2822 = CARTESIAN_POINT('',(16.,48.133122837514,-13.61254130838));
#2823 = DIRECTION('',(0.,0.874122710151,0.48570514471));
#2824 = DIRECTION('',(-1.,0.,0.));
#2825 = PCURVE('',#2359,#2826);
#2826 = DEFINITIONAL_REPRESENTATION('',(#2827),#2831);
#2827 = CIRCLE('',#2828,6.);
#2828 = AXIS2_PLACEMENT_2D('',#2829,#2830);
#2829 = CARTESIAN_POINT('',(-34.,-137.8578643762));
#2830 = DIRECTION('',(-1.,0.));
#2831 = ( GEOMETRIC_REPRESENTATION_CONTEXT(2) 
PARAMETRIC_REPRESENTATION_CONTEXT() REPRESENTATION_CONTEXT('2D SPACE',''
  ) );
#2832 = PCURVE('',#2833,#2838);
#2833 = CYLINDRICAL_SURFACE('',#2834,6.);
#2834 = AXIS2_PLACEMENT_3D('',#2835,#2836,#2837);
#2835 = CARTESIAN_POINT('',(16.,38.517773025852,-18.9552979002));
#2836 = DIRECTION('',(0.,0.874122710151,0.48570514471));
#2837 = DIRECTION('',(-1.,0.,0.));
#2838 = DEFINITIONAL_REPRESENTATION('',(#2839),#2843);
#2839 = LINE('',#2840,#2841);
#2840 = CARTESIAN_POINT('',(0.,11.));
#2841 = VECTOR('',#2842,1.);
#2842 = DIRECTION('',(1.,0.));
#2843 = ( GEOMETRIC_REPRESENTATION_CONTEXT(2) 
PARAMETRIC_REPRESENTATION_CONTEXT() REPRESENTATION_CONTEXT('2D SPACE',''
  ) );
#2844 = ORIENTED_EDGE('',*,*,#2845,.T.);
#2845 = EDGE_CURVE('',#2817,#2846,#2848,.T.);
#2846 = VERTEX_POINT('',#2847);
#2847 = CARTESIAN_POINT('',(10.,107.32011448847,-120.1312679702));
#2848 = SURFACE_CURVE('',#2849,(#2853,#2860),.PCURVE_S1.);
#2849 = LINE('',#2850,#2851);
#2850 = CARTESIAN_POINT('',(10.,42.790366245701,-3.997191496726));
#2851 = VECTOR('',#2852,1.);
#2852 = DIRECTION('',(0.,0.48570514471,-0.874122710151));
#2853 = PCURVE('',#2359,#2854);
#2854 = DEFINITIONAL_REPRESENTATION('',(#2855),#2859);
#2855 = LINE('',#2856,#2857);
#2856 = CARTESIAN_POINT('',(-40.,-148.8578643762));
#2857 = VECTOR('',#2858,1.);
#2858 = DIRECTION('',(0.,1.));
#2859 = ( GEOMETRIC_REPRESENTATION_CONTEXT(2) 
PARAMETRIC_REPRESENTATION_CONTEXT() REPRESENTATION_CONTEXT('2D SPACE',''
  ) );
#2860 = PCURVE('',#2861,#2866);
#2861 = PLANE('',#2862);
#2862 = AXIS2_PLACEMENT_3D('',#2863,#2864,#2865);
#2863 = CARTESIAN_POINT('',(10.,35.60354215759,-13.71056163929));
#2864 = DIRECTION('',(1.,0.,0.));
#2865 = DIRECTION('',(0.,0.874122710151,0.48570514471));
#2866 = DEFINITIONAL_REPRESENTATION('',(#2867),#2871);
#2867 = LINE('',#2868,#2869);
#2868 = CARTESIAN_POINT('',(11.,5.));
#2869 = VECTOR('',#2870,1.);
#2870 = DIRECTION('',(0.,-1.));
#2871 = ( GEOMETRIC_REPRESENTATION_CONTEXT(2) 
PARAMETRIC_REPRESENTATION_CONTEXT() REPRESENTATION_CONTEXT('2D SPACE',''
  ) );
#2872 = ORIENTED_EDGE('',*,*,#2873,.F.);
#2873 = EDGE_CURVE('',#2874,#2846,#2876,.T.);
#2874 = VERTEX_POINT('',#2875);
#2875 = CARTESIAN_POINT('',(16.,110.23434535673,-125.3760042311));
#2876 = SURFACE_CURVE('',#2877,(#2882,#2889),.PCURVE_S1.);
#2877 = CIRCLE('',#2878,6.);
#2878 = AXIS2_PLACEMENT_3D('',#2879,#2880,#2881);
#2879 = CARTESIAN_POINT('',(16.,107.32011448847,-120.1312679702));
#2880 = DIRECTION('',(0.,0.874122710151,0.48570514471));
#2881 = DIRECTION('',(-1.,0.,0.));
#2882 = PCURVE('',#2359,#2883);
#2883 = DEFINITIONAL_REPRESENTATION('',(#2884),#2888);
#2884 = CIRCLE('',#2885,6.);
#2885 = AXIS2_PLACEMENT_2D('',#2886,#2887);
#2886 = CARTESIAN_POINT('',(-34.,-16.));
#2887 = DIRECTION('',(-1.,0.));
#2888 = ( GEOMETRIC_REPRESENTATION_CONTEXT(2) 
PARAMETRIC_REPRESENTATION_CONTEXT() REPRESENTATION_CONTEXT('2D SPACE',''
  ) );
#2889 = PCURVE('',#2890,#2895);
#2890 = CYLINDRICAL_SURFACE('',#2891,6.);
#2891 = AXIS2_PLACEMENT_3D('',#2892,#2893,#2894);
#2892 = CARTESIAN_POINT('',(16.,97.704764676813,-125.474024562));
#2893 = DIRECTION('',(0.,0.874122710151,0.48570514471));
#2894 = DIRECTION('',(-1.,0.,0.));
#2895 = DEFINITIONAL_REPRESENTATION('',(#2896),#2900);
#2896 = LINE('',#2897,#2898);
#2897 = CARTESIAN_POINT('',(-6.28318530718,11.));
#2898 = VECTOR('',#2899,1.);
#2899 = DIRECTION('',(1.,-0.));
#2900 = ( GEOMETRIC_REPRESENTATION_CONTEXT(2) 
PARAMETRIC_REPRESENTATION_CONTEXT() REPRESENTATION_CONTEXT('2D SPACE',''
  ) );
#2901 = ORIENTED_EDGE('',*,*,#2902,.F.);
#2902 = EDGE_CURVE('',#2903,#2874,#2905,.T.);
#2903 = VERTEX_POINT('',#2904);
#2904 = CARTESIAN_POINT('',(49.,110.23434535673,-125.3760042311));
#2905 = SURFACE_CURVE('',#2906,(#2910,#2917),.PCURVE_S1.);
#2906 = LINE('',#2907,#2908);
#2907 = CARTESIAN_POINT('',(5.,110.23434535673,-125.3760042311));
#2908 = VECTOR('',#2909,1.);
#2909 = DIRECTION('',(-1.,0.,0.));
#2910 = PCURVE('',#2359,#2911);
#2911 = DEFINITIONAL_REPRESENTATION('',(#2912),#2916);
#2912 = LINE('',#2913,#2914);
#2913 = CARTESIAN_POINT('',(-45.,-10.));
#2914 = VECTOR('',#2915,1.);
#2915 = DIRECTION('',(-1.,0.));
#2916 = ( GEOMETRIC_REPRESENTATION_CONTEXT(2) 
PARAMETRIC_REPRESENTATION_CONTEXT() REPRESENTATION_CONTEXT('2D SPACE',''
  ) );
#2917 = PCURVE('',#2918,#2923);
#2918 = PLANE('',#2919);
#2919 = AXIS2_PLACEMENT_3D('',#2920,#2921,#2922);
#2920 = CARTESIAN_POINT('',(10.,100.61899554507,-130.7187608229));
#2921 = DIRECTION('',(0.,0.48570514471,-0.874122710151));
#2922 = DIRECTION('',(0.,0.874122710151,0.48570514471));
#2923 = DEFINITIONAL_REPRESENTATION('',(#2924),#2928);
#2924 = LINE('',#2925,#2926);
#2925 = CARTESIAN_POINT('',(11.,-5.));
#2926 = VECTOR('',#2927,1.);
#2927 = DIRECTION('',(0.,-1.));
#2928 = ( GEOMETRIC_REPRESENTATION_CONTEXT(2) 
PARAMETRIC_REPRESENTATION_CONTEXT() REPRESENTATION_CONTEXT('2D SPACE',''
  ) );
#2929 = ORIENTED_EDGE('',*,*,#2930,.F.);
#2930 = EDGE_CURVE('',#2931,#2903,#2933,.T.);
#2931 = VERTEX_POINT('',#2932);
#2932 = CARTESIAN_POINT('',(55.,107.32011448847,-120.1312679702));
#2933 = SURFACE_CURVE('',#2934,(#2939,#2946),.PCURVE_S1.);
#2934 = CIRCLE('',#2935,6.);
#2935 = AXIS2_PLACEMENT_3D('',#2936,#2937,#2938);
#2936 = CARTESIAN_POINT('',(49.,107.32011448847,-120.1312679702));
#2937 = DIRECTION('',(-0.,0.874122710151,0.48570514471));
#2938 = DIRECTION('',(1.,0.,0.));
#2939 = PCURVE('',#2359,#2940);
#2940 = DEFINITIONAL_REPRESENTATION('',(#2941),#2945);
#2941 = CIRCLE('',#2942,6.);
#2942 = AXIS2_PLACEMENT_2D('',#2943,#2944);
#2943 = CARTESIAN_POINT('',(-1.,-16.));
#2944 = DIRECTION('',(1.,0.));
#2945 = ( GEOMETRIC_REPRESENTATION_CONTEXT(2) 
PARAMETRIC_REPRESENTATION_CONTEXT() REPRESENTATION_CONTEXT('2D SPACE',''
  ) );
#2946 = PCURVE('',#2947,#2952);
#2947 = CYLINDRICAL_SURFACE('',#2948,6.);
#2948 = AXIS2_PLACEMENT_3D('',#2949,#2950,#2951);
#2949 = CARTESIAN_POINT('',(49.,97.704764676813,-125.474024562));
#2950 = DIRECTION('',(0.,0.874122710151,0.48570514471));
#2951 = DIRECTION('',(1.,0.,0.));
#2952 = DEFINITIONAL_REPRESENTATION('',(#2953),#2957);
#2953 = LINE('',#2954,#2955);
#2954 = CARTESIAN_POINT('',(0.,11.));
#2955 = VECTOR('',#2956,1.);
#2956 = DIRECTION('',(1.,0.));
#2957 = ( GEOMETRIC_REPRESENTATION_CONTEXT(2) 
PARAMETRIC_REPRESENTATION_CONTEXT() REPRESENTATION_CONTEXT('2D SPACE',''
  ) );
#2958 = ORIENTED_EDGE('',*,*,#2959,.F.);
#2959 = EDGE_CURVE('',#2760,#2931,#2960,.T.);
#2960 = SURFACE_CURVE('',#2961,(#2965,#2972),.PCURVE_S1.);
#2961 = LINE('',#2962,#2963);
#2962 = CARTESIAN_POINT('',(55.,42.790366245701,-3.997191496726));
#2963 = VECTOR('',#2964,1.);
#2964 = DIRECTION('',(0.,0.48570514471,-0.874122710151));
#2965 = PCURVE('',#2359,#2966);
#2966 = DEFINITIONAL_REPRESENTATION('',(#2967),#2971);
#2967 = LINE('',#2968,#2969);
#2968 = CARTESIAN_POINT('',(5.,-148.8578643762));
#2969 = VECTOR('',#2970,1.);
#2970 = DIRECTION('',(0.,1.));
#2971 = ( GEOMETRIC_REPRESENTATION_CONTEXT(2) 
PARAMETRIC_REPRESENTATION_CONTEXT() REPRESENTATION_CONTEXT('2D SPACE',''
  ) );
#2972 = PCURVE('',#2973,#2978);
#2973 = PLANE('',#2974);
#2974 = AXIS2_PLACEMENT_3D('',#2975,#2976,#2977);
#2975 = CARTESIAN_POINT('',(55.,35.60354215759,-13.71056163929));
#2976 = DIRECTION('',(1.,0.,0.));
#2977 = DIRECTION('',(0.,0.874122710151,0.48570514471));
#2978 = DEFINITIONAL_REPRESENTATION('',(#2979),#2983);
#2979 = LINE('',#2980,#2981);
#2980 = CARTESIAN_POINT('',(11.,5.));
#2981 = VECTOR('',#2982,1.);
#2982 = DIRECTION('',(0.,-1.));
#2983 = ( GEOMETRIC_REPRESENTATION_CONTEXT(2) 
PARAMETRIC_REPRESENTATION_CONTEXT() REPRESENTATION_CONTEXT('2D SPACE',''
  ) );
#2984 = ADVANCED_FACE('',(#2985,#3217),#2305,.F.);
#2985 = FACE_BOUND('',#2986,.F.);
#2986 = EDGE_LOOP('',(#2987,#2988,#2989,#3012,#3035,#3058,#3081,#3104,
    #3127,#3150,#3173,#3196));
#2987 = ORIENTED_EDGE('',*,*,#2289,.F.);
#2988 = ORIENTED_EDGE('',*,*,#2409,.F.);
#2989 = ORIENTED_EDGE('',*,*,#2990,.T.);
#2990 = EDGE_CURVE('',#2410,#2991,#2993,.T.);
#2991 = VERTEX_POINT('',#2992);
#2992 = CARTESIAN_POINT('',(15.,112.6988545854,-150.4));
#2993 = SURFACE_CURVE('',#2994,(#2998,#3005),.PCURVE_S1.);
#2994 = LINE('',#2995,#2996);
#2995 = CARTESIAN_POINT('',(15.,106.35016970232,-138.9742827797));
#2996 = VECTOR('',#2997,1.);
#2997 = DIRECTION('',(0.,0.48570514471,-0.874122710151));
#2998 = PCURVE('',#2305,#2999);
#2999 = DEFINITIONAL_REPRESENTATION('',(#3000),#3004);
#3000 = LINE('',#3001,#3002);
#3001 = CARTESIAN_POINT('',(-35.,0.));
#3002 = VECTOR('',#3003,1.);
#3003 = DIRECTION('',(0.,1.));
#3004 = ( GEOMETRIC_REPRESENTATION_CONTEXT(2) 
PARAMETRIC_REPRESENTATION_CONTEXT() REPRESENTATION_CONTEXT('2D SPACE',''
  ) );
#3005 = PCURVE('',#2448,#3006);
#3006 = DEFINITIONAL_REPRESENTATION('',(#3007),#3011);
#3007 = LINE('',#3008,#3009);
#3008 = CARTESIAN_POINT('',(0.,0.));
#3009 = VECTOR('',#3010,1.);
#3010 = DIRECTION('',(0.,-1.));
#3011 = ( GEOMETRIC_REPRESENTATION_CONTEXT(2) 
PARAMETRIC_REPRESENTATION_CONTEXT() REPRESENTATION_CONTEXT('2D SPACE',''
  ) );
#3012 = ORIENTED_EDGE('',*,*,#3013,.F.);
#3013 = EDGE_CURVE('',#3014,#2991,#3016,.T.);
#3014 = VERTEX_POINT('',#3015);
#3015 = CARTESIAN_POINT('',(0.,112.6988545854,-150.4));
#3016 = SURFACE_CURVE('',#3017,(#3021,#3028),.PCURVE_S1.);
#3017 = LINE('',#3018,#3019);
#3018 = CARTESIAN_POINT('',(0.,112.6988545854,-150.4));
#3019 = VECTOR('',#3020,1.);
#3020 = DIRECTION('',(1.,0.,0.));
#3021 = PCURVE('',#2305,#3022);
#3022 = DEFINITIONAL_REPRESENTATION('',(#3023),#3027);
#3023 = LINE('',#3024,#3025);
#3024 = CARTESIAN_POINT('',(-50.,13.071067811865));
#3025 = VECTOR('',#3026,1.);
#3026 = DIRECTION('',(1.,0.));
#3027 = ( GEOMETRIC_REPRESENTATION_CONTEXT(2) 
PARAMETRIC_REPRESENTATION_CONTEXT() REPRESENTATION_CONTEXT('2D SPACE',''
  ) );
#3028 = PCURVE('',#2526,#3029);
#3029 = DEFINITIONAL_REPRESENTATION('',(#3030),#3034);
#3030 = LINE('',#3031,#3032);
#3031 = CARTESIAN_POINT('',(0.,0.));
#3032 = VECTOR('',#3033,1.);
#3033 = DIRECTION('',(0.,1.));
#3034 = ( GEOMETRIC_REPRESENTATION_CONTEXT(2) 
PARAMETRIC_REPRESENTATION_CONTEXT() REPRESENTATION_CONTEXT('2D SPACE',''
  ) );
#3035 = ORIENTED_EDGE('',*,*,#3036,.T.);
#3036 = EDGE_CURVE('',#3014,#3037,#3039,.T.);
#3037 = VERTEX_POINT('',#3038);
#3038 = CARTESIAN_POINT('',(0.,31.620613420638,-4.483629393073));
#3039 = SURFACE_CURVE('',#3040,(#3044,#3051),.PCURVE_S1.);
#3040 = LINE('',#3041,#3042);
#3041 = CARTESIAN_POINT('',(0.,112.6988545854,-150.4));
#3042 = VECTOR('',#3043,1.);
#3043 = DIRECTION('',(0.,-0.48570514471,0.874122710151));
#3044 = PCURVE('',#2305,#3045);
#3045 = DEFINITIONAL_REPRESENTATION('',(#3046),#3050);
#3046 = LINE('',#3047,#3048);
#3047 = CARTESIAN_POINT('',(-50.,13.071067811865));
#3048 = VECTOR('',#3049,1.);
#3049 = DIRECTION('',(0.,-1.));
#3050 = ( GEOMETRIC_REPRESENTATION_CONTEXT(2) 
PARAMETRIC_REPRESENTATION_CONTEXT() REPRESENTATION_CONTEXT('2D SPACE',''
  ) );
#3051 = PCURVE('',#2554,#3052);
#3052 = DEFINITIONAL_REPRESENTATION('',(#3053),#3057);
#3053 = LINE('',#3054,#3055);
#3054 = CARTESIAN_POINT('',(-3.552713678801E-15,-13.07106781186));
#3055 = VECTOR('',#3056,1.);
#3056 = DIRECTION('',(0.,1.));
#3057 = ( GEOMETRIC_REPRESENTATION_CONTEXT(2) 
PARAMETRIC_REPRESENTATION_CONTEXT() REPRESENTATION_CONTEXT('2D SPACE',''
  ) );
#3058 = ORIENTED_EDGE('',*,*,#3059,.T.);
#3059 = EDGE_CURVE('',#3037,#3060,#3062,.T.);
#3060 = VERTEX_POINT('',#3061);
#3061 = CARTESIAN_POINT('',(15.2,31.620613420638,-4.483629393073));
#3062 = SURFACE_CURVE('',#3063,(#3067,#3074),.PCURVE_S1.);
#3063 = LINE('',#3064,#3065);
#3064 = CARTESIAN_POINT('',(0.,31.620613420638,-4.483629393073));
#3065 = VECTOR('',#3066,1.);
#3066 = DIRECTION('',(1.,0.,0.));
#3067 = PCURVE('',#2305,#3068);
#3068 = DEFINITIONAL_REPRESENTATION('',(#3069),#3073);
#3069 = LINE('',#3070,#3071);
#3070 = CARTESIAN_POINT('',(-50.,-153.8578643762));
#3071 = VECTOR('',#3072,1.);
#3072 = DIRECTION('',(1.,0.));
#3073 = ( GEOMETRIC_REPRESENTATION_CONTEXT(2) 
PARAMETRIC_REPRESENTATION_CONTEXT() REPRESENTATION_CONTEXT('2D SPACE',''
  ) );
#3074 = PCURVE('',#2582,#3075);
#3075 = DEFINITIONAL_REPRESENTATION('',(#3076),#3080);
#3076 = LINE('',#3077,#3078);
#3077 = CARTESIAN_POINT('',(0.,0.));
#3078 = VECTOR('',#3079,1.);
#3079 = DIRECTION('',(0.,1.));
#3080 = ( GEOMETRIC_REPRESENTATION_CONTEXT(2) 
PARAMETRIC_REPRESENTATION_CONTEXT() REPRESENTATION_CONTEXT('2D SPACE',''
  ) );
#3081 = ORIENTED_EDGE('',*,*,#3082,.F.);
#3082 = EDGE_CURVE('',#3083,#3060,#3085,.T.);
#3083 = VERTEX_POINT('',#3084);
#3084 = CARTESIAN_POINT('',(15.2,25.271928537558,6.942087827204));
#3085 = SURFACE_CURVE('',#3086,(#3090,#3097),.PCURVE_S1.);
#3086 = LINE('',#3087,#3088);
#3087 = CARTESIAN_POINT('',(15.2,25.271928537558,6.942087827204));
#3088 = VECTOR('',#3089,1.);
#3089 = DIRECTION('',(0.,0.48570514471,-0.874122710151));
#3090 = PCURVE('',#2305,#3091);
#3091 = DEFINITIONAL_REPRESENTATION('',(#3092),#3096);
#3092 = LINE('',#3093,#3094);
#3093 = CARTESIAN_POINT('',(-34.8,-166.9289321881));
#3094 = VECTOR('',#3095,1.);
#3095 = DIRECTION('',(0.,1.));
#3096 = ( GEOMETRIC_REPRESENTATION_CONTEXT(2) 
PARAMETRIC_REPRESENTATION_CONTEXT() REPRESENTATION_CONTEXT('2D SPACE',''
  ) );
#3097 = PCURVE('',#2610,#3098);
#3098 = DEFINITIONAL_REPRESENTATION('',(#3099),#3103);
#3099 = LINE('',#3100,#3101);
#3100 = CARTESIAN_POINT('',(0.,0.));
#3101 = VECTOR('',#3102,1.);
#3102 = DIRECTION('',(0.,-1.));
#3103 = ( GEOMETRIC_REPRESENTATION_CONTEXT(2) 
PARAMETRIC_REPRESENTATION_CONTEXT() REPRESENTATION_CONTEXT('2D SPACE',''
  ) );
#3104 = ORIENTED_EDGE('',*,*,#3105,.T.);
#3105 = EDGE_CURVE('',#3083,#3106,#3108,.T.);
#3106 = VERTEX_POINT('',#3107);
#3107 = CARTESIAN_POINT('',(49.8,25.271928537558,6.942087827204));
#3108 = SURFACE_CURVE('',#3109,(#3113,#3120),.PCURVE_S1.);
#3109 = LINE('',#3110,#3111);
#3110 = CARTESIAN_POINT('',(15.2,25.271928537558,6.942087827204));
#3111 = VECTOR('',#3112,1.);
#3112 = DIRECTION('',(1.,0.,0.));
#3113 = PCURVE('',#2305,#3114);
#3114 = DEFINITIONAL_REPRESENTATION('',(#3115),#3119);
#3115 = LINE('',#3116,#3117);
#3116 = CARTESIAN_POINT('',(-34.8,-166.9289321881));
#3117 = VECTOR('',#3118,1.);
#3118 = DIRECTION('',(1.,0.));
#3119 = ( GEOMETRIC_REPRESENTATION_CONTEXT(2) 
PARAMETRIC_REPRESENTATION_CONTEXT() REPRESENTATION_CONTEXT('2D SPACE',''
  ) );
#3120 = PCURVE('',#2638,#3121);
#3121 = DEFINITIONAL_REPRESENTATION('',(#3122),#3126);
#3122 = LINE('',#3123,#3124);
#3123 = CARTESIAN_POINT('',(0.,0.));
#3124 = VECTOR('',#3125,1.);
#3125 = DIRECTION('',(0.,1.));
#3126 = ( GEOMETRIC_REPRESENTATION_CONTEXT(2) 
PARAMETRIC_REPRESENTATION_CONTEXT() REPRESENTATION_CONTEXT('2D SPACE',''
  ) );
#3127 = ORIENTED_EDGE('',*,*,#3128,.T.);
#3128 = EDGE_CURVE('',#3106,#3129,#3131,.T.);
#3129 = VERTEX_POINT('',#3130);
#3130 = CARTESIAN_POINT('',(49.8,31.620613420638,-4.483629393073));
#3131 = SURFACE_CURVE('',#3132,(#3136,#3143),.PCURVE_S1.);
#3132 = LINE('',#3133,#3134);
#3133 = CARTESIAN_POINT('',(49.8,25.271928537558,6.942087827204));
#3134 = VECTOR('',#3135,1.);
#3135 = DIRECTION('',(0.,0.48570514471,-0.874122710151));
#3136 = PCURVE('',#2305,#3137);
#3137 = DEFINITIONAL_REPRESENTATION('',(#3138),#3142);
#3138 = LINE('',#3139,#3140);
#3139 = CARTESIAN_POINT('',(-0.2,-166.9289321881));
#3140 = VECTOR('',#3141,1.);
#3141 = DIRECTION('',(0.,1.));
#3142 = ( GEOMETRIC_REPRESENTATION_CONTEXT(2) 
PARAMETRIC_REPRESENTATION_CONTEXT() REPRESENTATION_CONTEXT('2D SPACE',''
  ) );
#3143 = PCURVE('',#2666,#3144);
#3144 = DEFINITIONAL_REPRESENTATION('',(#3145),#3149);
#3145 = LINE('',#3146,#3147);
#3146 = CARTESIAN_POINT('',(0.,0.));
#3147 = VECTOR('',#3148,1.);
#3148 = DIRECTION('',(0.,-1.));
#3149 = ( GEOMETRIC_REPRESENTATION_CONTEXT(2) 
PARAMETRIC_REPRESENTATION_CONTEXT() REPRESENTATION_CONTEXT('2D SPACE',''
  ) );
#3150 = ORIENTED_EDGE('',*,*,#3151,.T.);
#3151 = EDGE_CURVE('',#3129,#3152,#3154,.T.);
#3152 = VERTEX_POINT('',#3153);
#3153 = CARTESIAN_POINT('',(65.,31.620613420638,-4.483629393073));
#3154 = SURFACE_CURVE('',#3155,(#3159,#3166),.PCURVE_S1.);
#3155 = LINE('',#3156,#3157);
#3156 = CARTESIAN_POINT('',(0.,31.620613420638,-4.483629393073));
#3157 = VECTOR('',#3158,1.);
#3158 = DIRECTION('',(1.,0.,0.));
#3159 = PCURVE('',#2305,#3160);
#3160 = DEFINITIONAL_REPRESENTATION('',(#3161),#3165);
#3161 = LINE('',#3162,#3163);
#3162 = CARTESIAN_POINT('',(-50.,-153.8578643762));
#3163 = VECTOR('',#3164,1.);
#3164 = DIRECTION('',(1.,0.));
#3165 = ( GEOMETRIC_REPRESENTATION_CONTEXT(2) 
PARAMETRIC_REPRESENTATION_CONTEXT() REPRESENTATION_CONTEXT('2D SPACE',''
  ) );
#3166 = PCURVE('',#2694,#3167);
#3167 = DEFINITIONAL_REPRESENTATION('',(#3168),#3172);
#3168 = LINE('',#3169,#3170);
#3169 = CARTESIAN_POINT('',(0.,0.));
#3170 = VECTOR('',#3171,1.);
#3171 = DIRECTION('',(0.,1.));
#3172 = ( GEOMETRIC_REPRESENTATION_CONTEXT(2) 
PARAMETRIC_REPRESENTATION_CONTEXT() REPRESENTATION_CONTEXT('2D SPACE',''
  ) );
#3173 = ORIENTED_EDGE('',*,*,#3174,.F.);
#3174 = EDGE_CURVE('',#3175,#3152,#3177,.T.);
#3175 = VERTEX_POINT('',#3176);
#3176 = CARTESIAN_POINT('',(65.,112.6988545854,-150.4));
#3177 = SURFACE_CURVE('',#3178,(#3182,#3189),.PCURVE_S1.);
#3178 = LINE('',#3179,#3180);
#3179 = CARTESIAN_POINT('',(65.,112.6988545854,-150.4));
#3180 = VECTOR('',#3181,1.);
#3181 = DIRECTION('',(0.,-0.48570514471,0.874122710151));
#3182 = PCURVE('',#2305,#3183);
#3183 = DEFINITIONAL_REPRESENTATION('',(#3184),#3188);
#3184 = LINE('',#3185,#3186);
#3185 = CARTESIAN_POINT('',(15.,13.071067811865));
#3186 = VECTOR('',#3187,1.);
#3187 = DIRECTION('',(0.,-1.));
#3188 = ( GEOMETRIC_REPRESENTATION_CONTEXT(2) 
PARAMETRIC_REPRESENTATION_CONTEXT() REPRESENTATION_CONTEXT('2D SPACE',''
  ) );
#3189 = PCURVE('',#2722,#3190);
#3190 = DEFINITIONAL_REPRESENTATION('',(#3191),#3195);
#3191 = LINE('',#3192,#3193);
#3192 = CARTESIAN_POINT('',(-3.552713678801E-15,-13.07106781186));
#3193 = VECTOR('',#3194,1.);
#3194 = DIRECTION('',(0.,1.));
#3195 = ( GEOMETRIC_REPRESENTATION_CONTEXT(2) 
PARAMETRIC_REPRESENTATION_CONTEXT() REPRESENTATION_CONTEXT('2D SPACE',''
  ) );
#3196 = ORIENTED_EDGE('',*,*,#3197,.F.);
#3197 = EDGE_CURVE('',#2290,#3175,#3198,.T.);
#3198 = SURFACE_CURVE('',#3199,(#3203,#3210),.PCURVE_S1.);
#3199 = LINE('',#3200,#3201);
#3200 = CARTESIAN_POINT('',(50.,112.6988545854,-150.4));
#3201 = VECTOR('',#3202,1.);
#3202 = DIRECTION('',(1.,0.,0.));
#3203 = PCURVE('',#2305,#3204);
#3204 = DEFINITIONAL_REPRESENTATION('',(#3205),#3209);
#3205 = LINE('',#3206,#3207);
#3206 = CARTESIAN_POINT('',(0.,13.071067811865));
#3207 = VECTOR('',#3208,1.);
#3208 = DIRECTION('',(1.,0.));
#3209 = ( GEOMETRIC_REPRESENTATION_CONTEXT(2) 
PARAMETRIC_REPRESENTATION_CONTEXT() REPRESENTATION_CONTEXT('2D SPACE',''
  ) );
#3210 = PCURVE('',#2333,#3211);
#3211 = DEFINITIONAL_REPRESENTATION('',(#3212),#3216);
#3212 = LINE('',#3213,#3214);
#3213 = CARTESIAN_POINT('',(0.,0.));
#3214 = VECTOR('',#3215,1.);
#3215 = DIRECTION('',(0.,1.));
#3216 = ( GEOMETRIC_REPRESENTATION_CONTEXT(2) 
PARAMETRIC_REPRESENTATION_CONTEXT() REPRESENTATION_CONTEXT('2D SPACE',''
  ) );
#3217 = FACE_BOUND('',#3218,.F.);
#3218 = EDGE_LOOP('',(#3219,#3245,#3268,#3292,#3315,#3339,#3362,#3386));
#3219 = ORIENTED_EDGE('',*,*,#3220,.F.);
#3220 = EDGE_CURVE('',#3221,#3223,#3225,.T.);
#3221 = VERTEX_POINT('',#3222);
#3222 = CARTESIAN_POINT('',(49.,36.477664867741,-13.22485649458));
#3223 = VERTEX_POINT('',#3224);
#3224 = CARTESIAN_POINT('',(55.,39.391895736003,-18.46959275549));
#3225 = SURFACE_CURVE('',#3226,(#3231,#3238),.PCURVE_S1.);
#3226 = CIRCLE('',#3227,6.);
#3227 = AXIS2_PLACEMENT_3D('',#3228,#3229,#3230);
#3228 = CARTESIAN_POINT('',(49.,39.391895736003,-18.46959275549));
#3229 = DIRECTION('',(-0.,0.874122710151,0.48570514471));
#3230 = DIRECTION('',(1.,0.,0.));
#3231 = PCURVE('',#2305,#3232);
#3232 = DEFINITIONAL_REPRESENTATION('',(#3233),#3237);
#3233 = CIRCLE('',#3234,6.);
#3234 = AXIS2_PLACEMENT_2D('',#3235,#3236);
#3235 = CARTESIAN_POINT('',(-1.,-137.8578643762));
#3236 = DIRECTION('',(1.,0.));
#3237 = ( GEOMETRIC_REPRESENTATION_CONTEXT(2) 
PARAMETRIC_REPRESENTATION_CONTEXT() REPRESENTATION_CONTEXT('2D SPACE',''
  ) );
#3238 = PCURVE('',#2776,#3239);
#3239 = DEFINITIONAL_REPRESENTATION('',(#3240),#3244);
#3240 = LINE('',#3241,#3242);
#3241 = CARTESIAN_POINT('',(-6.28318530718,1.));
#3242 = VECTOR('',#3243,1.);
#3243 = DIRECTION('',(1.,-0.));
#3244 = ( GEOMETRIC_REPRESENTATION_CONTEXT(2) 
PARAMETRIC_REPRESENTATION_CONTEXT() REPRESENTATION_CONTEXT('2D SPACE',''
  ) );
#3245 = ORIENTED_EDGE('',*,*,#3246,.T.);
#3246 = EDGE_CURVE('',#3221,#3247,#3249,.T.);
#3247 = VERTEX_POINT('',#3248);
#3248 = CARTESIAN_POINT('',(16.,36.477664867741,-13.22485649458));
#3249 = SURFACE_CURVE('',#3250,(#3254,#3261),.PCURVE_S1.);
#3250 = LINE('',#3251,#3252);
#3251 = CARTESIAN_POINT('',(5.,36.477664867741,-13.22485649458));
#3252 = VECTOR('',#3253,1.);
#3253 = DIRECTION('',(-1.,0.,0.));
#3254 = PCURVE('',#2305,#3255);
#3255 = DEFINITIONAL_REPRESENTATION('',(#3256),#3260);
#3256 = LINE('',#3257,#3258);
#3257 = CARTESIAN_POINT('',(-45.,-143.8578643762));
#3258 = VECTOR('',#3259,1.);
#3259 = DIRECTION('',(-1.,0.));
#3260 = ( GEOMETRIC_REPRESENTATION_CONTEXT(2) 
PARAMETRIC_REPRESENTATION_CONTEXT() REPRESENTATION_CONTEXT('2D SPACE',''
  ) );
#3261 = PCURVE('',#2804,#3262);
#3262 = DEFINITIONAL_REPRESENTATION('',(#3263),#3267);
#3263 = LINE('',#3264,#3265);
#3264 = CARTESIAN_POINT('',(1.,-5.));
#3265 = VECTOR('',#3266,1.);
#3266 = DIRECTION('',(0.,-1.));
#3267 = ( GEOMETRIC_REPRESENTATION_CONTEXT(2) 
PARAMETRIC_REPRESENTATION_CONTEXT() REPRESENTATION_CONTEXT('2D SPACE',''
  ) );
#3268 = ORIENTED_EDGE('',*,*,#3269,.F.);
#3269 = EDGE_CURVE('',#3270,#3247,#3272,.T.);
#3270 = VERTEX_POINT('',#3271);
#3271 = CARTESIAN_POINT('',(10.,39.391895736003,-18.46959275549));
#3272 = SURFACE_CURVE('',#3273,(#3278,#3285),.PCURVE_S1.);
#3273 = CIRCLE('',#3274,6.);
#3274 = AXIS2_PLACEMENT_3D('',#3275,#3276,#3277);
#3275 = CARTESIAN_POINT('',(16.,39.391895736003,-18.46959275549));
#3276 = DIRECTION('',(0.,0.874122710151,0.48570514471));
#3277 = DIRECTION('',(-1.,0.,0.));
#3278 = PCURVE('',#2305,#3279);
#3279 = DEFINITIONAL_REPRESENTATION('',(#3280),#3284);
#3280 = CIRCLE('',#3281,6.);
#3281 = AXIS2_PLACEMENT_2D('',#3282,#3283);
#3282 = CARTESIAN_POINT('',(-34.,-137.8578643762));
#3283 = DIRECTION('',(-1.,0.));
#3284 = ( GEOMETRIC_REPRESENTATION_CONTEXT(2) 
PARAMETRIC_REPRESENTATION_CONTEXT() REPRESENTATION_CONTEXT('2D SPACE',''
  ) );
#3285 = PCURVE('',#2833,#3286);
#3286 = DEFINITIONAL_REPRESENTATION('',(#3287),#3291);
#3287 = LINE('',#3288,#3289);
#3288 = CARTESIAN_POINT('',(0.,1.));
#3289 = VECTOR('',#3290,1.);
#3290 = DIRECTION('',(1.,0.));
#3291 = ( GEOMETRIC_REPRESENTATION_CONTEXT(2) 
PARAMETRIC_REPRESENTATION_CONTEXT() REPRESENTATION_CONTEXT('2D SPACE',''
  ) );
#3292 = ORIENTED_EDGE('',*,*,#3293,.T.);
#3293 = EDGE_CURVE('',#3270,#3294,#3296,.T.);
#3294 = VERTEX_POINT('',#3295);
#3295 = CARTESIAN_POINT('',(10.,98.578887386964,-124.9883194173));
#3296 = SURFACE_CURVE('',#3297,(#3301,#3308),.PCURVE_S1.);
#3297 = LINE('',#3298,#3299);
#3298 = CARTESIAN_POINT('',(10.,34.04913914419,-8.854242943829));
#3299 = VECTOR('',#3300,1.);
#3300 = DIRECTION('',(0.,0.48570514471,-0.874122710151));
#3301 = PCURVE('',#2305,#3302);
#3302 = DEFINITIONAL_REPRESENTATION('',(#3303),#3307);
#3303 = LINE('',#3304,#3305);
#3304 = CARTESIAN_POINT('',(-40.,-148.8578643762));
#3305 = VECTOR('',#3306,1.);
#3306 = DIRECTION('',(0.,1.));
#3307 = ( GEOMETRIC_REPRESENTATION_CONTEXT(2) 
PARAMETRIC_REPRESENTATION_CONTEXT() REPRESENTATION_CONTEXT('2D SPACE',''
  ) );
#3308 = PCURVE('',#2861,#3309);
#3309 = DEFINITIONAL_REPRESENTATION('',(#3310),#3314);
#3310 = LINE('',#3311,#3312);
#3311 = CARTESIAN_POINT('',(1.,5.));
#3312 = VECTOR('',#3313,1.);
#3313 = DIRECTION('',(0.,-1.));
#3314 = ( GEOMETRIC_REPRESENTATION_CONTEXT(2) 
PARAMETRIC_REPRESENTATION_CONTEXT() REPRESENTATION_CONTEXT('2D SPACE',''
  ) );
#3315 = ORIENTED_EDGE('',*,*,#3316,.F.);
#3316 = EDGE_CURVE('',#3317,#3294,#3319,.T.);
#3317 = VERTEX_POINT('',#3318);
#3318 = CARTESIAN_POINT('',(16.,101.49311825522,-130.2330556782));
#3319 = SURFACE_CURVE('',#3320,(#3325,#3332),.PCURVE_S1.);
#3320 = CIRCLE('',#3321,6.);
#3321 = AXIS2_PLACEMENT_3D('',#3322,#3323,#3324);
#3322 = CARTESIAN_POINT('',(16.,98.578887386964,-124.9883194173));
#3323 = DIRECTION('',(0.,0.874122710151,0.48570514471));
#3324 = DIRECTION('',(-1.,0.,0.));
#3325 = PCURVE('',#2305,#3326);
#3326 = DEFINITIONAL_REPRESENTATION('',(#3327),#3331);
#3327 = CIRCLE('',#3328,6.);
#3328 = AXIS2_PLACEMENT_2D('',#3329,#3330);
#3329 = CARTESIAN_POINT('',(-34.,-16.));
#3330 = DIRECTION('',(-1.,0.));
#3331 = ( GEOMETRIC_REPRESENTATION_CONTEXT(2) 
PARAMETRIC_REPRESENTATION_CONTEXT() REPRESENTATION_CONTEXT('2D SPACE',''
  ) );
#3332 = PCURVE('',#2890,#3333);
#3333 = DEFINITIONAL_REPRESENTATION('',(#3334),#3338);
#3334 = LINE('',#3335,#3336);
#3335 = CARTESIAN_POINT('',(-6.28318530718,1.));
#3336 = VECTOR('',#3337,1.);
#3337 = DIRECTION('',(1.,-0.));
#3338 = ( GEOMETRIC_REPRESENTATION_CONTEXT(2) 
PARAMETRIC_REPRESENTATION_CONTEXT() REPRESENTATION_CONTEXT('2D SPACE',''
  ) );
#3339 = ORIENTED_EDGE('',*,*,#3340,.F.);
#3340 = EDGE_CURVE('',#3341,#3317,#3343,.T.);
#3341 = VERTEX_POINT('',#3342);
#3342 = CARTESIAN_POINT('',(49.,101.49311825522,-130.2330556782));
#3343 = SURFACE_CURVE('',#3344,(#3348,#3355),.PCURVE_S1.);
#3344 = LINE('',#3345,#3346);
#3345 = CARTESIAN_POINT('',(5.,101.49311825522,-130.2330556782));
#3346 = VECTOR('',#3347,1.);
#3347 = DIRECTION('',(-1.,0.,0.));
#3348 = PCURVE('',#2305,#3349);
#3349 = DEFINITIONAL_REPRESENTATION('',(#3350),#3354);
#3350 = LINE('',#3351,#3352);
#3351 = CARTESIAN_POINT('',(-45.,-10.));
#3352 = VECTOR('',#3353,1.);
#3353 = DIRECTION('',(-1.,0.));
#3354 = ( GEOMETRIC_REPRESENTATION_CONTEXT(2) 
PARAMETRIC_REPRESENTATION_CONTEXT() REPRESENTATION_CONTEXT('2D SPACE',''
  ) );
#3355 = PCURVE('',#2918,#3356);
#3356 = DEFINITIONAL_REPRESENTATION('',(#3357),#3361);
#3357 = LINE('',#3358,#3359);
#3358 = CARTESIAN_POINT('',(1.,-5.));
#3359 = VECTOR('',#3360,1.);
#3360 = DIRECTION('',(0.,-1.));
#3361 = ( GEOMETRIC_REPRESENTATION_CONTEXT(2) 
PARAMETRIC_REPRESENTATION_CONTEXT() REPRESENTATION_CONTEXT('2D SPACE',''
  ) );
#3362 = ORIENTED_EDGE('',*,*,#3363,.F.);
#3363 = EDGE_CURVE('',#3364,#3341,#3366,.T.);
#3364 = VERTEX_POINT('',#3365);
#3365 = CARTESIAN_POINT('',(55.,98.578887386964,-124.9883194173));
#3366 = SURFACE_CURVE('',#3367,(#3372,#3379),.PCURVE_S1.);
#3367 = CIRCLE('',#3368,6.);
#3368 = AXIS2_PLACEMENT_3D('',#3369,#3370,#3371);
#3369 = CARTESIAN_POINT('',(49.,98.578887386964,-124.9883194173));
#3370 = DIRECTION('',(-0.,0.874122710151,0.48570514471));
#3371 = DIRECTION('',(1.,0.,0.));
#3372 = PCURVE('',#2305,#3373);
#3373 = DEFINITIONAL_REPRESENTATION('',(#3374),#3378);
#3374 = CIRCLE('',#3375,6.);
#3375 = AXIS2_PLACEMENT_2D('',#3376,#3377);
#3376 = CARTESIAN_POINT('',(-1.,-16.));
#3377 = DIRECTION('',(1.,0.));
#3378 = ( GEOMETRIC_REPRESENTATION_CONTEXT(2) 
PARAMETRIC_REPRESENTATION_CONTEXT() REPRESENTATION_CONTEXT('2D SPACE',''
  ) );
#3379 = PCURVE('',#2947,#3380);
#3380 = DEFINITIONAL_REPRESENTATION('',(#3381),#3385);
#3381 = LINE('',#3382,#3383);
#3382 = CARTESIAN_POINT('',(0.,1.));
#3383 = VECTOR('',#3384,1.);
#3384 = DIRECTION('',(1.,0.));
#3385 = ( GEOMETRIC_REPRESENTATION_CONTEXT(2) 
PARAMETRIC_REPRESENTATION_CONTEXT() REPRESENTATION_CONTEXT('2D SPACE',''
  ) );
#3386 = ORIENTED_EDGE('',*,*,#3387,.F.);
#3387 = EDGE_CURVE('',#3223,#3364,#3388,.T.);
#3388 = SURFACE_CURVE('',#3389,(#3393,#3400),.PCURVE_S1.);
#3389 = LINE('',#3390,#3391);
#3390 = CARTESIAN_POINT('',(55.,34.04913914419,-8.854242943829));
#3391 = VECTOR('',#3392,1.);
#3392 = DIRECTION('',(0.,0.48570514471,-0.874122710151));
#3393 = PCURVE('',#2305,#3394);
#3394 = DEFINITIONAL_REPRESENTATION('',(#3395),#3399);
#3395 = LINE('',#3396,#3397);
#3396 = CARTESIAN_POINT('',(5.,-148.8578643762));
#3397 = VECTOR('',#3398,1.);
#3398 = DIRECTION('',(0.,1.));
#3399 = ( GEOMETRIC_REPRESENTATION_CONTEXT(2) 
PARAMETRIC_REPRESENTATION_CONTEXT() REPRESENTATION_CONTEXT('2D SPACE',''
  ) );
#3400 = PCURVE('',#2973,#3401);
#3401 = DEFINITIONAL_REPRESENTATION('',(#3402),#3406);
#3402 = LINE('',#3403,#3404);
#3403 = CARTESIAN_POINT('',(1.,5.));
#3404 = VECTOR('',#3405,1.);
#3405 = DIRECTION('',(0.,-1.));
#3406 = ( GEOMETRIC_REPRESENTATION_CONTEXT(2) 
PARAMETRIC_REPRESENTATION_CONTEXT() REPRESENTATION_CONTEXT('2D SPACE',''
  ) );
#3407 = ADVANCED_FACE('',(#3408),#2333,.T.);
#3408 = FACE_BOUND('',#3409,.T.);
#3409 = EDGE_LOOP('',(#3410,#3411,#3412,#3413));
#3410 = ORIENTED_EDGE('',*,*,#3197,.F.);
#3411 = ORIENTED_EDGE('',*,*,#2317,.T.);
#3412 = ORIENTED_EDGE('',*,*,#2734,.T.);
#3413 = ORIENTED_EDGE('',*,*,#3414,.F.);
#3414 = EDGE_CURVE('',#3175,#2707,#3415,.T.);
#3415 = SURFACE_CURVE('',#3416,(#3420,#3427),.PCURVE_S1.);
#3416 = LINE('',#3417,#3418);
#3417 = CARTESIAN_POINT('',(65.,112.6988545854,-150.4));
#3418 = VECTOR('',#3419,1.);
#3419 = DIRECTION('',(0.,0.874122710151,0.48570514471));
#3420 = PCURVE('',#2333,#3421);
#3421 = DEFINITIONAL_REPRESENTATION('',(#3422),#3426);
#3422 = LINE('',#3423,#3424);
#3423 = CARTESIAN_POINT('',(0.,15.));
#3424 = VECTOR('',#3425,1.);
#3425 = DIRECTION('',(1.,0.));
#3426 = ( GEOMETRIC_REPRESENTATION_CONTEXT(2) 
PARAMETRIC_REPRESENTATION_CONTEXT() REPRESENTATION_CONTEXT('2D SPACE',''
  ) );
#3427 = PCURVE('',#2722,#3428);
#3428 = DEFINITIONAL_REPRESENTATION('',(#3429),#3433);
#3429 = LINE('',#3430,#3431);
#3430 = CARTESIAN_POINT('',(-3.552713678801E-15,-13.07106781186));
#3431 = VECTOR('',#3432,1.);
#3432 = DIRECTION('',(1.,0.));
#3433 = ( GEOMETRIC_REPRESENTATION_CONTEXT(2) 
PARAMETRIC_REPRESENTATION_CONTEXT() REPRESENTATION_CONTEXT('2D SPACE',''
  ) );
#3434 = ADVANCED_FACE('',(#3435),#2394,.F.);
#3435 = FACE_BOUND('',#3436,.T.);
#3436 = EDGE_LOOP('',(#3437,#3460,#3461,#3462));
#3437 = ORIENTED_EDGE('',*,*,#3438,.F.);
#3438 = EDGE_CURVE('',#2374,#3439,#3441,.T.);
#3439 = VERTEX_POINT('',#3440);
#3440 = CARTESIAN_POINT('',(57.,115.70949373097,-145.523930688));
#3441 = SEAM_CURVE('',#3442,(#3446,#3453),.PCURVE_S1.);
#3442 = LINE('',#3443,#3444);
#3443 = CARTESIAN_POINT('',(-1.,115.70949373097,-145.523930688));
#3444 = VECTOR('',#3445,1.);
#3445 = DIRECTION('',(1.,0.,0.));
#3446 = PCURVE('',#2394,#3447);
#3447 = DEFINITIONAL_REPRESENTATION('',(#3448),#3452);
#3448 = LINE('',#3449,#3450);
#3449 = CARTESIAN_POINT('',(-6.28318530718,0.));
#3450 = VECTOR('',#3451,1.);
#3451 = DIRECTION('',(-0.,-1.));
#3452 = ( GEOMETRIC_REPRESENTATION_CONTEXT(2) 
PARAMETRIC_REPRESENTATION_CONTEXT() REPRESENTATION_CONTEXT('2D SPACE',''
  ) );
#3453 = PCURVE('',#2394,#3454);
#3454 = DEFINITIONAL_REPRESENTATION('',(#3455),#3459);
#3455 = LINE('',#3456,#3457);
#3456 = CARTESIAN_POINT('',(-0.,0.));
#3457 = VECTOR('',#3458,1.);
#3458 = DIRECTION('',(-0.,-1.));
#3459 = ( GEOMETRIC_REPRESENTATION_CONTEXT(2) 
PARAMETRIC_REPRESENTATION_CONTEXT() REPRESENTATION_CONTEXT('2D SPACE',''
  ) );
#3460 = ORIENTED_EDGE('',*,*,#2373,.T.);
#3461 = ORIENTED_EDGE('',*,*,#3438,.T.);
#3462 = ORIENTED_EDGE('',*,*,#3463,.F.);
#3463 = EDGE_CURVE('',#3439,#3439,#3464,.T.);
#3464 = SURFACE_CURVE('',#3465,(#3470,#3477),.PCURVE_S1.);
#3465 = CIRCLE('',#3466,2.2);
#3466 = AXIS2_PLACEMENT_3D('',#3467,#3468,#3469);
#3467 = CARTESIAN_POINT('',(57.,114.64094241261,-143.6008607256));
#3468 = DIRECTION('',(-1.,0.,-0.));
#3469 = DIRECTION('',(0.,0.48570514471,-0.874122710151));
#3470 = PCURVE('',#2394,#3471);
#3471 = DEFINITIONAL_REPRESENTATION('',(#3472),#3476);
#3472 = LINE('',#3473,#3474);
#3473 = CARTESIAN_POINT('',(-6.28318530718,-58.));
#3474 = VECTOR('',#3475,1.);
#3475 = DIRECTION('',(1.,-0.));
#3476 = ( GEOMETRIC_REPRESENTATION_CONTEXT(2) 
PARAMETRIC_REPRESENTATION_CONTEXT() REPRESENTATION_CONTEXT('2D SPACE',''
  ) );
#3477 = PCURVE('',#3478,#3483);
#3478 = PLANE('',#3479);
#3479 = AXIS2_PLACEMENT_3D('',#3480,#3481,#3482);
#3480 = CARTESIAN_POINT('',(57.,114.64094241261,-143.6008607256));
#3481 = DIRECTION('',(1.,0.,0.));
#3482 = DIRECTION('',(0.,0.874122710151,0.48570514471));
#3483 = DEFINITIONAL_REPRESENTATION('',(#3484),#3492);
#3484 = ( BOUNDED_CURVE() B_SPLINE_CURVE(2,(#3485,#3486,#3487,#3488,
#3489,#3490,#3491),.UNSPECIFIED.,.T.,.F.) B_SPLINE_CURVE_WITH_KNOTS((1,2
    ,2,2,2,1),(-2.094395102393,0.,2.094395102393,4.188790204786,
6.28318530718,8.377580409573),.UNSPECIFIED.) CURVE() 
GEOMETRIC_REPRESENTATION_ITEM() RATIONAL_B_SPLINE_CURVE((1.,0.5,1.,0.5,
1.,0.5,1.)) REPRESENTATION_ITEM('') );
#3485 = CARTESIAN_POINT('',(0.,-2.2));
#3486 = CARTESIAN_POINT('',(-3.810511776652,-2.2));
#3487 = CARTESIAN_POINT('',(-1.905255888326,1.1));
#3488 = CARTESIAN_POINT('',(-5.388445916248E-16,4.4));
#3489 = CARTESIAN_POINT('',(1.905255888326,1.1));
#3490 = CARTESIAN_POINT('',(3.810511776652,-2.2));
#3491 = CARTESIAN_POINT('',(0.,-2.2));
#3492 = ( GEOMETRIC_REPRESENTATION_CONTEXT(2) 
PARAMETRIC_REPRESENTATION_CONTEXT() REPRESENTATION_CONTEXT('2D SPACE',''
  ) );
#3493 = ADVANCED_FACE('',(#3494,#3520),#2448,.T.);
#3494 = FACE_BOUND('',#3495,.T.);
#3495 = EDGE_LOOP('',(#3496,#3497,#3498,#3519));
#3496 = ORIENTED_EDGE('',*,*,#2432,.F.);
#3497 = ORIENTED_EDGE('',*,*,#2990,.T.);
#3498 = ORIENTED_EDGE('',*,*,#3499,.T.);
#3499 = EDGE_CURVE('',#2991,#2488,#3500,.T.);
#3500 = SURFACE_CURVE('',#3501,(#3505,#3512),.PCURVE_S1.);
#3501 = LINE('',#3502,#3503);
#3502 = CARTESIAN_POINT('',(15.,112.6988545854,-150.4));
#3503 = VECTOR('',#3504,1.);
#3504 = DIRECTION('',(0.,0.874122710151,0.48570514471));
#3505 = PCURVE('',#2448,#3506);
#3506 = DEFINITIONAL_REPRESENTATION('',(#3507),#3511);
#3507 = LINE('',#3508,#3509);
#3508 = CARTESIAN_POINT('',(-3.552713678801E-15,-13.07106781186));
#3509 = VECTOR('',#3510,1.);
#3510 = DIRECTION('',(1.,0.));
#3511 = ( GEOMETRIC_REPRESENTATION_CONTEXT(2) 
PARAMETRIC_REPRESENTATION_CONTEXT() REPRESENTATION_CONTEXT('2D SPACE',''
  ) );
#3512 = PCURVE('',#2526,#3513);
#3513 = DEFINITIONAL_REPRESENTATION('',(#3514),#3518);
#3514 = LINE('',#3515,#3516);
#3515 = CARTESIAN_POINT('',(0.,15.));
#3516 = VECTOR('',#3517,1.);
#3517 = DIRECTION('',(1.,0.));
#3518 = ( GEOMETRIC_REPRESENTATION_CONTEXT(2) 
PARAMETRIC_REPRESENTATION_CONTEXT() REPRESENTATION_CONTEXT('2D SPACE',''
  ) );
#3519 = ORIENTED_EDGE('',*,*,#2487,.F.);
#3520 = FACE_BOUND('',#3521,.T.);
#3521 = EDGE_LOOP('',(#3522));
#3522 = ORIENTED_EDGE('',*,*,#3523,.T.);
#3523 = EDGE_CURVE('',#3524,#3524,#3526,.T.);
#3524 = VERTEX_POINT('',#3525);
#3525 = CARTESIAN_POINT('',(15.,115.70949373097,-145.523930688));
#3526 = SURFACE_CURVE('',#3527,(#3532,#3543),.PCURVE_S1.);
#3527 = CIRCLE('',#3528,2.2);
#3528 = AXIS2_PLACEMENT_3D('',#3529,#3530,#3531);
#3529 = CARTESIAN_POINT('',(15.,114.64094241261,-143.6008607256));
#3530 = DIRECTION('',(-1.,0.,-0.));
#3531 = DIRECTION('',(0.,0.48570514471,-0.874122710151));
#3532 = PCURVE('',#2448,#3533);
#3533 = DEFINITIONAL_REPRESENTATION('',(#3534),#3542);
#3534 = ( BOUNDED_CURVE() B_SPLINE_CURVE(2,(#3535,#3536,#3537,#3538,
#3539,#3540,#3541),.UNSPECIFIED.,.T.,.F.) B_SPLINE_CURVE_WITH_KNOTS((1,2
    ,2,2,2,1),(-2.094395102393,0.,2.094395102393,4.188790204786,
6.28318530718,8.377580409573),.UNSPECIFIED.) CURVE() 
GEOMETRIC_REPRESENTATION_ITEM() RATIONAL_B_SPLINE_CURVE((1.,0.5,1.,0.5,
1.,0.5,1.)) REPRESENTATION_ITEM('') );
#3535 = CARTESIAN_POINT('',(5.,-10.27106781186));
#3536 = CARTESIAN_POINT('',(1.189488223348,-10.27106781186));
#3537 = CARTESIAN_POINT('',(3.094744111674,-6.971067811865));
#3538 = CARTESIAN_POINT('',(5.,-3.671067811865));
#3539 = CARTESIAN_POINT('',(6.905255888326,-6.971067811865));
#3540 = CARTESIAN_POINT('',(8.810511776652,-10.27106781186));
#3541 = CARTESIAN_POINT('',(5.,-10.27106781186));
#3542 = ( GEOMETRIC_REPRESENTATION_CONTEXT(2) 
PARAMETRIC_REPRESENTATION_CONTEXT() REPRESENTATION_CONTEXT('2D SPACE',''
  ) );
#3543 = PCURVE('',#3544,#3549);
#3544 = CYLINDRICAL_SURFACE('',#3545,2.2);
#3545 = AXIS2_PLACEMENT_3D('',#3546,#3547,#3548);
#3546 = CARTESIAN_POINT('',(-1.,114.64094241261,-143.6008607256));
#3547 = DIRECTION('',(-1.,-0.,0.));
#3548 = DIRECTION('',(0.,0.48570514471,-0.874122710151));
#3549 = DEFINITIONAL_REPRESENTATION('',(#3550),#3554);
#3550 = LINE('',#3551,#3552);
#3551 = CARTESIAN_POINT('',(-6.28318530718,-16.));
#3552 = VECTOR('',#3553,1.);
#3553 = DIRECTION('',(1.,-0.));
#3554 = ( GEOMETRIC_REPRESENTATION_CONTEXT(2) 
PARAMETRIC_REPRESENTATION_CONTEXT() REPRESENTATION_CONTEXT('2D SPACE',''
  ) );
#3555 = ADVANCED_FACE('',(#3556),#2526,.T.);
#3556 = FACE_BOUND('',#3557,.T.);
#3557 = EDGE_LOOP('',(#3558,#3559,#3580,#3581));
#3558 = ORIENTED_EDGE('',*,*,#3013,.F.);
#3559 = ORIENTED_EDGE('',*,*,#3560,.T.);
#3560 = EDGE_CURVE('',#3014,#2511,#3561,.T.);
#3561 = SURFACE_CURVE('',#3562,(#3566,#3573),.PCURVE_S1.);
#3562 = LINE('',#3563,#3564);
#3563 = CARTESIAN_POINT('',(0.,112.6988545854,-150.4));
#3564 = VECTOR('',#3565,1.);
#3565 = DIRECTION('',(0.,0.874122710151,0.48570514471));
#3566 = PCURVE('',#2526,#3567);
#3567 = DEFINITIONAL_REPRESENTATION('',(#3568),#3572);
#3568 = LINE('',#3569,#3570);
#3569 = CARTESIAN_POINT('',(0.,0.));
#3570 = VECTOR('',#3571,1.);
#3571 = DIRECTION('',(1.,0.));
#3572 = ( GEOMETRIC_REPRESENTATION_CONTEXT(2) 
PARAMETRIC_REPRESENTATION_CONTEXT() REPRESENTATION_CONTEXT('2D SPACE',''
  ) );
#3573 = PCURVE('',#2554,#3574);
#3574 = DEFINITIONAL_REPRESENTATION('',(#3575),#3579);
#3575 = LINE('',#3576,#3577);
#3576 = CARTESIAN_POINT('',(-3.552713678801E-15,-13.07106781186));
#3577 = VECTOR('',#3578,1.);
#3578 = DIRECTION('',(1.,0.));
#3579 = ( GEOMETRIC_REPRESENTATION_CONTEXT(2) 
PARAMETRIC_REPRESENTATION_CONTEXT() REPRESENTATION_CONTEXT('2D SPACE',''
  ) );
#3580 = ORIENTED_EDGE('',*,*,#2510,.T.);
#3581 = ORIENTED_EDGE('',*,*,#3499,.F.);
#3582 = ADVANCED_FACE('',(#3583,#3609),#2554,.F.);
#3583 = FACE_BOUND('',#3584,.F.);
#3584 = EDGE_LOOP('',(#3585,#3586,#3607,#3608));
#3585 = ORIENTED_EDGE('',*,*,#2538,.F.);
#3586 = ORIENTED_EDGE('',*,*,#3587,.F.);
#3587 = EDGE_CURVE('',#3037,#2539,#3588,.T.);
#3588 = SURFACE_CURVE('',#3589,(#3593,#3600),.PCURVE_S1.);
#3589 = LINE('',#3590,#3591);
#3590 = CARTESIAN_POINT('',(0.,31.620613420638,-4.483629393073));
#3591 = VECTOR('',#3592,1.);
#3592 = DIRECTION('',(0.,0.874122710151,0.48570514471));
#3593 = PCURVE('',#2554,#3594);
#3594 = DEFINITIONAL_REPRESENTATION('',(#3595),#3599);
#3595 = LINE('',#3596,#3597);
#3596 = CARTESIAN_POINT('',(0.,153.85786437626));
#3597 = VECTOR('',#3598,1.);
#3598 = DIRECTION('',(1.,0.));
#3599 = ( GEOMETRIC_REPRESENTATION_CONTEXT(2) 
PARAMETRIC_REPRESENTATION_CONTEXT() REPRESENTATION_CONTEXT('2D SPACE',''
  ) );
#3600 = PCURVE('',#2582,#3601);
#3601 = DEFINITIONAL_REPRESENTATION('',(#3602),#3606);
#3602 = LINE('',#3603,#3604);
#3603 = CARTESIAN_POINT('',(0.,0.));
#3604 = VECTOR('',#3605,1.);
#3605 = DIRECTION('',(1.,0.));
#3606 = ( GEOMETRIC_REPRESENTATION_CONTEXT(2) 
PARAMETRIC_REPRESENTATION_CONTEXT() REPRESENTATION_CONTEXT('2D SPACE',''
  ) );
#3607 = ORIENTED_EDGE('',*,*,#3036,.F.);
#3608 = ORIENTED_EDGE('',*,*,#3560,.T.);
#3609 = FACE_BOUND('',#3610,.F.);
#3610 = EDGE_LOOP('',(#3611));
#3611 = ORIENTED_EDGE('',*,*,#3612,.T.);
#3612 = EDGE_CURVE('',#3613,#3613,#3615,.T.);
#3613 = VERTEX_POINT('',#3614);
#3614 = CARTESIAN_POINT('',(0.,116.46233670527,-146.8788208887));
#3615 = SURFACE_CURVE('',#3616,(#3621,#3632),.PCURVE_S1.);
#3616 = CIRCLE('',#3617,3.75);
#3617 = AXIS2_PLACEMENT_3D('',#3618,#3619,#3620);
#3618 = CARTESIAN_POINT('',(0.,114.64094241261,-143.6008607256));
#3619 = DIRECTION('',(-1.,0.,-0.));
#3620 = DIRECTION('',(0.,0.48570514471,-0.874122710151));
#3621 = PCURVE('',#2554,#3622);
#3622 = DEFINITIONAL_REPRESENTATION('',(#3623),#3631);
#3623 = ( BOUNDED_CURVE() B_SPLINE_CURVE(2,(#3624,#3625,#3626,#3627,
#3628,#3629,#3630),.UNSPECIFIED.,.T.,.F.) B_SPLINE_CURVE_WITH_KNOTS((1,2
    ,2,2,2,1),(-2.094395102393,0.,2.094395102393,4.188790204786,
6.28318530718,8.377580409573),.UNSPECIFIED.) CURVE() 
GEOMETRIC_REPRESENTATION_ITEM() RATIONAL_B_SPLINE_CURVE((1.,0.5,1.,0.5,
1.,0.5,1.)) REPRESENTATION_ITEM('') );
#3624 = CARTESIAN_POINT('',(5.,-11.82106781186));
#3625 = CARTESIAN_POINT('',(-1.495190528383,-11.82106781186));
#3626 = CARTESIAN_POINT('',(1.752404735808,-6.196067811865));
#3627 = CARTESIAN_POINT('',(5.,-0.571067811865));
#3628 = CARTESIAN_POINT('',(8.247595264192,-6.196067811865));
#3629 = CARTESIAN_POINT('',(11.495190528383,-11.82106781186));
#3630 = CARTESIAN_POINT('',(5.,-11.82106781186));
#3631 = ( GEOMETRIC_REPRESENTATION_CONTEXT(2) 
PARAMETRIC_REPRESENTATION_CONTEXT() REPRESENTATION_CONTEXT('2D SPACE',''
  ) );
#3632 = PCURVE('',#3633,#3638);
#3633 = CYLINDRICAL_SURFACE('',#3634,3.75);
#3634 = AXIS2_PLACEMENT_3D('',#3635,#3636,#3637);
#3635 = CARTESIAN_POINT('',(-1.,114.64094241261,-143.6008607256));
#3636 = DIRECTION('',(-1.,-0.,0.));
#3637 = DIRECTION('',(0.,0.48570514471,-0.874122710151));
#3638 = DEFINITIONAL_REPRESENTATION('',(#3639),#3643);
#3639 = LINE('',#3640,#3641);
#3640 = CARTESIAN_POINT('',(-6.28318530718,-1.));
#3641 = VECTOR('',#3642,1.);
#3642 = DIRECTION('',(1.,-0.));
#3643 = ( GEOMETRIC_REPRESENTATION_CONTEXT(2) 
PARAMETRIC_REPRESENTATION_CONTEXT() REPRESENTATION_CONTEXT('2D SPACE',''
  ) );
#3644 = ADVANCED_FACE('',(#3645),#2582,.F.);
#3645 = FACE_BOUND('',#3646,.F.);
#3646 = EDGE_LOOP('',(#3647,#3648,#3649,#3650));
#3647 = ORIENTED_EDGE('',*,*,#3059,.F.);
#3648 = ORIENTED_EDGE('',*,*,#3587,.T.);
#3649 = ORIENTED_EDGE('',*,*,#2566,.T.);
#3650 = ORIENTED_EDGE('',*,*,#3651,.F.);
#3651 = EDGE_CURVE('',#3060,#2567,#3652,.T.);
#3652 = SURFACE_CURVE('',#3653,(#3657,#3664),.PCURVE_S1.);
#3653 = LINE('',#3654,#3655);
#3654 = CARTESIAN_POINT('',(15.2,31.620613420638,-4.483629393073));
#3655 = VECTOR('',#3656,1.);
#3656 = DIRECTION('',(0.,0.874122710151,0.48570514471));
#3657 = PCURVE('',#2582,#3658);
#3658 = DEFINITIONAL_REPRESENTATION('',(#3659),#3663);
#3659 = LINE('',#3660,#3661);
#3660 = CARTESIAN_POINT('',(0.,15.2));
#3661 = VECTOR('',#3662,1.);
#3662 = DIRECTION('',(1.,0.));
#3663 = ( GEOMETRIC_REPRESENTATION_CONTEXT(2) 
PARAMETRIC_REPRESENTATION_CONTEXT() REPRESENTATION_CONTEXT('2D SPACE',''
  ) );
#3664 = PCURVE('',#2610,#3665);
#3665 = DEFINITIONAL_REPRESENTATION('',(#3666),#3670);
#3666 = LINE('',#3667,#3668);
#3667 = CARTESIAN_POINT('',(-8.881784197001E-16,-13.07106781186));
#3668 = VECTOR('',#3669,1.);
#3669 = DIRECTION('',(1.,0.));
#3670 = ( GEOMETRIC_REPRESENTATION_CONTEXT(2) 
PARAMETRIC_REPRESENTATION_CONTEXT() REPRESENTATION_CONTEXT('2D SPACE',''
  ) );
#3671 = ADVANCED_FACE('',(#3672,#3698),#2610,.F.);
#3672 = FACE_BOUND('',#3673,.F.);
#3673 = EDGE_LOOP('',(#3674,#3695,#3696,#3697));
#3674 = ORIENTED_EDGE('',*,*,#3675,.F.);
#3675 = EDGE_CURVE('',#3083,#2595,#3676,.T.);
#3676 = SURFACE_CURVE('',#3677,(#3681,#3688),.PCURVE_S1.);
#3677 = LINE('',#3678,#3679);
#3678 = CARTESIAN_POINT('',(15.2,25.271928537558,6.942087827204));
#3679 = VECTOR('',#3680,1.);
#3680 = DIRECTION('',(0.,0.874122710151,0.48570514471));
#3681 = PCURVE('',#2610,#3682);
#3682 = DEFINITIONAL_REPRESENTATION('',(#3683),#3687);
#3683 = LINE('',#3684,#3685);
#3684 = CARTESIAN_POINT('',(0.,0.));
#3685 = VECTOR('',#3686,1.);
#3686 = DIRECTION('',(1.,0.));
#3687 = ( GEOMETRIC_REPRESENTATION_CONTEXT(2) 
PARAMETRIC_REPRESENTATION_CONTEXT() REPRESENTATION_CONTEXT('2D SPACE',''
  ) );
#3688 = PCURVE('',#2638,#3689);
#3689 = DEFINITIONAL_REPRESENTATION('',(#3690),#3694);
#3690 = LINE('',#3691,#3692);
#3691 = CARTESIAN_POINT('',(0.,0.));
#3692 = VECTOR('',#3693,1.);
#3693 = DIRECTION('',(1.,0.));
#3694 = ( GEOMETRIC_REPRESENTATION_CONTEXT(2) 
PARAMETRIC_REPRESENTATION_CONTEXT() REPRESENTATION_CONTEXT('2D SPACE',''
  ) );
#3695 = ORIENTED_EDGE('',*,*,#3082,.T.);
#3696 = ORIENTED_EDGE('',*,*,#3651,.T.);
#3697 = ORIENTED_EDGE('',*,*,#2594,.F.);
#3698 = FACE_BOUND('',#3699,.F.);
#3699 = EDGE_LOOP('',(#3700));
#3700 = ORIENTED_EDGE('',*,*,#3701,.T.);
#3701 = EDGE_CURVE('',#3702,#3702,#3704,.T.);
#3702 = VERTEX_POINT('',#3703);
#3703 = CARTESIAN_POINT('',(15.2,33.285330673641,2.814693224622));
#3704 = SURFACE_CURVE('',#3705,(#3710,#3721),.PCURVE_S1.);
#3705 = CIRCLE('',#3706,2.5);
#3706 = AXIS2_PLACEMENT_3D('',#3707,#3708,#3709);
#3707 = CARTESIAN_POINT('',(15.2,32.071067811865,5.));
#3708 = DIRECTION('',(-1.,0.,-0.));
#3709 = DIRECTION('',(0.,0.48570514471,-0.874122710151));
#3710 = PCURVE('',#2610,#3711);
#3711 = DEFINITIONAL_REPRESENTATION('',(#3712),#3720);
#3712 = ( BOUNDED_CURVE() B_SPLINE_CURVE(2,(#3713,#3714,#3715,#3716,
#3717,#3718,#3719),.UNSPECIFIED.,.T.,.F.) B_SPLINE_CURVE_WITH_KNOTS((1,2
    ,2,2,2,1),(-2.094395102393,0.,2.094395102393,4.188790204786,
6.28318530718,8.377580409573),.UNSPECIFIED.) CURVE() 
GEOMETRIC_REPRESENTATION_ITEM() RATIONAL_B_SPLINE_CURVE((1.,0.5,1.,0.5,
1.,0.5,1.)) REPRESENTATION_ITEM('') );
#3713 = CARTESIAN_POINT('',(5.,-7.5));
#3714 = CARTESIAN_POINT('',(0.669872981078,-7.5));
#3715 = CARTESIAN_POINT('',(2.834936490539,-3.75));
#3716 = CARTESIAN_POINT('',(5.,-1.7763568394E-15));
#3717 = CARTESIAN_POINT('',(7.165063509461,-3.75));
#3718 = CARTESIAN_POINT('',(9.330127018922,-7.5));
#3719 = CARTESIAN_POINT('',(5.,-7.5));
#3720 = ( GEOMETRIC_REPRESENTATION_CONTEXT(2) 
PARAMETRIC_REPRESENTATION_CONTEXT() REPRESENTATION_CONTEXT('2D SPACE',''
  ) );
#3721 = PCURVE('',#3722,#3727);
#3722 = CYLINDRICAL_SURFACE('',#3723,2.5);
#3723 = AXIS2_PLACEMENT_3D('',#3724,#3725,#3726);
#3724 = CARTESIAN_POINT('',(-1.,32.071067811865,5.));
#3725 = DIRECTION('',(-1.,-0.,0.));
#3726 = DIRECTION('',(0.,0.48570514471,-0.874122710151));
#3727 = DEFINITIONAL_REPRESENTATION('',(#3728),#3732);
#3728 = LINE('',#3729,#3730);
#3729 = CARTESIAN_POINT('',(-6.28318530718,-16.2));
#3730 = VECTOR('',#3731,1.);
#3731 = DIRECTION('',(1.,-0.));
#3732 = ( GEOMETRIC_REPRESENTATION_CONTEXT(2) 
PARAMETRIC_REPRESENTATION_CONTEXT() REPRESENTATION_CONTEXT('2D SPACE',''
  ) );
#3733 = ADVANCED_FACE('',(#3734),#2638,.F.);
#3734 = FACE_BOUND('',#3735,.F.);
#3735 = EDGE_LOOP('',(#3736,#3737,#3738,#3739));
#3736 = ORIENTED_EDGE('',*,*,#3105,.F.);
#3737 = ORIENTED_EDGE('',*,*,#3675,.T.);
#3738 = ORIENTED_EDGE('',*,*,#2622,.T.);
#3739 = ORIENTED_EDGE('',*,*,#3740,.F.);
#3740 = EDGE_CURVE('',#3106,#2623,#3741,.T.);
#3741 = SURFACE_CURVE('',#3742,(#3746,#3753),.PCURVE_S1.);
#3742 = LINE('',#3743,#3744);
#3743 = CARTESIAN_POINT('',(49.8,25.271928537558,6.942087827204));
#3744 = VECTOR('',#3745,1.);
#3745 = DIRECTION('',(0.,0.874122710151,0.48570514471));
#3746 = PCURVE('',#2638,#3747);
#3747 = DEFINITIONAL_REPRESENTATION('',(#3748),#3752);
#3748 = LINE('',#3749,#3750);
#3749 = CARTESIAN_POINT('',(0.,34.6));
#3750 = VECTOR('',#3751,1.);
#3751 = DIRECTION('',(1.,0.));
#3752 = ( GEOMETRIC_REPRESENTATION_CONTEXT(2) 
PARAMETRIC_REPRESENTATION_CONTEXT() REPRESENTATION_CONTEXT('2D SPACE',''
  ) );
#3753 = PCURVE('',#2666,#3754);
#3754 = DEFINITIONAL_REPRESENTATION('',(#3755),#3759);
#3755 = LINE('',#3756,#3757);
#3756 = CARTESIAN_POINT('',(0.,0.));
#3757 = VECTOR('',#3758,1.);
#3758 = DIRECTION('',(1.,0.));
#3759 = ( GEOMETRIC_REPRESENTATION_CONTEXT(2) 
PARAMETRIC_REPRESENTATION_CONTEXT() REPRESENTATION_CONTEXT('2D SPACE',''
  ) );
#3760 = ADVANCED_FACE('',(#3761,#3787),#2666,.T.);
#3761 = FACE_BOUND('',#3762,.T.);
#3762 = EDGE_LOOP('',(#3763,#3764,#3765,#3786));
#3763 = ORIENTED_EDGE('',*,*,#3740,.F.);
#3764 = ORIENTED_EDGE('',*,*,#3128,.T.);
#3765 = ORIENTED_EDGE('',*,*,#3766,.T.);
#3766 = EDGE_CURVE('',#3129,#2651,#3767,.T.);
#3767 = SURFACE_CURVE('',#3768,(#3772,#3779),.PCURVE_S1.);
#3768 = LINE('',#3769,#3770);
#3769 = CARTESIAN_POINT('',(49.8,31.620613420638,-4.483629393073));
#3770 = VECTOR('',#3771,1.);
#3771 = DIRECTION('',(0.,0.874122710151,0.48570514471));
#3772 = PCURVE('',#2666,#3773);
#3773 = DEFINITIONAL_REPRESENTATION('',(#3774),#3778);
#3774 = LINE('',#3775,#3776);
#3775 = CARTESIAN_POINT('',(-8.881784197001E-16,-13.07106781186));
#3776 = VECTOR('',#3777,1.);
#3777 = DIRECTION('',(1.,0.));
#3778 = ( GEOMETRIC_REPRESENTATION_CONTEXT(2) 
PARAMETRIC_REPRESENTATION_CONTEXT() REPRESENTATION_CONTEXT('2D SPACE',''
  ) );
#3779 = PCURVE('',#2694,#3780);
#3780 = DEFINITIONAL_REPRESENTATION('',(#3781),#3785);
#3781 = LINE('',#3782,#3783);
#3782 = CARTESIAN_POINT('',(0.,49.8));
#3783 = VECTOR('',#3784,1.);
#3784 = DIRECTION('',(1.,0.));
#3785 = ( GEOMETRIC_REPRESENTATION_CONTEXT(2) 
PARAMETRIC_REPRESENTATION_CONTEXT() REPRESENTATION_CONTEXT('2D SPACE',''
  ) );
#3786 = ORIENTED_EDGE('',*,*,#2650,.F.);
#3787 = FACE_BOUND('',#3788,.T.);
#3788 = EDGE_LOOP('',(#3789));
#3789 = ORIENTED_EDGE('',*,*,#3790,.T.);
#3790 = EDGE_CURVE('',#3791,#3791,#3793,.T.);
#3791 = VERTEX_POINT('',#3792);
#3792 = CARTESIAN_POINT('',(49.8,33.285330673641,2.814693224622));
#3793 = SURFACE_CURVE('',#3794,(#3799,#3810),.PCURVE_S1.);
#3794 = CIRCLE('',#3795,2.5);
#3795 = AXIS2_PLACEMENT_3D('',#3796,#3797,#3798);
#3796 = CARTESIAN_POINT('',(49.8,32.071067811865,5.));
#3797 = DIRECTION('',(-1.,0.,-0.));
#3798 = DIRECTION('',(0.,0.48570514471,-0.874122710151));
#3799 = PCURVE('',#2666,#3800);
#3800 = DEFINITIONAL_REPRESENTATION('',(#3801),#3809);
#3801 = ( BOUNDED_CURVE() B_SPLINE_CURVE(2,(#3802,#3803,#3804,#3805,
#3806,#3807,#3808),.UNSPECIFIED.,.T.,.F.) B_SPLINE_CURVE_WITH_KNOTS((1,2
    ,2,2,2,1),(-2.094395102393,0.,2.094395102393,4.188790204786,
6.28318530718,8.377580409573),.UNSPECIFIED.) CURVE() 
GEOMETRIC_REPRESENTATION_ITEM() RATIONAL_B_SPLINE_CURVE((1.,0.5,1.,0.5,
1.,0.5,1.)) REPRESENTATION_ITEM('') );
#3802 = CARTESIAN_POINT('',(5.,-7.5));
#3803 = CARTESIAN_POINT('',(0.669872981078,-7.5));
#3804 = CARTESIAN_POINT('',(2.834936490539,-3.75));
#3805 = CARTESIAN_POINT('',(5.,-1.7763568394E-15));
#3806 = CARTESIAN_POINT('',(7.165063509461,-3.75));
#3807 = CARTESIAN_POINT('',(9.330127018922,-7.5));
#3808 = CARTESIAN_POINT('',(5.,-7.5));
#3809 = ( GEOMETRIC_REPRESENTATION_CONTEXT(2) 
PARAMETRIC_REPRESENTATION_CONTEXT() REPRESENTATION_CONTEXT('2D SPACE',''
  ) );
#3810 = PCURVE('',#3722,#3811);
#3811 = DEFINITIONAL_REPRESENTATION('',(#3812),#3816);
#3812 = LINE('',#3813,#3814);
#3813 = CARTESIAN_POINT('',(-6.28318530718,-50.8));
#3814 = VECTOR('',#3815,1.);
#3815 = DIRECTION('',(1.,-0.));
#3816 = ( GEOMETRIC_REPRESENTATION_CONTEXT(2) 
PARAMETRIC_REPRESENTATION_CONTEXT() REPRESENTATION_CONTEXT('2D SPACE',''
  ) );
#3817 = ADVANCED_FACE('',(#3818),#2694,.F.);
#3818 = FACE_BOUND('',#3819,.F.);
#3819 = EDGE_LOOP('',(#3820,#3821,#3822,#3823));
#3820 = ORIENTED_EDGE('',*,*,#3151,.F.);
#3821 = ORIENTED_EDGE('',*,*,#3766,.T.);
#3822 = ORIENTED_EDGE('',*,*,#2678,.T.);
#3823 = ORIENTED_EDGE('',*,*,#3824,.F.);
#3824 = EDGE_CURVE('',#3152,#2679,#3825,.T.);
#3825 = SURFACE_CURVE('',#3826,(#3830,#3837),.PCURVE_S1.);
#3826 = LINE('',#3827,#3828);
#3827 = CARTESIAN_POINT('',(65.,31.620613420638,-4.483629393073));
#3828 = VECTOR('',#3829,1.);
#3829 = DIRECTION('',(0.,0.874122710151,0.48570514471));
#3830 = PCURVE('',#2694,#3831);
#3831 = DEFINITIONAL_REPRESENTATION('',(#3832),#3836);
#3832 = LINE('',#3833,#3834);
#3833 = CARTESIAN_POINT('',(0.,65.));
#3834 = VECTOR('',#3835,1.);
#3835 = DIRECTION('',(1.,0.));
#3836 = ( GEOMETRIC_REPRESENTATION_CONTEXT(2) 
PARAMETRIC_REPRESENTATION_CONTEXT() REPRESENTATION_CONTEXT('2D SPACE',''
  ) );
#3837 = PCURVE('',#2722,#3838);
#3838 = DEFINITIONAL_REPRESENTATION('',(#3839),#3843);
#3839 = LINE('',#3840,#3841);
#3840 = CARTESIAN_POINT('',(0.,153.85786437626));
#3841 = VECTOR('',#3842,1.);
#3842 = DIRECTION('',(1.,0.));
#3843 = ( GEOMETRIC_REPRESENTATION_CONTEXT(2) 
PARAMETRIC_REPRESENTATION_CONTEXT() REPRESENTATION_CONTEXT('2D SPACE',''
  ) );
#3844 = ADVANCED_FACE('',(#3845,#3851),#2722,.T.);
#3845 = FACE_BOUND('',#3846,.T.);
#3846 = EDGE_LOOP('',(#3847,#3848,#3849,#3850));
#3847 = ORIENTED_EDGE('',*,*,#2706,.F.);
#3848 = ORIENTED_EDGE('',*,*,#3824,.F.);
#3849 = ORIENTED_EDGE('',*,*,#3174,.F.);
#3850 = ORIENTED_EDGE('',*,*,#3414,.T.);
#3851 = FACE_BOUND('',#3852,.T.);
#3852 = EDGE_LOOP('',(#3853,#3883,#3911,#3939,#3967,#3995));
#3853 = ORIENTED_EDGE('',*,*,#3854,.T.);
#3854 = EDGE_CURVE('',#3855,#3857,#3859,.T.);
#3855 = VERTEX_POINT('',#3856);
#3856 = CARTESIAN_POINT('',(65.,116.8079500191,-139.9859732631));
#3857 = VERTEX_POINT('',#3858);
#3858 = CARTESIAN_POINT('',(65.,118.85503059023,-143.6701006318));
#3859 = SURFACE_CURVE('',#3860,(#3864,#3871),.PCURVE_S1.);
#3860 = LINE('',#3861,#3862);
#3861 = CARTESIAN_POINT('',(65.,116.38318086768,-139.2215169549));
#3862 = VECTOR('',#3863,1.);
#3863 = DIRECTION('',(0.,0.48570514471,-0.874122710151));
#3864 = PCURVE('',#2722,#3865);
#3865 = DEFINITIONAL_REPRESENTATION('',(#3866),#3870);
#3866 = LINE('',#3867,#3868);
#3867 = CARTESIAN_POINT('',(8.65,-5.089198147204));
#3868 = VECTOR('',#3869,1.);
#3869 = DIRECTION('',(-1.110223024625E-16,-1.));
#3870 = ( GEOMETRIC_REPRESENTATION_CONTEXT(2) 
PARAMETRIC_REPRESENTATION_CONTEXT() REPRESENTATION_CONTEXT('2D SPACE',''
  ) );
#3871 = PCURVE('',#3872,#3877);
#3872 = PLANE('',#3873);
#3873 = AXIS2_PLACEMENT_3D('',#3874,#3875,#3876);
#3874 = CARTESIAN_POINT('',(57.,118.85503059023,-143.6701006318));
#3875 = DIRECTION('',(0.,-0.874122710151,-0.48570514471));
#3876 = DIRECTION('',(0.,-0.48570514471,0.874122710151));
#3877 = DEFINITIONAL_REPRESENTATION('',(#3878),#3882);
#3878 = LINE('',#3879,#3880);
#3879 = CARTESIAN_POINT('',(5.089198147204,-8.));
#3880 = VECTOR('',#3881,1.);
#3881 = DIRECTION('',(-1.,0.));
#3882 = ( GEOMETRIC_REPRESENTATION_CONTEXT(2) 
PARAMETRIC_REPRESENTATION_CONTEXT() REPRESENTATION_CONTEXT('2D SPACE',''
  ) );
#3883 = ORIENTED_EDGE('',*,*,#3884,.T.);
#3884 = EDGE_CURVE('',#3857,#3885,#3887,.T.);
#3885 = VERTEX_POINT('',#3886);
#3886 = CARTESIAN_POINT('',(65.,116.68802298374,-147.2849880943));
#3887 = SURFACE_CURVE('',#3888,(#3892,#3899),.PCURVE_S1.);
#3888 = LINE('',#3889,#3890);
#3889 = CARTESIAN_POINT('',(65.,117.15404090251,-146.5076016528));
#3890 = VECTOR('',#3891,1.);
#3891 = DIRECTION('',(0.,-0.514159900661,-0.857694349143));
#3892 = PCURVE('',#2722,#3893);
#3893 = DEFINITIONAL_REPRESENTATION('',(#3894),#3898);
#3894 = LINE('',#3895,#3896);
#3895 = CARTESIAN_POINT('',(5.784937440186,-11.83254093456));
#3896 = VECTOR('',#3897,1.);
#3897 = DIRECTION('',(-0.866025403784,-0.5));
#3898 = ( GEOMETRIC_REPRESENTATION_CONTEXT(2) 
PARAMETRIC_REPRESENTATION_CONTEXT() REPRESENTATION_CONTEXT('2D SPACE',''
  ) );
#3899 = PCURVE('',#3900,#3905);
#3900 = PLANE('',#3901);
#3901 = AXIS2_PLACEMENT_3D('',#3902,#3903,#3904);
#3902 = CARTESIAN_POINT('',(57.,116.68802298374,-147.2849880943));
#3903 = DIRECTION('',(0.,-0.857694349143,0.514159900661));
#3904 = DIRECTION('',(0.,0.514159900661,0.857694349143));
#3905 = DEFINITIONAL_REPRESENTATION('',(#3906),#3910);
#3906 = LINE('',#3907,#3908);
#3907 = CARTESIAN_POINT('',(0.906367684776,-8.));
#3908 = VECTOR('',#3909,1.);
#3909 = DIRECTION('',(-1.,-0.));
#3910 = ( GEOMETRIC_REPRESENTATION_CONTEXT(2) 
PARAMETRIC_REPRESENTATION_CONTEXT() REPRESENTATION_CONTEXT('2D SPACE',''
  ) );
#3911 = ORIENTED_EDGE('',*,*,#3912,.T.);
#3912 = EDGE_CURVE('',#3885,#3913,#3915,.T.);
#3913 = VERTEX_POINT('',#3914);
#3914 = CARTESIAN_POINT('',(65.,112.47393480612,-147.2157481882));
#3915 = SURFACE_CURVE('',#3916,(#3920,#3927),.PCURVE_S1.);
#3916 = LINE('',#3917,#3918);
#3917 = CARTESIAN_POINT('',(65.,109.34519088043,-147.1643411158));
#3918 = VECTOR('',#3919,1.);
#3919 = DIRECTION('',(0.,-0.999865045371,1.642836100767E-02));
#3920 = PCURVE('',#2722,#3921);
#3921 = DEFINITIONAL_REPRESENTATION('',(#3922),#3926);
#3922 = LINE('',#3923,#3924);
#3923 = CARTESIAN_POINT('',(-1.359937440186,-8.613813183829));
#3924 = VECTOR('',#3925,1.);
#3925 = DIRECTION('',(-0.866025403784,0.5));
#3926 = ( GEOMETRIC_REPRESENTATION_CONTEXT(2) 
PARAMETRIC_REPRESENTATION_CONTEXT() REPRESENTATION_CONTEXT('2D SPACE',''
  ) );
#3927 = PCURVE('',#3928,#3933);
#3928 = PLANE('',#3929);
#3929 = AXIS2_PLACEMENT_3D('',#3930,#3931,#3932);
#3930 = CARTESIAN_POINT('',(57.,112.47393480612,-147.2157481882));
#3931 = DIRECTION('',(0.,1.642836100767E-02,0.999865045371));
#3932 = DIRECTION('',(0.,0.999865045371,-1.642836100767E-02));
#3933 = DEFINITIONAL_REPRESENTATION('',(#3934),#3938);
#3934 = LINE('',#3935,#3936);
#3935 = CARTESIAN_POINT('',(-3.129166221156,-8.));
#3936 = VECTOR('',#3937,1.);
#3937 = DIRECTION('',(-1.,0.));
#3938 = ( GEOMETRIC_REPRESENTATION_CONTEXT(2) 
PARAMETRIC_REPRESENTATION_CONTEXT() REPRESENTATION_CONTEXT('2D SPACE',''
  ) );
#3939 = ORIENTED_EDGE('',*,*,#3940,.T.);
#3940 = EDGE_CURVE('',#3913,#3941,#3943,.T.);
#3941 = VERTEX_POINT('',#3942);
#3942 = CARTESIAN_POINT('',(65.,110.42685423499,-143.5316208195));
#3943 = SURFACE_CURVE('',#3944,(#3948,#3955),.PCURVE_S1.);
#3944 = LINE('',#3945,#3946);
#3945 = CARTESIAN_POINT('',(65.,108.97854479801,-140.9251008269));
#3946 = VECTOR('',#3947,1.);
#3947 = DIRECTION('',(0.,-0.48570514471,0.874122710151));
#3948 = PCURVE('',#2722,#3949);
#3949 = DEFINITIONAL_REPRESENTATION('',(#3950),#3954);
#3950 = LINE('',#3951,#3952);
#3951 = CARTESIAN_POINT('',(1.35,-2.981869664662));
#3952 = VECTOR('',#3953,1.);
#3953 = DIRECTION('',(6.661338147751E-16,1.));
#3954 = ( GEOMETRIC_REPRESENTATION_CONTEXT(2) 
PARAMETRIC_REPRESENTATION_CONTEXT() REPRESENTATION_CONTEXT('2D SPACE',''
  ) );
#3955 = PCURVE('',#3956,#3961);
#3956 = PLANE('',#3957);
#3957 = AXIS2_PLACEMENT_3D('',#3958,#3959,#3960);
#3958 = CARTESIAN_POINT('',(57.,110.42685423499,-143.5316208195));
#3959 = DIRECTION('',(0.,0.874122710151,0.48570514471));
#3960 = DIRECTION('',(0.,0.48570514471,-0.874122710151));
#3961 = DEFINITIONAL_REPRESENTATION('',(#3962),#3966);
#3962 = LINE('',#3963,#3964);
#3963 = CARTESIAN_POINT('',(-2.981869664662,-8.));
#3964 = VECTOR('',#3965,1.);
#3965 = DIRECTION('',(-1.,-0.));
#3966 = ( GEOMETRIC_REPRESENTATION_CONTEXT(2) 
PARAMETRIC_REPRESENTATION_CONTEXT() REPRESENTATION_CONTEXT('2D SPACE',''
  ) );
#3967 = ORIENTED_EDGE('',*,*,#3968,.T.);
#3968 = EDGE_CURVE('',#3941,#3969,#3971,.T.);
#3969 = VERTEX_POINT('',#3970);
#3970 = CARTESIAN_POINT('',(65.,112.59386184148,-139.916733357));
#3971 = SURFACE_CURVE('',#3972,(#3976,#3983),.PCURVE_S1.);
#3972 = LINE('',#3973,#3974);
#3973 = CARTESIAN_POINT('',(65.,111.976375957,-140.9467906468));
#3974 = VECTOR('',#3975,1.);
#3975 = DIRECTION('',(0.,0.514159900661,0.857694349143));
#3976 = PCURVE('',#2722,#3977);
#3977 = DEFINITIONAL_REPRESENTATION('',(#3978),#3982);
#3978 = LINE('',#3979,#3980);
#3979 = CARTESIAN_POINT('',(3.959937440186,-4.456891245664));
#3980 = VECTOR('',#3981,1.);
#3981 = DIRECTION('',(0.866025403784,0.5));
#3982 = ( GEOMETRIC_REPRESENTATION_CONTEXT(2) 
PARAMETRIC_REPRESENTATION_CONTEXT() REPRESENTATION_CONTEXT('2D SPACE',''
  ) );
#3983 = PCURVE('',#3984,#3989);
#3984 = PLANE('',#3985);
#3985 = AXIS2_PLACEMENT_3D('',#3986,#3987,#3988);
#3986 = CARTESIAN_POINT('',(57.,112.59386184148,-139.916733357));
#3987 = DIRECTION('',(0.,0.857694349143,-0.514159900661));
#3988 = DIRECTION('',(0.,-0.514159900661,-0.857694349143));
#3989 = DEFINITIONAL_REPRESENTATION('',(#3990),#3994);
#3990 = LINE('',#3991,#3992);
#3991 = CARTESIAN_POINT('',(1.200960797766,-8.));
#3992 = VECTOR('',#3993,1.);
#3993 = DIRECTION('',(-1.,0.));
#3994 = ( GEOMETRIC_REPRESENTATION_CONTEXT(2) 
PARAMETRIC_REPRESENTATION_CONTEXT() REPRESENTATION_CONTEXT('2D SPACE',''
  ) );
#3995 = ORIENTED_EDGE('',*,*,#3996,.T.);
#3996 = EDGE_CURVE('',#3969,#3855,#3997,.T.);
#3997 = SURFACE_CURVE('',#3998,(#4002,#4009),.PCURVE_S1.);
#3998 = LINE('',#3999,#4000);
#3999 = CARTESIAN_POINT('',(65.,111.5721620046,-139.8999462377));
#4000 = VECTOR('',#4001,1.);
#4001 = DIRECTION('',(0.,0.999865045371,-1.642836100767E-02));
#4002 = PCURVE('',#2722,#4003);
#4003 = DEFINITIONAL_REPRESENTATION('',(#4004),#4008);
#4004 = LINE('',#4005,#4006);
#4005 = CARTESIAN_POINT('',(4.115062559814,-3.345491977474));
#4006 = VECTOR('',#4007,1.);
#4007 = DIRECTION('',(0.866025403784,-0.5));
#4008 = ( GEOMETRIC_REPRESENTATION_CONTEXT(2) 
PARAMETRIC_REPRESENTATION_CONTEXT() REPRESENTATION_CONTEXT('2D SPACE',''
  ) );
#4009 = PCURVE('',#4010,#4015);
#4010 = PLANE('',#4011);
#4011 = AXIS2_PLACEMENT_3D('',#4012,#4013,#4014);
#4012 = CARTESIAN_POINT('',(57.,116.8079500191,-139.9859732631));
#4013 = DIRECTION('',(0.,-1.642836100767E-02,-0.999865045371));
#4014 = DIRECTION('',(0.,-0.999865045371,1.642836100767E-02));
#4015 = DEFINITIONAL_REPRESENTATION('',(#4016),#4020);
#4016 = LINE('',#4017,#4018);
#4017 = CARTESIAN_POINT('',(5.236494703699,-8.));
#4018 = VECTOR('',#4019,1.);
#4019 = DIRECTION('',(-1.,0.));
#4020 = ( GEOMETRIC_REPRESENTATION_CONTEXT(2) 
PARAMETRIC_REPRESENTATION_CONTEXT() REPRESENTATION_CONTEXT('2D SPACE',''
  ) );
#4021 = ADVANCED_FACE('',(#4022),#2776,.F.);
#4022 = FACE_BOUND('',#4023,.T.);
#4023 = EDGE_LOOP('',(#4024,#4045,#4046,#4067));
#4024 = ORIENTED_EDGE('',*,*,#4025,.F.);
#4025 = EDGE_CURVE('',#3223,#2760,#4026,.T.);
#4026 = SURFACE_CURVE('',#4027,(#4031,#4038),.PCURVE_S1.);
#4027 = LINE('',#4028,#4029);
#4028 = CARTESIAN_POINT('',(55.,38.517773025852,-18.9552979002));
#4029 = VECTOR('',#4030,1.);
#4030 = DIRECTION('',(0.,0.874122710151,0.48570514471));
#4031 = PCURVE('',#2776,#4032);
#4032 = DEFINITIONAL_REPRESENTATION('',(#4033),#4037);
#4033 = LINE('',#4034,#4035);
#4034 = CARTESIAN_POINT('',(-0.,0.));
#4035 = VECTOR('',#4036,1.);
#4036 = DIRECTION('',(-0.,1.));
#4037 = ( GEOMETRIC_REPRESENTATION_CONTEXT(2) 
PARAMETRIC_REPRESENTATION_CONTEXT() REPRESENTATION_CONTEXT('2D SPACE',''
  ) );
#4038 = PCURVE('',#2973,#4039);
#4039 = DEFINITIONAL_REPRESENTATION('',(#4040),#4044);
#4040 = LINE('',#4041,#4042);
#4041 = CARTESIAN_POINT('',(3.10862446895E-15,-6.));
#4042 = VECTOR('',#4043,1.);
#4043 = DIRECTION('',(1.,0.));
#4044 = ( GEOMETRIC_REPRESENTATION_CONTEXT(2) 
PARAMETRIC_REPRESENTATION_CONTEXT() REPRESENTATION_CONTEXT('2D SPACE',''
  ) );
#4045 = ORIENTED_EDGE('',*,*,#3220,.F.);
#4046 = ORIENTED_EDGE('',*,*,#4047,.T.);
#4047 = EDGE_CURVE('',#3221,#2758,#4048,.T.);
#4048 = SURFACE_CURVE('',#4049,(#4053,#4060),.PCURVE_S1.);
#4049 = LINE('',#4050,#4051);
#4050 = CARTESIAN_POINT('',(49.,35.60354215759,-13.71056163929));
#4051 = VECTOR('',#4052,1.);
#4052 = DIRECTION('',(0.,0.874122710151,0.48570514471));
#4053 = PCURVE('',#2776,#4054);
#4054 = DEFINITIONAL_REPRESENTATION('',(#4055),#4059);
#4055 = LINE('',#4056,#4057);
#4056 = CARTESIAN_POINT('',(-1.570796326795,0.));
#4057 = VECTOR('',#4058,1.);
#4058 = DIRECTION('',(-0.,1.));
#4059 = ( GEOMETRIC_REPRESENTATION_CONTEXT(2) 
PARAMETRIC_REPRESENTATION_CONTEXT() REPRESENTATION_CONTEXT('2D SPACE',''
  ) );
#4060 = PCURVE('',#2804,#4061);
#4061 = DEFINITIONAL_REPRESENTATION('',(#4062),#4066);
#4062 = LINE('',#4063,#4064);
#4063 = CARTESIAN_POINT('',(0.,39.));
#4064 = VECTOR('',#4065,1.);
#4065 = DIRECTION('',(1.,0.));
#4066 = ( GEOMETRIC_REPRESENTATION_CONTEXT(2) 
PARAMETRIC_REPRESENTATION_CONTEXT() REPRESENTATION_CONTEXT('2D SPACE',''
  ) );
#4067 = ORIENTED_EDGE('',*,*,#2757,.T.);
#4068 = ADVANCED_FACE('',(#4069),#2804,.T.);
#4069 = FACE_BOUND('',#4070,.T.);
#4070 = EDGE_LOOP('',(#4071,#4072,#4093,#4094));
#4071 = ORIENTED_EDGE('',*,*,#3246,.T.);
#4072 = ORIENTED_EDGE('',*,*,#4073,.T.);
#4073 = EDGE_CURVE('',#3247,#2789,#4074,.T.);
#4074 = SURFACE_CURVE('',#4075,(#4079,#4086),.PCURVE_S1.);
#4075 = LINE('',#4076,#4077);
#4076 = CARTESIAN_POINT('',(16.,35.60354215759,-13.71056163929));
#4077 = VECTOR('',#4078,1.);
#4078 = DIRECTION('',(0.,0.874122710151,0.48570514471));
#4079 = PCURVE('',#2804,#4080);
#4080 = DEFINITIONAL_REPRESENTATION('',(#4081),#4085);
#4081 = LINE('',#4082,#4083);
#4082 = CARTESIAN_POINT('',(0.,6.));
#4083 = VECTOR('',#4084,1.);
#4084 = DIRECTION('',(1.,0.));
#4085 = ( GEOMETRIC_REPRESENTATION_CONTEXT(2) 
PARAMETRIC_REPRESENTATION_CONTEXT() REPRESENTATION_CONTEXT('2D SPACE',''
  ) );
#4086 = PCURVE('',#2833,#4087);
#4087 = DEFINITIONAL_REPRESENTATION('',(#4088),#4092);
#4088 = LINE('',#4089,#4090);
#4089 = CARTESIAN_POINT('',(1.570796326795,0.));
#4090 = VECTOR('',#4091,1.);
#4091 = DIRECTION('',(0.,1.));
#4092 = ( GEOMETRIC_REPRESENTATION_CONTEXT(2) 
PARAMETRIC_REPRESENTATION_CONTEXT() REPRESENTATION_CONTEXT('2D SPACE',''
  ) );
#4093 = ORIENTED_EDGE('',*,*,#2788,.F.);
#4094 = ORIENTED_EDGE('',*,*,#4047,.F.);
#4095 = ADVANCED_FACE('',(#4096),#2833,.F.);
#4096 = FACE_BOUND('',#4097,.F.);
#4097 = EDGE_LOOP('',(#4098,#4119,#4120,#4121));
#4098 = ORIENTED_EDGE('',*,*,#4099,.F.);
#4099 = EDGE_CURVE('',#3270,#2817,#4100,.T.);
#4100 = SURFACE_CURVE('',#4101,(#4105,#4112),.PCURVE_S1.);
#4101 = LINE('',#4102,#4103);
#4102 = CARTESIAN_POINT('',(10.,38.517773025852,-18.9552979002));
#4103 = VECTOR('',#4104,1.);
#4104 = DIRECTION('',(0.,0.874122710151,0.48570514471));
#4105 = PCURVE('',#2833,#4106);
#4106 = DEFINITIONAL_REPRESENTATION('',(#4107),#4111);
#4107 = LINE('',#4108,#4109);
#4108 = CARTESIAN_POINT('',(0.,0.));
#4109 = VECTOR('',#4110,1.);
#4110 = DIRECTION('',(0.,1.));
#4111 = ( GEOMETRIC_REPRESENTATION_CONTEXT(2) 
PARAMETRIC_REPRESENTATION_CONTEXT() REPRESENTATION_CONTEXT('2D SPACE',''
  ) );
#4112 = PCURVE('',#2861,#4113);
#4113 = DEFINITIONAL_REPRESENTATION('',(#4114),#4118);
#4114 = LINE('',#4115,#4116);
#4115 = CARTESIAN_POINT('',(3.10862446895E-15,-6.));
#4116 = VECTOR('',#4117,1.);
#4117 = DIRECTION('',(1.,0.));
#4118 = ( GEOMETRIC_REPRESENTATION_CONTEXT(2) 
PARAMETRIC_REPRESENTATION_CONTEXT() REPRESENTATION_CONTEXT('2D SPACE',''
  ) );
#4119 = ORIENTED_EDGE('',*,*,#3269,.T.);
#4120 = ORIENTED_EDGE('',*,*,#4073,.T.);
#4121 = ORIENTED_EDGE('',*,*,#2816,.F.);
#4122 = ADVANCED_FACE('',(#4123),#2861,.T.);
#4123 = FACE_BOUND('',#4124,.T.);
#4124 = EDGE_LOOP('',(#4125,#4126,#4127,#4128));
#4125 = ORIENTED_EDGE('',*,*,#2845,.F.);
#4126 = ORIENTED_EDGE('',*,*,#4099,.F.);
#4127 = ORIENTED_EDGE('',*,*,#3293,.T.);
#4128 = ORIENTED_EDGE('',*,*,#4129,.T.);
#4129 = EDGE_CURVE('',#3294,#2846,#4130,.T.);
#4130 = SURFACE_CURVE('',#4131,(#4135,#4142),.PCURVE_S1.);
#4131 = LINE('',#4132,#4133);
#4132 = CARTESIAN_POINT('',(10.,97.704764676813,-125.474024562));
#4133 = VECTOR('',#4134,1.);
#4134 = DIRECTION('',(0.,0.874122710151,0.48570514471));
#4135 = PCURVE('',#2861,#4136);
#4136 = DEFINITIONAL_REPRESENTATION('',(#4137),#4141);
#4137 = LINE('',#4138,#4139);
#4138 = CARTESIAN_POINT('',(0.,-127.8578643762));
#4139 = VECTOR('',#4140,1.);
#4140 = DIRECTION('',(1.,0.));
#4141 = ( GEOMETRIC_REPRESENTATION_CONTEXT(2) 
PARAMETRIC_REPRESENTATION_CONTEXT() REPRESENTATION_CONTEXT('2D SPACE',''
  ) );
#4142 = PCURVE('',#2890,#4143);
#4143 = DEFINITIONAL_REPRESENTATION('',(#4144),#4148);
#4144 = LINE('',#4145,#4146);
#4145 = CARTESIAN_POINT('',(-0.,0.));
#4146 = VECTOR('',#4147,1.);
#4147 = DIRECTION('',(-0.,1.));
#4148 = ( GEOMETRIC_REPRESENTATION_CONTEXT(2) 
PARAMETRIC_REPRESENTATION_CONTEXT() REPRESENTATION_CONTEXT('2D SPACE',''
  ) );
#4149 = ADVANCED_FACE('',(#4150),#2890,.F.);
#4150 = FACE_BOUND('',#4151,.T.);
#4151 = EDGE_LOOP('',(#4152,#4153,#4154,#4175));
#4152 = ORIENTED_EDGE('',*,*,#4129,.F.);
#4153 = ORIENTED_EDGE('',*,*,#3316,.F.);
#4154 = ORIENTED_EDGE('',*,*,#4155,.T.);
#4155 = EDGE_CURVE('',#3317,#2874,#4156,.T.);
#4156 = SURFACE_CURVE('',#4157,(#4161,#4168),.PCURVE_S1.);
#4157 = LINE('',#4158,#4159);
#4158 = CARTESIAN_POINT('',(16.,100.61899554507,-130.7187608229));
#4159 = VECTOR('',#4160,1.);
#4160 = DIRECTION('',(0.,0.874122710151,0.48570514471));
#4161 = PCURVE('',#2890,#4162);
#4162 = DEFINITIONAL_REPRESENTATION('',(#4163),#4167);
#4163 = LINE('',#4164,#4165);
#4164 = CARTESIAN_POINT('',(-1.570796326795,0.));
#4165 = VECTOR('',#4166,1.);
#4166 = DIRECTION('',(-0.,1.));
#4167 = ( GEOMETRIC_REPRESENTATION_CONTEXT(2) 
PARAMETRIC_REPRESENTATION_CONTEXT() REPRESENTATION_CONTEXT('2D SPACE',''
  ) );
#4168 = PCURVE('',#2918,#4169);
#4169 = DEFINITIONAL_REPRESENTATION('',(#4170),#4174);
#4170 = LINE('',#4171,#4172);
#4171 = CARTESIAN_POINT('',(0.,6.));
#4172 = VECTOR('',#4173,1.);
#4173 = DIRECTION('',(1.,0.));
#4174 = ( GEOMETRIC_REPRESENTATION_CONTEXT(2) 
PARAMETRIC_REPRESENTATION_CONTEXT() REPRESENTATION_CONTEXT('2D SPACE',''
  ) );
#4175 = ORIENTED_EDGE('',*,*,#2873,.T.);
#4176 = ADVANCED_FACE('',(#4177),#2918,.F.);
#4177 = FACE_BOUND('',#4178,.F.);
#4178 = EDGE_LOOP('',(#4179,#4180,#4181,#4182));
#4179 = ORIENTED_EDGE('',*,*,#3340,.T.);
#4180 = ORIENTED_EDGE('',*,*,#4155,.T.);
#4181 = ORIENTED_EDGE('',*,*,#2902,.F.);
#4182 = ORIENTED_EDGE('',*,*,#4183,.F.);
#4183 = EDGE_CURVE('',#3341,#2903,#4184,.T.);
#4184 = SURFACE_CURVE('',#4185,(#4189,#4196),.PCURVE_S1.);
#4185 = LINE('',#4186,#4187);
#4186 = CARTESIAN_POINT('',(49.,100.61899554507,-130.7187608229));
#4187 = VECTOR('',#4188,1.);
#4188 = DIRECTION('',(0.,0.874122710151,0.48570514471));
#4189 = PCURVE('',#2918,#4190);
#4190 = DEFINITIONAL_REPRESENTATION('',(#4191),#4195);
#4191 = LINE('',#4192,#4193);
#4192 = CARTESIAN_POINT('',(0.,39.));
#4193 = VECTOR('',#4194,1.);
#4194 = DIRECTION('',(1.,0.));
#4195 = ( GEOMETRIC_REPRESENTATION_CONTEXT(2) 
PARAMETRIC_REPRESENTATION_CONTEXT() REPRESENTATION_CONTEXT('2D SPACE',''
  ) );
#4196 = PCURVE('',#2947,#4197);
#4197 = DEFINITIONAL_REPRESENTATION('',(#4198),#4202);
#4198 = LINE('',#4199,#4200);
#4199 = CARTESIAN_POINT('',(1.570796326795,0.));
#4200 = VECTOR('',#4201,1.);
#4201 = DIRECTION('',(0.,1.));
#4202 = ( GEOMETRIC_REPRESENTATION_CONTEXT(2) 
PARAMETRIC_REPRESENTATION_CONTEXT() REPRESENTATION_CONTEXT('2D SPACE',''
  ) );
#4203 = ADVANCED_FACE('',(#4204),#2947,.F.);
#4204 = FACE_BOUND('',#4205,.F.);
#4205 = EDGE_LOOP('',(#4206,#4227,#4228,#4229));
#4206 = ORIENTED_EDGE('',*,*,#4207,.F.);
#4207 = EDGE_CURVE('',#3364,#2931,#4208,.T.);
#4208 = SURFACE_CURVE('',#4209,(#4213,#4220),.PCURVE_S1.);
#4209 = LINE('',#4210,#4211);
#4210 = CARTESIAN_POINT('',(55.,97.704764676813,-125.474024562));
#4211 = VECTOR('',#4212,1.);
#4212 = DIRECTION('',(0.,0.874122710151,0.48570514471));
#4213 = PCURVE('',#2947,#4214);
#4214 = DEFINITIONAL_REPRESENTATION('',(#4215),#4219);
#4215 = LINE('',#4216,#4217);
#4216 = CARTESIAN_POINT('',(0.,0.));
#4217 = VECTOR('',#4218,1.);
#4218 = DIRECTION('',(0.,1.));
#4219 = ( GEOMETRIC_REPRESENTATION_CONTEXT(2) 
PARAMETRIC_REPRESENTATION_CONTEXT() REPRESENTATION_CONTEXT('2D SPACE',''
  ) );
#4220 = PCURVE('',#2973,#4221);
#4221 = DEFINITIONAL_REPRESENTATION('',(#4222),#4226);
#4222 = LINE('',#4223,#4224);
#4223 = CARTESIAN_POINT('',(0.,-127.8578643762));
#4224 = VECTOR('',#4225,1.);
#4225 = DIRECTION('',(1.,0.));
#4226 = ( GEOMETRIC_REPRESENTATION_CONTEXT(2) 
PARAMETRIC_REPRESENTATION_CONTEXT() REPRESENTATION_CONTEXT('2D SPACE',''
  ) );
#4227 = ORIENTED_EDGE('',*,*,#3363,.T.);
#4228 = ORIENTED_EDGE('',*,*,#4183,.T.);
#4229 = ORIENTED_EDGE('',*,*,#2930,.F.);
#4230 = ADVANCED_FACE('',(#4231),#2973,.F.);
#4231 = FACE_BOUND('',#4232,.F.);
#4232 = EDGE_LOOP('',(#4233,#4234,#4235,#4236));
#4233 = ORIENTED_EDGE('',*,*,#2959,.F.);
#4234 = ORIENTED_EDGE('',*,*,#4025,.F.);
#4235 = ORIENTED_EDGE('',*,*,#3387,.T.);
#4236 = ORIENTED_EDGE('',*,*,#4207,.T.);
#4237 = ADVANCED_FACE('',(#4238,#4378),#3478,.T.);
#4238 = FACE_BOUND('',#4239,.T.);
#4239 = EDGE_LOOP('',(#4240,#4265,#4288,#4311,#4334,#4357));
#4240 = ORIENTED_EDGE('',*,*,#4241,.T.);
#4241 = EDGE_CURVE('',#4242,#4244,#4246,.T.);
#4242 = VERTEX_POINT('',#4243);
#4243 = CARTESIAN_POINT('',(57.,116.68802298374,-147.2849880943));
#4244 = VERTEX_POINT('',#4245);
#4245 = CARTESIAN_POINT('',(57.,118.85503059023,-143.6701006318));
#4246 = SURFACE_CURVE('',#4247,(#4251,#4258),.PCURVE_S1.);
#4247 = LINE('',#4248,#4249);
#4248 = CARTESIAN_POINT('',(57.,116.68802298374,-147.2849880943));
#4249 = VECTOR('',#4250,1.);
#4250 = DIRECTION('',(0.,0.514159900661,0.857694349143));
#4251 = PCURVE('',#3478,#4252);
#4252 = DEFINITIONAL_REPRESENTATION('',(#4253),#4257);
#4253 = LINE('',#4254,#4255);
#4254 = CARTESIAN_POINT('',(-2.6645352591E-15,-4.214656965084));
#4255 = VECTOR('',#4256,1.);
#4256 = DIRECTION('',(0.866025403784,0.5));
#4257 = ( GEOMETRIC_REPRESENTATION_CONTEXT(2) 
PARAMETRIC_REPRESENTATION_CONTEXT() REPRESENTATION_CONTEXT('2D SPACE',''
  ) );
#4258 = PCURVE('',#3900,#4259);
#4259 = DEFINITIONAL_REPRESENTATION('',(#4260),#4264);
#4260 = LINE('',#4261,#4262);
#4261 = CARTESIAN_POINT('',(0.,0.));
#4262 = VECTOR('',#4263,1.);
#4263 = DIRECTION('',(1.,0.));
#4264 = ( GEOMETRIC_REPRESENTATION_CONTEXT(2) 
PARAMETRIC_REPRESENTATION_CONTEXT() REPRESENTATION_CONTEXT('2D SPACE',''
  ) );
#4265 = ORIENTED_EDGE('',*,*,#4266,.T.);
#4266 = EDGE_CURVE('',#4244,#4267,#4269,.T.);
#4267 = VERTEX_POINT('',#4268);
#4268 = CARTESIAN_POINT('',(57.,116.8079500191,-139.9859732631));
#4269 = SURFACE_CURVE('',#4270,(#4274,#4281),.PCURVE_S1.);
#4270 = LINE('',#4271,#4272);
#4271 = CARTESIAN_POINT('',(57.,118.85503059023,-143.6701006318));
#4272 = VECTOR('',#4273,1.);
#4273 = DIRECTION('',(0.,-0.48570514471,0.874122710151));
#4274 = PCURVE('',#3478,#4275);
#4275 = DEFINITIONAL_REPRESENTATION('',(#4276),#4280);
#4276 = LINE('',#4277,#4278);
#4277 = CARTESIAN_POINT('',(3.65,-2.107328482542));
#4278 = VECTOR('',#4279,1.);
#4279 = DIRECTION('',(1.110223024625E-16,1.));
#4280 = ( GEOMETRIC_REPRESENTATION_CONTEXT(2) 
PARAMETRIC_REPRESENTATION_CONTEXT() REPRESENTATION_CONTEXT('2D SPACE',''
  ) );
#4281 = PCURVE('',#3872,#4282);
#4282 = DEFINITIONAL_REPRESENTATION('',(#4283),#4287);
#4283 = LINE('',#4284,#4285);
#4284 = CARTESIAN_POINT('',(0.,0.));
#4285 = VECTOR('',#4286,1.);
#4286 = DIRECTION('',(1.,0.));
#4287 = ( GEOMETRIC_REPRESENTATION_CONTEXT(2) 
PARAMETRIC_REPRESENTATION_CONTEXT() REPRESENTATION_CONTEXT('2D SPACE',''
  ) );
#4288 = ORIENTED_EDGE('',*,*,#4289,.T.);
#4289 = EDGE_CURVE('',#4267,#4290,#4292,.T.);
#4290 = VERTEX_POINT('',#4291);
#4291 = CARTESIAN_POINT('',(57.,112.59386184148,-139.916733357));
#4292 = SURFACE_CURVE('',#4293,(#4297,#4304),.PCURVE_S1.);
#4293 = LINE('',#4294,#4295);
#4294 = CARTESIAN_POINT('',(57.,116.8079500191,-139.9859732631));
#4295 = VECTOR('',#4296,1.);
#4296 = DIRECTION('',(0.,-0.999865045371,1.642836100767E-02));
#4297 = PCURVE('',#3478,#4298);
#4298 = DEFINITIONAL_REPRESENTATION('',(#4299),#4303);
#4299 = LINE('',#4300,#4301);
#4300 = CARTESIAN_POINT('',(3.65,2.107328482542));
#4301 = VECTOR('',#4302,1.);
#4302 = DIRECTION('',(-0.866025403784,0.5));
#4303 = ( GEOMETRIC_REPRESENTATION_CONTEXT(2) 
PARAMETRIC_REPRESENTATION_CONTEXT() REPRESENTATION_CONTEXT('2D SPACE',''
  ) );
#4304 = PCURVE('',#4010,#4305);
#4305 = DEFINITIONAL_REPRESENTATION('',(#4306),#4310);
#4306 = LINE('',#4307,#4308);
#4307 = CARTESIAN_POINT('',(0.,0.));
#4308 = VECTOR('',#4309,1.);
#4309 = DIRECTION('',(1.,-0.));
#4310 = ( GEOMETRIC_REPRESENTATION_CONTEXT(2) 
PARAMETRIC_REPRESENTATION_CONTEXT() REPRESENTATION_CONTEXT('2D SPACE',''
  ) );
#4311 = ORIENTED_EDGE('',*,*,#4312,.T.);
#4312 = EDGE_CURVE('',#4290,#4313,#4315,.T.);
#4313 = VERTEX_POINT('',#4314);
#4314 = CARTESIAN_POINT('',(57.,110.42685423499,-143.5316208195));
#4315 = SURFACE_CURVE('',#4316,(#4320,#4327),.PCURVE_S1.);
#4316 = LINE('',#4317,#4318);
#4317 = CARTESIAN_POINT('',(57.,112.59386184148,-139.916733357));
#4318 = VECTOR('',#4319,1.);
#4319 = DIRECTION('',(0.,-0.514159900661,-0.857694349143));
#4320 = PCURVE('',#3478,#4321);
#4321 = DEFINITIONAL_REPRESENTATION('',(#4322),#4326);
#4322 = LINE('',#4323,#4324);
#4323 = CARTESIAN_POINT('',(-1.110223024625E-14,4.214656965084));
#4324 = VECTOR('',#4325,1.);
#4325 = DIRECTION('',(-0.866025403784,-0.5));
#4326 = ( GEOMETRIC_REPRESENTATION_CONTEXT(2) 
PARAMETRIC_REPRESENTATION_CONTEXT() REPRESENTATION_CONTEXT('2D SPACE',''
  ) );
#4327 = PCURVE('',#3984,#4328);
#4328 = DEFINITIONAL_REPRESENTATION('',(#4329),#4333);
#4329 = LINE('',#4330,#4331);
#4330 = CARTESIAN_POINT('',(0.,0.));
#4331 = VECTOR('',#4332,1.);
#4332 = DIRECTION('',(1.,0.));
#4333 = ( GEOMETRIC_REPRESENTATION_CONTEXT(2) 
PARAMETRIC_REPRESENTATION_CONTEXT() REPRESENTATION_CONTEXT('2D SPACE',''
  ) );
#4334 = ORIENTED_EDGE('',*,*,#4335,.T.);
#4335 = EDGE_CURVE('',#4313,#4336,#4338,.T.);
#4336 = VERTEX_POINT('',#4337);
#4337 = CARTESIAN_POINT('',(57.,112.47393480612,-147.2157481882));
#4338 = SURFACE_CURVE('',#4339,(#4343,#4350),.PCURVE_S1.);
#4339 = LINE('',#4340,#4341);
#4340 = CARTESIAN_POINT('',(57.,110.42685423499,-143.5316208195));
#4341 = VECTOR('',#4342,1.);
#4342 = DIRECTION('',(0.,0.48570514471,-0.874122710151));
#4343 = PCURVE('',#3478,#4344);
#4344 = DEFINITIONAL_REPRESENTATION('',(#4345),#4349);
#4345 = LINE('',#4346,#4347);
#4346 = CARTESIAN_POINT('',(-3.65,2.107328482542));
#4347 = VECTOR('',#4348,1.);
#4348 = DIRECTION('',(-6.661338147751E-16,-1.));
#4349 = ( GEOMETRIC_REPRESENTATION_CONTEXT(2) 
PARAMETRIC_REPRESENTATION_CONTEXT() REPRESENTATION_CONTEXT('2D SPACE',''
  ) );
#4350 = PCURVE('',#3956,#4351);
#4351 = DEFINITIONAL_REPRESENTATION('',(#4352),#4356);
#4352 = LINE('',#4353,#4354);
#4353 = CARTESIAN_POINT('',(0.,0.));
#4354 = VECTOR('',#4355,1.);
#4355 = DIRECTION('',(1.,0.));
#4356 = ( GEOMETRIC_REPRESENTATION_CONTEXT(2) 
PARAMETRIC_REPRESENTATION_CONTEXT() REPRESENTATION_CONTEXT('2D SPACE',''
  ) );
#4357 = ORIENTED_EDGE('',*,*,#4358,.T.);
#4358 = EDGE_CURVE('',#4336,#4242,#4359,.T.);
#4359 = SURFACE_CURVE('',#4360,(#4364,#4371),.PCURVE_S1.);
#4360 = LINE('',#4361,#4362);
#4361 = CARTESIAN_POINT('',(57.,112.47393480612,-147.2157481882));
#4362 = VECTOR('',#4363,1.);
#4363 = DIRECTION('',(0.,0.999865045371,-1.642836100767E-02));
#4364 = PCURVE('',#3478,#4365);
#4365 = DEFINITIONAL_REPRESENTATION('',(#4366),#4370);
#4366 = LINE('',#4367,#4368);
#4367 = CARTESIAN_POINT('',(-3.65,-2.107328482542));
#4368 = VECTOR('',#4369,1.);
#4369 = DIRECTION('',(0.866025403784,-0.5));
#4370 = ( GEOMETRIC_REPRESENTATION_CONTEXT(2) 
PARAMETRIC_REPRESENTATION_CONTEXT() REPRESENTATION_CONTEXT('2D SPACE',''
  ) );
#4371 = PCURVE('',#3928,#4372);
#4372 = DEFINITIONAL_REPRESENTATION('',(#4373),#4377);
#4373 = LINE('',#4374,#4375);
#4374 = CARTESIAN_POINT('',(0.,0.));
#4375 = VECTOR('',#4376,1.);
#4376 = DIRECTION('',(1.,0.));
#4377 = ( GEOMETRIC_REPRESENTATION_CONTEXT(2) 
PARAMETRIC_REPRESENTATION_CONTEXT() REPRESENTATION_CONTEXT('2D SPACE',''
  ) );
#4378 = FACE_BOUND('',#4379,.T.);
#4379 = EDGE_LOOP('',(#4380));
#4380 = ORIENTED_EDGE('',*,*,#3463,.T.);
#4381 = ADVANCED_FACE('',(#4382),#3544,.F.);
#4382 = FACE_BOUND('',#4383,.T.);
#4383 = EDGE_LOOP('',(#4384,#4417,#4438,#4439));
#4384 = ORIENTED_EDGE('',*,*,#4385,.T.);
#4385 = EDGE_CURVE('',#4386,#4386,#4388,.T.);
#4386 = VERTEX_POINT('',#4387);
#4387 = CARTESIAN_POINT('',(7.,115.70949373097,-145.523930688));
#4388 = SURFACE_CURVE('',#4389,(#4394,#4401),.PCURVE_S1.);
#4389 = CIRCLE('',#4390,2.2);
#4390 = AXIS2_PLACEMENT_3D('',#4391,#4392,#4393);
#4391 = CARTESIAN_POINT('',(7.,114.64094241261,-143.6008607256));
#4392 = DIRECTION('',(-1.,0.,-0.));
#4393 = DIRECTION('',(0.,0.48570514471,-0.874122710151));
#4394 = PCURVE('',#3544,#4395);
#4395 = DEFINITIONAL_REPRESENTATION('',(#4396),#4400);
#4396 = LINE('',#4397,#4398);
#4397 = CARTESIAN_POINT('',(-6.28318530718,-8.));
#4398 = VECTOR('',#4399,1.);
#4399 = DIRECTION('',(1.,-0.));
#4400 = ( GEOMETRIC_REPRESENTATION_CONTEXT(2) 
PARAMETRIC_REPRESENTATION_CONTEXT() REPRESENTATION_CONTEXT('2D SPACE',''
  ) );
#4401 = PCURVE('',#4402,#4407);
#4402 = PLANE('',#4403);
#4403 = AXIS2_PLACEMENT_3D('',#4404,#4405,#4406);
#4404 = CARTESIAN_POINT('',(7.,114.64094241261,-143.6008607256));
#4405 = DIRECTION('',(1.,0.,0.));
#4406 = DIRECTION('',(0.,0.874122710151,0.48570514471));
#4407 = DEFINITIONAL_REPRESENTATION('',(#4408),#4416);
#4408 = ( BOUNDED_CURVE() B_SPLINE_CURVE(2,(#4409,#4410,#4411,#4412,
#4413,#4414,#4415),.UNSPECIFIED.,.T.,.F.) B_SPLINE_CURVE_WITH_KNOTS((1,2
    ,2,2,2,1),(-2.094395102393,0.,2.094395102393,4.188790204786,
6.28318530718,8.377580409573),.UNSPECIFIED.) CURVE() 
GEOMETRIC_REPRESENTATION_ITEM() RATIONAL_B_SPLINE_CURVE((1.,0.5,1.,0.5,
1.,0.5,1.)) REPRESENTATION_ITEM('') );
#4409 = CARTESIAN_POINT('',(0.,-2.2));
#4410 = CARTESIAN_POINT('',(-3.810511776652,-2.2));
#4411 = CARTESIAN_POINT('',(-1.905255888326,1.1));
#4412 = CARTESIAN_POINT('',(-5.388445916248E-16,4.4));
#4413 = CARTESIAN_POINT('',(1.905255888326,1.1));
#4414 = CARTESIAN_POINT('',(3.810511776652,-2.2));
#4415 = CARTESIAN_POINT('',(0.,-2.2));
#4416 = ( GEOMETRIC_REPRESENTATION_CONTEXT(2) 
PARAMETRIC_REPRESENTATION_CONTEXT() REPRESENTATION_CONTEXT('2D SPACE',''
  ) );
#4417 = ORIENTED_EDGE('',*,*,#4418,.T.);
#4418 = EDGE_CURVE('',#4386,#3524,#4419,.T.);
#4419 = SEAM_CURVE('',#4420,(#4424,#4431),.PCURVE_S1.);
#4420 = LINE('',#4421,#4422);
#4421 = CARTESIAN_POINT('',(-1.,115.70949373097,-145.523930688));
#4422 = VECTOR('',#4423,1.);
#4423 = DIRECTION('',(1.,0.,0.));
#4424 = PCURVE('',#3544,#4425);
#4425 = DEFINITIONAL_REPRESENTATION('',(#4426),#4430);
#4426 = LINE('',#4427,#4428);
#4427 = CARTESIAN_POINT('',(-6.28318530718,0.));
#4428 = VECTOR('',#4429,1.);
#4429 = DIRECTION('',(-0.,-1.));
#4430 = ( GEOMETRIC_REPRESENTATION_CONTEXT(2) 
PARAMETRIC_REPRESENTATION_CONTEXT() REPRESENTATION_CONTEXT('2D SPACE',''
  ) );
#4431 = PCURVE('',#3544,#4432);
#4432 = DEFINITIONAL_REPRESENTATION('',(#4433),#4437);
#4433 = LINE('',#4434,#4435);
#4434 = CARTESIAN_POINT('',(-0.,0.));
#4435 = VECTOR('',#4436,1.);
#4436 = DIRECTION('',(-0.,-1.));
#4437 = ( GEOMETRIC_REPRESENTATION_CONTEXT(2) 
PARAMETRIC_REPRESENTATION_CONTEXT() REPRESENTATION_CONTEXT('2D SPACE',''
  ) );
#4438 = ORIENTED_EDGE('',*,*,#3523,.F.);
#4439 = ORIENTED_EDGE('',*,*,#4418,.F.);
#4440 = ADVANCED_FACE('',(#4441),#3633,.F.);
#4441 = FACE_BOUND('',#4442,.T.);
#4442 = EDGE_LOOP('',(#4443,#4444,#4467,#4489));
#4443 = ORIENTED_EDGE('',*,*,#3612,.T.);
#4444 = ORIENTED_EDGE('',*,*,#4445,.T.);
#4445 = EDGE_CURVE('',#3613,#4446,#4448,.T.);
#4446 = VERTEX_POINT('',#4447);
#4447 = CARTESIAN_POINT('',(7.,116.46233670527,-146.8788208887));
#4448 = SEAM_CURVE('',#4449,(#4453,#4460),.PCURVE_S1.);
#4449 = LINE('',#4450,#4451);
#4450 = CARTESIAN_POINT('',(-1.,116.46233670527,-146.8788208887));
#4451 = VECTOR('',#4452,1.);
#4452 = DIRECTION('',(1.,0.,0.));
#4453 = PCURVE('',#3633,#4454);
#4454 = DEFINITIONAL_REPRESENTATION('',(#4455),#4459);
#4455 = LINE('',#4456,#4457);
#4456 = CARTESIAN_POINT('',(-6.28318530718,0.));
#4457 = VECTOR('',#4458,1.);
#4458 = DIRECTION('',(-0.,-1.));
#4459 = ( GEOMETRIC_REPRESENTATION_CONTEXT(2) 
PARAMETRIC_REPRESENTATION_CONTEXT() REPRESENTATION_CONTEXT('2D SPACE',''
  ) );
#4460 = PCURVE('',#3633,#4461);
#4461 = DEFINITIONAL_REPRESENTATION('',(#4462),#4466);
#4462 = LINE('',#4463,#4464);
#4463 = CARTESIAN_POINT('',(-0.,0.));
#4464 = VECTOR('',#4465,1.);
#4465 = DIRECTION('',(-0.,-1.));
#4466 = ( GEOMETRIC_REPRESENTATION_CONTEXT(2) 
PARAMETRIC_REPRESENTATION_CONTEXT() REPRESENTATION_CONTEXT('2D SPACE',''
  ) );
#4467 = ORIENTED_EDGE('',*,*,#4468,.T.);
#4468 = EDGE_CURVE('',#4446,#4446,#4469,.T.);
#4469 = SURFACE_CURVE('',#4470,(#4475,#4482),.PCURVE_S1.);
#4470 = CIRCLE('',#4471,3.75);
#4471 = AXIS2_PLACEMENT_3D('',#4472,#4473,#4474);
#4472 = CARTESIAN_POINT('',(7.,114.64094241261,-143.6008607256));
#4473 = DIRECTION('',(1.,-0.,0.));
#4474 = DIRECTION('',(0.,0.48570514471,-0.874122710151));
#4475 = PCURVE('',#3633,#4476);
#4476 = DEFINITIONAL_REPRESENTATION('',(#4477),#4481);
#4477 = LINE('',#4478,#4479);
#4478 = CARTESIAN_POINT('',(-0.,-8.));
#4479 = VECTOR('',#4480,1.);
#4480 = DIRECTION('',(-1.,0.));
#4481 = ( GEOMETRIC_REPRESENTATION_CONTEXT(2) 
PARAMETRIC_REPRESENTATION_CONTEXT() REPRESENTATION_CONTEXT('2D SPACE',''
  ) );
#4482 = PCURVE('',#4402,#4483);
#4483 = DEFINITIONAL_REPRESENTATION('',(#4484),#4488);
#4484 = CIRCLE('',#4485,3.75);
#4485 = AXIS2_PLACEMENT_2D('',#4486,#4487);
#4486 = CARTESIAN_POINT('',(0.,0.));
#4487 = DIRECTION('',(0.,-1.));
#4488 = ( GEOMETRIC_REPRESENTATION_CONTEXT(2) 
PARAMETRIC_REPRESENTATION_CONTEXT() REPRESENTATION_CONTEXT('2D SPACE',''
  ) );
#4489 = ORIENTED_EDGE('',*,*,#4445,.F.);
#4490 = ADVANCED_FACE('',(#4491),#3722,.F.);
#4491 = FACE_BOUND('',#4492,.T.);
#4492 = EDGE_LOOP('',(#4493,#4494,#4515,#4516));
#4493 = ORIENTED_EDGE('',*,*,#3701,.T.);
#4494 = ORIENTED_EDGE('',*,*,#4495,.T.);
#4495 = EDGE_CURVE('',#3702,#3791,#4496,.T.);
#4496 = SEAM_CURVE('',#4497,(#4501,#4508),.PCURVE_S1.);
#4497 = LINE('',#4498,#4499);
#4498 = CARTESIAN_POINT('',(-1.,33.285330673641,2.814693224622));
#4499 = VECTOR('',#4500,1.);
#4500 = DIRECTION('',(1.,0.,0.));
#4501 = PCURVE('',#3722,#4502);
#4502 = DEFINITIONAL_REPRESENTATION('',(#4503),#4507);
#4503 = LINE('',#4504,#4505);
#4504 = CARTESIAN_POINT('',(-6.28318530718,0.));
#4505 = VECTOR('',#4506,1.);
#4506 = DIRECTION('',(-0.,-1.));
#4507 = ( GEOMETRIC_REPRESENTATION_CONTEXT(2) 
PARAMETRIC_REPRESENTATION_CONTEXT() REPRESENTATION_CONTEXT('2D SPACE',''
  ) );
#4508 = PCURVE('',#3722,#4509);
#4509 = DEFINITIONAL_REPRESENTATION('',(#4510),#4514);
#4510 = LINE('',#4511,#4512);
#4511 = CARTESIAN_POINT('',(-0.,0.));
#4512 = VECTOR('',#4513,1.);
#4513 = DIRECTION('',(-0.,-1.));
#4514 = ( GEOMETRIC_REPRESENTATION_CONTEXT(2) 
PARAMETRIC_REPRESENTATION_CONTEXT() REPRESENTATION_CONTEXT('2D SPACE',''
  ) );
#4515 = ORIENTED_EDGE('',*,*,#3790,.F.);
#4516 = ORIENTED_EDGE('',*,*,#4495,.F.);
#4517 = ADVANCED_FACE('',(#4518),#3872,.T.);
#4518 = FACE_BOUND('',#4519,.T.);
#4519 = EDGE_LOOP('',(#4520,#4521,#4542,#4543));
#4520 = ORIENTED_EDGE('',*,*,#4266,.F.);
#4521 = ORIENTED_EDGE('',*,*,#4522,.T.);
#4522 = EDGE_CURVE('',#4244,#3857,#4523,.T.);
#4523 = SURFACE_CURVE('',#4524,(#4528,#4535),.PCURVE_S1.);
#4524 = LINE('',#4525,#4526);
#4525 = CARTESIAN_POINT('',(57.,118.85503059023,-143.6701006318));
#4526 = VECTOR('',#4527,1.);
#4527 = DIRECTION('',(1.,0.,0.));
#4528 = PCURVE('',#3872,#4529);
#4529 = DEFINITIONAL_REPRESENTATION('',(#4530),#4534);
#4530 = LINE('',#4531,#4532);
#4531 = CARTESIAN_POINT('',(0.,0.));
#4532 = VECTOR('',#4533,1.);
#4533 = DIRECTION('',(0.,-1.));
#4534 = ( GEOMETRIC_REPRESENTATION_CONTEXT(2) 
PARAMETRIC_REPRESENTATION_CONTEXT() REPRESENTATION_CONTEXT('2D SPACE',''
  ) );
#4535 = PCURVE('',#3900,#4536);
#4536 = DEFINITIONAL_REPRESENTATION('',(#4537),#4541);
#4537 = LINE('',#4538,#4539);
#4538 = CARTESIAN_POINT('',(4.214656965084,0.));
#4539 = VECTOR('',#4540,1.);
#4540 = DIRECTION('',(0.,-1.));
#4541 = ( GEOMETRIC_REPRESENTATION_CONTEXT(2) 
PARAMETRIC_REPRESENTATION_CONTEXT() REPRESENTATION_CONTEXT('2D SPACE',''
  ) );
#4542 = ORIENTED_EDGE('',*,*,#3854,.F.);
#4543 = ORIENTED_EDGE('',*,*,#4544,.F.);
#4544 = EDGE_CURVE('',#4267,#3855,#4545,.T.);
#4545 = SURFACE_CURVE('',#4546,(#4550,#4557),.PCURVE_S1.);
#4546 = LINE('',#4547,#4548);
#4547 = CARTESIAN_POINT('',(57.,116.8079500191,-139.9859732631));
#4548 = VECTOR('',#4549,1.);
#4549 = DIRECTION('',(1.,0.,0.));
#4550 = PCURVE('',#3872,#4551);
#4551 = DEFINITIONAL_REPRESENTATION('',(#4552),#4556);
#4552 = LINE('',#4553,#4554);
#4553 = CARTESIAN_POINT('',(4.214656965084,0.));
#4554 = VECTOR('',#4555,1.);
#4555 = DIRECTION('',(0.,-1.));
#4556 = ( GEOMETRIC_REPRESENTATION_CONTEXT(2) 
PARAMETRIC_REPRESENTATION_CONTEXT() REPRESENTATION_CONTEXT('2D SPACE',''
  ) );
#4557 = PCURVE('',#4010,#4558);
#4558 = DEFINITIONAL_REPRESENTATION('',(#4559),#4563);
#4559 = LINE('',#4560,#4561);
#4560 = CARTESIAN_POINT('',(0.,0.));
#4561 = VECTOR('',#4562,1.);
#4562 = DIRECTION('',(0.,-1.));
#4563 = ( GEOMETRIC_REPRESENTATION_CONTEXT(2) 
PARAMETRIC_REPRESENTATION_CONTEXT() REPRESENTATION_CONTEXT('2D SPACE',''
  ) );
#4564 = ADVANCED_FACE('',(#4565),#4010,.T.);
#4565 = FACE_BOUND('',#4566,.T.);
#4566 = EDGE_LOOP('',(#4567,#4568,#4569,#4570));
#4567 = ORIENTED_EDGE('',*,*,#4289,.F.);
#4568 = ORIENTED_EDGE('',*,*,#4544,.T.);
#4569 = ORIENTED_EDGE('',*,*,#3996,.F.);
#4570 = ORIENTED_EDGE('',*,*,#4571,.F.);
#4571 = EDGE_CURVE('',#4290,#3969,#4572,.T.);
#4572 = SURFACE_CURVE('',#4573,(#4577,#4584),.PCURVE_S1.);
#4573 = LINE('',#4574,#4575);
#4574 = CARTESIAN_POINT('',(57.,112.59386184148,-139.916733357));
#4575 = VECTOR('',#4576,1.);
#4576 = DIRECTION('',(1.,0.,0.));
#4577 = PCURVE('',#4010,#4578);
#4578 = DEFINITIONAL_REPRESENTATION('',(#4579),#4583);
#4579 = LINE('',#4580,#4581);
#4580 = CARTESIAN_POINT('',(4.214656965084,-0.));
#4581 = VECTOR('',#4582,1.);
#4582 = DIRECTION('',(0.,-1.));
#4583 = ( GEOMETRIC_REPRESENTATION_CONTEXT(2) 
PARAMETRIC_REPRESENTATION_CONTEXT() REPRESENTATION_CONTEXT('2D SPACE',''
  ) );
#4584 = PCURVE('',#3984,#4585);
#4585 = DEFINITIONAL_REPRESENTATION('',(#4586),#4590);
#4586 = LINE('',#4587,#4588);
#4587 = CARTESIAN_POINT('',(0.,0.));
#4588 = VECTOR('',#4589,1.);
#4589 = DIRECTION('',(0.,-1.));
#4590 = ( GEOMETRIC_REPRESENTATION_CONTEXT(2) 
PARAMETRIC_REPRESENTATION_CONTEXT() REPRESENTATION_CONTEXT('2D SPACE',''
  ) );
#4591 = ADVANCED_FACE('',(#4592),#3984,.T.);
#4592 = FACE_BOUND('',#4593,.T.);
#4593 = EDGE_LOOP('',(#4594,#4595,#4596,#4597));
#4594 = ORIENTED_EDGE('',*,*,#4312,.F.);
#4595 = ORIENTED_EDGE('',*,*,#4571,.T.);
#4596 = ORIENTED_EDGE('',*,*,#3968,.F.);
#4597 = ORIENTED_EDGE('',*,*,#4598,.F.);
#4598 = EDGE_CURVE('',#4313,#3941,#4599,.T.);
#4599 = SURFACE_CURVE('',#4600,(#4604,#4611),.PCURVE_S1.);
#4600 = LINE('',#4601,#4602);
#4601 = CARTESIAN_POINT('',(57.,110.42685423499,-143.5316208195));
#4602 = VECTOR('',#4603,1.);
#4603 = DIRECTION('',(1.,0.,0.));
#4604 = PCURVE('',#3984,#4605);
#4605 = DEFINITIONAL_REPRESENTATION('',(#4606),#4610);
#4606 = LINE('',#4607,#4608);
#4607 = CARTESIAN_POINT('',(4.214656965084,0.));
#4608 = VECTOR('',#4609,1.);
#4609 = DIRECTION('',(0.,-1.));
#4610 = ( GEOMETRIC_REPRESENTATION_CONTEXT(2) 
PARAMETRIC_REPRESENTATION_CONTEXT() REPRESENTATION_CONTEXT('2D SPACE',''
  ) );
#4611 = PCURVE('',#3956,#4612);
#4612 = DEFINITIONAL_REPRESENTATION('',(#4613),#4617);
#4613 = LINE('',#4614,#4615);
#4614 = CARTESIAN_POINT('',(0.,0.));
#4615 = VECTOR('',#4616,1.);
#4616 = DIRECTION('',(0.,-1.));
#4617 = ( GEOMETRIC_REPRESENTATION_CONTEXT(2) 
PARAMETRIC_REPRESENTATION_CONTEXT() REPRESENTATION_CONTEXT('2D SPACE',''
  ) );
#4618 = ADVANCED_FACE('',(#4619),#3956,.T.);
#4619 = FACE_BOUND('',#4620,.T.);
#4620 = EDGE_LOOP('',(#4621,#4622,#4623,#4624));
#4621 = ORIENTED_EDGE('',*,*,#4335,.F.);
#4622 = ORIENTED_EDGE('',*,*,#4598,.T.);
#4623 = ORIENTED_EDGE('',*,*,#3940,.F.);
#4624 = ORIENTED_EDGE('',*,*,#4625,.F.);
#4625 = EDGE_CURVE('',#4336,#3913,#4626,.T.);
#4626 = SURFACE_CURVE('',#4627,(#4631,#4638),.PCURVE_S1.);
#4627 = LINE('',#4628,#4629);
#4628 = CARTESIAN_POINT('',(57.,112.47393480612,-147.2157481882));
#4629 = VECTOR('',#4630,1.);
#4630 = DIRECTION('',(1.,0.,0.));
#4631 = PCURVE('',#3956,#4632);
#4632 = DEFINITIONAL_REPRESENTATION('',(#4633),#4637);
#4633 = LINE('',#4634,#4635);
#4634 = CARTESIAN_POINT('',(4.214656965084,0.));
#4635 = VECTOR('',#4636,1.);
#4636 = DIRECTION('',(0.,-1.));
#4637 = ( GEOMETRIC_REPRESENTATION_CONTEXT(2) 
PARAMETRIC_REPRESENTATION_CONTEXT() REPRESENTATION_CONTEXT('2D SPACE',''
  ) );
#4638 = PCURVE('',#3928,#4639);
#4639 = DEFINITIONAL_REPRESENTATION('',(#4640),#4644);
#4640 = LINE('',#4641,#4642);
#4641 = CARTESIAN_POINT('',(0.,0.));
#4642 = VECTOR('',#4643,1.);
#4643 = DIRECTION('',(0.,-1.));
#4644 = ( GEOMETRIC_REPRESENTATION_CONTEXT(2) 
PARAMETRIC_REPRESENTATION_CONTEXT() REPRESENTATION_CONTEXT('2D SPACE',''
  ) );
#4645 = ADVANCED_FACE('',(#4646),#3928,.T.);
#4646 = FACE_BOUND('',#4647,.T.);
#4647 = EDGE_LOOP('',(#4648,#4649,#4650,#4651));
#4648 = ORIENTED_EDGE('',*,*,#4358,.F.);
#4649 = ORIENTED_EDGE('',*,*,#4625,.T.);
#4650 = ORIENTED_EDGE('',*,*,#3912,.F.);
#4651 = ORIENTED_EDGE('',*,*,#4652,.F.);
#4652 = EDGE_CURVE('',#4242,#3885,#4653,.T.);
#4653 = SURFACE_CURVE('',#4654,(#4658,#4665),.PCURVE_S1.);
#4654 = LINE('',#4655,#4656);
#4655 = CARTESIAN_POINT('',(57.,116.68802298374,-147.2849880943));
#4656 = VECTOR('',#4657,1.);
#4657 = DIRECTION('',(1.,0.,0.));
#4658 = PCURVE('',#3928,#4659);
#4659 = DEFINITIONAL_REPRESENTATION('',(#4660),#4664);
#4660 = LINE('',#4661,#4662);
#4661 = CARTESIAN_POINT('',(4.214656965084,0.));
#4662 = VECTOR('',#4663,1.);
#4663 = DIRECTION('',(0.,-1.));
#4664 = ( GEOMETRIC_REPRESENTATION_CONTEXT(2) 
PARAMETRIC_REPRESENTATION_CONTEXT() REPRESENTATION_CONTEXT('2D SPACE',''
  ) );
#4665 = PCURVE('',#3900,#4666);
#4666 = DEFINITIONAL_REPRESENTATION('',(#4667),#4671);
#4667 = LINE('',#4668,#4669);
#4668 = CARTESIAN_POINT('',(0.,0.));
#4669 = VECTOR('',#4670,1.);
#4670 = DIRECTION('',(0.,-1.));
#4671 = ( GEOMETRIC_REPRESENTATION_CONTEXT(2) 
PARAMETRIC_REPRESENTATION_CONTEXT() REPRESENTATION_CONTEXT('2D SPACE',''
  ) );
#4672 = ADVANCED_FACE('',(#4673),#3900,.T.);
#4673 = FACE_BOUND('',#4674,.T.);
#4674 = EDGE_LOOP('',(#4675,#4676,#4677,#4678));
#4675 = ORIENTED_EDGE('',*,*,#4241,.F.);
#4676 = ORIENTED_EDGE('',*,*,#4652,.T.);
#4677 = ORIENTED_EDGE('',*,*,#3884,.F.);
#4678 = ORIENTED_EDGE('',*,*,#4522,.F.);
#4679 = ADVANCED_FACE('',(#4680,#4683),#4402,.F.);
#4680 = FACE_BOUND('',#4681,.F.);
#4681 = EDGE_LOOP('',(#4682));
#4682 = ORIENTED_EDGE('',*,*,#4468,.T.);
#4683 = FACE_BOUND('',#4684,.F.);
#4684 = EDGE_LOOP('',(#4685));
#4685 = ORIENTED_EDGE('',*,*,#4385,.T.);
#4686 = ( GEOMETRIC_REPRESENTATION_CONTEXT(3) 
GLOBAL_UNCERTAINTY_ASSIGNED_CONTEXT((#4690)) 
GLOBAL_UNIT_ASSIGNED_CONTEXT((#4687,#4688,#4689)) REPRESENTATION_CONTEXT
('Context #1','3D Context with UNIT and UNCERTAINTY') );
#4687 = ( LENGTH_UNIT() NAMED_UNIT(*) SI_UNIT(.MILLI.,.METRE.) );
#4688 = ( NAMED_UNIT(*) PLANE_ANGLE_UNIT() SI_UNIT($,.RADIAN.) );
#4689 = ( NAMED_UNIT(*) SI_UNIT($,.STERADIAN.) SOLID_ANGLE_UNIT() );
#4690 = UNCERTAINTY_MEASURE_WITH_UNIT(LENGTH_MEASURE(1.E-07),#4687,
  'distance_accuracy_value','confusion accuracy');
#4691 = CONTEXT_DEPENDENT_SHAPE_REPRESENTATION(#4692,#4694);
#4692 = ( REPRESENTATION_RELATIONSHIP('','',#2247,#2224) 
REPRESENTATION_RELATIONSHIP_WITH_TRANSFORMATION(#4693) 
SHAPE_REPRESENTATION_RELATIONSHIP() );
#4693 = ITEM_DEFINED_TRANSFORMATION('','',#11,#2225);
#4694 = PRODUCT_DEFINITION_SHAPE('Placement','Placement of an item',
  #4695);
#4695 = NEXT_ASSEMBLY_USAGE_OCCURRENCE('3','','',#2219,#2242,$);
#4696 = PRODUCT_RELATED_PRODUCT_CATEGORY('part',$,(#2244));
#4697 = SHAPE_DEFINITION_REPRESENTATION(#4698,#4704);
#4698 = PRODUCT_DEFINITION_SHAPE('','',#4699);
#4699 = PRODUCT_DEFINITION('design','',#4700,#4703);
#4700 = PRODUCT_DEFINITION_FORMATION('','',#4701);
#4701 = PRODUCT('link2','link2','',(#4702));
#4702 = PRODUCT_CONTEXT('',#2,'mechanical');
#4703 = PRODUCT_DEFINITION_CONTEXT('part definition',#2,'design');
#4704 = SHAPE_REPRESENTATION('',(#11,#4705),#4709);
#4705 = AXIS2_PLACEMENT_3D('',#4706,#4707,#4708);
#4706 = CARTESIAN_POINT('',(0.,0.,0.));
#4707 = DIRECTION('',(0.,0.,1.));
#4708 = DIRECTION('',(1.,0.,-0.));
#4709 = ( GEOMETRIC_REPRESENTATION_CONTEXT(3) 
GLOBAL_UNCERTAINTY_ASSIGNED_CONTEXT((#4713)) 
GLOBAL_UNIT_ASSIGNED_CONTEXT((#4710,#4711,#4712)) REPRESENTATION_CONTEXT
('Context #1','3D Context with UNIT and UNCERTAINTY') );
#4710 = ( LENGTH_UNIT() NAMED_UNIT(*) SI_UNIT(.MILLI.,.METRE.) );
#4711 = ( NAMED_UNIT(*) PLANE_ANGLE_UNIT() SI_UNIT($,.RADIAN.) );
#4712 = ( NAMED_UNIT(*) SI_UNIT($,.STERADIAN.) SOLID_ANGLE_UNIT() );
#4713 = UNCERTAINTY_MEASURE_WITH_UNIT(LENGTH_MEASURE(1.E-07),#4710,
  'distance_accuracy_value','confusion accuracy');
#4714 = CONTEXT_DEPENDENT_SHAPE_REPRESENTATION(#4715,#4717);
#4715 = ( REPRESENTATION_RELATIONSHIP('','',#4704,#10) 
REPRESENTATION_RELATIONSHIP_WITH_TRANSFORMATION(#4716) 
SHAPE_REPRESENTATION_RELATIONSHIP() );
#4716 = ITEM_DEFINED_TRANSFORMATION('','',#11,#23);
#4717 = PRODUCT_DEFINITION_SHAPE('Placement','Placement of an item',
  #4718);
#4718 = NEXT_ASSEMBLY_USAGE_OCCURRENCE('6','','',#5,#4699,$);
#4719 = PRODUCT_RELATED_PRODUCT_CATEGORY('part',$,(#4701));
#4720 = SHAPE_DEFINITION_REPRESENTATION(#4721,#4727);
#4721 = PRODUCT_DEFINITION_SHAPE('','',#4722);
#4722 = PRODUCT_DEFINITION('design','',#4723,#4726);
#4723 = PRODUCT_DEFINITION_FORMATION('','',#4724);
#4724 = PRODUCT('link2_part','link2_part','',(#4725));
#4725 = PRODUCT_CONTEXT('',#2,'mechanical');
#4726 = PRODUCT_DEFINITION_CONTEXT('part definition',#2,'design');
#4727 = ADVANCED_BREP_SHAPE_REPRESENTATION('',(#11,#4728),#7166);
#4728 = MANIFOLD_SOLID_BREP('',#4729);
#4729 = CLOSED_SHELL('',(#4730,#4885,#4961,#5464,#5887,#5914,#5973,#6035
    ,#6062,#6124,#6151,#6213,#6240,#6297,#6324,#6501,#6548,#6575,#6602,
    #6629,#6656,#6683,#6710,#6717,#6861,#6920,#6970,#6997,#7044,#7071,
    #7098,#7125,#7152,#7159));
#4730 = ADVANCED_FACE('',(#4731,#4850),#4745,.F.);
#4731 = FACE_BOUND('',#4732,.F.);
#4732 = EDGE_LOOP('',(#4733,#4768,#4796,#4824));
#4733 = ORIENTED_EDGE('',*,*,#4734,.F.);
#4734 = EDGE_CURVE('',#4735,#4737,#4739,.T.);
#4735 = VERTEX_POINT('',#4736);
#4736 = CARTESIAN_POINT('',(50.,191.45447713792,-150.1385583793));
#4737 = VERTEX_POINT('',#4738);
#4738 = CARTESIAN_POINT('',(50.,191.65449264118,-140.1405588895));
#4739 = SURFACE_CURVE('',#4740,(#4744,#4756),.PCURVE_S1.);
#4740 = LINE('',#4741,#4742);
#4741 = CARTESIAN_POINT('',(50.,191.45447713792,-150.1385583793));
#4742 = VECTOR('',#4743,1.);
#4743 = DIRECTION('',(0.,2.000155032663E-02,0.999799948982));
#4744 = PCURVE('',#4745,#4750);
#4745 = PLANE('',#4746);
#4746 = AXIS2_PLACEMENT_3D('',#4747,#4748,#4749);
#4747 = CARTESIAN_POINT('',(50.,191.45447713792,-150.1385583793));
#4748 = DIRECTION('',(1.,0.,0.));
#4749 = DIRECTION('',(0.,2.000155032663E-02,0.999799948982));
#4750 = DEFINITIONAL_REPRESENTATION('',(#4751),#4755);
#4751 = LINE('',#4752,#4753);
#4752 = CARTESIAN_POINT('',(0.,0.));
#4753 = VECTOR('',#4754,1.);
#4754 = DIRECTION('',(1.,0.));
#4755 = ( GEOMETRIC_REPRESENTATION_CONTEXT(2) 
PARAMETRIC_REPRESENTATION_CONTEXT() REPRESENTATION_CONTEXT('2D SPACE',''
  ) );
#4756 = PCURVE('',#4757,#4762);
#4757 = PLANE('',#4758);
#4758 = AXIS2_PLACEMENT_3D('',#4759,#4760,#4761);
#4759 = CARTESIAN_POINT('',(0.,191.45447713792,-150.1385583793));
#4760 = DIRECTION('',(0.,0.999799948982,-2.000155032663E-02));
#4761 = DIRECTION('',(0.,2.000155032663E-02,0.999799948982));
#4762 = DEFINITIONAL_REPRESENTATION('',(#4763),#4767);
#4763 = LINE('',#4764,#4765);
#4764 = CARTESIAN_POINT('',(0.,50.));
#4765 = VECTOR('',#4766,1.);
#4766 = DIRECTION('',(1.,0.));
#4767 = ( GEOMETRIC_REPRESENTATION_CONTEXT(2) 
PARAMETRIC_REPRESENTATION_CONTEXT() REPRESENTATION_CONTEXT('2D SPACE',''
  ) );
#4768 = ORIENTED_EDGE('',*,*,#4769,.T.);
#4769 = EDGE_CURVE('',#4735,#4770,#4772,.T.);
#4770 = VERTEX_POINT('',#4771);
#4771 = CARTESIAN_POINT('',(50.,204.52293006936,-150.4));
#4772 = SURFACE_CURVE('',#4773,(#4777,#4784),.PCURVE_S1.);
#4773 = LINE('',#4774,#4775);
#4774 = CARTESIAN_POINT('',(50.,191.45447713792,-150.1385583793));
#4775 = VECTOR('',#4776,1.);
#4776 = DIRECTION('',(0.,0.999799948982,-2.000155032663E-02));
#4777 = PCURVE('',#4745,#4778);
#4778 = DEFINITIONAL_REPRESENTATION('',(#4779),#4783);
#4779 = LINE('',#4780,#4781);
#4780 = CARTESIAN_POINT('',(0.,0.));
#4781 = VECTOR('',#4782,1.);
#4782 = DIRECTION('',(0.,-1.));
#4783 = ( GEOMETRIC_REPRESENTATION_CONTEXT(2) 
PARAMETRIC_REPRESENTATION_CONTEXT() REPRESENTATION_CONTEXT('2D SPACE',''
  ) );
#4784 = PCURVE('',#4785,#4790);
#4785 = PLANE('',#4786);
#4786 = AXIS2_PLACEMENT_3D('',#4787,#4788,#4789);
#4787 = CARTESIAN_POINT('',(50.,191.45447713792,-150.1385583793));
#4788 = DIRECTION('',(0.,2.000155032663E-02,0.999799948982));
#4789 = DIRECTION('',(1.,0.,0.));
#4790 = DEFINITIONAL_REPRESENTATION('',(#4791),#4795);
#4791 = LINE('',#4792,#4793);
#4792 = CARTESIAN_POINT('',(0.,0.));
#4793 = VECTOR('',#4794,1.);
#4794 = DIRECTION('',(0.,1.));
#4795 = ( GEOMETRIC_REPRESENTATION_CONTEXT(2) 
PARAMETRIC_REPRESENTATION_CONTEXT() REPRESENTATION_CONTEXT('2D SPACE',''
  ) );
#4796 = ORIENTED_EDGE('',*,*,#4797,.T.);
#4797 = EDGE_CURVE('',#4770,#4798,#4800,.T.);
#4798 = VERTEX_POINT('',#4799);
#4799 = CARTESIAN_POINT('',(50.,204.72294557263,-140.4020005101));
#4800 = SURFACE_CURVE('',#4801,(#4805,#4812),.PCURVE_S1.);
#4801 = LINE('',#4802,#4803);
#4802 = CARTESIAN_POINT('',(50.,204.52293006936,-150.4));
#4803 = VECTOR('',#4804,1.);
#4804 = DIRECTION('',(0.,2.000155032663E-02,0.999799948982));
#4805 = PCURVE('',#4745,#4806);
#4806 = DEFINITIONAL_REPRESENTATION('',(#4807),#4811);
#4807 = LINE('',#4808,#4809);
#4808 = CARTESIAN_POINT('',(6.328271240363E-15,-13.07106781186));
#4809 = VECTOR('',#4810,1.);
#4810 = DIRECTION('',(1.,0.));
#4811 = ( GEOMETRIC_REPRESENTATION_CONTEXT(2) 
PARAMETRIC_REPRESENTATION_CONTEXT() REPRESENTATION_CONTEXT('2D SPACE',''
  ) );
#4812 = PCURVE('',#4813,#4818);
#4813 = PLANE('',#4814);
#4814 = AXIS2_PLACEMENT_3D('',#4815,#4816,#4817);
#4815 = CARTESIAN_POINT('',(50.,204.52293006936,-150.4));
#4816 = DIRECTION('',(0.,0.999799948982,-2.000155032663E-02));
#4817 = DIRECTION('',(0.,2.000155032663E-02,0.999799948982));
#4818 = DEFINITIONAL_REPRESENTATION('',(#4819),#4823);
#4819 = LINE('',#4820,#4821);
#4820 = CARTESIAN_POINT('',(0.,0.));
#4821 = VECTOR('',#4822,1.);
#4822 = DIRECTION('',(1.,0.));
#4823 = ( GEOMETRIC_REPRESENTATION_CONTEXT(2) 
PARAMETRIC_REPRESENTATION_CONTEXT() REPRESENTATION_CONTEXT('2D SPACE',''
  ) );
#4824 = ORIENTED_EDGE('',*,*,#4825,.F.);
#4825 = EDGE_CURVE('',#4737,#4798,#4826,.T.);
#4826 = SURFACE_CURVE('',#4827,(#4831,#4838),.PCURVE_S1.);
#4827 = LINE('',#4828,#4829);
#4828 = CARTESIAN_POINT('',(50.,191.65449264118,-140.1405588895));
#4829 = VECTOR('',#4830,1.);
#4830 = DIRECTION('',(0.,0.999799948982,-2.000155032663E-02));
#4831 = PCURVE('',#4745,#4832);
#4832 = DEFINITIONAL_REPRESENTATION('',(#4833),#4837);
#4833 = LINE('',#4834,#4835);
#4834 = CARTESIAN_POINT('',(10.,-4.246603069191E-15));
#4835 = VECTOR('',#4836,1.);
#4836 = DIRECTION('',(0.,-1.));
#4837 = ( GEOMETRIC_REPRESENTATION_CONTEXT(2) 
PARAMETRIC_REPRESENTATION_CONTEXT() REPRESENTATION_CONTEXT('2D SPACE',''
  ) );
#4838 = PCURVE('',#4839,#4844);
#4839 = PLANE('',#4840);
#4840 = AXIS2_PLACEMENT_3D('',#4841,#4842,#4843);
#4841 = CARTESIAN_POINT('',(50.,191.65449264118,-140.1405588895));
#4842 = DIRECTION('',(0.,2.000155032663E-02,0.999799948982));
#4843 = DIRECTION('',(1.,0.,0.));
#4844 = DEFINITIONAL_REPRESENTATION('',(#4845),#4849);
#4845 = LINE('',#4846,#4847);
#4846 = CARTESIAN_POINT('',(0.,0.));
#4847 = VECTOR('',#4848,1.);
#4848 = DIRECTION('',(0.,1.));
#4849 = ( GEOMETRIC_REPRESENTATION_CONTEXT(2) 
PARAMETRIC_REPRESENTATION_CONTEXT() REPRESENTATION_CONTEXT('2D SPACE',''
  ) );
#4850 = FACE_BOUND('',#4851,.F.);
#4851 = EDGE_LOOP('',(#4852));
#4852 = ORIENTED_EDGE('',*,*,#4853,.T.);
#4853 = EDGE_CURVE('',#4854,#4854,#4856,.T.);
#4854 = VERTEX_POINT('',#4855);
#4855 = CARTESIAN_POINT('',(50.,201.82349796384,-145.3449959141));
#4856 = SURFACE_CURVE('',#4857,(#4862,#4873),.PCURVE_S1.);
#4857 = CIRCLE('',#4858,2.2);
#4858 = AXIS2_PLACEMENT_3D('',#4859,#4860,#4861);
#4859 = CARTESIAN_POINT('',(50.,199.62393807608,-145.3009925034));
#4860 = DIRECTION('',(-1.,0.,-0.));
#4861 = DIRECTION('',(0.,0.999799948982,-2.000155032663E-02));
#4862 = PCURVE('',#4745,#4863);
#4863 = DEFINITIONAL_REPRESENTATION('',(#4864),#4872);
#4864 = ( BOUNDED_CURVE() B_SPLINE_CURVE(2,(#4865,#4866,#4867,#4868,
#4869,#4870,#4871),.UNSPECIFIED.,.T.,.F.) B_SPLINE_CURVE_WITH_KNOTS((1,2
    ,2,2,2,1),(-2.094395102393,0.,2.094395102393,4.188790204786,
6.28318530718,8.377580409573),.UNSPECIFIED.) CURVE() 
GEOMETRIC_REPRESENTATION_ITEM() RATIONAL_B_SPLINE_CURVE((1.,0.5,1.,0.5,
1.,0.5,1.)) REPRESENTATION_ITEM('') );
#4865 = CARTESIAN_POINT('',(5.,-10.27106781186));
#4866 = CARTESIAN_POINT('',(1.189488223348,-10.27106781186));
#4867 = CARTESIAN_POINT('',(3.094744111674,-6.971067811865));
#4868 = CARTESIAN_POINT('',(5.,-3.671067811865));
#4869 = CARTESIAN_POINT('',(6.905255888326,-6.971067811865));
#4870 = CARTESIAN_POINT('',(8.810511776652,-10.27106781186));
#4871 = CARTESIAN_POINT('',(5.,-10.27106781186));
#4872 = ( GEOMETRIC_REPRESENTATION_CONTEXT(2) 
PARAMETRIC_REPRESENTATION_CONTEXT() REPRESENTATION_CONTEXT('2D SPACE',''
  ) );
#4873 = PCURVE('',#4874,#4879);
#4874 = CYLINDRICAL_SURFACE('',#4875,2.2);
#4875 = AXIS2_PLACEMENT_3D('',#4876,#4877,#4878);
#4876 = CARTESIAN_POINT('',(-1.,199.62393807608,-145.3009925034));
#4877 = DIRECTION('',(-1.,-0.,0.));
#4878 = DIRECTION('',(0.,0.999799948982,-2.000155032663E-02));
#4879 = DEFINITIONAL_REPRESENTATION('',(#4880),#4884);
#4880 = LINE('',#4881,#4882);
#4881 = CARTESIAN_POINT('',(-6.28318530718,-51.));
#4882 = VECTOR('',#4883,1.);
#4883 = DIRECTION('',(1.,-0.));
#4884 = ( GEOMETRIC_REPRESENTATION_CONTEXT(2) 
PARAMETRIC_REPRESENTATION_CONTEXT() REPRESENTATION_CONTEXT('2D SPACE',''
  ) );
#4885 = ADVANCED_FACE('',(#4886),#4757,.T.);
#4886 = FACE_BOUND('',#4887,.T.);
#4887 = EDGE_LOOP('',(#4888,#4911,#4939,#4960));
#4888 = ORIENTED_EDGE('',*,*,#4889,.F.);
#4889 = EDGE_CURVE('',#4890,#4735,#4892,.T.);
#4890 = VERTEX_POINT('',#4891);
#4891 = CARTESIAN_POINT('',(15.,191.45447713792,-150.1385583793));
#4892 = SURFACE_CURVE('',#4893,(#4897,#4904),.PCURVE_S1.);
#4893 = LINE('',#4894,#4895);
#4894 = CARTESIAN_POINT('',(0.,191.45447713792,-150.1385583793));
#4895 = VECTOR('',#4896,1.);
#4896 = DIRECTION('',(1.,0.,0.));
#4897 = PCURVE('',#4757,#4898);
#4898 = DEFINITIONAL_REPRESENTATION('',(#4899),#4903);
#4899 = LINE('',#4900,#4901);
#4900 = CARTESIAN_POINT('',(0.,0.));
#4901 = VECTOR('',#4902,1.);
#4902 = DIRECTION('',(0.,1.));
#4903 = ( GEOMETRIC_REPRESENTATION_CONTEXT(2) 
PARAMETRIC_REPRESENTATION_CONTEXT() REPRESENTATION_CONTEXT('2D SPACE',''
  ) );
#4904 = PCURVE('',#4785,#4905);
#4905 = DEFINITIONAL_REPRESENTATION('',(#4906),#4910);
#4906 = LINE('',#4907,#4908);
#4907 = CARTESIAN_POINT('',(-50.,0.));
#4908 = VECTOR('',#4909,1.);
#4909 = DIRECTION('',(1.,0.));
#4910 = ( GEOMETRIC_REPRESENTATION_CONTEXT(2) 
PARAMETRIC_REPRESENTATION_CONTEXT() REPRESENTATION_CONTEXT('2D SPACE',''
  ) );
#4911 = ORIENTED_EDGE('',*,*,#4912,.T.);
#4912 = EDGE_CURVE('',#4890,#4913,#4915,.T.);
#4913 = VERTEX_POINT('',#4914);
#4914 = CARTESIAN_POINT('',(15.,191.65449264118,-140.1405588895));
#4915 = SURFACE_CURVE('',#4916,(#4920,#4927),.PCURVE_S1.);
#4916 = LINE('',#4917,#4918);
#4917 = CARTESIAN_POINT('',(15.,191.45447713792,-150.1385583793));
#4918 = VECTOR('',#4919,1.);
#4919 = DIRECTION('',(0.,2.000155032663E-02,0.999799948982));
#4920 = PCURVE('',#4757,#4921);
#4921 = DEFINITIONAL_REPRESENTATION('',(#4922),#4926);
#4922 = LINE('',#4923,#4924);
#4923 = CARTESIAN_POINT('',(0.,15.));
#4924 = VECTOR('',#4925,1.);
#4925 = DIRECTION('',(1.,0.));
#4926 = ( GEOMETRIC_REPRESENTATION_CONTEXT(2) 
PARAMETRIC_REPRESENTATION_CONTEXT() REPRESENTATION_CONTEXT('2D SPACE',''
  ) );
#4927 = PCURVE('',#4928,#4933);
#4928 = PLANE('',#4929);
#4929 = AXIS2_PLACEMENT_3D('',#4930,#4931,#4932);
#4930 = CARTESIAN_POINT('',(15.,191.45447713792,-150.1385583793));
#4931 = DIRECTION('',(1.,0.,0.));
#4932 = DIRECTION('',(0.,2.000155032663E-02,0.999799948982));
#4933 = DEFINITIONAL_REPRESENTATION('',(#4934),#4938);
#4934 = LINE('',#4935,#4936);
#4935 = CARTESIAN_POINT('',(0.,0.));
#4936 = VECTOR('',#4937,1.);
#4937 = DIRECTION('',(1.,0.));
#4938 = ( GEOMETRIC_REPRESENTATION_CONTEXT(2) 
PARAMETRIC_REPRESENTATION_CONTEXT() REPRESENTATION_CONTEXT('2D SPACE',''
  ) );
#4939 = ORIENTED_EDGE('',*,*,#4940,.T.);
#4940 = EDGE_CURVE('',#4913,#4737,#4941,.T.);
#4941 = SURFACE_CURVE('',#4942,(#4946,#4953),.PCURVE_S1.);
#4942 = LINE('',#4943,#4944);
#4943 = CARTESIAN_POINT('',(0.,191.65449264118,-140.1405588895));
#4944 = VECTOR('',#4945,1.);
#4945 = DIRECTION('',(1.,0.,0.));
#4946 = PCURVE('',#4757,#4947);
#4947 = DEFINITIONAL_REPRESENTATION('',(#4948),#4952);
#4948 = LINE('',#4949,#4950);
#4949 = CARTESIAN_POINT('',(10.,0.));
#4950 = VECTOR('',#4951,1.);
#4951 = DIRECTION('',(0.,1.));
#4952 = ( GEOMETRIC_REPRESENTATION_CONTEXT(2) 
PARAMETRIC_REPRESENTATION_CONTEXT() REPRESENTATION_CONTEXT('2D SPACE',''
  ) );
#4953 = PCURVE('',#4839,#4954);
#4954 = DEFINITIONAL_REPRESENTATION('',(#4955),#4959);
#4955 = LINE('',#4956,#4957);
#4956 = CARTESIAN_POINT('',(-50.,0.));
#4957 = VECTOR('',#4958,1.);
#4958 = DIRECTION('',(1.,0.));
#4959 = ( GEOMETRIC_REPRESENTATION_CONTEXT(2) 
PARAMETRIC_REPRESENTATION_CONTEXT() REPRESENTATION_CONTEXT('2D SPACE',''
  ) );
#4960 = ORIENTED_EDGE('',*,*,#4734,.F.);
#4961 = ADVANCED_FACE('',(#4962,#5234),#4839,.T.);
#4962 = FACE_BOUND('',#4963,.T.);
#4963 = EDGE_LOOP('',(#4964,#4965,#4966,#4989,#5017,#5045,#5073,#5101,
    #5129,#5157,#5185,#5213));
#4964 = ORIENTED_EDGE('',*,*,#4825,.F.);
#4965 = ORIENTED_EDGE('',*,*,#4940,.F.);
#4966 = ORIENTED_EDGE('',*,*,#4967,.T.);
#4967 = EDGE_CURVE('',#4913,#4968,#4970,.T.);
#4968 = VERTEX_POINT('',#4969);
#4969 = CARTESIAN_POINT('',(15.,204.72294557263,-140.4020005101));
#4970 = SURFACE_CURVE('',#4971,(#4975,#4982),.PCURVE_S1.);
#4971 = LINE('',#4972,#4973);
#4972 = CARTESIAN_POINT('',(15.,191.65449264118,-140.1405588895));
#4973 = VECTOR('',#4974,1.);
#4974 = DIRECTION('',(0.,0.999799948982,-2.000155032663E-02));
#4975 = PCURVE('',#4839,#4976);
#4976 = DEFINITIONAL_REPRESENTATION('',(#4977),#4981);
#4977 = LINE('',#4978,#4979);
#4978 = CARTESIAN_POINT('',(-35.,0.));
#4979 = VECTOR('',#4980,1.);
#4980 = DIRECTION('',(0.,1.));
#4981 = ( GEOMETRIC_REPRESENTATION_CONTEXT(2) 
PARAMETRIC_REPRESENTATION_CONTEXT() REPRESENTATION_CONTEXT('2D SPACE',''
  ) );
#4982 = PCURVE('',#4928,#4983);
#4983 = DEFINITIONAL_REPRESENTATION('',(#4984),#4988);
#4984 = LINE('',#4985,#4986);
#4985 = CARTESIAN_POINT('',(10.,-4.246603069191E-15));
#4986 = VECTOR('',#4987,1.);
#4987 = DIRECTION('',(0.,-1.));
#4988 = ( GEOMETRIC_REPRESENTATION_CONTEXT(2) 
PARAMETRIC_REPRESENTATION_CONTEXT() REPRESENTATION_CONTEXT('2D SPACE',''
  ) );
#4989 = ORIENTED_EDGE('',*,*,#4990,.F.);
#4990 = EDGE_CURVE('',#4991,#4968,#4993,.T.);
#4991 = VERTEX_POINT('',#4992);
#4992 = CARTESIAN_POINT('',(0.,204.72294557263,-140.4020005101));
#4993 = SURFACE_CURVE('',#4994,(#4998,#5005),.PCURVE_S1.);
#4994 = LINE('',#4995,#4996);
#4995 = CARTESIAN_POINT('',(0.,204.72294557263,-140.4020005101));
#4996 = VECTOR('',#4997,1.);
#4997 = DIRECTION('',(1.,0.,0.));
#4998 = PCURVE('',#4839,#4999);
#4999 = DEFINITIONAL_REPRESENTATION('',(#5000),#5004);
#5000 = LINE('',#5001,#5002);
#5001 = CARTESIAN_POINT('',(-50.,13.071067811865));
#5002 = VECTOR('',#5003,1.);
#5003 = DIRECTION('',(1.,0.));
#5004 = ( GEOMETRIC_REPRESENTATION_CONTEXT(2) 
PARAMETRIC_REPRESENTATION_CONTEXT() REPRESENTATION_CONTEXT('2D SPACE',''
  ) );
#5005 = PCURVE('',#5006,#5011);
#5006 = PLANE('',#5007);
#5007 = AXIS2_PLACEMENT_3D('',#5008,#5009,#5010);
#5008 = CARTESIAN_POINT('',(0.,204.52293006936,-150.4));
#5009 = DIRECTION('',(0.,0.999799948982,-2.000155032663E-02));
#5010 = DIRECTION('',(0.,2.000155032663E-02,0.999799948982));
#5011 = DEFINITIONAL_REPRESENTATION('',(#5012),#5016);
#5012 = LINE('',#5013,#5014);
#5013 = CARTESIAN_POINT('',(10.,0.));
#5014 = VECTOR('',#5015,1.);
#5015 = DIRECTION('',(0.,1.));
#5016 = ( GEOMETRIC_REPRESENTATION_CONTEXT(2) 
PARAMETRIC_REPRESENTATION_CONTEXT() REPRESENTATION_CONTEXT('2D SPACE',''
  ) );
#5017 = ORIENTED_EDGE('',*,*,#5018,.F.);
#5018 = EDGE_CURVE('',#5019,#4991,#5021,.T.);
#5019 = VERTEX_POINT('',#5020);
#5020 = CARTESIAN_POINT('',(0.,122.81040335078,-138.7632948498));
#5021 = SURFACE_CURVE('',#5022,(#5026,#5033),.PCURVE_S1.);
#5022 = LINE('',#5023,#5024);
#5023 = CARTESIAN_POINT('',(0.,122.81040335078,-138.7632948498));
#5024 = VECTOR('',#5025,1.);
#5025 = DIRECTION('',(0.,0.999799948982,-2.000155032663E-02));
#5026 = PCURVE('',#4839,#5027);
#5027 = DEFINITIONAL_REPRESENTATION('',(#5028),#5032);
#5028 = LINE('',#5029,#5030);
#5029 = CARTESIAN_POINT('',(-50.,-68.85786437626));
#5030 = VECTOR('',#5031,1.);
#5031 = DIRECTION('',(0.,1.));
#5032 = ( GEOMETRIC_REPRESENTATION_CONTEXT(2) 
PARAMETRIC_REPRESENTATION_CONTEXT() REPRESENTATION_CONTEXT('2D SPACE',''
  ) );
#5033 = PCURVE('',#5034,#5039);
#5034 = PLANE('',#5035);
#5035 = AXIS2_PLACEMENT_3D('',#5036,#5037,#5038);
#5036 = CARTESIAN_POINT('',(0.,191.45447713792,-150.1385583793));
#5037 = DIRECTION('',(1.,0.,0.));
#5038 = DIRECTION('',(0.,2.000155032663E-02,0.999799948982));
#5039 = DEFINITIONAL_REPRESENTATION('',(#5040),#5044);
#5040 = LINE('',#5041,#5042);
#5041 = CARTESIAN_POINT('',(10.,68.857864376269));
#5042 = VECTOR('',#5043,1.);
#5043 = DIRECTION('',(0.,-1.));
#5044 = ( GEOMETRIC_REPRESENTATION_CONTEXT(2) 
PARAMETRIC_REPRESENTATION_CONTEXT() REPRESENTATION_CONTEXT('2D SPACE',''
  ) );
#5045 = ORIENTED_EDGE('',*,*,#5046,.T.);
#5046 = EDGE_CURVE('',#5019,#5047,#5049,.T.);
#5047 = VERTEX_POINT('',#5048);
#5048 = CARTESIAN_POINT('',(15.2,122.81040335078,-138.7632948498));
#5049 = SURFACE_CURVE('',#5050,(#5054,#5061),.PCURVE_S1.);
#5050 = LINE('',#5051,#5052);
#5051 = CARTESIAN_POINT('',(0.,122.81040335078,-138.7632948498));
#5052 = VECTOR('',#5053,1.);
#5053 = DIRECTION('',(1.,0.,0.));
#5054 = PCURVE('',#4839,#5055);
#5055 = DEFINITIONAL_REPRESENTATION('',(#5056),#5060);
#5056 = LINE('',#5057,#5058);
#5057 = CARTESIAN_POINT('',(-50.,-68.85786437626));
#5058 = VECTOR('',#5059,1.);
#5059 = DIRECTION('',(1.,0.));
#5060 = ( GEOMETRIC_REPRESENTATION_CONTEXT(2) 
PARAMETRIC_REPRESENTATION_CONTEXT() REPRESENTATION_CONTEXT('2D SPACE',''
  ) );
#5061 = PCURVE('',#5062,#5067);
#5062 = PLANE('',#5063);
#5063 = AXIS2_PLACEMENT_3D('',#5064,#5065,#5066);
#5064 = CARTESIAN_POINT('',(0.,122.61038784751,-148.7612943396));
#5065 = DIRECTION('',(0.,0.999799948982,-2.000155032663E-02));
#5066 = DIRECTION('',(0.,2.000155032663E-02,0.999799948982));
#5067 = DEFINITIONAL_REPRESENTATION('',(#5068),#5072);
#5068 = LINE('',#5069,#5070);
#5069 = CARTESIAN_POINT('',(10.,0.));
#5070 = VECTOR('',#5071,1.);
#5071 = DIRECTION('',(0.,1.));
#5072 = ( GEOMETRIC_REPRESENTATION_CONTEXT(2) 
PARAMETRIC_REPRESENTATION_CONTEXT() REPRESENTATION_CONTEXT('2D SPACE',''
  ) );
#5073 = ORIENTED_EDGE('',*,*,#5074,.F.);
#5074 = EDGE_CURVE('',#5075,#5047,#5077,.T.);
#5075 = VERTEX_POINT('',#5076);
#5076 = CARTESIAN_POINT('',(15.2,109.74195041933,-138.5018532291));
#5077 = SURFACE_CURVE('',#5078,(#5082,#5089),.PCURVE_S1.);
#5078 = LINE('',#5079,#5080);
#5079 = CARTESIAN_POINT('',(15.2,109.74195041933,-138.5018532291));
#5080 = VECTOR('',#5081,1.);
#5081 = DIRECTION('',(0.,0.999799948982,-2.000155032663E-02));
#5082 = PCURVE('',#4839,#5083);
#5083 = DEFINITIONAL_REPRESENTATION('',(#5084),#5088);
#5084 = LINE('',#5085,#5086);
#5085 = CARTESIAN_POINT('',(-34.8,-81.92893218813));
#5086 = VECTOR('',#5087,1.);
#5087 = DIRECTION('',(0.,1.));
#5088 = ( GEOMETRIC_REPRESENTATION_CONTEXT(2) 
PARAMETRIC_REPRESENTATION_CONTEXT() REPRESENTATION_CONTEXT('2D SPACE',''
  ) );
#5089 = PCURVE('',#5090,#5095);
#5090 = PLANE('',#5091);
#5091 = AXIS2_PLACEMENT_3D('',#5092,#5093,#5094);
#5092 = CARTESIAN_POINT('',(15.2,109.54193491607,-148.4998527189));
#5093 = DIRECTION('',(1.,0.,0.));
#5094 = DIRECTION('',(0.,2.000155032663E-02,0.999799948982));
#5095 = DEFINITIONAL_REPRESENTATION('',(#5096),#5100);
#5096 = LINE('',#5097,#5098);
#5097 = CARTESIAN_POINT('',(10.,-4.246603069191E-15));
#5098 = VECTOR('',#5099,1.);
#5099 = DIRECTION('',(0.,-1.));
#5100 = ( GEOMETRIC_REPRESENTATION_CONTEXT(2) 
PARAMETRIC_REPRESENTATION_CONTEXT() REPRESENTATION_CONTEXT('2D SPACE',''
  ) );
#5101 = ORIENTED_EDGE('',*,*,#5102,.T.);
#5102 = EDGE_CURVE('',#5075,#5103,#5105,.T.);
#5103 = VERTEX_POINT('',#5104);
#5104 = CARTESIAN_POINT('',(49.8,109.74195041933,-138.5018532291));
#5105 = SURFACE_CURVE('',#5106,(#5110,#5117),.PCURVE_S1.);
#5106 = LINE('',#5107,#5108);
#5107 = CARTESIAN_POINT('',(15.2,109.74195041933,-138.5018532291));
#5108 = VECTOR('',#5109,1.);
#5109 = DIRECTION('',(1.,0.,0.));
#5110 = PCURVE('',#4839,#5111);
#5111 = DEFINITIONAL_REPRESENTATION('',(#5112),#5116);
#5112 = LINE('',#5113,#5114);
#5113 = CARTESIAN_POINT('',(-34.8,-81.92893218813));
#5114 = VECTOR('',#5115,1.);
#5115 = DIRECTION('',(1.,0.));
#5116 = ( GEOMETRIC_REPRESENTATION_CONTEXT(2) 
PARAMETRIC_REPRESENTATION_CONTEXT() REPRESENTATION_CONTEXT('2D SPACE',''
  ) );
#5117 = PCURVE('',#5118,#5123);
#5118 = PLANE('',#5119);
#5119 = AXIS2_PLACEMENT_3D('',#5120,#5121,#5122);
#5120 = CARTESIAN_POINT('',(15.2,109.54193491607,-148.4998527189));
#5121 = DIRECTION('',(0.,0.999799948982,-2.000155032663E-02));
#5122 = DIRECTION('',(0.,2.000155032663E-02,0.999799948982));
#5123 = DEFINITIONAL_REPRESENTATION('',(#5124),#5128);
#5124 = LINE('',#5125,#5126);
#5125 = CARTESIAN_POINT('',(10.,0.));
#5126 = VECTOR('',#5127,1.);
#5127 = DIRECTION('',(0.,1.));
#5128 = ( GEOMETRIC_REPRESENTATION_CONTEXT(2) 
PARAMETRIC_REPRESENTATION_CONTEXT() REPRESENTATION_CONTEXT('2D SPACE',''
  ) );
#5129 = ORIENTED_EDGE('',*,*,#5130,.T.);
#5130 = EDGE_CURVE('',#5103,#5131,#5133,.T.);
#5131 = VERTEX_POINT('',#5132);
#5132 = CARTESIAN_POINT('',(49.8,122.81040335078,-138.7632948498));
#5133 = SURFACE_CURVE('',#5134,(#5138,#5145),.PCURVE_S1.);
#5134 = LINE('',#5135,#5136);
#5135 = CARTESIAN_POINT('',(49.8,109.74195041933,-138.5018532291));
#5136 = VECTOR('',#5137,1.);
#5137 = DIRECTION('',(0.,0.999799948982,-2.000155032663E-02));
#5138 = PCURVE('',#4839,#5139);
#5139 = DEFINITIONAL_REPRESENTATION('',(#5140),#5144);
#5140 = LINE('',#5141,#5142);
#5141 = CARTESIAN_POINT('',(-0.2,-81.92893218813));
#5142 = VECTOR('',#5143,1.);
#5143 = DIRECTION('',(0.,1.));
#5144 = ( GEOMETRIC_REPRESENTATION_CONTEXT(2) 
PARAMETRIC_REPRESENTATION_CONTEXT() REPRESENTATION_CONTEXT('2D SPACE',''
  ) );
#5145 = PCURVE('',#5146,#5151);
#5146 = PLANE('',#5147);
#5147 = AXIS2_PLACEMENT_3D('',#5148,#5149,#5150);
#5148 = CARTESIAN_POINT('',(49.8,109.54193491607,-148.4998527189));
#5149 = DIRECTION('',(1.,0.,0.));
#5150 = DIRECTION('',(0.,2.000155032663E-02,0.999799948982));
#5151 = DEFINITIONAL_REPRESENTATION('',(#5152),#5156);
#5152 = LINE('',#5153,#5154);
#5153 = CARTESIAN_POINT('',(10.,-4.246603069191E-15));
#5154 = VECTOR('',#5155,1.);
#5155 = DIRECTION('',(0.,-1.));
#5156 = ( GEOMETRIC_REPRESENTATION_CONTEXT(2) 
PARAMETRIC_REPRESENTATION_CONTEXT() REPRESENTATION_CONTEXT('2D SPACE',''
  ) );
#5157 = ORIENTED_EDGE('',*,*,#5158,.T.);
#5158 = EDGE_CURVE('',#5131,#5159,#5161,.T.);
#5159 = VERTEX_POINT('',#5160);
#5160 = CARTESIAN_POINT('',(65.,122.81040335078,-138.7632948498));
#5161 = SURFACE_CURVE('',#5162,(#5166,#5173),.PCURVE_S1.);
#5162 = LINE('',#5163,#5164);
#5163 = CARTESIAN_POINT('',(0.,122.81040335078,-138.7632948498));
#5164 = VECTOR('',#5165,1.);
#5165 = DIRECTION('',(1.,0.,0.));
#5166 = PCURVE('',#4839,#5167);
#5167 = DEFINITIONAL_REPRESENTATION('',(#5168),#5172);
#5168 = LINE('',#5169,#5170);
#5169 = CARTESIAN_POINT('',(-50.,-68.85786437626));
#5170 = VECTOR('',#5171,1.);
#5171 = DIRECTION('',(1.,0.));
#5172 = ( GEOMETRIC_REPRESENTATION_CONTEXT(2) 
PARAMETRIC_REPRESENTATION_CONTEXT() REPRESENTATION_CONTEXT('2D SPACE',''
  ) );
#5173 = PCURVE('',#5174,#5179);
#5174 = PLANE('',#5175);
#5175 = AXIS2_PLACEMENT_3D('',#5176,#5177,#5178);
#5176 = CARTESIAN_POINT('',(0.,122.61038784751,-148.7612943396));
#5177 = DIRECTION('',(0.,0.999799948982,-2.000155032663E-02));
#5178 = DIRECTION('',(0.,2.000155032663E-02,0.999799948982));
#5179 = DEFINITIONAL_REPRESENTATION('',(#5180),#5184);
#5180 = LINE('',#5181,#5182);
#5181 = CARTESIAN_POINT('',(10.,0.));
#5182 = VECTOR('',#5183,1.);
#5183 = DIRECTION('',(0.,1.));
#5184 = ( GEOMETRIC_REPRESENTATION_CONTEXT(2) 
PARAMETRIC_REPRESENTATION_CONTEXT() REPRESENTATION_CONTEXT('2D SPACE',''
  ) );
#5185 = ORIENTED_EDGE('',*,*,#5186,.T.);
#5186 = EDGE_CURVE('',#5159,#5187,#5189,.T.);
#5187 = VERTEX_POINT('',#5188);
#5188 = CARTESIAN_POINT('',(65.,204.72294557263,-140.4020005101));
#5189 = SURFACE_CURVE('',#5190,(#5194,#5201),.PCURVE_S1.);
#5190 = LINE('',#5191,#5192);
#5191 = CARTESIAN_POINT('',(65.,122.81040335078,-138.7632948498));
#5192 = VECTOR('',#5193,1.);
#5193 = DIRECTION('',(0.,0.999799948982,-2.000155032663E-02));
#5194 = PCURVE('',#4839,#5195);
#5195 = DEFINITIONAL_REPRESENTATION('',(#5196),#5200);
#5196 = LINE('',#5197,#5198);
#5197 = CARTESIAN_POINT('',(15.,-68.85786437626));
#5198 = VECTOR('',#5199,1.);
#5199 = DIRECTION('',(0.,1.));
#5200 = ( GEOMETRIC_REPRESENTATION_CONTEXT(2) 
PARAMETRIC_REPRESENTATION_CONTEXT() REPRESENTATION_CONTEXT('2D SPACE',''
  ) );
#5201 = PCURVE('',#5202,#5207);
#5202 = PLANE('',#5203);
#5203 = AXIS2_PLACEMENT_3D('',#5204,#5205,#5206);
#5204 = CARTESIAN_POINT('',(65.,191.45447713792,-150.1385583793));
#5205 = DIRECTION('',(1.,0.,0.));
#5206 = DIRECTION('',(0.,2.000155032663E-02,0.999799948982));
#5207 = DEFINITIONAL_REPRESENTATION('',(#5208),#5212);
#5208 = LINE('',#5209,#5210);
#5209 = CARTESIAN_POINT('',(10.,68.857864376269));
#5210 = VECTOR('',#5211,1.);
#5211 = DIRECTION('',(0.,-1.));
#5212 = ( GEOMETRIC_REPRESENTATION_CONTEXT(2) 
PARAMETRIC_REPRESENTATION_CONTEXT() REPRESENTATION_CONTEXT('2D SPACE',''
  ) );
#5213 = ORIENTED_EDGE('',*,*,#5214,.F.);
#5214 = EDGE_CURVE('',#4798,#5187,#5215,.T.);
#5215 = SURFACE_CURVE('',#5216,(#5220,#5227),.PCURVE_S1.);
#5216 = LINE('',#5217,#5218);
#5217 = CARTESIAN_POINT('',(50.,204.72294557263,-140.4020005101));
#5218 = VECTOR('',#5219,1.);
#5219 = DIRECTION('',(1.,0.,0.));
#5220 = PCURVE('',#4839,#5221);
#5221 = DEFINITIONAL_REPRESENTATION('',(#5222),#5226);
#5222 = LINE('',#5223,#5224);
#5223 = CARTESIAN_POINT('',(0.,13.071067811865));
#5224 = VECTOR('',#5225,1.);
#5225 = DIRECTION('',(1.,0.));
#5226 = ( GEOMETRIC_REPRESENTATION_CONTEXT(2) 
PARAMETRIC_REPRESENTATION_CONTEXT() REPRESENTATION_CONTEXT('2D SPACE',''
  ) );
#5227 = PCURVE('',#4813,#5228);
#5228 = DEFINITIONAL_REPRESENTATION('',(#5229),#5233);
#5229 = LINE('',#5230,#5231);
#5230 = CARTESIAN_POINT('',(10.,0.));
#5231 = VECTOR('',#5232,1.);
#5232 = DIRECTION('',(0.,1.));
#5233 = ( GEOMETRIC_REPRESENTATION_CONTEXT(2) 
PARAMETRIC_REPRESENTATION_CONTEXT() REPRESENTATION_CONTEXT('2D SPACE',''
  ) );
#5234 = FACE_BOUND('',#5235,.T.);
#5235 = EDGE_LOOP('',(#5236,#5267,#5295,#5324,#5352,#5381,#5409,#5438));
#5236 = ORIENTED_EDGE('',*,*,#5237,.F.);
#5237 = EDGE_CURVE('',#5238,#5240,#5242,.T.);
#5238 = VERTEX_POINT('',#5239);
#5239 = CARTESIAN_POINT('',(49.,132.8084028406,-138.963310353));
#5240 = VERTEX_POINT('',#5241);
#5241 = CARTESIAN_POINT('',(55.,138.80720253449,-139.083319655));
#5242 = SURFACE_CURVE('',#5243,(#5248,#5255),.PCURVE_S1.);
#5243 = CIRCLE('',#5244,6.);
#5244 = AXIS2_PLACEMENT_3D('',#5245,#5246,#5247);
#5245 = CARTESIAN_POINT('',(49.,138.80720253449,-139.083319655));
#5246 = DIRECTION('',(-0.,2.000155032663E-02,0.999799948982));
#5247 = DIRECTION('',(1.,0.,0.));
#5248 = PCURVE('',#4839,#5249);
#5249 = DEFINITIONAL_REPRESENTATION('',(#5250),#5254);
#5250 = CIRCLE('',#5251,6.);
#5251 = AXIS2_PLACEMENT_2D('',#5252,#5253);
#5252 = CARTESIAN_POINT('',(-1.,-52.85786437626));
#5253 = DIRECTION('',(1.,0.));
#5254 = ( GEOMETRIC_REPRESENTATION_CONTEXT(2) 
PARAMETRIC_REPRESENTATION_CONTEXT() REPRESENTATION_CONTEXT('2D SPACE',''
  ) );
#5255 = PCURVE('',#5256,#5261);
#5256 = CYLINDRICAL_SURFACE('',#5257,6.);
#5257 = AXIS2_PLACEMENT_3D('',#5258,#5259,#5260);
#5258 = CARTESIAN_POINT('',(49.,138.5871854809,-150.0811190938));
#5259 = DIRECTION('',(0.,2.000155032663E-02,0.999799948982));
#5260 = DIRECTION('',(1.,0.,0.));
#5261 = DEFINITIONAL_REPRESENTATION('',(#5262),#5266);
#5262 = LINE('',#5263,#5264);
#5263 = CARTESIAN_POINT('',(-6.28318530718,11.));
#5264 = VECTOR('',#5265,1.);
#5265 = DIRECTION('',(1.,-0.));
#5266 = ( GEOMETRIC_REPRESENTATION_CONTEXT(2) 
PARAMETRIC_REPRESENTATION_CONTEXT() REPRESENTATION_CONTEXT('2D SPACE',''
  ) );
#5267 = ORIENTED_EDGE('',*,*,#5268,.T.);
#5268 = EDGE_CURVE('',#5238,#5269,#5271,.T.);
#5269 = VERTEX_POINT('',#5270);
#5270 = CARTESIAN_POINT('',(16.,132.8084028406,-138.963310353));
#5271 = SURFACE_CURVE('',#5272,(#5276,#5283),.PCURVE_S1.);
#5272 = LINE('',#5273,#5274);
#5273 = CARTESIAN_POINT('',(5.,132.8084028406,-138.963310353));
#5274 = VECTOR('',#5275,1.);
#5275 = DIRECTION('',(-1.,0.,0.));
#5276 = PCURVE('',#4839,#5277);
#5277 = DEFINITIONAL_REPRESENTATION('',(#5278),#5282);
#5278 = LINE('',#5279,#5280);
#5279 = CARTESIAN_POINT('',(-45.,-58.85786437626));
#5280 = VECTOR('',#5281,1.);
#5281 = DIRECTION('',(-1.,0.));
#5282 = ( GEOMETRIC_REPRESENTATION_CONTEXT(2) 
PARAMETRIC_REPRESENTATION_CONTEXT() REPRESENTATION_CONTEXT('2D SPACE',''
  ) );
#5283 = PCURVE('',#5284,#5289);
#5284 = PLANE('',#5285);
#5285 = AXIS2_PLACEMENT_3D('',#5286,#5287,#5288);
#5286 = CARTESIAN_POINT('',(10.,132.588385787,-149.9611097918));
#5287 = DIRECTION('',(0.,0.999799948982,-2.000155032663E-02));
#5288 = DIRECTION('',(0.,2.000155032663E-02,0.999799948982));
#5289 = DEFINITIONAL_REPRESENTATION('',(#5290),#5294);
#5290 = LINE('',#5291,#5292);
#5291 = CARTESIAN_POINT('',(11.,-5.));
#5292 = VECTOR('',#5293,1.);
#5293 = DIRECTION('',(0.,-1.));
#5294 = ( GEOMETRIC_REPRESENTATION_CONTEXT(2) 
PARAMETRIC_REPRESENTATION_CONTEXT() REPRESENTATION_CONTEXT('2D SPACE',''
  ) );
#5295 = ORIENTED_EDGE('',*,*,#5296,.F.);
#5296 = EDGE_CURVE('',#5297,#5269,#5299,.T.);
#5297 = VERTEX_POINT('',#5298);
#5298 = CARTESIAN_POINT('',(10.,138.80720253449,-139.083319655));
#5299 = SURFACE_CURVE('',#5300,(#5305,#5312),.PCURVE_S1.);
#5300 = CIRCLE('',#5301,6.);
#5301 = AXIS2_PLACEMENT_3D('',#5302,#5303,#5304);
#5302 = CARTESIAN_POINT('',(16.,138.80720253449,-139.083319655));
#5303 = DIRECTION('',(0.,2.000155032663E-02,0.999799948982));
#5304 = DIRECTION('',(-1.,0.,0.));
#5305 = PCURVE('',#4839,#5306);
#5306 = DEFINITIONAL_REPRESENTATION('',(#5307),#5311);
#5307 = CIRCLE('',#5308,6.);
#5308 = AXIS2_PLACEMENT_2D('',#5309,#5310);
#5309 = CARTESIAN_POINT('',(-34.,-52.85786437626));
#5310 = DIRECTION('',(-1.,0.));
#5311 = ( GEOMETRIC_REPRESENTATION_CONTEXT(2) 
PARAMETRIC_REPRESENTATION_CONTEXT() REPRESENTATION_CONTEXT('2D SPACE',''
  ) );
#5312 = PCURVE('',#5313,#5318);
#5313 = CYLINDRICAL_SURFACE('',#5314,6.);
#5314 = AXIS2_PLACEMENT_3D('',#5315,#5316,#5317);
#5315 = CARTESIAN_POINT('',(16.,138.5871854809,-150.0811190938));
#5316 = DIRECTION('',(0.,2.000155032663E-02,0.999799948982));
#5317 = DIRECTION('',(-1.,0.,0.));
#5318 = DEFINITIONAL_REPRESENTATION('',(#5319),#5323);
#5319 = LINE('',#5320,#5321);
#5320 = CARTESIAN_POINT('',(0.,11.));
#5321 = VECTOR('',#5322,1.);
#5322 = DIRECTION('',(1.,0.));
#5323 = ( GEOMETRIC_REPRESENTATION_CONTEXT(2) 
PARAMETRIC_REPRESENTATION_CONTEXT() REPRESENTATION_CONTEXT('2D SPACE',''
  ) );
#5324 = ORIENTED_EDGE('',*,*,#5325,.T.);
#5325 = EDGE_CURVE('',#5297,#5326,#5328,.T.);
#5326 = VERTEX_POINT('',#5327);
#5327 = CARTESIAN_POINT('',(10.,175.65769345747,-139.8205340842));
#5328 = SURFACE_CURVE('',#5329,(#5333,#5340),.PCURVE_S1.);
#5329 = LINE('',#5330,#5331);
#5330 = CARTESIAN_POINT('',(10.,127.80940309569,-138.8633026014));
#5331 = VECTOR('',#5332,1.);
#5332 = DIRECTION('',(0.,0.999799948982,-2.000155032663E-02));
#5333 = PCURVE('',#4839,#5334);
#5334 = DEFINITIONAL_REPRESENTATION('',(#5335),#5339);
#5335 = LINE('',#5336,#5337);
#5336 = CARTESIAN_POINT('',(-40.,-63.85786437626));
#5337 = VECTOR('',#5338,1.);
#5338 = DIRECTION('',(0.,1.));
#5339 = ( GEOMETRIC_REPRESENTATION_CONTEXT(2) 
PARAMETRIC_REPRESENTATION_CONTEXT() REPRESENTATION_CONTEXT('2D SPACE',''
  ) );
#5340 = PCURVE('',#5341,#5346);
#5341 = PLANE('',#5342);
#5342 = AXIS2_PLACEMENT_3D('',#5343,#5344,#5345);
#5343 = CARTESIAN_POINT('',(10.,132.588385787,-149.9611097918));
#5344 = DIRECTION('',(1.,0.,0.));
#5345 = DIRECTION('',(0.,2.000155032663E-02,0.999799948982));
#5346 = DEFINITIONAL_REPRESENTATION('',(#5347),#5351);
#5347 = LINE('',#5348,#5349);
#5348 = CARTESIAN_POINT('',(11.,5.));
#5349 = VECTOR('',#5350,1.);
#5350 = DIRECTION('',(0.,-1.));
#5351 = ( GEOMETRIC_REPRESENTATION_CONTEXT(2) 
PARAMETRIC_REPRESENTATION_CONTEXT() REPRESENTATION_CONTEXT('2D SPACE',''
  ) );
#5352 = ORIENTED_EDGE('',*,*,#5353,.F.);
#5353 = EDGE_CURVE('',#5354,#5326,#5356,.T.);
#5354 = VERTEX_POINT('',#5355);
#5355 = CARTESIAN_POINT('',(16.,181.65649315136,-139.9405433862));
#5356 = SURFACE_CURVE('',#5357,(#5362,#5369),.PCURVE_S1.);
#5357 = CIRCLE('',#5358,6.);
#5358 = AXIS2_PLACEMENT_3D('',#5359,#5360,#5361);
#5359 = CARTESIAN_POINT('',(16.,175.65769345747,-139.8205340842));
#5360 = DIRECTION('',(0.,2.000155032663E-02,0.999799948982));
#5361 = DIRECTION('',(-1.,0.,0.));
#5362 = PCURVE('',#4839,#5363);
#5363 = DEFINITIONAL_REPRESENTATION('',(#5364),#5368);
#5364 = CIRCLE('',#5365,6.);
#5365 = AXIS2_PLACEMENT_2D('',#5366,#5367);
#5366 = CARTESIAN_POINT('',(-34.,-16.));
#5367 = DIRECTION('',(-1.,0.));
#5368 = ( GEOMETRIC_REPRESENTATION_CONTEXT(2) 
PARAMETRIC_REPRESENTATION_CONTEXT() REPRESENTATION_CONTEXT('2D SPACE',''
  ) );
#5369 = PCURVE('',#5370,#5375);
#5370 = CYLINDRICAL_SURFACE('',#5371,6.);
#5371 = AXIS2_PLACEMENT_3D('',#5372,#5373,#5374);
#5372 = CARTESIAN_POINT('',(16.,175.43767640388,-150.818333523));
#5373 = DIRECTION('',(0.,2.000155032663E-02,0.999799948982));
#5374 = DIRECTION('',(-1.,0.,0.));
#5375 = DEFINITIONAL_REPRESENTATION('',(#5376),#5380);
#5376 = LINE('',#5377,#5378);
#5377 = CARTESIAN_POINT('',(-6.28318530718,11.));
#5378 = VECTOR('',#5379,1.);
#5379 = DIRECTION('',(1.,-0.));
#5380 = ( GEOMETRIC_REPRESENTATION_CONTEXT(2) 
PARAMETRIC_REPRESENTATION_CONTEXT() REPRESENTATION_CONTEXT('2D SPACE',''
  ) );
#5381 = ORIENTED_EDGE('',*,*,#5382,.F.);
#5382 = EDGE_CURVE('',#5383,#5354,#5385,.T.);
#5383 = VERTEX_POINT('',#5384);
#5384 = CARTESIAN_POINT('',(49.,181.65649315136,-139.9405433862));
#5385 = SURFACE_CURVE('',#5386,(#5390,#5397),.PCURVE_S1.);
#5386 = LINE('',#5387,#5388);
#5387 = CARTESIAN_POINT('',(5.,181.65649315136,-139.9405433862));
#5388 = VECTOR('',#5389,1.);
#5389 = DIRECTION('',(-1.,0.,0.));
#5390 = PCURVE('',#4839,#5391);
#5391 = DEFINITIONAL_REPRESENTATION('',(#5392),#5396);
#5392 = LINE('',#5393,#5394);
#5393 = CARTESIAN_POINT('',(-45.,-10.));
#5394 = VECTOR('',#5395,1.);
#5395 = DIRECTION('',(-1.,0.));
#5396 = ( GEOMETRIC_REPRESENTATION_CONTEXT(2) 
PARAMETRIC_REPRESENTATION_CONTEXT() REPRESENTATION_CONTEXT('2D SPACE',''
  ) );
#5397 = PCURVE('',#5398,#5403);
#5398 = PLANE('',#5399);
#5399 = AXIS2_PLACEMENT_3D('',#5400,#5401,#5402);
#5400 = CARTESIAN_POINT('',(10.,181.43647609777,-150.938342825));
#5401 = DIRECTION('',(0.,0.999799948982,-2.000155032663E-02));
#5402 = DIRECTION('',(0.,2.000155032663E-02,0.999799948982));
#5403 = DEFINITIONAL_REPRESENTATION('',(#5404),#5408);
#5404 = LINE('',#5405,#5406);
#5405 = CARTESIAN_POINT('',(11.,-5.));
#5406 = VECTOR('',#5407,1.);
#5407 = DIRECTION('',(0.,-1.));
#5408 = ( GEOMETRIC_REPRESENTATION_CONTEXT(2) 
PARAMETRIC_REPRESENTATION_CONTEXT() REPRESENTATION_CONTEXT('2D SPACE',''
  ) );
#5409 = ORIENTED_EDGE('',*,*,#5410,.F.);
#5410 = EDGE_CURVE('',#5411,#5383,#5413,.T.);
#5411 = VERTEX_POINT('',#5412);
#5412 = CARTESIAN_POINT('',(55.,175.65769345747,-139.8205340842));
#5413 = SURFACE_CURVE('',#5414,(#5419,#5426),.PCURVE_S1.);
#5414 = CIRCLE('',#5415,6.);
#5415 = AXIS2_PLACEMENT_3D('',#5416,#5417,#5418);
#5416 = CARTESIAN_POINT('',(49.,175.65769345747,-139.8205340842));
#5417 = DIRECTION('',(-0.,2.000155032663E-02,0.999799948982));
#5418 = DIRECTION('',(1.,0.,0.));
#5419 = PCURVE('',#4839,#5420);
#5420 = DEFINITIONAL_REPRESENTATION('',(#5421),#5425);
#5421 = CIRCLE('',#5422,6.);
#5422 = AXIS2_PLACEMENT_2D('',#5423,#5424);
#5423 = CARTESIAN_POINT('',(-1.,-16.));
#5424 = DIRECTION('',(1.,0.));
#5425 = ( GEOMETRIC_REPRESENTATION_CONTEXT(2) 
PARAMETRIC_REPRESENTATION_CONTEXT() REPRESENTATION_CONTEXT('2D SPACE',''
  ) );
#5426 = PCURVE('',#5427,#5432);
#5427 = CYLINDRICAL_SURFACE('',#5428,6.);
#5428 = AXIS2_PLACEMENT_3D('',#5429,#5430,#5431);
#5429 = CARTESIAN_POINT('',(49.,175.43767640388,-150.818333523));
#5430 = DIRECTION('',(0.,2.000155032663E-02,0.999799948982));
#5431 = DIRECTION('',(1.,0.,0.));
#5432 = DEFINITIONAL_REPRESENTATION('',(#5433),#5437);
#5433 = LINE('',#5434,#5435);
#5434 = CARTESIAN_POINT('',(0.,11.));
#5435 = VECTOR('',#5436,1.);
#5436 = DIRECTION('',(1.,0.));
#5437 = ( GEOMETRIC_REPRESENTATION_CONTEXT(2) 
PARAMETRIC_REPRESENTATION_CONTEXT() REPRESENTATION_CONTEXT('2D SPACE',''
  ) );
#5438 = ORIENTED_EDGE('',*,*,#5439,.F.);
#5439 = EDGE_CURVE('',#5240,#5411,#5440,.T.);
#5440 = SURFACE_CURVE('',#5441,(#5445,#5452),.PCURVE_S1.);
#5441 = LINE('',#5442,#5443);
#5442 = CARTESIAN_POINT('',(55.,127.80940309569,-138.8633026014));
#5443 = VECTOR('',#5444,1.);
#5444 = DIRECTION('',(0.,0.999799948982,-2.000155032663E-02));
#5445 = PCURVE('',#4839,#5446);
#5446 = DEFINITIONAL_REPRESENTATION('',(#5447),#5451);
#5447 = LINE('',#5448,#5449);
#5448 = CARTESIAN_POINT('',(5.,-63.85786437626));
#5449 = VECTOR('',#5450,1.);
#5450 = DIRECTION('',(0.,1.));
#5451 = ( GEOMETRIC_REPRESENTATION_CONTEXT(2) 
PARAMETRIC_REPRESENTATION_CONTEXT() REPRESENTATION_CONTEXT('2D SPACE',''
  ) );
#5452 = PCURVE('',#5453,#5458);
#5453 = PLANE('',#5454);
#5454 = AXIS2_PLACEMENT_3D('',#5455,#5456,#5457);
#5455 = CARTESIAN_POINT('',(55.,132.588385787,-149.9611097918));
#5456 = DIRECTION('',(1.,0.,0.));
#5457 = DIRECTION('',(0.,2.000155032663E-02,0.999799948982));
#5458 = DEFINITIONAL_REPRESENTATION('',(#5459),#5463);
#5459 = LINE('',#5460,#5461);
#5460 = CARTESIAN_POINT('',(11.,5.));
#5461 = VECTOR('',#5462,1.);
#5462 = DIRECTION('',(0.,-1.));
#5463 = ( GEOMETRIC_REPRESENTATION_CONTEXT(2) 
PARAMETRIC_REPRESENTATION_CONTEXT() REPRESENTATION_CONTEXT('2D SPACE',''
  ) );
#5464 = ADVANCED_FACE('',(#5465,#5697),#4785,.F.);
#5465 = FACE_BOUND('',#5466,.F.);
#5466 = EDGE_LOOP('',(#5467,#5468,#5469,#5492,#5515,#5538,#5561,#5584,
    #5607,#5630,#5653,#5676));
#5467 = ORIENTED_EDGE('',*,*,#4769,.F.);
#5468 = ORIENTED_EDGE('',*,*,#4889,.F.);
#5469 = ORIENTED_EDGE('',*,*,#5470,.T.);
#5470 = EDGE_CURVE('',#4890,#5471,#5473,.T.);
#5471 = VERTEX_POINT('',#5472);
#5472 = CARTESIAN_POINT('',(15.,204.52293006936,-150.4));
#5473 = SURFACE_CURVE('',#5474,(#5478,#5485),.PCURVE_S1.);
#5474 = LINE('',#5475,#5476);
#5475 = CARTESIAN_POINT('',(15.,191.45447713792,-150.1385583793));
#5476 = VECTOR('',#5477,1.);
#5477 = DIRECTION('',(0.,0.999799948982,-2.000155032663E-02));
#5478 = PCURVE('',#4785,#5479);
#5479 = DEFINITIONAL_REPRESENTATION('',(#5480),#5484);
#5480 = LINE('',#5481,#5482);
#5481 = CARTESIAN_POINT('',(-35.,0.));
#5482 = VECTOR('',#5483,1.);
#5483 = DIRECTION('',(0.,1.));
#5484 = ( GEOMETRIC_REPRESENTATION_CONTEXT(2) 
PARAMETRIC_REPRESENTATION_CONTEXT() REPRESENTATION_CONTEXT('2D SPACE',''
  ) );
#5485 = PCURVE('',#4928,#5486);
#5486 = DEFINITIONAL_REPRESENTATION('',(#5487),#5491);
#5487 = LINE('',#5488,#5489);
#5488 = CARTESIAN_POINT('',(0.,0.));
#5489 = VECTOR('',#5490,1.);
#5490 = DIRECTION('',(0.,-1.));
#5491 = ( GEOMETRIC_REPRESENTATION_CONTEXT(2) 
PARAMETRIC_REPRESENTATION_CONTEXT() REPRESENTATION_CONTEXT('2D SPACE',''
  ) );
#5492 = ORIENTED_EDGE('',*,*,#5493,.F.);
#5493 = EDGE_CURVE('',#5494,#5471,#5496,.T.);
#5494 = VERTEX_POINT('',#5495);
#5495 = CARTESIAN_POINT('',(0.,204.52293006936,-150.4));
#5496 = SURFACE_CURVE('',#5497,(#5501,#5508),.PCURVE_S1.);
#5497 = LINE('',#5498,#5499);
#5498 = CARTESIAN_POINT('',(0.,204.52293006936,-150.4));
#5499 = VECTOR('',#5500,1.);
#5500 = DIRECTION('',(1.,0.,0.));
#5501 = PCURVE('',#4785,#5502);
#5502 = DEFINITIONAL_REPRESENTATION('',(#5503),#5507);
#5503 = LINE('',#5504,#5505);
#5504 = CARTESIAN_POINT('',(-50.,13.071067811865));
#5505 = VECTOR('',#5506,1.);
#5506 = DIRECTION('',(1.,0.));
#5507 = ( GEOMETRIC_REPRESENTATION_CONTEXT(2) 
PARAMETRIC_REPRESENTATION_CONTEXT() REPRESENTATION_CONTEXT('2D SPACE',''
  ) );
#5508 = PCURVE('',#5006,#5509);
#5509 = DEFINITIONAL_REPRESENTATION('',(#5510),#5514);
#5510 = LINE('',#5511,#5512);
#5511 = CARTESIAN_POINT('',(0.,0.));
#5512 = VECTOR('',#5513,1.);
#5513 = DIRECTION('',(0.,1.));
#5514 = ( GEOMETRIC_REPRESENTATION_CONTEXT(2) 
PARAMETRIC_REPRESENTATION_CONTEXT() REPRESENTATION_CONTEXT('2D SPACE',''
  ) );
#5515 = ORIENTED_EDGE('',*,*,#5516,.T.);
#5516 = EDGE_CURVE('',#5494,#5517,#5519,.T.);
#5517 = VERTEX_POINT('',#5518);
#5518 = CARTESIAN_POINT('',(0.,122.61038784751,-148.7612943396));
#5519 = SURFACE_CURVE('',#5520,(#5524,#5531),.PCURVE_S1.);
#5520 = LINE('',#5521,#5522);
#5521 = CARTESIAN_POINT('',(0.,204.52293006936,-150.4));
#5522 = VECTOR('',#5523,1.);
#5523 = DIRECTION('',(0.,-0.999799948982,2.000155032663E-02));
#5524 = PCURVE('',#4785,#5525);
#5525 = DEFINITIONAL_REPRESENTATION('',(#5526),#5530);
#5526 = LINE('',#5527,#5528);
#5527 = CARTESIAN_POINT('',(-50.,13.071067811865));
#5528 = VECTOR('',#5529,1.);
#5529 = DIRECTION('',(0.,-1.));
#5530 = ( GEOMETRIC_REPRESENTATION_CONTEXT(2) 
PARAMETRIC_REPRESENTATION_CONTEXT() REPRESENTATION_CONTEXT('2D SPACE',''
  ) );
#5531 = PCURVE('',#5034,#5532);
#5532 = DEFINITIONAL_REPRESENTATION('',(#5533),#5537);
#5533 = LINE('',#5534,#5535);
#5534 = CARTESIAN_POINT('',(6.328271240363E-15,-13.07106781186));
#5535 = VECTOR('',#5536,1.);
#5536 = DIRECTION('',(0.,1.));
#5537 = ( GEOMETRIC_REPRESENTATION_CONTEXT(2) 
PARAMETRIC_REPRESENTATION_CONTEXT() REPRESENTATION_CONTEXT('2D SPACE',''
  ) );
#5538 = ORIENTED_EDGE('',*,*,#5539,.T.);
#5539 = EDGE_CURVE('',#5517,#5540,#5542,.T.);
#5540 = VERTEX_POINT('',#5541);
#5541 = CARTESIAN_POINT('',(15.2,122.61038784751,-148.7612943396));
#5542 = SURFACE_CURVE('',#5543,(#5547,#5554),.PCURVE_S1.);
#5543 = LINE('',#5544,#5545);
#5544 = CARTESIAN_POINT('',(0.,122.61038784751,-148.7612943396));
#5545 = VECTOR('',#5546,1.);
#5546 = DIRECTION('',(1.,0.,0.));
#5547 = PCURVE('',#4785,#5548);
#5548 = DEFINITIONAL_REPRESENTATION('',(#5549),#5553);
#5549 = LINE('',#5550,#5551);
#5550 = CARTESIAN_POINT('',(-50.,-68.85786437626));
#5551 = VECTOR('',#5552,1.);
#5552 = DIRECTION('',(1.,0.));
#5553 = ( GEOMETRIC_REPRESENTATION_CONTEXT(2) 
PARAMETRIC_REPRESENTATION_CONTEXT() REPRESENTATION_CONTEXT('2D SPACE',''
  ) );
#5554 = PCURVE('',#5062,#5555);
#5555 = DEFINITIONAL_REPRESENTATION('',(#5556),#5560);
#5556 = LINE('',#5557,#5558);
#5557 = CARTESIAN_POINT('',(0.,0.));
#5558 = VECTOR('',#5559,1.);
#5559 = DIRECTION('',(0.,1.));
#5560 = ( GEOMETRIC_REPRESENTATION_CONTEXT(2) 
PARAMETRIC_REPRESENTATION_CONTEXT() REPRESENTATION_CONTEXT('2D SPACE',''
  ) );
#5561 = ORIENTED_EDGE('',*,*,#5562,.F.);
#5562 = EDGE_CURVE('',#5563,#5540,#5565,.T.);
#5563 = VERTEX_POINT('',#5564);
#5564 = CARTESIAN_POINT('',(15.2,109.54193491607,-148.4998527189));
#5565 = SURFACE_CURVE('',#5566,(#5570,#5577),.PCURVE_S1.);
#5566 = LINE('',#5567,#5568);
#5567 = CARTESIAN_POINT('',(15.2,109.54193491607,-148.4998527189));
#5568 = VECTOR('',#5569,1.);
#5569 = DIRECTION('',(0.,0.999799948982,-2.000155032663E-02));
#5570 = PCURVE('',#4785,#5571);
#5571 = DEFINITIONAL_REPRESENTATION('',(#5572),#5576);
#5572 = LINE('',#5573,#5574);
#5573 = CARTESIAN_POINT('',(-34.8,-81.92893218813));
#5574 = VECTOR('',#5575,1.);
#5575 = DIRECTION('',(0.,1.));
#5576 = ( GEOMETRIC_REPRESENTATION_CONTEXT(2) 
PARAMETRIC_REPRESENTATION_CONTEXT() REPRESENTATION_CONTEXT('2D SPACE',''
  ) );
#5577 = PCURVE('',#5090,#5578);
#5578 = DEFINITIONAL_REPRESENTATION('',(#5579),#5583);
#5579 = LINE('',#5580,#5581);
#5580 = CARTESIAN_POINT('',(0.,0.));
#5581 = VECTOR('',#5582,1.);
#5582 = DIRECTION('',(0.,-1.));
#5583 = ( GEOMETRIC_REPRESENTATION_CONTEXT(2) 
PARAMETRIC_REPRESENTATION_CONTEXT() REPRESENTATION_CONTEXT('2D SPACE',''
  ) );
#5584 = ORIENTED_EDGE('',*,*,#5585,.T.);
#5585 = EDGE_CURVE('',#5563,#5586,#5588,.T.);
#5586 = VERTEX_POINT('',#5587);
#5587 = CARTESIAN_POINT('',(49.8,109.54193491607,-148.4998527189));
#5588 = SURFACE_CURVE('',#5589,(#5593,#5600),.PCURVE_S1.);
#5589 = LINE('',#5590,#5591);
#5590 = CARTESIAN_POINT('',(15.2,109.54193491607,-148.4998527189));
#5591 = VECTOR('',#5592,1.);
#5592 = DIRECTION('',(1.,0.,0.));
#5593 = PCURVE('',#4785,#5594);
#5594 = DEFINITIONAL_REPRESENTATION('',(#5595),#5599);
#5595 = LINE('',#5596,#5597);
#5596 = CARTESIAN_POINT('',(-34.8,-81.92893218813));
#5597 = VECTOR('',#5598,1.);
#5598 = DIRECTION('',(1.,0.));
#5599 = ( GEOMETRIC_REPRESENTATION_CONTEXT(2) 
PARAMETRIC_REPRESENTATION_CONTEXT() REPRESENTATION_CONTEXT('2D SPACE',''
  ) );
#5600 = PCURVE('',#5118,#5601);
#5601 = DEFINITIONAL_REPRESENTATION('',(#5602),#5606);
#5602 = LINE('',#5603,#5604);
#5603 = CARTESIAN_POINT('',(0.,0.));
#5604 = VECTOR('',#5605,1.);
#5605 = DIRECTION('',(0.,1.));
#5606 = ( GEOMETRIC_REPRESENTATION_CONTEXT(2) 
PARAMETRIC_REPRESENTATION_CONTEXT() REPRESENTATION_CONTEXT('2D SPACE',''
  ) );
#5607 = ORIENTED_EDGE('',*,*,#5608,.T.);
#5608 = EDGE_CURVE('',#5586,#5609,#5611,.T.);
#5609 = VERTEX_POINT('',#5610);
#5610 = CARTESIAN_POINT('',(49.8,122.61038784751,-148.7612943396));
#5611 = SURFACE_CURVE('',#5612,(#5616,#5623),.PCURVE_S1.);
#5612 = LINE('',#5613,#5614);
#5613 = CARTESIAN_POINT('',(49.8,109.54193491607,-148.4998527189));
#5614 = VECTOR('',#5615,1.);
#5615 = DIRECTION('',(0.,0.999799948982,-2.000155032663E-02));
#5616 = PCURVE('',#4785,#5617);
#5617 = DEFINITIONAL_REPRESENTATION('',(#5618),#5622);
#5618 = LINE('',#5619,#5620);
#5619 = CARTESIAN_POINT('',(-0.2,-81.92893218813));
#5620 = VECTOR('',#5621,1.);
#5621 = DIRECTION('',(0.,1.));
#5622 = ( GEOMETRIC_REPRESENTATION_CONTEXT(2) 
PARAMETRIC_REPRESENTATION_CONTEXT() REPRESENTATION_CONTEXT('2D SPACE',''
  ) );
#5623 = PCURVE('',#5146,#5624);
#5624 = DEFINITIONAL_REPRESENTATION('',(#5625),#5629);
#5625 = LINE('',#5626,#5627);
#5626 = CARTESIAN_POINT('',(0.,0.));
#5627 = VECTOR('',#5628,1.);
#5628 = DIRECTION('',(0.,-1.));
#5629 = ( GEOMETRIC_REPRESENTATION_CONTEXT(2) 
PARAMETRIC_REPRESENTATION_CONTEXT() REPRESENTATION_CONTEXT('2D SPACE',''
  ) );
#5630 = ORIENTED_EDGE('',*,*,#5631,.T.);
#5631 = EDGE_CURVE('',#5609,#5632,#5634,.T.);
#5632 = VERTEX_POINT('',#5633);
#5633 = CARTESIAN_POINT('',(65.,122.61038784751,-148.7612943396));
#5634 = SURFACE_CURVE('',#5635,(#5639,#5646),.PCURVE_S1.);
#5635 = LINE('',#5636,#5637);
#5636 = CARTESIAN_POINT('',(0.,122.61038784751,-148.7612943396));
#5637 = VECTOR('',#5638,1.);
#5638 = DIRECTION('',(1.,0.,0.));
#5639 = PCURVE('',#4785,#5640);
#5640 = DEFINITIONAL_REPRESENTATION('',(#5641),#5645);
#5641 = LINE('',#5642,#5643);
#5642 = CARTESIAN_POINT('',(-50.,-68.85786437626));
#5643 = VECTOR('',#5644,1.);
#5644 = DIRECTION('',(1.,0.));
#5645 = ( GEOMETRIC_REPRESENTATION_CONTEXT(2) 
PARAMETRIC_REPRESENTATION_CONTEXT() REPRESENTATION_CONTEXT('2D SPACE',''
  ) );
#5646 = PCURVE('',#5174,#5647);
#5647 = DEFINITIONAL_REPRESENTATION('',(#5648),#5652);
#5648 = LINE('',#5649,#5650);
#5649 = CARTESIAN_POINT('',(0.,0.));
#5650 = VECTOR('',#5651,1.);
#5651 = DIRECTION('',(0.,1.));
#5652 = ( GEOMETRIC_REPRESENTATION_CONTEXT(2) 
PARAMETRIC_REPRESENTATION_CONTEXT() REPRESENTATION_CONTEXT('2D SPACE',''
  ) );
#5653 = ORIENTED_EDGE('',*,*,#5654,.F.);
#5654 = EDGE_CURVE('',#5655,#5632,#5657,.T.);
#5655 = VERTEX_POINT('',#5656);
#5656 = CARTESIAN_POINT('',(65.,204.52293006936,-150.4));
#5657 = SURFACE_CURVE('',#5658,(#5662,#5669),.PCURVE_S1.);
#5658 = LINE('',#5659,#5660);
#5659 = CARTESIAN_POINT('',(65.,204.52293006936,-150.4));
#5660 = VECTOR('',#5661,1.);
#5661 = DIRECTION('',(0.,-0.999799948982,2.000155032663E-02));
#5662 = PCURVE('',#4785,#5663);
#5663 = DEFINITIONAL_REPRESENTATION('',(#5664),#5668);
#5664 = LINE('',#5665,#5666);
#5665 = CARTESIAN_POINT('',(15.,13.071067811865));
#5666 = VECTOR('',#5667,1.);
#5667 = DIRECTION('',(0.,-1.));
#5668 = ( GEOMETRIC_REPRESENTATION_CONTEXT(2) 
PARAMETRIC_REPRESENTATION_CONTEXT() REPRESENTATION_CONTEXT('2D SPACE',''
  ) );
#5669 = PCURVE('',#5202,#5670);
#5670 = DEFINITIONAL_REPRESENTATION('',(#5671),#5675);
#5671 = LINE('',#5672,#5673);
#5672 = CARTESIAN_POINT('',(6.328271240363E-15,-13.07106781186));
#5673 = VECTOR('',#5674,1.);
#5674 = DIRECTION('',(0.,1.));
#5675 = ( GEOMETRIC_REPRESENTATION_CONTEXT(2) 
PARAMETRIC_REPRESENTATION_CONTEXT() REPRESENTATION_CONTEXT('2D SPACE',''
  ) );
#5676 = ORIENTED_EDGE('',*,*,#5677,.F.);
#5677 = EDGE_CURVE('',#4770,#5655,#5678,.T.);
#5678 = SURFACE_CURVE('',#5679,(#5683,#5690),.PCURVE_S1.);
#5679 = LINE('',#5680,#5681);
#5680 = CARTESIAN_POINT('',(50.,204.52293006936,-150.4));
#5681 = VECTOR('',#5682,1.);
#5682 = DIRECTION('',(1.,0.,0.));
#5683 = PCURVE('',#4785,#5684);
#5684 = DEFINITIONAL_REPRESENTATION('',(#5685),#5689);
#5685 = LINE('',#5686,#5687);
#5686 = CARTESIAN_POINT('',(0.,13.071067811865));
#5687 = VECTOR('',#5688,1.);
#5688 = DIRECTION('',(1.,0.));
#5689 = ( GEOMETRIC_REPRESENTATION_CONTEXT(2) 
PARAMETRIC_REPRESENTATION_CONTEXT() REPRESENTATION_CONTEXT('2D SPACE',''
  ) );
#5690 = PCURVE('',#4813,#5691);
#5691 = DEFINITIONAL_REPRESENTATION('',(#5692),#5696);
#5692 = LINE('',#5693,#5694);
#5693 = CARTESIAN_POINT('',(0.,0.));
#5694 = VECTOR('',#5695,1.);
#5695 = DIRECTION('',(0.,1.));
#5696 = ( GEOMETRIC_REPRESENTATION_CONTEXT(2) 
PARAMETRIC_REPRESENTATION_CONTEXT() REPRESENTATION_CONTEXT('2D SPACE',''
  ) );
#5697 = FACE_BOUND('',#5698,.F.);
#5698 = EDGE_LOOP('',(#5699,#5725,#5748,#5772,#5795,#5819,#5842,#5866));
#5699 = ORIENTED_EDGE('',*,*,#5700,.F.);
#5700 = EDGE_CURVE('',#5701,#5703,#5705,.T.);
#5701 = VERTEX_POINT('',#5702);
#5702 = CARTESIAN_POINT('',(49.,132.60838733733,-148.9613098428));
#5703 = VERTEX_POINT('',#5704);
#5704 = CARTESIAN_POINT('',(55.,138.60718703122,-149.0813191448));
#5705 = SURFACE_CURVE('',#5706,(#5711,#5718),.PCURVE_S1.);
#5706 = CIRCLE('',#5707,6.);
#5707 = AXIS2_PLACEMENT_3D('',#5708,#5709,#5710);
#5708 = CARTESIAN_POINT('',(49.,138.60718703122,-149.0813191448));
#5709 = DIRECTION('',(-0.,2.000155032663E-02,0.999799948982));
#5710 = DIRECTION('',(1.,0.,0.));
#5711 = PCURVE('',#4785,#5712);
#5712 = DEFINITIONAL_REPRESENTATION('',(#5713),#5717);
#5713 = CIRCLE('',#5714,6.);
#5714 = AXIS2_PLACEMENT_2D('',#5715,#5716);
#5715 = CARTESIAN_POINT('',(-1.,-52.85786437626));
#5716 = DIRECTION('',(1.,0.));
#5717 = ( GEOMETRIC_REPRESENTATION_CONTEXT(2) 
PARAMETRIC_REPRESENTATION_CONTEXT() REPRESENTATION_CONTEXT('2D SPACE',''
  ) );
#5718 = PCURVE('',#5256,#5719);
#5719 = DEFINITIONAL_REPRESENTATION('',(#5720),#5724);
#5720 = LINE('',#5721,#5722);
#5721 = CARTESIAN_POINT('',(-6.28318530718,1.));
#5722 = VECTOR('',#5723,1.);
#5723 = DIRECTION('',(1.,-0.));
#5724 = ( GEOMETRIC_REPRESENTATION_CONTEXT(2) 
PARAMETRIC_REPRESENTATION_CONTEXT() REPRESENTATION_CONTEXT('2D SPACE',''
  ) );
#5725 = ORIENTED_EDGE('',*,*,#5726,.T.);
#5726 = EDGE_CURVE('',#5701,#5727,#5729,.T.);
#5727 = VERTEX_POINT('',#5728);
#5728 = CARTESIAN_POINT('',(16.,132.60838733733,-148.9613098428));
#5729 = SURFACE_CURVE('',#5730,(#5734,#5741),.PCURVE_S1.);
#5730 = LINE('',#5731,#5732);
#5731 = CARTESIAN_POINT('',(5.,132.60838733733,-148.9613098428));
#5732 = VECTOR('',#5733,1.);
#5733 = DIRECTION('',(-1.,0.,0.));
#5734 = PCURVE('',#4785,#5735);
#5735 = DEFINITIONAL_REPRESENTATION('',(#5736),#5740);
#5736 = LINE('',#5737,#5738);
#5737 = CARTESIAN_POINT('',(-45.,-58.85786437626));
#5738 = VECTOR('',#5739,1.);
#5739 = DIRECTION('',(-1.,0.));
#5740 = ( GEOMETRIC_REPRESENTATION_CONTEXT(2) 
PARAMETRIC_REPRESENTATION_CONTEXT() REPRESENTATION_CONTEXT('2D SPACE',''
  ) );
#5741 = PCURVE('',#5284,#5742);
#5742 = DEFINITIONAL_REPRESENTATION('',(#5743),#5747);
#5743 = LINE('',#5744,#5745);
#5744 = CARTESIAN_POINT('',(1.,-5.));
#5745 = VECTOR('',#5746,1.);
#5746 = DIRECTION('',(0.,-1.));
#5747 = ( GEOMETRIC_REPRESENTATION_CONTEXT(2) 
PARAMETRIC_REPRESENTATION_CONTEXT() REPRESENTATION_CONTEXT('2D SPACE',''
  ) );
#5748 = ORIENTED_EDGE('',*,*,#5749,.F.);
#5749 = EDGE_CURVE('',#5750,#5727,#5752,.T.);
#5750 = VERTEX_POINT('',#5751);
#5751 = CARTESIAN_POINT('',(10.,138.60718703122,-149.0813191448));
#5752 = SURFACE_CURVE('',#5753,(#5758,#5765),.PCURVE_S1.);
#5753 = CIRCLE('',#5754,6.);
#5754 = AXIS2_PLACEMENT_3D('',#5755,#5756,#5757);
#5755 = CARTESIAN_POINT('',(16.,138.60718703122,-149.0813191448));
#5756 = DIRECTION('',(0.,2.000155032663E-02,0.999799948982));
#5757 = DIRECTION('',(-1.,0.,0.));
#5758 = PCURVE('',#4785,#5759);
#5759 = DEFINITIONAL_REPRESENTATION('',(#5760),#5764);
#5760 = CIRCLE('',#5761,6.);
#5761 = AXIS2_PLACEMENT_2D('',#5762,#5763);
#5762 = CARTESIAN_POINT('',(-34.,-52.85786437626));
#5763 = DIRECTION('',(-1.,0.));
#5764 = ( GEOMETRIC_REPRESENTATION_CONTEXT(2) 
PARAMETRIC_REPRESENTATION_CONTEXT() REPRESENTATION_CONTEXT('2D SPACE',''
  ) );
#5765 = PCURVE('',#5313,#5766);
#5766 = DEFINITIONAL_REPRESENTATION('',(#5767),#5771);
#5767 = LINE('',#5768,#5769);
#5768 = CARTESIAN_POINT('',(0.,1.));
#5769 = VECTOR('',#5770,1.);
#5770 = DIRECTION('',(1.,0.));
#5771 = ( GEOMETRIC_REPRESENTATION_CONTEXT(2) 
PARAMETRIC_REPRESENTATION_CONTEXT() REPRESENTATION_CONTEXT('2D SPACE',''
  ) );
#5772 = ORIENTED_EDGE('',*,*,#5773,.T.);
#5773 = EDGE_CURVE('',#5750,#5774,#5776,.T.);
#5774 = VERTEX_POINT('',#5775);
#5775 = CARTESIAN_POINT('',(10.,175.4576779542,-149.8185335741));
#5776 = SURFACE_CURVE('',#5777,(#5781,#5788),.PCURVE_S1.);
#5777 = LINE('',#5778,#5779);
#5778 = CARTESIAN_POINT('',(10.,127.60938759242,-148.8613020912));
#5779 = VECTOR('',#5780,1.);
#5780 = DIRECTION('',(0.,0.999799948982,-2.000155032663E-02));
#5781 = PCURVE('',#4785,#5782);
#5782 = DEFINITIONAL_REPRESENTATION('',(#5783),#5787);
#5783 = LINE('',#5784,#5785);
#5784 = CARTESIAN_POINT('',(-40.,-63.85786437626));
#5785 = VECTOR('',#5786,1.);
#5786 = DIRECTION('',(0.,1.));
#5787 = ( GEOMETRIC_REPRESENTATION_CONTEXT(2) 
PARAMETRIC_REPRESENTATION_CONTEXT() REPRESENTATION_CONTEXT('2D SPACE',''
  ) );
#5788 = PCURVE('',#5341,#5789);
#5789 = DEFINITIONAL_REPRESENTATION('',(#5790),#5794);
#5790 = LINE('',#5791,#5792);
#5791 = CARTESIAN_POINT('',(1.,5.));
#5792 = VECTOR('',#5793,1.);
#5793 = DIRECTION('',(0.,-1.));
#5794 = ( GEOMETRIC_REPRESENTATION_CONTEXT(2) 
PARAMETRIC_REPRESENTATION_CONTEXT() REPRESENTATION_CONTEXT('2D SPACE',''
  ) );
#5795 = ORIENTED_EDGE('',*,*,#5796,.F.);
#5796 = EDGE_CURVE('',#5797,#5774,#5799,.T.);
#5797 = VERTEX_POINT('',#5798);
#5798 = CARTESIAN_POINT('',(16.,181.4564776481,-149.938542876));
#5799 = SURFACE_CURVE('',#5800,(#5805,#5812),.PCURVE_S1.);
#5800 = CIRCLE('',#5801,6.);
#5801 = AXIS2_PLACEMENT_3D('',#5802,#5803,#5804);
#5802 = CARTESIAN_POINT('',(16.,175.4576779542,-149.8185335741));
#5803 = DIRECTION('',(0.,2.000155032663E-02,0.999799948982));
#5804 = DIRECTION('',(-1.,0.,0.));
#5805 = PCURVE('',#4785,#5806);
#5806 = DEFINITIONAL_REPRESENTATION('',(#5807),#5811);
#5807 = CIRCLE('',#5808,6.);
#5808 = AXIS2_PLACEMENT_2D('',#5809,#5810);
#5809 = CARTESIAN_POINT('',(-34.,-16.));
#5810 = DIRECTION('',(-1.,0.));
#5811 = ( GEOMETRIC_REPRESENTATION_CONTEXT(2) 
PARAMETRIC_REPRESENTATION_CONTEXT() REPRESENTATION_CONTEXT('2D SPACE',''
  ) );
#5812 = PCURVE('',#5370,#5813);
#5813 = DEFINITIONAL_REPRESENTATION('',(#5814),#5818);
#5814 = LINE('',#5815,#5816);
#5815 = CARTESIAN_POINT('',(-6.28318530718,1.));
#5816 = VECTOR('',#5817,1.);
#5817 = DIRECTION('',(1.,-0.));
#5818 = ( GEOMETRIC_REPRESENTATION_CONTEXT(2) 
PARAMETRIC_REPRESENTATION_CONTEXT() REPRESENTATION_CONTEXT('2D SPACE',''
  ) );
#5819 = ORIENTED_EDGE('',*,*,#5820,.F.);
#5820 = EDGE_CURVE('',#5821,#5797,#5823,.T.);
#5821 = VERTEX_POINT('',#5822);
#5822 = CARTESIAN_POINT('',(49.,181.4564776481,-149.938542876));
#5823 = SURFACE_CURVE('',#5824,(#5828,#5835),.PCURVE_S1.);
#5824 = LINE('',#5825,#5826);
#5825 = CARTESIAN_POINT('',(5.,181.4564776481,-149.938542876));
#5826 = VECTOR('',#5827,1.);
#5827 = DIRECTION('',(-1.,0.,0.));
#5828 = PCURVE('',#4785,#5829);
#5829 = DEFINITIONAL_REPRESENTATION('',(#5830),#5834);
#5830 = LINE('',#5831,#5832);
#5831 = CARTESIAN_POINT('',(-45.,-10.));
#5832 = VECTOR('',#5833,1.);
#5833 = DIRECTION('',(-1.,0.));
#5834 = ( GEOMETRIC_REPRESENTATION_CONTEXT(2) 
PARAMETRIC_REPRESENTATION_CONTEXT() REPRESENTATION_CONTEXT('2D SPACE',''
  ) );
#5835 = PCURVE('',#5398,#5836);
#5836 = DEFINITIONAL_REPRESENTATION('',(#5837),#5841);
#5837 = LINE('',#5838,#5839);
#5838 = CARTESIAN_POINT('',(1.,-5.));
#5839 = VECTOR('',#5840,1.);
#5840 = DIRECTION('',(0.,-1.));
#5841 = ( GEOMETRIC_REPRESENTATION_CONTEXT(2) 
PARAMETRIC_REPRESENTATION_CONTEXT() REPRESENTATION_CONTEXT('2D SPACE',''
  ) );
#5842 = ORIENTED_EDGE('',*,*,#5843,.F.);
#5843 = EDGE_CURVE('',#5844,#5821,#5846,.T.);
#5844 = VERTEX_POINT('',#5845);
#5845 = CARTESIAN_POINT('',(55.,175.4576779542,-149.8185335741));
#5846 = SURFACE_CURVE('',#5847,(#5852,#5859),.PCURVE_S1.);
#5847 = CIRCLE('',#5848,6.);
#5848 = AXIS2_PLACEMENT_3D('',#5849,#5850,#5851);
#5849 = CARTESIAN_POINT('',(49.,175.4576779542,-149.8185335741));
#5850 = DIRECTION('',(-0.,2.000155032663E-02,0.999799948982));
#5851 = DIRECTION('',(1.,0.,0.));
#5852 = PCURVE('',#4785,#5853);
#5853 = DEFINITIONAL_REPRESENTATION('',(#5854),#5858);
#5854 = CIRCLE('',#5855,6.);
#5855 = AXIS2_PLACEMENT_2D('',#5856,#5857);
#5856 = CARTESIAN_POINT('',(-1.,-16.));
#5857 = DIRECTION('',(1.,0.));
#5858 = ( GEOMETRIC_REPRESENTATION_CONTEXT(2) 
PARAMETRIC_REPRESENTATION_CONTEXT() REPRESENTATION_CONTEXT('2D SPACE',''
  ) );
#5859 = PCURVE('',#5427,#5860);
#5860 = DEFINITIONAL_REPRESENTATION('',(#5861),#5865);
#5861 = LINE('',#5862,#5863);
#5862 = CARTESIAN_POINT('',(0.,1.));
#5863 = VECTOR('',#5864,1.);
#5864 = DIRECTION('',(1.,0.));
#5865 = ( GEOMETRIC_REPRESENTATION_CONTEXT(2) 
PARAMETRIC_REPRESENTATION_CONTEXT() REPRESENTATION_CONTEXT('2D SPACE',''
  ) );
#5866 = ORIENTED_EDGE('',*,*,#5867,.F.);
#5867 = EDGE_CURVE('',#5703,#5844,#5868,.T.);
#5868 = SURFACE_CURVE('',#5869,(#5873,#5880),.PCURVE_S1.);
#5869 = LINE('',#5870,#5871);
#5870 = CARTESIAN_POINT('',(55.,127.60938759242,-148.8613020912));
#5871 = VECTOR('',#5872,1.);
#5872 = DIRECTION('',(0.,0.999799948982,-2.000155032663E-02));
#5873 = PCURVE('',#4785,#5874);
#5874 = DEFINITIONAL_REPRESENTATION('',(#5875),#5879);
#5875 = LINE('',#5876,#5877);
#5876 = CARTESIAN_POINT('',(5.,-63.85786437626));
#5877 = VECTOR('',#5878,1.);
#5878 = DIRECTION('',(0.,1.));
#5879 = ( GEOMETRIC_REPRESENTATION_CONTEXT(2) 
PARAMETRIC_REPRESENTATION_CONTEXT() REPRESENTATION_CONTEXT('2D SPACE',''
  ) );
#5880 = PCURVE('',#5453,#5881);
#5881 = DEFINITIONAL_REPRESENTATION('',(#5882),#5886);
#5882 = LINE('',#5883,#5884);
#5883 = CARTESIAN_POINT('',(1.,5.));
#5884 = VECTOR('',#5885,1.);
#5885 = DIRECTION('',(0.,-1.));
#5886 = ( GEOMETRIC_REPRESENTATION_CONTEXT(2) 
PARAMETRIC_REPRESENTATION_CONTEXT() REPRESENTATION_CONTEXT('2D SPACE',''
  ) );
#5887 = ADVANCED_FACE('',(#5888),#4813,.T.);
#5888 = FACE_BOUND('',#5889,.T.);
#5889 = EDGE_LOOP('',(#5890,#5891,#5892,#5893));
#5890 = ORIENTED_EDGE('',*,*,#5677,.F.);
#5891 = ORIENTED_EDGE('',*,*,#4797,.T.);
#5892 = ORIENTED_EDGE('',*,*,#5214,.T.);
#5893 = ORIENTED_EDGE('',*,*,#5894,.F.);
#5894 = EDGE_CURVE('',#5655,#5187,#5895,.T.);
#5895 = SURFACE_CURVE('',#5896,(#5900,#5907),.PCURVE_S1.);
#5896 = LINE('',#5897,#5898);
#5897 = CARTESIAN_POINT('',(65.,204.52293006936,-150.4));
#5898 = VECTOR('',#5899,1.);
#5899 = DIRECTION('',(0.,2.000155032663E-02,0.999799948982));
#5900 = PCURVE('',#4813,#5901);
#5901 = DEFINITIONAL_REPRESENTATION('',(#5902),#5906);
#5902 = LINE('',#5903,#5904);
#5903 = CARTESIAN_POINT('',(0.,15.));
#5904 = VECTOR('',#5905,1.);
#5905 = DIRECTION('',(1.,0.));
#5906 = ( GEOMETRIC_REPRESENTATION_CONTEXT(2) 
PARAMETRIC_REPRESENTATION_CONTEXT() REPRESENTATION_CONTEXT('2D SPACE',''
  ) );
#5907 = PCURVE('',#5202,#5908);
#5908 = DEFINITIONAL_REPRESENTATION('',(#5909),#5913);
#5909 = LINE('',#5910,#5911);
#5910 = CARTESIAN_POINT('',(6.328271240363E-15,-13.07106781186));
#5911 = VECTOR('',#5912,1.);
#5912 = DIRECTION('',(1.,0.));
#5913 = ( GEOMETRIC_REPRESENTATION_CONTEXT(2) 
PARAMETRIC_REPRESENTATION_CONTEXT() REPRESENTATION_CONTEXT('2D SPACE',''
  ) );
#5914 = ADVANCED_FACE('',(#5915),#4874,.F.);
#5915 = FACE_BOUND('',#5916,.T.);
#5916 = EDGE_LOOP('',(#5917,#5940,#5941,#5942));
#5917 = ORIENTED_EDGE('',*,*,#5918,.F.);
#5918 = EDGE_CURVE('',#4854,#5919,#5921,.T.);
#5919 = VERTEX_POINT('',#5920);
#5920 = CARTESIAN_POINT('',(57.,201.82349796384,-145.3449959141));
#5921 = SEAM_CURVE('',#5922,(#5926,#5933),.PCURVE_S1.);
#5922 = LINE('',#5923,#5924);
#5923 = CARTESIAN_POINT('',(-1.,201.82349796384,-145.3449959141));
#5924 = VECTOR('',#5925,1.);
#5925 = DIRECTION('',(1.,0.,0.));
#5926 = PCURVE('',#4874,#5927);
#5927 = DEFINITIONAL_REPRESENTATION('',(#5928),#5932);
#5928 = LINE('',#5929,#5930);
#5929 = CARTESIAN_POINT('',(-6.28318530718,0.));
#5930 = VECTOR('',#5931,1.);
#5931 = DIRECTION('',(-0.,-1.));
#5932 = ( GEOMETRIC_REPRESENTATION_CONTEXT(2) 
PARAMETRIC_REPRESENTATION_CONTEXT() REPRESENTATION_CONTEXT('2D SPACE',''
  ) );
#5933 = PCURVE('',#4874,#5934);
#5934 = DEFINITIONAL_REPRESENTATION('',(#5935),#5939);
#5935 = LINE('',#5936,#5937);
#5936 = CARTESIAN_POINT('',(-0.,0.));
#5937 = VECTOR('',#5938,1.);
#5938 = DIRECTION('',(-0.,-1.));
#5939 = ( GEOMETRIC_REPRESENTATION_CONTEXT(2) 
PARAMETRIC_REPRESENTATION_CONTEXT() REPRESENTATION_CONTEXT('2D SPACE',''
  ) );
#5940 = ORIENTED_EDGE('',*,*,#4853,.T.);
#5941 = ORIENTED_EDGE('',*,*,#5918,.T.);
#5942 = ORIENTED_EDGE('',*,*,#5943,.F.);
#5943 = EDGE_CURVE('',#5919,#5919,#5944,.T.);
#5944 = SURFACE_CURVE('',#5945,(#5950,#5957),.PCURVE_S1.);
#5945 = CIRCLE('',#5946,2.2);
#5946 = AXIS2_PLACEMENT_3D('',#5947,#5948,#5949);
#5947 = CARTESIAN_POINT('',(57.,199.62393807608,-145.3009925034));
#5948 = DIRECTION('',(-1.,0.,-0.));
#5949 = DIRECTION('',(0.,0.999799948982,-2.000155032663E-02));
#5950 = PCURVE('',#4874,#5951);
#5951 = DEFINITIONAL_REPRESENTATION('',(#5952),#5956);
#5952 = LINE('',#5953,#5954);
#5953 = CARTESIAN_POINT('',(-6.28318530718,-58.));
#5954 = VECTOR('',#5955,1.);
#5955 = DIRECTION('',(1.,-0.));
#5956 = ( GEOMETRIC_REPRESENTATION_CONTEXT(2) 
PARAMETRIC_REPRESENTATION_CONTEXT() REPRESENTATION_CONTEXT('2D SPACE',''
  ) );
#5957 = PCURVE('',#5958,#5963);
#5958 = PLANE('',#5959);
#5959 = AXIS2_PLACEMENT_3D('',#5960,#5961,#5962);
#5960 = CARTESIAN_POINT('',(57.,199.62393807608,-145.3009925034));
#5961 = DIRECTION('',(1.,0.,0.));
#5962 = DIRECTION('',(0.,2.000155032663E-02,0.999799948982));
#5963 = DEFINITIONAL_REPRESENTATION('',(#5964),#5972);
#5964 = ( BOUNDED_CURVE() B_SPLINE_CURVE(2,(#5965,#5966,#5967,#5968,
#5969,#5970,#5971),.UNSPECIFIED.,.T.,.F.) B_SPLINE_CURVE_WITH_KNOTS((1,2
    ,2,2,2,1),(-2.094395102393,0.,2.094395102393,4.188790204786,
6.28318530718,8.377580409573),.UNSPECIFIED.) CURVE() 
GEOMETRIC_REPRESENTATION_ITEM() RATIONAL_B_SPLINE_CURVE((1.,0.5,1.,0.5,
1.,0.5,1.)) REPRESENTATION_ITEM('') );
#5965 = CARTESIAN_POINT('',(0.,-2.2));
#5966 = CARTESIAN_POINT('',(-3.810511776652,-2.2));
#5967 = CARTESIAN_POINT('',(-1.905255888326,1.1));
#5968 = CARTESIAN_POINT('',(-5.388445916248E-16,4.4));
#5969 = CARTESIAN_POINT('',(1.905255888326,1.1));
#5970 = CARTESIAN_POINT('',(3.810511776652,-2.2));
#5971 = CARTESIAN_POINT('',(0.,-2.2));
#5972 = ( GEOMETRIC_REPRESENTATION_CONTEXT(2) 
PARAMETRIC_REPRESENTATION_CONTEXT() REPRESENTATION_CONTEXT('2D SPACE',''
  ) );
#5973 = ADVANCED_FACE('',(#5974,#6000),#4928,.T.);
#5974 = FACE_BOUND('',#5975,.T.);
#5975 = EDGE_LOOP('',(#5976,#5977,#5978,#5999));
#5976 = ORIENTED_EDGE('',*,*,#4912,.F.);
#5977 = ORIENTED_EDGE('',*,*,#5470,.T.);
#5978 = ORIENTED_EDGE('',*,*,#5979,.T.);
#5979 = EDGE_CURVE('',#5471,#4968,#5980,.T.);
#5980 = SURFACE_CURVE('',#5981,(#5985,#5992),.PCURVE_S1.);
#5981 = LINE('',#5982,#5983);
#5982 = CARTESIAN_POINT('',(15.,204.52293006936,-150.4));
#5983 = VECTOR('',#5984,1.);
#5984 = DIRECTION('',(0.,2.000155032663E-02,0.999799948982));
#5985 = PCURVE('',#4928,#5986);
#5986 = DEFINITIONAL_REPRESENTATION('',(#5987),#5991);
#5987 = LINE('',#5988,#5989);
#5988 = CARTESIAN_POINT('',(6.328271240363E-15,-13.07106781186));
#5989 = VECTOR('',#5990,1.);
#5990 = DIRECTION('',(1.,0.));
#5991 = ( GEOMETRIC_REPRESENTATION_CONTEXT(2) 
PARAMETRIC_REPRESENTATION_CONTEXT() REPRESENTATION_CONTEXT('2D SPACE',''
  ) );
#5992 = PCURVE('',#5006,#5993);
#5993 = DEFINITIONAL_REPRESENTATION('',(#5994),#5998);
#5994 = LINE('',#5995,#5996);
#5995 = CARTESIAN_POINT('',(0.,15.));
#5996 = VECTOR('',#5997,1.);
#5997 = DIRECTION('',(1.,0.));
#5998 = ( GEOMETRIC_REPRESENTATION_CONTEXT(2) 
PARAMETRIC_REPRESENTATION_CONTEXT() REPRESENTATION_CONTEXT('2D SPACE',''
  ) );
#5999 = ORIENTED_EDGE('',*,*,#4967,.F.);
#6000 = FACE_BOUND('',#6001,.T.);
#6001 = EDGE_LOOP('',(#6002));
#6002 = ORIENTED_EDGE('',*,*,#6003,.T.);
#6003 = EDGE_CURVE('',#6004,#6004,#6006,.T.);
#6004 = VERTEX_POINT('',#6005);
#6005 = CARTESIAN_POINT('',(15.,201.82349796384,-145.3449959141));
#6006 = SURFACE_CURVE('',#6007,(#6012,#6023),.PCURVE_S1.);
#6007 = CIRCLE('',#6008,2.2);
#6008 = AXIS2_PLACEMENT_3D('',#6009,#6010,#6011);
#6009 = CARTESIAN_POINT('',(15.,199.62393807608,-145.3009925034));
#6010 = DIRECTION('',(-1.,0.,-0.));
#6011 = DIRECTION('',(0.,0.999799948982,-2.000155032663E-02));
#6012 = PCURVE('',#4928,#6013);
#6013 = DEFINITIONAL_REPRESENTATION('',(#6014),#6022);
#6014 = ( BOUNDED_CURVE() B_SPLINE_CURVE(2,(#6015,#6016,#6017,#6018,
#6019,#6020,#6021),.UNSPECIFIED.,.T.,.F.) B_SPLINE_CURVE_WITH_KNOTS((1,2
    ,2,2,2,1),(-2.094395102393,0.,2.094395102393,4.188790204786,
6.28318530718,8.377580409573),.UNSPECIFIED.) CURVE() 
GEOMETRIC_REPRESENTATION_ITEM() RATIONAL_B_SPLINE_CURVE((1.,0.5,1.,0.5,
1.,0.5,1.)) REPRESENTATION_ITEM('') );
#6015 = CARTESIAN_POINT('',(5.,-10.27106781186));
#6016 = CARTESIAN_POINT('',(1.189488223348,-10.27106781186));
#6017 = CARTESIAN_POINT('',(3.094744111674,-6.971067811865));
#6018 = CARTESIAN_POINT('',(5.,-3.671067811865));
#6019 = CARTESIAN_POINT('',(6.905255888326,-6.971067811865));
#6020 = CARTESIAN_POINT('',(8.810511776652,-10.27106781186));
#6021 = CARTESIAN_POINT('',(5.,-10.27106781186));
#6022 = ( GEOMETRIC_REPRESENTATION_CONTEXT(2) 
PARAMETRIC_REPRESENTATION_CONTEXT() REPRESENTATION_CONTEXT('2D SPACE',''
  ) );
#6023 = PCURVE('',#6024,#6029);
#6024 = CYLINDRICAL_SURFACE('',#6025,2.2);
#6025 = AXIS2_PLACEMENT_3D('',#6026,#6027,#6028);
#6026 = CARTESIAN_POINT('',(-1.,199.62393807608,-145.3009925034));
#6027 = DIRECTION('',(-1.,-0.,0.));
#6028 = DIRECTION('',(0.,0.999799948982,-2.000155032663E-02));
#6029 = DEFINITIONAL_REPRESENTATION('',(#6030),#6034);
#6030 = LINE('',#6031,#6032);
#6031 = CARTESIAN_POINT('',(-6.28318530718,-16.));
#6032 = VECTOR('',#6033,1.);
#6033 = DIRECTION('',(1.,-0.));
#6034 = ( GEOMETRIC_REPRESENTATION_CONTEXT(2) 
PARAMETRIC_REPRESENTATION_CONTEXT() REPRESENTATION_CONTEXT('2D SPACE',''
  ) );
#6035 = ADVANCED_FACE('',(#6036),#5006,.T.);
#6036 = FACE_BOUND('',#6037,.T.);
#6037 = EDGE_LOOP('',(#6038,#6039,#6060,#6061));
#6038 = ORIENTED_EDGE('',*,*,#5493,.F.);
#6039 = ORIENTED_EDGE('',*,*,#6040,.T.);
#6040 = EDGE_CURVE('',#5494,#4991,#6041,.T.);
#6041 = SURFACE_CURVE('',#6042,(#6046,#6053),.PCURVE_S1.);
#6042 = LINE('',#6043,#6044);
#6043 = CARTESIAN_POINT('',(0.,204.52293006936,-150.4));
#6044 = VECTOR('',#6045,1.);
#6045 = DIRECTION('',(0.,2.000155032663E-02,0.999799948982));
#6046 = PCURVE('',#5006,#6047);
#6047 = DEFINITIONAL_REPRESENTATION('',(#6048),#6052);
#6048 = LINE('',#6049,#6050);
#6049 = CARTESIAN_POINT('',(0.,0.));
#6050 = VECTOR('',#6051,1.);
#6051 = DIRECTION('',(1.,0.));
#6052 = ( GEOMETRIC_REPRESENTATION_CONTEXT(2) 
PARAMETRIC_REPRESENTATION_CONTEXT() REPRESENTATION_CONTEXT('2D SPACE',''
  ) );
#6053 = PCURVE('',#5034,#6054);
#6054 = DEFINITIONAL_REPRESENTATION('',(#6055),#6059);
#6055 = LINE('',#6056,#6057);
#6056 = CARTESIAN_POINT('',(6.328271240363E-15,-13.07106781186));
#6057 = VECTOR('',#6058,1.);
#6058 = DIRECTION('',(1.,0.));
#6059 = ( GEOMETRIC_REPRESENTATION_CONTEXT(2) 
PARAMETRIC_REPRESENTATION_CONTEXT() REPRESENTATION_CONTEXT('2D SPACE',''
  ) );
#6060 = ORIENTED_EDGE('',*,*,#4990,.T.);
#6061 = ORIENTED_EDGE('',*,*,#5979,.F.);
#6062 = ADVANCED_FACE('',(#6063,#6089),#5034,.F.);
#6063 = FACE_BOUND('',#6064,.F.);
#6064 = EDGE_LOOP('',(#6065,#6066,#6087,#6088));
#6065 = ORIENTED_EDGE('',*,*,#5018,.F.);
#6066 = ORIENTED_EDGE('',*,*,#6067,.F.);
#6067 = EDGE_CURVE('',#5517,#5019,#6068,.T.);
#6068 = SURFACE_CURVE('',#6069,(#6073,#6080),.PCURVE_S1.);
#6069 = LINE('',#6070,#6071);
#6070 = CARTESIAN_POINT('',(0.,122.61038784751,-148.7612943396));
#6071 = VECTOR('',#6072,1.);
#6072 = DIRECTION('',(0.,2.000155032663E-02,0.999799948982));
#6073 = PCURVE('',#5034,#6074);
#6074 = DEFINITIONAL_REPRESENTATION('',(#6075),#6079);
#6075 = LINE('',#6076,#6077);
#6076 = CARTESIAN_POINT('',(1.221245327088E-14,68.857864376269));
#6077 = VECTOR('',#6078,1.);
#6078 = DIRECTION('',(1.,0.));
#6079 = ( GEOMETRIC_REPRESENTATION_CONTEXT(2) 
PARAMETRIC_REPRESENTATION_CONTEXT() REPRESENTATION_CONTEXT('2D SPACE',''
  ) );
#6080 = PCURVE('',#5062,#6081);
#6081 = DEFINITIONAL_REPRESENTATION('',(#6082),#6086);
#6082 = LINE('',#6083,#6084);
#6083 = CARTESIAN_POINT('',(0.,0.));
#6084 = VECTOR('',#6085,1.);
#6085 = DIRECTION('',(1.,0.));
#6086 = ( GEOMETRIC_REPRESENTATION_CONTEXT(2) 
PARAMETRIC_REPRESENTATION_CONTEXT() REPRESENTATION_CONTEXT('2D SPACE',''
  ) );
#6087 = ORIENTED_EDGE('',*,*,#5516,.F.);
#6088 = ORIENTED_EDGE('',*,*,#6040,.T.);
#6089 = FACE_BOUND('',#6090,.F.);
#6090 = EDGE_LOOP('',(#6091));
#6091 = ORIENTED_EDGE('',*,*,#6092,.T.);
#6092 = EDGE_CURVE('',#6093,#6093,#6095,.T.);
#6093 = VERTEX_POINT('',#6094);
#6094 = CARTESIAN_POINT('',(0.,203.37318788477,-145.3759983171));
#6095 = SURFACE_CURVE('',#6096,(#6101,#6112),.PCURVE_S1.);
#6096 = CIRCLE('',#6097,3.75);
#6097 = AXIS2_PLACEMENT_3D('',#6098,#6099,#6100);
#6098 = CARTESIAN_POINT('',(0.,199.62393807608,-145.3009925034));
#6099 = DIRECTION('',(-1.,0.,-0.));
#6100 = DIRECTION('',(0.,0.999799948982,-2.000155032663E-02));
#6101 = PCURVE('',#5034,#6102);
#6102 = DEFINITIONAL_REPRESENTATION('',(#6103),#6111);
#6103 = ( BOUNDED_CURVE() B_SPLINE_CURVE(2,(#6104,#6105,#6106,#6107,
#6108,#6109,#6110),.UNSPECIFIED.,.T.,.F.) B_SPLINE_CURVE_WITH_KNOTS((1,2
    ,2,2,2,1),(-2.094395102393,0.,2.094395102393,4.188790204786,
6.28318530718,8.377580409573),.UNSPECIFIED.) CURVE() 
GEOMETRIC_REPRESENTATION_ITEM() RATIONAL_B_SPLINE_CURVE((1.,0.5,1.,0.5,
1.,0.5,1.)) REPRESENTATION_ITEM('') );
#6104 = CARTESIAN_POINT('',(5.,-11.82106781186));
#6105 = CARTESIAN_POINT('',(-1.495190528383,-11.82106781186));
#6106 = CARTESIAN_POINT('',(1.752404735808,-6.196067811865));
#6107 = CARTESIAN_POINT('',(5.,-0.571067811866));
#6108 = CARTESIAN_POINT('',(8.247595264192,-6.196067811865));
#6109 = CARTESIAN_POINT('',(11.495190528383,-11.82106781186));
#6110 = CARTESIAN_POINT('',(5.,-11.82106781186));
#6111 = ( GEOMETRIC_REPRESENTATION_CONTEXT(2) 
PARAMETRIC_REPRESENTATION_CONTEXT() REPRESENTATION_CONTEXT('2D SPACE',''
  ) );
#6112 = PCURVE('',#6113,#6118);
#6113 = CYLINDRICAL_SURFACE('',#6114,3.75);
#6114 = AXIS2_PLACEMENT_3D('',#6115,#6116,#6117);
#6115 = CARTESIAN_POINT('',(-1.,199.62393807608,-145.3009925034));
#6116 = DIRECTION('',(-1.,-0.,0.));
#6117 = DIRECTION('',(0.,0.999799948982,-2.000155032663E-02));
#6118 = DEFINITIONAL_REPRESENTATION('',(#6119),#6123);
#6119 = LINE('',#6120,#6121);
#6120 = CARTESIAN_POINT('',(-6.28318530718,-1.));
#6121 = VECTOR('',#6122,1.);
#6122 = DIRECTION('',(1.,-0.));
#6123 = ( GEOMETRIC_REPRESENTATION_CONTEXT(2) 
PARAMETRIC_REPRESENTATION_CONTEXT() REPRESENTATION_CONTEXT('2D SPACE',''
  ) );
#6124 = ADVANCED_FACE('',(#6125),#5062,.F.);
#6125 = FACE_BOUND('',#6126,.F.);
#6126 = EDGE_LOOP('',(#6127,#6128,#6129,#6130));
#6127 = ORIENTED_EDGE('',*,*,#5539,.F.);
#6128 = ORIENTED_EDGE('',*,*,#6067,.T.);
#6129 = ORIENTED_EDGE('',*,*,#5046,.T.);
#6130 = ORIENTED_EDGE('',*,*,#6131,.F.);
#6131 = EDGE_CURVE('',#5540,#5047,#6132,.T.);
#6132 = SURFACE_CURVE('',#6133,(#6137,#6144),.PCURVE_S1.);
#6133 = LINE('',#6134,#6135);
#6134 = CARTESIAN_POINT('',(15.2,122.61038784751,-148.7612943396));
#6135 = VECTOR('',#6136,1.);
#6136 = DIRECTION('',(0.,2.000155032663E-02,0.999799948982));
#6137 = PCURVE('',#5062,#6138);
#6138 = DEFINITIONAL_REPRESENTATION('',(#6139),#6143);
#6139 = LINE('',#6140,#6141);
#6140 = CARTESIAN_POINT('',(0.,15.2));
#6141 = VECTOR('',#6142,1.);
#6142 = DIRECTION('',(1.,0.));
#6143 = ( GEOMETRIC_REPRESENTATION_CONTEXT(2) 
PARAMETRIC_REPRESENTATION_CONTEXT() REPRESENTATION_CONTEXT('2D SPACE',''
  ) );
#6144 = PCURVE('',#5090,#6145);
#6145 = DEFINITIONAL_REPRESENTATION('',(#6146),#6150);
#6146 = LINE('',#6147,#6148);
#6147 = CARTESIAN_POINT('',(6.60582699652E-15,-13.07106781186));
#6148 = VECTOR('',#6149,1.);
#6149 = DIRECTION('',(1.,0.));
#6150 = ( GEOMETRIC_REPRESENTATION_CONTEXT(2) 
PARAMETRIC_REPRESENTATION_CONTEXT() REPRESENTATION_CONTEXT('2D SPACE',''
  ) );
#6151 = ADVANCED_FACE('',(#6152,#6178),#5090,.F.);
#6152 = FACE_BOUND('',#6153,.F.);
#6153 = EDGE_LOOP('',(#6154,#6175,#6176,#6177));
#6154 = ORIENTED_EDGE('',*,*,#6155,.F.);
#6155 = EDGE_CURVE('',#5563,#5075,#6156,.T.);
#6156 = SURFACE_CURVE('',#6157,(#6161,#6168),.PCURVE_S1.);
#6157 = LINE('',#6158,#6159);
#6158 = CARTESIAN_POINT('',(15.2,109.54193491607,-148.4998527189));
#6159 = VECTOR('',#6160,1.);
#6160 = DIRECTION('',(0.,2.000155032663E-02,0.999799948982));
#6161 = PCURVE('',#5090,#6162);
#6162 = DEFINITIONAL_REPRESENTATION('',(#6163),#6167);
#6163 = LINE('',#6164,#6165);
#6164 = CARTESIAN_POINT('',(0.,0.));
#6165 = VECTOR('',#6166,1.);
#6166 = DIRECTION('',(1.,0.));
#6167 = ( GEOMETRIC_REPRESENTATION_CONTEXT(2) 
PARAMETRIC_REPRESENTATION_CONTEXT() REPRESENTATION_CONTEXT('2D SPACE',''
  ) );
#6168 = PCURVE('',#5118,#6169);
#6169 = DEFINITIONAL_REPRESENTATION('',(#6170),#6174);
#6170 = LINE('',#6171,#6172);
#6171 = CARTESIAN_POINT('',(0.,0.));
#6172 = VECTOR('',#6173,1.);
#6173 = DIRECTION('',(1.,0.));
#6174 = ( GEOMETRIC_REPRESENTATION_CONTEXT(2) 
PARAMETRIC_REPRESENTATION_CONTEXT() REPRESENTATION_CONTEXT('2D SPACE',''
  ) );
#6175 = ORIENTED_EDGE('',*,*,#5562,.T.);
#6176 = ORIENTED_EDGE('',*,*,#6131,.T.);
#6177 = ORIENTED_EDGE('',*,*,#5074,.F.);
#6178 = FACE_BOUND('',#6179,.F.);
#6179 = EDGE_LOOP('',(#6180));
#6180 = ORIENTED_EDGE('',*,*,#6181,.T.);
#6181 = EDGE_CURVE('',#6182,#6182,#6184,.T.);
#6182 = VERTEX_POINT('',#6183);
#6183 = CARTESIAN_POINT('',(15.2,117.14044228506,-143.6508646015));
#6184 = SURFACE_CURVE('',#6185,(#6190,#6201),.PCURVE_S1.);
#6185 = CIRCLE('',#6186,2.5);
#6186 = AXIS2_PLACEMENT_3D('',#6187,#6188,#6189);
#6187 = CARTESIAN_POINT('',(15.2,114.64094241261,-143.6008607256));
#6188 = DIRECTION('',(-1.,0.,-0.));
#6189 = DIRECTION('',(0.,0.999799948982,-2.000155032663E-02));
#6190 = PCURVE('',#5090,#6191);
#6191 = DEFINITIONAL_REPRESENTATION('',(#6192),#6200);
#6192 = ( BOUNDED_CURVE() B_SPLINE_CURVE(2,(#6193,#6194,#6195,#6196,
#6197,#6198,#6199),.UNSPECIFIED.,.T.,.F.) B_SPLINE_CURVE_WITH_KNOTS((1,2
    ,2,2,2,1),(-2.094395102393,0.,2.094395102393,4.188790204786,
6.28318530718,8.377580409573),.UNSPECIFIED.) CURVE() 
GEOMETRIC_REPRESENTATION_ITEM() RATIONAL_B_SPLINE_CURVE((1.,0.5,1.,0.5,
1.,0.5,1.)) REPRESENTATION_ITEM('') );
#6193 = CARTESIAN_POINT('',(5.,-7.5));
#6194 = CARTESIAN_POINT('',(0.669872981078,-7.5));
#6195 = CARTESIAN_POINT('',(2.834936490539,-3.75));
#6196 = CARTESIAN_POINT('',(5.,-1.7763568394E-14));
#6197 = CARTESIAN_POINT('',(7.165063509461,-3.75));
#6198 = CARTESIAN_POINT('',(9.330127018922,-7.5));
#6199 = CARTESIAN_POINT('',(5.,-7.5));
#6200 = ( GEOMETRIC_REPRESENTATION_CONTEXT(2) 
PARAMETRIC_REPRESENTATION_CONTEXT() REPRESENTATION_CONTEXT('2D SPACE',''
  ) );
#6201 = PCURVE('',#6202,#6207);
#6202 = CYLINDRICAL_SURFACE('',#6203,2.5);
#6203 = AXIS2_PLACEMENT_3D('',#6204,#6205,#6206);
#6204 = CARTESIAN_POINT('',(-1.,114.64094241261,-143.6008607256));
#6205 = DIRECTION('',(-1.,-0.,0.));
#6206 = DIRECTION('',(0.,0.999799948982,-2.000155032663E-02));
#6207 = DEFINITIONAL_REPRESENTATION('',(#6208),#6212);
#6208 = LINE('',#6209,#6210);
#6209 = CARTESIAN_POINT('',(-6.28318530718,-16.2));
#6210 = VECTOR('',#6211,1.);
#6211 = DIRECTION('',(1.,-0.));
#6212 = ( GEOMETRIC_REPRESENTATION_CONTEXT(2) 
PARAMETRIC_REPRESENTATION_CONTEXT() REPRESENTATION_CONTEXT('2D SPACE',''
  ) );
#6213 = ADVANCED_FACE('',(#6214),#5118,.F.);
#6214 = FACE_BOUND('',#6215,.F.);
#6215 = EDGE_LOOP('',(#6216,#6217,#6218,#6219));
#6216 = ORIENTED_EDGE('',*,*,#5585,.F.);
#6217 = ORIENTED_EDGE('',*,*,#6155,.T.);
#6218 = ORIENTED_EDGE('',*,*,#5102,.T.);
#6219 = ORIENTED_EDGE('',*,*,#6220,.F.);
#6220 = EDGE_CURVE('',#5586,#5103,#6221,.T.);
#6221 = SURFACE_CURVE('',#6222,(#6226,#6233),.PCURVE_S1.);
#6222 = LINE('',#6223,#6224);
#6223 = CARTESIAN_POINT('',(49.8,109.54193491607,-148.4998527189));
#6224 = VECTOR('',#6225,1.);
#6225 = DIRECTION('',(0.,2.000155032663E-02,0.999799948982));
#6226 = PCURVE('',#5118,#6227);
#6227 = DEFINITIONAL_REPRESENTATION('',(#6228),#6232);
#6228 = LINE('',#6229,#6230);
#6229 = CARTESIAN_POINT('',(0.,34.6));
#6230 = VECTOR('',#6231,1.);
#6231 = DIRECTION('',(1.,0.));
#6232 = ( GEOMETRIC_REPRESENTATION_CONTEXT(2) 
PARAMETRIC_REPRESENTATION_CONTEXT() REPRESENTATION_CONTEXT('2D SPACE',''
  ) );
#6233 = PCURVE('',#5146,#6234);
#6234 = DEFINITIONAL_REPRESENTATION('',(#6235),#6239);
#6235 = LINE('',#6236,#6237);
#6236 = CARTESIAN_POINT('',(0.,0.));
#6237 = VECTOR('',#6238,1.);
#6238 = DIRECTION('',(1.,0.));
#6239 = ( GEOMETRIC_REPRESENTATION_CONTEXT(2) 
PARAMETRIC_REPRESENTATION_CONTEXT() REPRESENTATION_CONTEXT('2D SPACE',''
  ) );
#6240 = ADVANCED_FACE('',(#6241,#6267),#5146,.T.);
#6241 = FACE_BOUND('',#6242,.T.);
#6242 = EDGE_LOOP('',(#6243,#6244,#6245,#6266));
#6243 = ORIENTED_EDGE('',*,*,#6220,.F.);
#6244 = ORIENTED_EDGE('',*,*,#5608,.T.);
#6245 = ORIENTED_EDGE('',*,*,#6246,.T.);
#6246 = EDGE_CURVE('',#5609,#5131,#6247,.T.);
#6247 = SURFACE_CURVE('',#6248,(#6252,#6259),.PCURVE_S1.);
#6248 = LINE('',#6249,#6250);
#6249 = CARTESIAN_POINT('',(49.8,122.61038784751,-148.7612943396));
#6250 = VECTOR('',#6251,1.);
#6251 = DIRECTION('',(0.,2.000155032663E-02,0.999799948982));
#6252 = PCURVE('',#5146,#6253);
#6253 = DEFINITIONAL_REPRESENTATION('',(#6254),#6258);
#6254 = LINE('',#6255,#6256);
#6255 = CARTESIAN_POINT('',(6.60582699652E-15,-13.07106781186));
#6256 = VECTOR('',#6257,1.);
#6257 = DIRECTION('',(1.,0.));
#6258 = ( GEOMETRIC_REPRESENTATION_CONTEXT(2) 
PARAMETRIC_REPRESENTATION_CONTEXT() REPRESENTATION_CONTEXT('2D SPACE',''
  ) );
#6259 = PCURVE('',#5174,#6260);
#6260 = DEFINITIONAL_REPRESENTATION('',(#6261),#6265);
#6261 = LINE('',#6262,#6263);
#6262 = CARTESIAN_POINT('',(0.,49.8));
#6263 = VECTOR('',#6264,1.);
#6264 = DIRECTION('',(1.,0.));
#6265 = ( GEOMETRIC_REPRESENTATION_CONTEXT(2) 
PARAMETRIC_REPRESENTATION_CONTEXT() REPRESENTATION_CONTEXT('2D SPACE',''
  ) );
#6266 = ORIENTED_EDGE('',*,*,#5130,.F.);
#6267 = FACE_BOUND('',#6268,.T.);
#6268 = EDGE_LOOP('',(#6269));
#6269 = ORIENTED_EDGE('',*,*,#6270,.T.);
#6270 = EDGE_CURVE('',#6271,#6271,#6273,.T.);
#6271 = VERTEX_POINT('',#6272);
#6272 = CARTESIAN_POINT('',(49.8,117.14044228506,-143.6508646015));
#6273 = SURFACE_CURVE('',#6274,(#6279,#6290),.PCURVE_S1.);
#6274 = CIRCLE('',#6275,2.5);
#6275 = AXIS2_PLACEMENT_3D('',#6276,#6277,#6278);
#6276 = CARTESIAN_POINT('',(49.8,114.64094241261,-143.6008607256));
#6277 = DIRECTION('',(-1.,0.,-0.));
#6278 = DIRECTION('',(0.,0.999799948982,-2.000155032663E-02));
#6279 = PCURVE('',#5146,#6280);
#6280 = DEFINITIONAL_REPRESENTATION('',(#6281),#6289);
#6281 = ( BOUNDED_CURVE() B_SPLINE_CURVE(2,(#6282,#6283,#6284,#6285,
#6286,#6287,#6288),.UNSPECIFIED.,.T.,.F.) B_SPLINE_CURVE_WITH_KNOTS((1,2
    ,2,2,2,1),(-2.094395102393,0.,2.094395102393,4.188790204786,
6.28318530718,8.377580409573),.UNSPECIFIED.) CURVE() 
GEOMETRIC_REPRESENTATION_ITEM() RATIONAL_B_SPLINE_CURVE((1.,0.5,1.,0.5,
1.,0.5,1.)) REPRESENTATION_ITEM('') );
#6282 = CARTESIAN_POINT('',(5.,-7.5));
#6283 = CARTESIAN_POINT('',(0.669872981078,-7.5));
#6284 = CARTESIAN_POINT('',(2.834936490539,-3.75));
#6285 = CARTESIAN_POINT('',(5.,-1.7763568394E-14));
#6286 = CARTESIAN_POINT('',(7.165063509461,-3.75));
#6287 = CARTESIAN_POINT('',(9.330127018922,-7.5));
#6288 = CARTESIAN_POINT('',(5.,-7.5));
#6289 = ( GEOMETRIC_REPRESENTATION_CONTEXT(2) 
PARAMETRIC_REPRESENTATION_CONTEXT() REPRESENTATION_CONTEXT('2D SPACE',''
  ) );
#6290 = PCURVE('',#6202,#6291);
#6291 = DEFINITIONAL_REPRESENTATION('',(#6292),#6296);
#6292 = LINE('',#6293,#6294);
#6293 = CARTESIAN_POINT('',(-6.28318530718,-50.8));
#6294 = VECTOR('',#6295,1.);
#6295 = DIRECTION('',(1.,-0.));
#6296 = ( GEOMETRIC_REPRESENTATION_CONTEXT(2) 
PARAMETRIC_REPRESENTATION_CONTEXT() REPRESENTATION_CONTEXT('2D SPACE',''
  ) );
#6297 = ADVANCED_FACE('',(#6298),#5174,.F.);
#6298 = FACE_BOUND('',#6299,.F.);
#6299 = EDGE_LOOP('',(#6300,#6301,#6302,#6303));
#6300 = ORIENTED_EDGE('',*,*,#5631,.F.);
#6301 = ORIENTED_EDGE('',*,*,#6246,.T.);
#6302 = ORIENTED_EDGE('',*,*,#5158,.T.);
#6303 = ORIENTED_EDGE('',*,*,#6304,.F.);
#6304 = EDGE_CURVE('',#5632,#5159,#6305,.T.);
#6305 = SURFACE_CURVE('',#6306,(#6310,#6317),.PCURVE_S1.);
#6306 = LINE('',#6307,#6308);
#6307 = CARTESIAN_POINT('',(65.,122.61038784751,-148.7612943396));
#6308 = VECTOR('',#6309,1.);
#6309 = DIRECTION('',(0.,2.000155032663E-02,0.999799948982));
#6310 = PCURVE('',#5174,#6311);
#6311 = DEFINITIONAL_REPRESENTATION('',(#6312),#6316);
#6312 = LINE('',#6313,#6314);
#6313 = CARTESIAN_POINT('',(0.,65.));
#6314 = VECTOR('',#6315,1.);
#6315 = DIRECTION('',(1.,0.));
#6316 = ( GEOMETRIC_REPRESENTATION_CONTEXT(2) 
PARAMETRIC_REPRESENTATION_CONTEXT() REPRESENTATION_CONTEXT('2D SPACE',''
  ) );
#6317 = PCURVE('',#5202,#6318);
#6318 = DEFINITIONAL_REPRESENTATION('',(#6319),#6323);
#6319 = LINE('',#6320,#6321);
#6320 = CARTESIAN_POINT('',(1.221245327088E-14,68.857864376269));
#6321 = VECTOR('',#6322,1.);
#6322 = DIRECTION('',(1.,0.));
#6323 = ( GEOMETRIC_REPRESENTATION_CONTEXT(2) 
PARAMETRIC_REPRESENTATION_CONTEXT() REPRESENTATION_CONTEXT('2D SPACE',''
  ) );
#6324 = ADVANCED_FACE('',(#6325,#6331),#5202,.T.);
#6325 = FACE_BOUND('',#6326,.T.);
#6326 = EDGE_LOOP('',(#6327,#6328,#6329,#6330));
#6327 = ORIENTED_EDGE('',*,*,#5186,.F.);
#6328 = ORIENTED_EDGE('',*,*,#6304,.F.);
#6329 = ORIENTED_EDGE('',*,*,#5654,.F.);
#6330 = ORIENTED_EDGE('',*,*,#5894,.T.);
#6331 = FACE_BOUND('',#6332,.T.);
#6332 = EDGE_LOOP('',(#6333,#6363,#6391,#6419,#6447,#6475));
#6333 = ORIENTED_EDGE('',*,*,#6334,.T.);
#6334 = EDGE_CURVE('',#6335,#6337,#6339,.T.);
#6335 = VERTEX_POINT('',#6336);
#6336 = CARTESIAN_POINT('',(65.,197.59003682544,-141.6095728529));
#6337 = VERTEX_POINT('',#6338);
#6338 = CARTESIAN_POINT('',(65.,201.80385064411,-141.6938725263));
#6339 = SURFACE_CURVE('',#6340,(#6344,#6351),.PCURVE_S1.);
#6340 = LINE('',#6341,#6342);
#6341 = CARTESIAN_POINT('',(65.,196.71567059618,-141.5920806735));
#6342 = VECTOR('',#6343,1.);
#6343 = DIRECTION('',(0.,0.999799948982,-2.000155032663E-02));
#6344 = PCURVE('',#5202,#6345);
#6345 = DEFINITIONAL_REPRESENTATION('',(#6346),#6350);
#6346 = LINE('',#6347,#6348);
#6347 = CARTESIAN_POINT('',(8.65,-5.089198147204));
#6348 = VECTOR('',#6349,1.);
#6349 = DIRECTION('',(-1.040834085586E-16,-1.));
#6350 = ( GEOMETRIC_REPRESENTATION_CONTEXT(2) 
PARAMETRIC_REPRESENTATION_CONTEXT() REPRESENTATION_CONTEXT('2D SPACE',''
  ) );
#6351 = PCURVE('',#6352,#6357);
#6352 = PLANE('',#6353);
#6353 = AXIS2_PLACEMENT_3D('',#6354,#6355,#6356);
#6354 = CARTESIAN_POINT('',(57.,201.80385064411,-141.6938725263));
#6355 = DIRECTION('',(0.,-2.000155032663E-02,-0.999799948982));
#6356 = DIRECTION('',(0.,-0.999799948982,2.000155032663E-02));
#6357 = DEFINITIONAL_REPRESENTATION('',(#6358),#6362);
#6358 = LINE('',#6359,#6360);
#6359 = CARTESIAN_POINT('',(5.089198147204,-8.));
#6360 = VECTOR('',#6361,1.);
#6361 = DIRECTION('',(-1.,0.));
#6362 = ( GEOMETRIC_REPRESENTATION_CONTEXT(2) 
PARAMETRIC_REPRESENTATION_CONTEXT() REPRESENTATION_CONTEXT('2D SPACE',''
  ) );
#6363 = ORIENTED_EDGE('',*,*,#6364,.T.);
#6364 = EDGE_CURVE('',#6337,#6365,#6367,.T.);
#6365 = VERTEX_POINT('',#6366);
#6366 = CARTESIAN_POINT('',(65.,203.83775189475,-145.3852921768));
#6367 = SURFACE_CURVE('',#6368,(#6372,#6379),.PCURVE_S1.);
#6368 = LINE('',#6369,#6370);
#6369 = CARTESIAN_POINT('',(65.,203.40035867797,-144.5914473847));
#6370 = VECTOR('',#6371,1.);
#6371 = DIRECTION('',(0.,0.482578123793,-0.875852929684));
#6372 = PCURVE('',#5202,#6373);
#6373 = DEFINITIONAL_REPRESENTATION('',(#6374),#6378);
#6374 = LINE('',#6375,#6376);
#6375 = CARTESIAN_POINT('',(5.784937440186,-11.83254093456));
#6376 = VECTOR('',#6377,1.);
#6377 = DIRECTION('',(-0.866025403784,-0.5));
#6378 = ( GEOMETRIC_REPRESENTATION_CONTEXT(2) 
PARAMETRIC_REPRESENTATION_CONTEXT() REPRESENTATION_CONTEXT('2D SPACE',''
  ) );
#6379 = PCURVE('',#6380,#6385);
#6380 = PLANE('',#6381);
#6381 = AXIS2_PLACEMENT_3D('',#6382,#6383,#6384);
#6382 = CARTESIAN_POINT('',(57.,203.83775189475,-145.3852921768));
#6383 = DIRECTION('',(0.,-0.875852929684,-0.482578123793));
#6384 = DIRECTION('',(0.,-0.482578123793,0.875852929684));
#6385 = DEFINITIONAL_REPRESENTATION('',(#6386),#6390);
#6386 = LINE('',#6387,#6388);
#6387 = CARTESIAN_POINT('',(0.906367684776,-8.));
#6388 = VECTOR('',#6389,1.);
#6389 = DIRECTION('',(-1.,0.));
#6390 = ( GEOMETRIC_REPRESENTATION_CONTEXT(2) 
PARAMETRIC_REPRESENTATION_CONTEXT() REPRESENTATION_CONTEXT('2D SPACE',''
  ) );
#6391 = ORIENTED_EDGE('',*,*,#6392,.T.);
#6392 = EDGE_CURVE('',#6365,#6393,#6395,.T.);
#6393 = VERTEX_POINT('',#6394);
#6394 = CARTESIAN_POINT('',(65.,201.65783932673,-148.9924121539));
#6395 = SURFACE_CURVE('',#6396,(#6400,#6407),.PCURVE_S1.);
#6396 = LINE('',#6397,#6398);
#6397 = CARTESIAN_POINT('',(65.,200.0393662625,-151.6705133805));
#6398 = VECTOR('',#6399,1.);
#6399 = DIRECTION('',(0.,-0.517221825189,-0.855851379358));
#6400 = PCURVE('',#5202,#6401);
#6401 = DEFINITIONAL_REPRESENTATION('',(#6402),#6406);
#6402 = LINE('',#6403,#6404);
#6403 = CARTESIAN_POINT('',(-1.359937440186,-8.613813183829));
#6404 = VECTOR('',#6405,1.);
#6405 = DIRECTION('',(-0.866025403784,0.5));
#6406 = ( GEOMETRIC_REPRESENTATION_CONTEXT(2) 
PARAMETRIC_REPRESENTATION_CONTEXT() REPRESENTATION_CONTEXT('2D SPACE',''
  ) );
#6407 = PCURVE('',#6408,#6413);
#6408 = PLANE('',#6409);
#6409 = AXIS2_PLACEMENT_3D('',#6410,#6411,#6412);
#6410 = CARTESIAN_POINT('',(57.,201.65783932673,-148.9924121539));
#6411 = DIRECTION('',(0.,-0.855851379358,0.517221825189));
#6412 = DIRECTION('',(0.,0.517221825189,0.855851379358));
#6413 = DEFINITIONAL_REPRESENTATION('',(#6414),#6418);
#6414 = LINE('',#6415,#6416);
#6415 = CARTESIAN_POINT('',(-3.129166221156,-8.));
#6416 = VECTOR('',#6417,1.);
#6417 = DIRECTION('',(-1.,-0.));
#6418 = ( GEOMETRIC_REPRESENTATION_CONTEXT(2) 
PARAMETRIC_REPRESENTATION_CONTEXT() REPRESENTATION_CONTEXT('2D SPACE',''
  ) );
#6419 = ORIENTED_EDGE('',*,*,#6420,.T.);
#6420 = EDGE_CURVE('',#6393,#6421,#6423,.T.);
#6421 = VERTEX_POINT('',#6422);
#6422 = CARTESIAN_POINT('',(65.,197.44402550806,-148.9081124805));
#6423 = SURFACE_CURVE('',#6424,(#6428,#6435),.PCURVE_S1.);
#6424 = LINE('',#6425,#6426);
#6425 = CARTESIAN_POINT('',(65.,194.46275236946,-148.8484704643));
#6426 = VECTOR('',#6427,1.);
#6427 = DIRECTION('',(0.,-0.999799948982,2.000155032663E-02));
#6428 = PCURVE('',#5202,#6429);
#6429 = DEFINITIONAL_REPRESENTATION('',(#6430),#6434);
#6430 = LINE('',#6431,#6432);
#6431 = CARTESIAN_POINT('',(1.35,-2.981869664662));
#6432 = VECTOR('',#6433,1.);
#6433 = DIRECTION('',(6.314393452556E-16,1.));
#6434 = ( GEOMETRIC_REPRESENTATION_CONTEXT(2) 
PARAMETRIC_REPRESENTATION_CONTEXT() REPRESENTATION_CONTEXT('2D SPACE',''
  ) );
#6435 = PCURVE('',#6436,#6441);
#6436 = PLANE('',#6437);
#6437 = AXIS2_PLACEMENT_3D('',#6438,#6439,#6440);
#6438 = CARTESIAN_POINT('',(57.,197.44402550806,-148.9081124805));
#6439 = DIRECTION('',(0.,2.000155032663E-02,0.999799948982));
#6440 = DIRECTION('',(0.,0.999799948982,-2.000155032663E-02));
#6441 = DEFINITIONAL_REPRESENTATION('',(#6442),#6446);
#6442 = LINE('',#6443,#6444);
#6443 = CARTESIAN_POINT('',(-2.981869664662,-8.));
#6444 = VECTOR('',#6445,1.);
#6445 = DIRECTION('',(-1.,-0.));
#6446 = ( GEOMETRIC_REPRESENTATION_CONTEXT(2) 
PARAMETRIC_REPRESENTATION_CONTEXT() REPRESENTATION_CONTEXT('2D SPACE',''
  ) );
#6447 = ORIENTED_EDGE('',*,*,#6448,.T.);
#6448 = EDGE_CURVE('',#6421,#6449,#6451,.T.);
#6449 = VERTEX_POINT('',#6450);
#6450 = CARTESIAN_POINT('',(65.,195.41012425742,-145.21669283));
#6451 = SURFACE_CURVE('',#6452,(#6456,#6463),.PCURVE_S1.);
#6452 = LINE('',#6453,#6454);
#6453 = CARTESIAN_POINT('',(65.,195.98968166595,-146.2685578632));
#6454 = VECTOR('',#6455,1.);
#6455 = DIRECTION('',(0.,-0.482578123793,0.875852929684));
#6456 = PCURVE('',#5202,#6457);
#6457 = DEFINITIONAL_REPRESENTATION('',(#6458),#6462);
#6458 = LINE('',#6459,#6460);
#6459 = CARTESIAN_POINT('',(3.959937440186,-4.456891245664));
#6460 = VECTOR('',#6461,1.);
#6461 = DIRECTION('',(0.866025403784,0.5));
#6462 = ( GEOMETRIC_REPRESENTATION_CONTEXT(2) 
PARAMETRIC_REPRESENTATION_CONTEXT() REPRESENTATION_CONTEXT('2D SPACE',''
  ) );
#6463 = PCURVE('',#6464,#6469);
#6464 = PLANE('',#6465);
#6465 = AXIS2_PLACEMENT_3D('',#6466,#6467,#6468);
#6466 = CARTESIAN_POINT('',(57.,195.41012425742,-145.21669283));
#6467 = DIRECTION('',(0.,0.875852929684,0.482578123793));
#6468 = DIRECTION('',(0.,0.482578123793,-0.875852929684));
#6469 = DEFINITIONAL_REPRESENTATION('',(#6470),#6474);
#6470 = LINE('',#6471,#6472);
#6471 = CARTESIAN_POINT('',(1.200960797766,-8.));
#6472 = VECTOR('',#6473,1.);
#6473 = DIRECTION('',(-1.,-0.));
#6474 = ( GEOMETRIC_REPRESENTATION_CONTEXT(2) 
PARAMETRIC_REPRESENTATION_CONTEXT() REPRESENTATION_CONTEXT('2D SPACE',''
  ) );
#6475 = ORIENTED_EDGE('',*,*,#6476,.T.);
#6476 = EDGE_CURVE('',#6449,#6335,#6477,.T.);
#6477 = SURFACE_CURVE('',#6478,(#6482,#6489),.PCURVE_S1.);
#6478 = LINE('',#6479,#6480);
#6479 = CARTESIAN_POINT('',(65.,194.8816074772,-146.0912340681));
#6480 = VECTOR('',#6481,1.);
#6481 = DIRECTION('',(0.,0.517221825189,0.855851379358));
#6482 = PCURVE('',#5202,#6483);
#6483 = DEFINITIONAL_REPRESENTATION('',(#6484),#6488);
#6484 = LINE('',#6485,#6486);
#6485 = CARTESIAN_POINT('',(4.115062559814,-3.345491977474));
#6486 = VECTOR('',#6487,1.);
#6487 = DIRECTION('',(0.866025403784,-0.5));
#6488 = ( GEOMETRIC_REPRESENTATION_CONTEXT(2) 
PARAMETRIC_REPRESENTATION_CONTEXT() REPRESENTATION_CONTEXT('2D SPACE',''
  ) );
#6489 = PCURVE('',#6490,#6495);
#6490 = PLANE('',#6491);
#6491 = AXIS2_PLACEMENT_3D('',#6492,#6493,#6494);
#6492 = CARTESIAN_POINT('',(57.,197.59003682544,-141.6095728529));
#6493 = DIRECTION('',(0.,0.855851379358,-0.517221825189));
#6494 = DIRECTION('',(0.,-0.517221825189,-0.855851379358));
#6495 = DEFINITIONAL_REPRESENTATION('',(#6496),#6500);
#6496 = LINE('',#6497,#6498);
#6497 = CARTESIAN_POINT('',(5.236494703699,-8.));
#6498 = VECTOR('',#6499,1.);
#6499 = DIRECTION('',(-1.,0.));
#6500 = ( GEOMETRIC_REPRESENTATION_CONTEXT(2) 
PARAMETRIC_REPRESENTATION_CONTEXT() REPRESENTATION_CONTEXT('2D SPACE',''
  ) );
#6501 = ADVANCED_FACE('',(#6502),#5256,.F.);
#6502 = FACE_BOUND('',#6503,.T.);
#6503 = EDGE_LOOP('',(#6504,#6525,#6526,#6547));
#6504 = ORIENTED_EDGE('',*,*,#6505,.F.);
#6505 = EDGE_CURVE('',#5703,#5240,#6506,.T.);
#6506 = SURFACE_CURVE('',#6507,(#6511,#6518),.PCURVE_S1.);
#6507 = LINE('',#6508,#6509);
#6508 = CARTESIAN_POINT('',(55.,138.5871854809,-150.0811190938));
#6509 = VECTOR('',#6510,1.);
#6510 = DIRECTION('',(0.,2.000155032663E-02,0.999799948982));
#6511 = PCURVE('',#5256,#6512);
#6512 = DEFINITIONAL_REPRESENTATION('',(#6513),#6517);
#6513 = LINE('',#6514,#6515);
#6514 = CARTESIAN_POINT('',(-0.,0.));
#6515 = VECTOR('',#6516,1.);
#6516 = DIRECTION('',(-0.,1.));
#6517 = ( GEOMETRIC_REPRESENTATION_CONTEXT(2) 
PARAMETRIC_REPRESENTATION_CONTEXT() REPRESENTATION_CONTEXT('2D SPACE',''
  ) );
#6518 = PCURVE('',#5453,#6519);
#6519 = DEFINITIONAL_REPRESENTATION('',(#6520),#6524);
#6520 = LINE('',#6521,#6522);
#6521 = CARTESIAN_POINT('',(3.372302437299E-15,-6.));
#6522 = VECTOR('',#6523,1.);
#6523 = DIRECTION('',(1.,0.));
#6524 = ( GEOMETRIC_REPRESENTATION_CONTEXT(2) 
PARAMETRIC_REPRESENTATION_CONTEXT() REPRESENTATION_CONTEXT('2D SPACE',''
  ) );
#6525 = ORIENTED_EDGE('',*,*,#5700,.F.);
#6526 = ORIENTED_EDGE('',*,*,#6527,.T.);
#6527 = EDGE_CURVE('',#5701,#5238,#6528,.T.);
#6528 = SURFACE_CURVE('',#6529,(#6533,#6540),.PCURVE_S1.);
#6529 = LINE('',#6530,#6531);
#6530 = CARTESIAN_POINT('',(49.,132.588385787,-149.9611097918));
#6531 = VECTOR('',#6532,1.);
#6532 = DIRECTION('',(0.,2.000155032663E-02,0.999799948982));
#6533 = PCURVE('',#5256,#6534);
#6534 = DEFINITIONAL_REPRESENTATION('',(#6535),#6539);
#6535 = LINE('',#6536,#6537);
#6536 = CARTESIAN_POINT('',(-1.570796326795,0.));
#6537 = VECTOR('',#6538,1.);
#6538 = DIRECTION('',(-0.,1.));
#6539 = ( GEOMETRIC_REPRESENTATION_CONTEXT(2) 
PARAMETRIC_REPRESENTATION_CONTEXT() REPRESENTATION_CONTEXT('2D SPACE',''
  ) );
#6540 = PCURVE('',#5284,#6541);
#6541 = DEFINITIONAL_REPRESENTATION('',(#6542),#6546);
#6542 = LINE('',#6543,#6544);
#6543 = CARTESIAN_POINT('',(0.,39.));
#6544 = VECTOR('',#6545,1.);
#6545 = DIRECTION('',(1.,0.));
#6546 = ( GEOMETRIC_REPRESENTATION_CONTEXT(2) 
PARAMETRIC_REPRESENTATION_CONTEXT() REPRESENTATION_CONTEXT('2D SPACE',''
  ) );
#6547 = ORIENTED_EDGE('',*,*,#5237,.T.);
#6548 = ADVANCED_FACE('',(#6549),#5284,.T.);
#6549 = FACE_BOUND('',#6550,.T.);
#6550 = EDGE_LOOP('',(#6551,#6552,#6573,#6574));
#6551 = ORIENTED_EDGE('',*,*,#5726,.T.);
#6552 = ORIENTED_EDGE('',*,*,#6553,.T.);
#6553 = EDGE_CURVE('',#5727,#5269,#6554,.T.);
#6554 = SURFACE_CURVE('',#6555,(#6559,#6566),.PCURVE_S1.);
#6555 = LINE('',#6556,#6557);
#6556 = CARTESIAN_POINT('',(16.,132.588385787,-149.9611097918));
#6557 = VECTOR('',#6558,1.);
#6558 = DIRECTION('',(0.,2.000155032663E-02,0.999799948982));
#6559 = PCURVE('',#5284,#6560);
#6560 = DEFINITIONAL_REPRESENTATION('',(#6561),#6565);
#6561 = LINE('',#6562,#6563);
#6562 = CARTESIAN_POINT('',(0.,6.));
#6563 = VECTOR('',#6564,1.);
#6564 = DIRECTION('',(1.,0.));
#6565 = ( GEOMETRIC_REPRESENTATION_CONTEXT(2) 
PARAMETRIC_REPRESENTATION_CONTEXT() REPRESENTATION_CONTEXT('2D SPACE',''
  ) );
#6566 = PCURVE('',#5313,#6567);
#6567 = DEFINITIONAL_REPRESENTATION('',(#6568),#6572);
#6568 = LINE('',#6569,#6570);
#6569 = CARTESIAN_POINT('',(1.570796326795,0.));
#6570 = VECTOR('',#6571,1.);
#6571 = DIRECTION('',(0.,1.));
#6572 = ( GEOMETRIC_REPRESENTATION_CONTEXT(2) 
PARAMETRIC_REPRESENTATION_CONTEXT() REPRESENTATION_CONTEXT('2D SPACE',''
  ) );
#6573 = ORIENTED_EDGE('',*,*,#5268,.F.);
#6574 = ORIENTED_EDGE('',*,*,#6527,.F.);
#6575 = ADVANCED_FACE('',(#6576),#5313,.F.);
#6576 = FACE_BOUND('',#6577,.F.);
#6577 = EDGE_LOOP('',(#6578,#6599,#6600,#6601));
#6578 = ORIENTED_EDGE('',*,*,#6579,.F.);
#6579 = EDGE_CURVE('',#5750,#5297,#6580,.T.);
#6580 = SURFACE_CURVE('',#6581,(#6585,#6592),.PCURVE_S1.);
#6581 = LINE('',#6582,#6583);
#6582 = CARTESIAN_POINT('',(10.,138.5871854809,-150.0811190938));
#6583 = VECTOR('',#6584,1.);
#6584 = DIRECTION('',(0.,2.000155032663E-02,0.999799948982));
#6585 = PCURVE('',#5313,#6586);
#6586 = DEFINITIONAL_REPRESENTATION('',(#6587),#6591);
#6587 = LINE('',#6588,#6589);
#6588 = CARTESIAN_POINT('',(0.,0.));
#6589 = VECTOR('',#6590,1.);
#6590 = DIRECTION('',(0.,1.));
#6591 = ( GEOMETRIC_REPRESENTATION_CONTEXT(2) 
PARAMETRIC_REPRESENTATION_CONTEXT() REPRESENTATION_CONTEXT('2D SPACE',''
  ) );
#6592 = PCURVE('',#5341,#6593);
#6593 = DEFINITIONAL_REPRESENTATION('',(#6594),#6598);
#6594 = LINE('',#6595,#6596);
#6595 = CARTESIAN_POINT('',(3.372302437299E-15,-6.));
#6596 = VECTOR('',#6597,1.);
#6597 = DIRECTION('',(1.,0.));
#6598 = ( GEOMETRIC_REPRESENTATION_CONTEXT(2) 
PARAMETRIC_REPRESENTATION_CONTEXT() REPRESENTATION_CONTEXT('2D SPACE',''
  ) );
#6599 = ORIENTED_EDGE('',*,*,#5749,.T.);
#6600 = ORIENTED_EDGE('',*,*,#6553,.T.);
#6601 = ORIENTED_EDGE('',*,*,#5296,.F.);
#6602 = ADVANCED_FACE('',(#6603),#5341,.T.);
#6603 = FACE_BOUND('',#6604,.T.);
#6604 = EDGE_LOOP('',(#6605,#6606,#6607,#6608));
#6605 = ORIENTED_EDGE('',*,*,#5325,.F.);
#6606 = ORIENTED_EDGE('',*,*,#6579,.F.);
#6607 = ORIENTED_EDGE('',*,*,#5773,.T.);
#6608 = ORIENTED_EDGE('',*,*,#6609,.T.);
#6609 = EDGE_CURVE('',#5774,#5326,#6610,.T.);
#6610 = SURFACE_CURVE('',#6611,(#6615,#6622),.PCURVE_S1.);
#6611 = LINE('',#6612,#6613);
#6612 = CARTESIAN_POINT('',(10.,175.43767640388,-150.818333523));
#6613 = VECTOR('',#6614,1.);
#6614 = DIRECTION('',(0.,2.000155032663E-02,0.999799948982));
#6615 = PCURVE('',#5341,#6616);
#6616 = DEFINITIONAL_REPRESENTATION('',(#6617),#6621);
#6617 = LINE('',#6618,#6619);
#6618 = CARTESIAN_POINT('',(-5.884182030513E-15,-42.85786437626));
#6619 = VECTOR('',#6620,1.);
#6620 = DIRECTION('',(1.,0.));
#6621 = ( GEOMETRIC_REPRESENTATION_CONTEXT(2) 
PARAMETRIC_REPRESENTATION_CONTEXT() REPRESENTATION_CONTEXT('2D SPACE',''
  ) );
#6622 = PCURVE('',#5370,#6623);
#6623 = DEFINITIONAL_REPRESENTATION('',(#6624),#6628);
#6624 = LINE('',#6625,#6626);
#6625 = CARTESIAN_POINT('',(-0.,0.));
#6626 = VECTOR('',#6627,1.);
#6627 = DIRECTION('',(-0.,1.));
#6628 = ( GEOMETRIC_REPRESENTATION_CONTEXT(2) 
PARAMETRIC_REPRESENTATION_CONTEXT() REPRESENTATION_CONTEXT('2D SPACE',''
  ) );
#6629 = ADVANCED_FACE('',(#6630),#5370,.F.);
#6630 = FACE_BOUND('',#6631,.T.);
#6631 = EDGE_LOOP('',(#6632,#6633,#6634,#6655));
#6632 = ORIENTED_EDGE('',*,*,#6609,.F.);
#6633 = ORIENTED_EDGE('',*,*,#5796,.F.);
#6634 = ORIENTED_EDGE('',*,*,#6635,.T.);
#6635 = EDGE_CURVE('',#5797,#5354,#6636,.T.);
#6636 = SURFACE_CURVE('',#6637,(#6641,#6648),.PCURVE_S1.);
#6637 = LINE('',#6638,#6639);
#6638 = CARTESIAN_POINT('',(16.,181.43647609777,-150.938342825));
#6639 = VECTOR('',#6640,1.);
#6640 = DIRECTION('',(0.,2.000155032663E-02,0.999799948982));
#6641 = PCURVE('',#5370,#6642);
#6642 = DEFINITIONAL_REPRESENTATION('',(#6643),#6647);
#6643 = LINE('',#6644,#6645);
#6644 = CARTESIAN_POINT('',(-1.570796326795,0.));
#6645 = VECTOR('',#6646,1.);
#6646 = DIRECTION('',(-0.,1.));
#6647 = ( GEOMETRIC_REPRESENTATION_CONTEXT(2) 
PARAMETRIC_REPRESENTATION_CONTEXT() REPRESENTATION_CONTEXT('2D SPACE',''
  ) );
#6648 = PCURVE('',#5398,#6649);
#6649 = DEFINITIONAL_REPRESENTATION('',(#6650),#6654);
#6650 = LINE('',#6651,#6652);
#6651 = CARTESIAN_POINT('',(0.,6.));
#6652 = VECTOR('',#6653,1.);
#6653 = DIRECTION('',(1.,0.));
#6654 = ( GEOMETRIC_REPRESENTATION_CONTEXT(2) 
PARAMETRIC_REPRESENTATION_CONTEXT() REPRESENTATION_CONTEXT('2D SPACE',''
  ) );
#6655 = ORIENTED_EDGE('',*,*,#5353,.T.);
#6656 = ADVANCED_FACE('',(#6657),#5398,.F.);
#6657 = FACE_BOUND('',#6658,.F.);
#6658 = EDGE_LOOP('',(#6659,#6660,#6661,#6662));
#6659 = ORIENTED_EDGE('',*,*,#5820,.T.);
#6660 = ORIENTED_EDGE('',*,*,#6635,.T.);
#6661 = ORIENTED_EDGE('',*,*,#5382,.F.);
#6662 = ORIENTED_EDGE('',*,*,#6663,.F.);
#6663 = EDGE_CURVE('',#5821,#5383,#6664,.T.);
#6664 = SURFACE_CURVE('',#6665,(#6669,#6676),.PCURVE_S1.);
#6665 = LINE('',#6666,#6667);
#6666 = CARTESIAN_POINT('',(49.,181.43647609777,-150.938342825));
#6667 = VECTOR('',#6668,1.);
#6668 = DIRECTION('',(0.,2.000155032663E-02,0.999799948982));
#6669 = PCURVE('',#5398,#6670);
#6670 = DEFINITIONAL_REPRESENTATION('',(#6671),#6675);
#6671 = LINE('',#6672,#6673);
#6672 = CARTESIAN_POINT('',(0.,39.));
#6673 = VECTOR('',#6674,1.);
#6674 = DIRECTION('',(1.,0.));
#6675 = ( GEOMETRIC_REPRESENTATION_CONTEXT(2) 
PARAMETRIC_REPRESENTATION_CONTEXT() REPRESENTATION_CONTEXT('2D SPACE',''
  ) );
#6676 = PCURVE('',#5427,#6677);
#6677 = DEFINITIONAL_REPRESENTATION('',(#6678),#6682);
#6678 = LINE('',#6679,#6680);
#6679 = CARTESIAN_POINT('',(1.570796326795,0.));
#6680 = VECTOR('',#6681,1.);
#6681 = DIRECTION('',(0.,1.));
#6682 = ( GEOMETRIC_REPRESENTATION_CONTEXT(2) 
PARAMETRIC_REPRESENTATION_CONTEXT() REPRESENTATION_CONTEXT('2D SPACE',''
  ) );
#6683 = ADVANCED_FACE('',(#6684),#5427,.F.);
#6684 = FACE_BOUND('',#6685,.F.);
#6685 = EDGE_LOOP('',(#6686,#6707,#6708,#6709));
#6686 = ORIENTED_EDGE('',*,*,#6687,.F.);
#6687 = EDGE_CURVE('',#5844,#5411,#6688,.T.);
#6688 = SURFACE_CURVE('',#6689,(#6693,#6700),.PCURVE_S1.);
#6689 = LINE('',#6690,#6691);
#6690 = CARTESIAN_POINT('',(55.,175.43767640388,-150.818333523));
#6691 = VECTOR('',#6692,1.);
#6692 = DIRECTION('',(0.,2.000155032663E-02,0.999799948982));
#6693 = PCURVE('',#5427,#6694);
#6694 = DEFINITIONAL_REPRESENTATION('',(#6695),#6699);
#6695 = LINE('',#6696,#6697);
#6696 = CARTESIAN_POINT('',(0.,0.));
#6697 = VECTOR('',#6698,1.);
#6698 = DIRECTION('',(0.,1.));
#6699 = ( GEOMETRIC_REPRESENTATION_CONTEXT(2) 
PARAMETRIC_REPRESENTATION_CONTEXT() REPRESENTATION_CONTEXT('2D SPACE',''
  ) );
#6700 = PCURVE('',#5453,#6701);
#6701 = DEFINITIONAL_REPRESENTATION('',(#6702),#6706);
#6702 = LINE('',#6703,#6704);
#6703 = CARTESIAN_POINT('',(-5.884182030513E-15,-42.85786437626));
#6704 = VECTOR('',#6705,1.);
#6705 = DIRECTION('',(1.,0.));
#6706 = ( GEOMETRIC_REPRESENTATION_CONTEXT(2) 
PARAMETRIC_REPRESENTATION_CONTEXT() REPRESENTATION_CONTEXT('2D SPACE',''
  ) );
#6707 = ORIENTED_EDGE('',*,*,#5843,.T.);
#6708 = ORIENTED_EDGE('',*,*,#6663,.T.);
#6709 = ORIENTED_EDGE('',*,*,#5410,.F.);
#6710 = ADVANCED_FACE('',(#6711),#5453,.F.);
#6711 = FACE_BOUND('',#6712,.F.);
#6712 = EDGE_LOOP('',(#6713,#6714,#6715,#6716));
#6713 = ORIENTED_EDGE('',*,*,#5439,.F.);
#6714 = ORIENTED_EDGE('',*,*,#6505,.F.);
#6715 = ORIENTED_EDGE('',*,*,#5867,.T.);
#6716 = ORIENTED_EDGE('',*,*,#6687,.T.);
#6717 = ADVANCED_FACE('',(#6718,#6858),#5958,.T.);
#6718 = FACE_BOUND('',#6719,.T.);
#6719 = EDGE_LOOP('',(#6720,#6745,#6768,#6791,#6814,#6837));
#6720 = ORIENTED_EDGE('',*,*,#6721,.T.);
#6721 = EDGE_CURVE('',#6722,#6724,#6726,.T.);
#6722 = VERTEX_POINT('',#6723);
#6723 = CARTESIAN_POINT('',(57.,203.83775189475,-145.3852921768));
#6724 = VERTEX_POINT('',#6725);
#6725 = CARTESIAN_POINT('',(57.,201.80385064411,-141.6938725263));
#6726 = SURFACE_CURVE('',#6727,(#6731,#6738),.PCURVE_S1.);
#6727 = LINE('',#6728,#6729);
#6728 = CARTESIAN_POINT('',(57.,203.83775189475,-145.3852921768));
#6729 = VECTOR('',#6730,1.);
#6730 = DIRECTION('',(0.,-0.482578123793,0.875852929684));
#6731 = PCURVE('',#5958,#6732);
#6732 = DEFINITIONAL_REPRESENTATION('',(#6733),#6737);
#6733 = LINE('',#6734,#6735);
#6734 = CARTESIAN_POINT('',(-9.811595980125E-15,-4.214656965084));
#6735 = VECTOR('',#6736,1.);
#6736 = DIRECTION('',(0.866025403784,0.5));
#6737 = ( GEOMETRIC_REPRESENTATION_CONTEXT(2) 
PARAMETRIC_REPRESENTATION_CONTEXT() REPRESENTATION_CONTEXT('2D SPACE',''
  ) );
#6738 = PCURVE('',#6380,#6739);
#6739 = DEFINITIONAL_REPRESENTATION('',(#6740),#6744);
#6740 = LINE('',#6741,#6742);
#6741 = CARTESIAN_POINT('',(0.,0.));
#6742 = VECTOR('',#6743,1.);
#6743 = DIRECTION('',(1.,0.));
#6744 = ( GEOMETRIC_REPRESENTATION_CONTEXT(2) 
PARAMETRIC_REPRESENTATION_CONTEXT() REPRESENTATION_CONTEXT('2D SPACE',''
  ) );
#6745 = ORIENTED_EDGE('',*,*,#6746,.T.);
#6746 = EDGE_CURVE('',#6724,#6747,#6749,.T.);
#6747 = VERTEX_POINT('',#6748);
#6748 = CARTESIAN_POINT('',(57.,197.59003682544,-141.6095728529));
#6749 = SURFACE_CURVE('',#6750,(#6754,#6761),.PCURVE_S1.);
#6750 = LINE('',#6751,#6752);
#6751 = CARTESIAN_POINT('',(57.,201.80385064411,-141.6938725263));
#6752 = VECTOR('',#6753,1.);
#6753 = DIRECTION('',(0.,-0.999799948982,2.000155032663E-02));
#6754 = PCURVE('',#5958,#6755);
#6755 = DEFINITIONAL_REPRESENTATION('',(#6756),#6760);
#6756 = LINE('',#6757,#6758);
#6757 = CARTESIAN_POINT('',(3.65,-2.107328482542));
#6758 = VECTOR('',#6759,1.);
#6759 = DIRECTION('',(1.040834085586E-16,1.));
#6760 = ( GEOMETRIC_REPRESENTATION_CONTEXT(2) 
PARAMETRIC_REPRESENTATION_CONTEXT() REPRESENTATION_CONTEXT('2D SPACE',''
  ) );
#6761 = PCURVE('',#6352,#6762);
#6762 = DEFINITIONAL_REPRESENTATION('',(#6763),#6767);
#6763 = LINE('',#6764,#6765);
#6764 = CARTESIAN_POINT('',(0.,0.));
#6765 = VECTOR('',#6766,1.);
#6766 = DIRECTION('',(1.,0.));
#6767 = ( GEOMETRIC_REPRESENTATION_CONTEXT(2) 
PARAMETRIC_REPRESENTATION_CONTEXT() REPRESENTATION_CONTEXT('2D SPACE',''
  ) );
#6768 = ORIENTED_EDGE('',*,*,#6769,.T.);
#6769 = EDGE_CURVE('',#6747,#6770,#6772,.T.);
#6770 = VERTEX_POINT('',#6771);
#6771 = CARTESIAN_POINT('',(57.,195.41012425742,-145.21669283));
#6772 = SURFACE_CURVE('',#6773,(#6777,#6784),.PCURVE_S1.);
#6773 = LINE('',#6774,#6775);
#6774 = CARTESIAN_POINT('',(57.,197.59003682544,-141.6095728529));
#6775 = VECTOR('',#6776,1.);
#6776 = DIRECTION('',(0.,-0.517221825189,-0.855851379358));
#6777 = PCURVE('',#5958,#6778);
#6778 = DEFINITIONAL_REPRESENTATION('',(#6779),#6783);
#6779 = LINE('',#6780,#6781);
#6780 = CARTESIAN_POINT('',(3.65,2.107328482542));
#6781 = VECTOR('',#6782,1.);
#6782 = DIRECTION('',(-0.866025403784,0.5));
#6783 = ( GEOMETRIC_REPRESENTATION_CONTEXT(2) 
PARAMETRIC_REPRESENTATION_CONTEXT() REPRESENTATION_CONTEXT('2D SPACE',''
  ) );
#6784 = PCURVE('',#6490,#6785);
#6785 = DEFINITIONAL_REPRESENTATION('',(#6786),#6790);
#6786 = LINE('',#6787,#6788);
#6787 = CARTESIAN_POINT('',(0.,0.));
#6788 = VECTOR('',#6789,1.);
#6789 = DIRECTION('',(1.,0.));
#6790 = ( GEOMETRIC_REPRESENTATION_CONTEXT(2) 
PARAMETRIC_REPRESENTATION_CONTEXT() REPRESENTATION_CONTEXT('2D SPACE',''
  ) );
#6791 = ORIENTED_EDGE('',*,*,#6792,.T.);
#6792 = EDGE_CURVE('',#6770,#6793,#6795,.T.);
#6793 = VERTEX_POINT('',#6794);
#6794 = CARTESIAN_POINT('',(57.,197.44402550806,-148.9081124805));
#6795 = SURFACE_CURVE('',#6796,(#6800,#6807),.PCURVE_S1.);
#6796 = LINE('',#6797,#6798);
#6797 = CARTESIAN_POINT('',(57.,195.41012425742,-145.21669283));
#6798 = VECTOR('',#6799,1.);
#6799 = DIRECTION('',(0.,0.482578123793,-0.875852929684));
#6800 = PCURVE('',#5958,#6801);
#6801 = DEFINITIONAL_REPRESENTATION('',(#6802),#6806);
#6802 = LINE('',#6803,#6804);
#6803 = CARTESIAN_POINT('',(9.811595980125E-15,4.214656965084));
#6804 = VECTOR('',#6805,1.);
#6805 = DIRECTION('',(-0.866025403784,-0.5));
#6806 = ( GEOMETRIC_REPRESENTATION_CONTEXT(2) 
PARAMETRIC_REPRESENTATION_CONTEXT() REPRESENTATION_CONTEXT('2D SPACE',''
  ) );
#6807 = PCURVE('',#6464,#6808);
#6808 = DEFINITIONAL_REPRESENTATION('',(#6809),#6813);
#6809 = LINE('',#6810,#6811);
#6810 = CARTESIAN_POINT('',(0.,0.));
#6811 = VECTOR('',#6812,1.);
#6812 = DIRECTION('',(1.,0.));
#6813 = ( GEOMETRIC_REPRESENTATION_CONTEXT(2) 
PARAMETRIC_REPRESENTATION_CONTEXT() REPRESENTATION_CONTEXT('2D SPACE',''
  ) );
#6814 = ORIENTED_EDGE('',*,*,#6815,.T.);
#6815 = EDGE_CURVE('',#6793,#6816,#6818,.T.);
#6816 = VERTEX_POINT('',#6817);
#6817 = CARTESIAN_POINT('',(57.,201.65783932673,-148.9924121539));
#6818 = SURFACE_CURVE('',#6819,(#6823,#6830),.PCURVE_S1.);
#6819 = LINE('',#6820,#6821);
#6820 = CARTESIAN_POINT('',(57.,197.44402550806,-148.9081124805));
#6821 = VECTOR('',#6822,1.);
#6822 = DIRECTION('',(0.,0.999799948982,-2.000155032663E-02));
#6823 = PCURVE('',#5958,#6824);
#6824 = DEFINITIONAL_REPRESENTATION('',(#6825),#6829);
#6825 = LINE('',#6826,#6827);
#6826 = CARTESIAN_POINT('',(-3.65,2.107328482542));
#6827 = VECTOR('',#6828,1.);
#6828 = DIRECTION('',(-6.314393452556E-16,-1.));
#6829 = ( GEOMETRIC_REPRESENTATION_CONTEXT(2) 
PARAMETRIC_REPRESENTATION_CONTEXT() REPRESENTATION_CONTEXT('2D SPACE',''
  ) );
#6830 = PCURVE('',#6436,#6831);
#6831 = DEFINITIONAL_REPRESENTATION('',(#6832),#6836);
#6832 = LINE('',#6833,#6834);
#6833 = CARTESIAN_POINT('',(0.,0.));
#6834 = VECTOR('',#6835,1.);
#6835 = DIRECTION('',(1.,0.));
#6836 = ( GEOMETRIC_REPRESENTATION_CONTEXT(2) 
PARAMETRIC_REPRESENTATION_CONTEXT() REPRESENTATION_CONTEXT('2D SPACE',''
  ) );
#6837 = ORIENTED_EDGE('',*,*,#6838,.T.);
#6838 = EDGE_CURVE('',#6816,#6722,#6839,.T.);
#6839 = SURFACE_CURVE('',#6840,(#6844,#6851),.PCURVE_S1.);
#6840 = LINE('',#6841,#6842);
#6841 = CARTESIAN_POINT('',(57.,201.65783932673,-148.9924121539));
#6842 = VECTOR('',#6843,1.);
#6843 = DIRECTION('',(0.,0.517221825189,0.855851379358));
#6844 = PCURVE('',#5958,#6845);
#6845 = DEFINITIONAL_REPRESENTATION('',(#6846),#6850);
#6846 = LINE('',#6847,#6848);
#6847 = CARTESIAN_POINT('',(-3.65,-2.107328482542));
#6848 = VECTOR('',#6849,1.);
#6849 = DIRECTION('',(0.866025403784,-0.5));
#6850 = ( GEOMETRIC_REPRESENTATION_CONTEXT(2) 
PARAMETRIC_REPRESENTATION_CONTEXT() REPRESENTATION_CONTEXT('2D SPACE',''
  ) );
#6851 = PCURVE('',#6408,#6852);
#6852 = DEFINITIONAL_REPRESENTATION('',(#6853),#6857);
#6853 = LINE('',#6854,#6855);
#6854 = CARTESIAN_POINT('',(0.,0.));
#6855 = VECTOR('',#6856,1.);
#6856 = DIRECTION('',(1.,0.));
#6857 = ( GEOMETRIC_REPRESENTATION_CONTEXT(2) 
PARAMETRIC_REPRESENTATION_CONTEXT() REPRESENTATION_CONTEXT('2D SPACE',''
  ) );
#6858 = FACE_BOUND('',#6859,.T.);
#6859 = EDGE_LOOP('',(#6860));
#6860 = ORIENTED_EDGE('',*,*,#5943,.T.);
#6861 = ADVANCED_FACE('',(#6862),#6024,.F.);
#6862 = FACE_BOUND('',#6863,.T.);
#6863 = EDGE_LOOP('',(#6864,#6897,#6918,#6919));
#6864 = ORIENTED_EDGE('',*,*,#6865,.T.);
#6865 = EDGE_CURVE('',#6866,#6866,#6868,.T.);
#6866 = VERTEX_POINT('',#6867);
#6867 = CARTESIAN_POINT('',(7.,201.82349796384,-145.3449959141));
#6868 = SURFACE_CURVE('',#6869,(#6874,#6881),.PCURVE_S1.);
#6869 = CIRCLE('',#6870,2.2);
#6870 = AXIS2_PLACEMENT_3D('',#6871,#6872,#6873);
#6871 = CARTESIAN_POINT('',(7.,199.62393807608,-145.3009925034));
#6872 = DIRECTION('',(-1.,0.,-0.));
#6873 = DIRECTION('',(0.,0.999799948982,-2.000155032663E-02));
#6874 = PCURVE('',#6024,#6875);
#6875 = DEFINITIONAL_REPRESENTATION('',(#6876),#6880);
#6876 = LINE('',#6877,#6878);
#6877 = CARTESIAN_POINT('',(-6.28318530718,-8.));
#6878 = VECTOR('',#6879,1.);
#6879 = DIRECTION('',(1.,-0.));
#6880 = ( GEOMETRIC_REPRESENTATION_CONTEXT(2) 
PARAMETRIC_REPRESENTATION_CONTEXT() REPRESENTATION_CONTEXT('2D SPACE',''
  ) );
#6881 = PCURVE('',#6882,#6887);
#6882 = PLANE('',#6883);
#6883 = AXIS2_PLACEMENT_3D('',#6884,#6885,#6886);
#6884 = CARTESIAN_POINT('',(7.,199.62393807608,-145.3009925034));
#6885 = DIRECTION('',(1.,0.,0.));
#6886 = DIRECTION('',(0.,2.000155032663E-02,0.999799948982));
#6887 = DEFINITIONAL_REPRESENTATION('',(#6888),#6896);
#6888 = ( BOUNDED_CURVE() B_SPLINE_CURVE(2,(#6889,#6890,#6891,#6892,
#6893,#6894,#6895),.UNSPECIFIED.,.T.,.F.) B_SPLINE_CURVE_WITH_KNOTS((1,2
    ,2,2,2,1),(-2.094395102393,0.,2.094395102393,4.188790204786,
6.28318530718,8.377580409573),.UNSPECIFIED.) CURVE() 
GEOMETRIC_REPRESENTATION_ITEM() RATIONAL_B_SPLINE_CURVE((1.,0.5,1.,0.5,
1.,0.5,1.)) REPRESENTATION_ITEM('') );
#6889 = CARTESIAN_POINT('',(5.684782515411E-16,-2.2));
#6890 = CARTESIAN_POINT('',(-3.810511776652,-2.2));
#6891 = CARTESIAN_POINT('',(-1.905255888326,1.1));
#6892 = CARTESIAN_POINT('',(2.963365991627E-17,4.4));
#6893 = CARTESIAN_POINT('',(1.905255888326,1.1));
#6894 = CARTESIAN_POINT('',(3.810511776652,-2.2));
#6895 = CARTESIAN_POINT('',(5.684782515411E-16,-2.2));
#6896 = ( GEOMETRIC_REPRESENTATION_CONTEXT(2) 
PARAMETRIC_REPRESENTATION_CONTEXT() REPRESENTATION_CONTEXT('2D SPACE',''
  ) );
#6897 = ORIENTED_EDGE('',*,*,#6898,.T.);
#6898 = EDGE_CURVE('',#6866,#6004,#6899,.T.);
#6899 = SEAM_CURVE('',#6900,(#6904,#6911),.PCURVE_S1.);
#6900 = LINE('',#6901,#6902);
#6901 = CARTESIAN_POINT('',(-1.,201.82349796384,-145.3449959141));
#6902 = VECTOR('',#6903,1.);
#6903 = DIRECTION('',(1.,0.,0.));
#6904 = PCURVE('',#6024,#6905);
#6905 = DEFINITIONAL_REPRESENTATION('',(#6906),#6910);
#6906 = LINE('',#6907,#6908);
#6907 = CARTESIAN_POINT('',(-6.28318530718,0.));
#6908 = VECTOR('',#6909,1.);
#6909 = DIRECTION('',(-0.,-1.));
#6910 = ( GEOMETRIC_REPRESENTATION_CONTEXT(2) 
PARAMETRIC_REPRESENTATION_CONTEXT() REPRESENTATION_CONTEXT('2D SPACE',''
  ) );
#6911 = PCURVE('',#6024,#6912);
#6912 = DEFINITIONAL_REPRESENTATION('',(#6913),#6917);
#6913 = LINE('',#6914,#6915);
#6914 = CARTESIAN_POINT('',(-0.,0.));
#6915 = VECTOR('',#6916,1.);
#6916 = DIRECTION('',(-0.,-1.));
#6917 = ( GEOMETRIC_REPRESENTATION_CONTEXT(2) 
PARAMETRIC_REPRESENTATION_CONTEXT() REPRESENTATION_CONTEXT('2D SPACE',''
  ) );
#6918 = ORIENTED_EDGE('',*,*,#6003,.F.);
#6919 = ORIENTED_EDGE('',*,*,#6898,.F.);
#6920 = ADVANCED_FACE('',(#6921),#6113,.F.);
#6921 = FACE_BOUND('',#6922,.T.);
#6922 = EDGE_LOOP('',(#6923,#6924,#6947,#6969));
#6923 = ORIENTED_EDGE('',*,*,#6092,.T.);
#6924 = ORIENTED_EDGE('',*,*,#6925,.T.);
#6925 = EDGE_CURVE('',#6093,#6926,#6928,.T.);
#6926 = VERTEX_POINT('',#6927);
#6927 = CARTESIAN_POINT('',(7.,203.37318788477,-145.3759983171));
#6928 = SEAM_CURVE('',#6929,(#6933,#6940),.PCURVE_S1.);
#6929 = LINE('',#6930,#6931);
#6930 = CARTESIAN_POINT('',(-1.,203.37318788477,-145.3759983171));
#6931 = VECTOR('',#6932,1.);
#6932 = DIRECTION('',(1.,0.,0.));
#6933 = PCURVE('',#6113,#6934);
#6934 = DEFINITIONAL_REPRESENTATION('',(#6935),#6939);
#6935 = LINE('',#6936,#6937);
#6936 = CARTESIAN_POINT('',(-6.28318530718,0.));
#6937 = VECTOR('',#6938,1.);
#6938 = DIRECTION('',(-0.,-1.));
#6939 = ( GEOMETRIC_REPRESENTATION_CONTEXT(2) 
PARAMETRIC_REPRESENTATION_CONTEXT() REPRESENTATION_CONTEXT('2D SPACE',''
  ) );
#6940 = PCURVE('',#6113,#6941);
#6941 = DEFINITIONAL_REPRESENTATION('',(#6942),#6946);
#6942 = LINE('',#6943,#6944);
#6943 = CARTESIAN_POINT('',(-0.,0.));
#6944 = VECTOR('',#6945,1.);
#6945 = DIRECTION('',(-0.,-1.));
#6946 = ( GEOMETRIC_REPRESENTATION_CONTEXT(2) 
PARAMETRIC_REPRESENTATION_CONTEXT() REPRESENTATION_CONTEXT('2D SPACE',''
  ) );
#6947 = ORIENTED_EDGE('',*,*,#6948,.T.);
#6948 = EDGE_CURVE('',#6926,#6926,#6949,.T.);
#6949 = SURFACE_CURVE('',#6950,(#6955,#6962),.PCURVE_S1.);
#6950 = CIRCLE('',#6951,3.75);
#6951 = AXIS2_PLACEMENT_3D('',#6952,#6953,#6954);
#6952 = CARTESIAN_POINT('',(7.,199.62393807608,-145.3009925034));
#6953 = DIRECTION('',(1.,-0.,0.));
#6954 = DIRECTION('',(0.,0.999799948982,-2.000155032663E-02));
#6955 = PCURVE('',#6113,#6956);
#6956 = DEFINITIONAL_REPRESENTATION('',(#6957),#6961);
#6957 = LINE('',#6958,#6959);
#6958 = CARTESIAN_POINT('',(-0.,-8.));
#6959 = VECTOR('',#6960,1.);
#6960 = DIRECTION('',(-1.,0.));
#6961 = ( GEOMETRIC_REPRESENTATION_CONTEXT(2) 
PARAMETRIC_REPRESENTATION_CONTEXT() REPRESENTATION_CONTEXT('2D SPACE',''
  ) );
#6962 = PCURVE('',#6882,#6963);
#6963 = DEFINITIONAL_REPRESENTATION('',(#6964),#6968);
#6964 = CIRCLE('',#6965,3.75);
#6965 = AXIS2_PLACEMENT_2D('',#6966,#6967);
#6966 = CARTESIAN_POINT('',(5.684782515411E-16,-2.84160236385E-14));
#6967 = DIRECTION('',(0.,-1.));
#6968 = ( GEOMETRIC_REPRESENTATION_CONTEXT(2) 
PARAMETRIC_REPRESENTATION_CONTEXT() REPRESENTATION_CONTEXT('2D SPACE',''
  ) );
#6969 = ORIENTED_EDGE('',*,*,#6925,.F.);
#6970 = ADVANCED_FACE('',(#6971),#6202,.F.);
#6971 = FACE_BOUND('',#6972,.T.);
#6972 = EDGE_LOOP('',(#6973,#6974,#6995,#6996));
#6973 = ORIENTED_EDGE('',*,*,#6181,.T.);
#6974 = ORIENTED_EDGE('',*,*,#6975,.T.);
#6975 = EDGE_CURVE('',#6182,#6271,#6976,.T.);
#6976 = SEAM_CURVE('',#6977,(#6981,#6988),.PCURVE_S1.);
#6977 = LINE('',#6978,#6979);
#6978 = CARTESIAN_POINT('',(-1.,117.14044228506,-143.6508646015));
#6979 = VECTOR('',#6980,1.);
#6980 = DIRECTION('',(1.,0.,0.));
#6981 = PCURVE('',#6202,#6982);
#6982 = DEFINITIONAL_REPRESENTATION('',(#6983),#6987);
#6983 = LINE('',#6984,#6985);
#6984 = CARTESIAN_POINT('',(-6.28318530718,0.));
#6985 = VECTOR('',#6986,1.);
#6986 = DIRECTION('',(-0.,-1.));
#6987 = ( GEOMETRIC_REPRESENTATION_CONTEXT(2) 
PARAMETRIC_REPRESENTATION_CONTEXT() REPRESENTATION_CONTEXT('2D SPACE',''
  ) );
#6988 = PCURVE('',#6202,#6989);
#6989 = DEFINITIONAL_REPRESENTATION('',(#6990),#6994);
#6990 = LINE('',#6991,#6992);
#6991 = CARTESIAN_POINT('',(-0.,0.));
#6992 = VECTOR('',#6993,1.);
#6993 = DIRECTION('',(-0.,-1.));
#6994 = ( GEOMETRIC_REPRESENTATION_CONTEXT(2) 
PARAMETRIC_REPRESENTATION_CONTEXT() REPRESENTATION_CONTEXT('2D SPACE',''
  ) );
#6995 = ORIENTED_EDGE('',*,*,#6270,.F.);
#6996 = ORIENTED_EDGE('',*,*,#6975,.F.);
#6997 = ADVANCED_FACE('',(#6998),#6352,.T.);
#6998 = FACE_BOUND('',#6999,.T.);
#6999 = EDGE_LOOP('',(#7000,#7001,#7022,#7023));
#7000 = ORIENTED_EDGE('',*,*,#6746,.F.);
#7001 = ORIENTED_EDGE('',*,*,#7002,.T.);
#7002 = EDGE_CURVE('',#6724,#6337,#7003,.T.);
#7003 = SURFACE_CURVE('',#7004,(#7008,#7015),.PCURVE_S1.);
#7004 = LINE('',#7005,#7006);
#7005 = CARTESIAN_POINT('',(57.,201.80385064411,-141.6938725263));
#7006 = VECTOR('',#7007,1.);
#7007 = DIRECTION('',(1.,0.,0.));
#7008 = PCURVE('',#6352,#7009);
#7009 = DEFINITIONAL_REPRESENTATION('',(#7010),#7014);
#7010 = LINE('',#7011,#7012);
#7011 = CARTESIAN_POINT('',(0.,0.));
#7012 = VECTOR('',#7013,1.);
#7013 = DIRECTION('',(0.,-1.));
#7014 = ( GEOMETRIC_REPRESENTATION_CONTEXT(2) 
PARAMETRIC_REPRESENTATION_CONTEXT() REPRESENTATION_CONTEXT('2D SPACE',''
  ) );
#7015 = PCURVE('',#6380,#7016);
#7016 = DEFINITIONAL_REPRESENTATION('',(#7017),#7021);
#7017 = LINE('',#7018,#7019);
#7018 = CARTESIAN_POINT('',(4.214656965084,0.));
#7019 = VECTOR('',#7020,1.);
#7020 = DIRECTION('',(0.,-1.));
#7021 = ( GEOMETRIC_REPRESENTATION_CONTEXT(2) 
PARAMETRIC_REPRESENTATION_CONTEXT() REPRESENTATION_CONTEXT('2D SPACE',''
  ) );
#7022 = ORIENTED_EDGE('',*,*,#6334,.F.);
#7023 = ORIENTED_EDGE('',*,*,#7024,.F.);
#7024 = EDGE_CURVE('',#6747,#6335,#7025,.T.);
#7025 = SURFACE_CURVE('',#7026,(#7030,#7037),.PCURVE_S1.);
#7026 = LINE('',#7027,#7028);
#7027 = CARTESIAN_POINT('',(57.,197.59003682544,-141.6095728529));
#7028 = VECTOR('',#7029,1.);
#7029 = DIRECTION('',(1.,0.,0.));
#7030 = PCURVE('',#6352,#7031);
#7031 = DEFINITIONAL_REPRESENTATION('',(#7032),#7036);
#7032 = LINE('',#7033,#7034);
#7033 = CARTESIAN_POINT('',(4.214656965084,0.));
#7034 = VECTOR('',#7035,1.);
#7035 = DIRECTION('',(0.,-1.));
#7036 = ( GEOMETRIC_REPRESENTATION_CONTEXT(2) 
PARAMETRIC_REPRESENTATION_CONTEXT() REPRESENTATION_CONTEXT('2D SPACE',''
  ) );
#7037 = PCURVE('',#6490,#7038);
#7038 = DEFINITIONAL_REPRESENTATION('',(#7039),#7043);
#7039 = LINE('',#7040,#7041);
#7040 = CARTESIAN_POINT('',(0.,0.));
#7041 = VECTOR('',#7042,1.);
#7042 = DIRECTION('',(0.,-1.));
#7043 = ( GEOMETRIC_REPRESENTATION_CONTEXT(2) 
PARAMETRIC_REPRESENTATION_CONTEXT() REPRESENTATION_CONTEXT('2D SPACE',''
  ) );
#7044 = ADVANCED_FACE('',(#7045),#6490,.T.);
#7045 = FACE_BOUND('',#7046,.T.);
#7046 = EDGE_LOOP('',(#7047,#7048,#7049,#7050));
#7047 = ORIENTED_EDGE('',*,*,#6769,.F.);
#7048 = ORIENTED_EDGE('',*,*,#7024,.T.);
#7049 = ORIENTED_EDGE('',*,*,#6476,.F.);
#7050 = ORIENTED_EDGE('',*,*,#7051,.F.);
#7051 = EDGE_CURVE('',#6770,#6449,#7052,.T.);
#7052 = SURFACE_CURVE('',#7053,(#7057,#7064),.PCURVE_S1.);
#7053 = LINE('',#7054,#7055);
#7054 = CARTESIAN_POINT('',(57.,195.41012425742,-145.21669283));
#7055 = VECTOR('',#7056,1.);
#7056 = DIRECTION('',(1.,0.,0.));
#7057 = PCURVE('',#6490,#7058);
#7058 = DEFINITIONAL_REPRESENTATION('',(#7059),#7063);
#7059 = LINE('',#7060,#7061);
#7060 = CARTESIAN_POINT('',(4.214656965084,0.));
#7061 = VECTOR('',#7062,1.);
#7062 = DIRECTION('',(0.,-1.));
#7063 = ( GEOMETRIC_REPRESENTATION_CONTEXT(2) 
PARAMETRIC_REPRESENTATION_CONTEXT() REPRESENTATION_CONTEXT('2D SPACE',''
  ) );
#7064 = PCURVE('',#6464,#7065);
#7065 = DEFINITIONAL_REPRESENTATION('',(#7066),#7070);
#7066 = LINE('',#7067,#7068);
#7067 = CARTESIAN_POINT('',(0.,0.));
#7068 = VECTOR('',#7069,1.);
#7069 = DIRECTION('',(0.,-1.));
#7070 = ( GEOMETRIC_REPRESENTATION_CONTEXT(2) 
PARAMETRIC_REPRESENTATION_CONTEXT() REPRESENTATION_CONTEXT('2D SPACE',''
  ) );
#7071 = ADVANCED_FACE('',(#7072),#6464,.T.);
#7072 = FACE_BOUND('',#7073,.T.);
#7073 = EDGE_LOOP('',(#7074,#7075,#7076,#7077));
#7074 = ORIENTED_EDGE('',*,*,#6792,.F.);
#7075 = ORIENTED_EDGE('',*,*,#7051,.T.);
#7076 = ORIENTED_EDGE('',*,*,#6448,.F.);
#7077 = ORIENTED_EDGE('',*,*,#7078,.F.);
#7078 = EDGE_CURVE('',#6793,#6421,#7079,.T.);
#7079 = SURFACE_CURVE('',#7080,(#7084,#7091),.PCURVE_S1.);
#7080 = LINE('',#7081,#7082);
#7081 = CARTESIAN_POINT('',(57.,197.44402550806,-148.9081124805));
#7082 = VECTOR('',#7083,1.);
#7083 = DIRECTION('',(1.,0.,0.));
#7084 = PCURVE('',#6464,#7085);
#7085 = DEFINITIONAL_REPRESENTATION('',(#7086),#7090);
#7086 = LINE('',#7087,#7088);
#7087 = CARTESIAN_POINT('',(4.214656965084,0.));
#7088 = VECTOR('',#7089,1.);
#7089 = DIRECTION('',(0.,-1.));
#7090 = ( GEOMETRIC_REPRESENTATION_CONTEXT(2) 
PARAMETRIC_REPRESENTATION_CONTEXT() REPRESENTATION_CONTEXT('2D SPACE',''
  ) );
#7091 = PCURVE('',#6436,#7092);
#7092 = DEFINITIONAL_REPRESENTATION('',(#7093),#7097);
#7093 = LINE('',#7094,#7095);
#7094 = CARTESIAN_POINT('',(0.,0.));
#7095 = VECTOR('',#7096,1.);
#7096 = DIRECTION('',(0.,-1.));
#7097 = ( GEOMETRIC_REPRESENTATION_CONTEXT(2) 
PARAMETRIC_REPRESENTATION_CONTEXT() REPRESENTATION_CONTEXT('2D SPACE',''
  ) );
#7098 = ADVANCED_FACE('',(#7099),#6436,.T.);
#7099 = FACE_BOUND('',#7100,.T.);
#7100 = EDGE_LOOP('',(#7101,#7102,#7103,#7104));
#7101 = ORIENTED_EDGE('',*,*,#6815,.F.);
#7102 = ORIENTED_EDGE('',*,*,#7078,.T.);
#7103 = ORIENTED_EDGE('',*,*,#6420,.F.);
#7104 = ORIENTED_EDGE('',*,*,#7105,.F.);
#7105 = EDGE_CURVE('',#6816,#6393,#7106,.T.);
#7106 = SURFACE_CURVE('',#7107,(#7111,#7118),.PCURVE_S1.);
#7107 = LINE('',#7108,#7109);
#7108 = CARTESIAN_POINT('',(57.,201.65783932673,-148.9924121539));
#7109 = VECTOR('',#7110,1.);
#7110 = DIRECTION('',(1.,0.,0.));
#7111 = PCURVE('',#6436,#7112);
#7112 = DEFINITIONAL_REPRESENTATION('',(#7113),#7117);
#7113 = LINE('',#7114,#7115);
#7114 = CARTESIAN_POINT('',(4.214656965084,0.));
#7115 = VECTOR('',#7116,1.);
#7116 = DIRECTION('',(0.,-1.));
#7117 = ( GEOMETRIC_REPRESENTATION_CONTEXT(2) 
PARAMETRIC_REPRESENTATION_CONTEXT() REPRESENTATION_CONTEXT('2D SPACE',''
  ) );
#7118 = PCURVE('',#6408,#7119);
#7119 = DEFINITIONAL_REPRESENTATION('',(#7120),#7124);
#7120 = LINE('',#7121,#7122);
#7121 = CARTESIAN_POINT('',(0.,0.));
#7122 = VECTOR('',#7123,1.);
#7123 = DIRECTION('',(0.,-1.));
#7124 = ( GEOMETRIC_REPRESENTATION_CONTEXT(2) 
PARAMETRIC_REPRESENTATION_CONTEXT() REPRESENTATION_CONTEXT('2D SPACE',''
  ) );
#7125 = ADVANCED_FACE('',(#7126),#6408,.T.);
#7126 = FACE_BOUND('',#7127,.T.);
#7127 = EDGE_LOOP('',(#7128,#7129,#7130,#7131));
#7128 = ORIENTED_EDGE('',*,*,#6838,.F.);
#7129 = ORIENTED_EDGE('',*,*,#7105,.T.);
#7130 = ORIENTED_EDGE('',*,*,#6392,.F.);
#7131 = ORIENTED_EDGE('',*,*,#7132,.F.);
#7132 = EDGE_CURVE('',#6722,#6365,#7133,.T.);
#7133 = SURFACE_CURVE('',#7134,(#7138,#7145),.PCURVE_S1.);
#7134 = LINE('',#7135,#7136);
#7135 = CARTESIAN_POINT('',(57.,203.83775189475,-145.3852921768));
#7136 = VECTOR('',#7137,1.);
#7137 = DIRECTION('',(1.,0.,0.));
#7138 = PCURVE('',#6408,#7139);
#7139 = DEFINITIONAL_REPRESENTATION('',(#7140),#7144);
#7140 = LINE('',#7141,#7142);
#7141 = CARTESIAN_POINT('',(4.214656965084,0.));
#7142 = VECTOR('',#7143,1.);
#7143 = DIRECTION('',(0.,-1.));
#7144 = ( GEOMETRIC_REPRESENTATION_CONTEXT(2) 
PARAMETRIC_REPRESENTATION_CONTEXT() REPRESENTATION_CONTEXT('2D SPACE',''
  ) );
#7145 = PCURVE('',#6380,#7146);
#7146 = DEFINITIONAL_REPRESENTATION('',(#7147),#7151);
#7147 = LINE('',#7148,#7149);
#7148 = CARTESIAN_POINT('',(0.,0.));
#7149 = VECTOR('',#7150,1.);
#7150 = DIRECTION('',(0.,-1.));
#7151 = ( GEOMETRIC_REPRESENTATION_CONTEXT(2) 
PARAMETRIC_REPRESENTATION_CONTEXT() REPRESENTATION_CONTEXT('2D SPACE',''
  ) );
#7152 = ADVANCED_FACE('',(#7153),#6380,.T.);
#7153 = FACE_BOUND('',#7154,.T.);
#7154 = EDGE_LOOP('',(#7155,#7156,#7157,#7158));
#7155 = ORIENTED_EDGE('',*,*,#6721,.F.);
#7156 = ORIENTED_EDGE('',*,*,#7132,.T.);
#7157 = ORIENTED_EDGE('',*,*,#6364,.F.);
#7158 = ORIENTED_EDGE('',*,*,#7002,.F.);
#7159 = ADVANCED_FACE('',(#7160,#7163),#6882,.F.);
#7160 = FACE_BOUND('',#7161,.F.);
#7161 = EDGE_LOOP('',(#7162));
#7162 = ORIENTED_EDGE('',*,*,#6948,.T.);
#7163 = FACE_BOUND('',#7164,.F.);
#7164 = EDGE_LOOP('',(#7165));
#7165 = ORIENTED_EDGE('',*,*,#6865,.T.);
#7166 = ( GEOMETRIC_REPRESENTATION_CONTEXT(3) 
GLOBAL_UNCERTAINTY_ASSIGNED_CONTEXT((#7170)) 
GLOBAL_UNIT_ASSIGNED_CONTEXT((#7167,#7168,#7169)) REPRESENTATION_CONTEXT
('Context #1','3D Context with UNIT and UNCERTAINTY') );
#7167 = ( LENGTH_UNIT() NAMED_UNIT(*) SI_UNIT(.MILLI.,.METRE.) );
#7168 = ( NAMED_UNIT(*) PLANE_ANGLE_UNIT() SI_UNIT($,.RADIAN.) );
#7169 = ( NAMED_UNIT(*) SI_UNIT($,.STERADIAN.) SOLID_ANGLE_UNIT() );
#7170 = UNCERTAINTY_MEASURE_WITH_UNIT(LENGTH_MEASURE(1.E-07),#7167,
  'distance_accuracy_value','confusion accuracy');
#7171 = CONTEXT_DEPENDENT_SHAPE_REPRESENTATION(#7172,#7174);
#7172 = ( REPRESENTATION_RELATIONSHIP('','',#4727,#4704) 
REPRESENTATION_RELATIONSHIP_WITH_TRANSFORMATION(#7173) 
SHAPE_REPRESENTATION_RELATIONSHIP() );
#7173 = ITEM_DEFINED_TRANSFORMATION('','',#11,#4705);
#7174 = PRODUCT_DEFINITION_SHAPE('Placement','Placement of an item',
  #7175);
#7175 = NEXT_ASSEMBLY_USAGE_OCCURRENCE('5','','',#4699,#4722,$);
#7176 = PRODUCT_RELATED_PRODUCT_CATEGORY('part',$,(#4724));
#7177 = SHAPE_DEFINITION_REPRESENTATION(#7178,#7184);
#7178 = PRODUCT_DEFINITION_SHAPE('','',#7179);
#7179 = PRODUCT_DEFINITION('design','',#7180,#7183);
#7180 = PRODUCT_DEFINITION_FORMATION('','',#7181);
#7181 = PRODUCT('link3','link3','',(#7182));
#7182 = PRODUCT_CONTEXT('',#2,'mechanical');
#7183 = PRODUCT_DEFINITION_CONTEXT('part definition',#2,'design');
#7184 = SHAPE_REPRESENTATION('',(#11,#7185),#7189);
#7185 = AXIS2_PLACEMENT_3D('',#7186,#7187,#7188);
#7186 = CARTESIAN_POINT('',(0.,0.,0.));
#7187 = DIRECTION('',(0.,0.,1.));
#7188 = DIRECTION('',(1.,0.,-0.));
#7189 = ( GEOMETRIC_REPRESENTATION_CONTEXT(3) 
GLOBAL_UNCERTAINTY_ASSIGNED_CONTEXT((#7193)) 
GLOBAL_UNIT_ASSIGNED_CONTEXT((#7190,#7191,#7192)) REPRESENTATION_CONTEXT
('Context #1','3D Context with UNIT and UNCERTAINTY') );
#7190 = ( LENGTH_UNIT() NAMED_UNIT(*) SI_UNIT(.MILLI.,.METRE.) );
#7191 = ( NAMED_UNIT(*) PLANE_ANGLE_UNIT() SI_UNIT($,.RADIAN.) );
#7192 = ( NAMED_UNIT(*) SI_UNIT($,.STERADIAN.) SOLID_ANGLE_UNIT() );
#7193 = UNCERTAINTY_MEASURE_WITH_UNIT(LENGTH_MEASURE(1.E-07),#7190,
  'distance_accuracy_value','confusion accuracy');
#7194 = CONTEXT_DEPENDENT_SHAPE_REPRESENTATION(#7195,#7197);
#7195 = ( REPRESENTATION_RELATIONSHIP('','',#7184,#10) 
REPRESENTATION_RELATIONSHIP_WITH_TRANSFORMATION(#7196) 
SHAPE_REPRESENTATION_RELATIONSHIP() );
#7196 = ITEM_DEFINED_TRANSFORMATION('','',#11,#27);
#7197 = PRODUCT_DEFINITION_SHAPE('Placement','Placement of an item',
  #7198);
#7198 = NEXT_ASSEMBLY_USAGE_OCCURRENCE('8','','',#5,#7179,$);
#7199 = PRODUCT_RELATED_PRODUCT_CATEGORY('part',$,(#7181));
#7200 = SHAPE_DEFINITION_REPRESENTATION(#7201,#7207);
#7201 = PRODUCT_DEFINITION_SHAPE('','',#7202);
#7202 = PRODUCT_DEFINITION('design','',#7203,#7206);
#7203 = PRODUCT_DEFINITION_FORMATION('','',#7204);
#7204 = PRODUCT('link3_part','link3_part','',(#7205));
#7205 = PRODUCT_CONTEXT('',#2,'mechanical');
#7206 = PRODUCT_DEFINITION_CONTEXT('part definition',#2,'design');
#7207 = ADVANCED_BREP_SHAPE_REPRESENTATION('',(#11,#7208),#9646);
#7208 = MANIFOLD_SOLID_BREP('',#7209);
#7209 = CLOSED_SHELL('',(#7210,#7365,#7441,#7944,#8367,#8394,#8453,#8515
    ,#8542,#8604,#8631,#8693,#8720,#8777,#8804,#8981,#9028,#9055,#9082,
    #9109,#9136,#9163,#9190,#9197,#9341,#9400,#9450,#9477,#9524,#9551,
    #9578,#9605,#9632,#9639));
#7210 = ADVANCED_FACE('',(#7211,#7330),#7225,.F.);
#7211 = FACE_BOUND('',#7212,.F.);
#7212 = EDGE_LOOP('',(#7213,#7248,#7276,#7304));
#7213 = ORIENTED_EDGE('',*,*,#7214,.F.);
#7214 = EDGE_CURVE('',#7215,#7217,#7219,.T.);
#7215 = VERTEX_POINT('',#7216);
#7216 = CARTESIAN_POINT('',(50.,276.54732312774,-150.3856202972));
#7217 = VERTEX_POINT('',#7218);
#7218 = CARTESIAN_POINT('',(50.,276.55832429687,-140.3856263485));
#7219 = SURFACE_CURVE('',#7220,(#7224,#7236),.PCURVE_S1.);
#7220 = LINE('',#7221,#7222);
#7221 = CARTESIAN_POINT('',(50.,276.54732312774,-150.3856202972));
#7222 = VECTOR('',#7223,1.);
#7223 = DIRECTION('',(0.,1.100116913194E-03,0.999999394871));
#7224 = PCURVE('',#7225,#7230);
#7225 = PLANE('',#7226);
#7226 = AXIS2_PLACEMENT_3D('',#7227,#7228,#7229);
#7227 = CARTESIAN_POINT('',(50.,276.54732312774,-150.3856202972));
#7228 = DIRECTION('',(1.,0.,0.));
#7229 = DIRECTION('',(0.,1.100116913194E-03,0.999999394871));
#7230 = DEFINITIONAL_REPRESENTATION('',(#7231),#7235);
#7231 = LINE('',#7232,#7233);
#7232 = CARTESIAN_POINT('',(0.,0.));
#7233 = VECTOR('',#7234,1.);
#7234 = DIRECTION('',(1.,0.));
#7235 = ( GEOMETRIC_REPRESENTATION_CONTEXT(2) 
PARAMETRIC_REPRESENTATION_CONTEXT() REPRESENTATION_CONTEXT('2D SPACE',''
  ) );
#7236 = PCURVE('',#7237,#7242);
#7237 = PLANE('',#7238);
#7238 = AXIS2_PLACEMENT_3D('',#7239,#7240,#7241);
#7239 = CARTESIAN_POINT('',(0.,276.54732312774,-150.3856202972));
#7240 = DIRECTION('',(0.,0.999999394871,-1.100116913194E-03));
#7241 = DIRECTION('',(0.,1.100116913194E-03,0.999999394871));
#7242 = DEFINITIONAL_REPRESENTATION('',(#7243),#7247);
#7243 = LINE('',#7244,#7245);
#7244 = CARTESIAN_POINT('',(0.,50.));
#7245 = VECTOR('',#7246,1.);
#7246 = DIRECTION('',(1.,0.));
#7247 = ( GEOMETRIC_REPRESENTATION_CONTEXT(2) 
PARAMETRIC_REPRESENTATION_CONTEXT() REPRESENTATION_CONTEXT('2D SPACE',''
  ) );
#7248 = ORIENTED_EDGE('',*,*,#7249,.T.);
#7249 = EDGE_CURVE('',#7215,#7250,#7252,.T.);
#7250 = VERTEX_POINT('',#7251);
#7251 = CARTESIAN_POINT('',(50.,289.61838302993,-150.4));
#7252 = SURFACE_CURVE('',#7253,(#7257,#7264),.PCURVE_S1.);
#7253 = LINE('',#7254,#7255);
#7254 = CARTESIAN_POINT('',(50.,276.54732312774,-150.3856202972));
#7255 = VECTOR('',#7256,1.);
#7256 = DIRECTION('',(0.,0.999999394871,-1.100116913194E-03));
#7257 = PCURVE('',#7225,#7258);
#7258 = DEFINITIONAL_REPRESENTATION('',(#7259),#7263);
#7259 = LINE('',#7260,#7261);
#7260 = CARTESIAN_POINT('',(0.,0.));
#7261 = VECTOR('',#7262,1.);
#7262 = DIRECTION('',(0.,-1.));
#7263 = ( GEOMETRIC_REPRESENTATION_CONTEXT(2) 
PARAMETRIC_REPRESENTATION_CONTEXT() REPRESENTATION_CONTEXT('2D SPACE',''
  ) );
#7264 = PCURVE('',#7265,#7270);
#7265 = PLANE('',#7266);
#7266 = AXIS2_PLACEMENT_3D('',#7267,#7268,#7269);
#7267 = CARTESIAN_POINT('',(50.,276.54732312774,-150.3856202972));
#7268 = DIRECTION('',(0.,1.100116913194E-03,0.999999394871));
#7269 = DIRECTION('',(1.,0.,0.));
#7270 = DEFINITIONAL_REPRESENTATION('',(#7271),#7275);
#7271 = LINE('',#7272,#7273);
#7272 = CARTESIAN_POINT('',(0.,0.));
#7273 = VECTOR('',#7274,1.);
#7274 = DIRECTION('',(0.,1.));
#7275 = ( GEOMETRIC_REPRESENTATION_CONTEXT(2) 
PARAMETRIC_REPRESENTATION_CONTEXT() REPRESENTATION_CONTEXT('2D SPACE',''
  ) );
#7276 = ORIENTED_EDGE('',*,*,#7277,.T.);
#7277 = EDGE_CURVE('',#7250,#7278,#7280,.T.);
#7278 = VERTEX_POINT('',#7279);
#7279 = CARTESIAN_POINT('',(50.,289.62938419906,-140.4000060512));
#7280 = SURFACE_CURVE('',#7281,(#7285,#7292),.PCURVE_S1.);
#7281 = LINE('',#7282,#7283);
#7282 = CARTESIAN_POINT('',(50.,289.61838302993,-150.4));
#7283 = VECTOR('',#7284,1.);
#7284 = DIRECTION('',(0.,1.100116913194E-03,0.999999394871));
#7285 = PCURVE('',#7225,#7286);
#7286 = DEFINITIONAL_REPRESENTATION('',(#7287),#7291);
#7287 = LINE('',#7288,#7289);
#7288 = CARTESIAN_POINT('',(-5.332539965153E-15,-13.07106781186));
#7289 = VECTOR('',#7290,1.);
#7290 = DIRECTION('',(1.,0.));
#7291 = ( GEOMETRIC_REPRESENTATION_CONTEXT(2) 
PARAMETRIC_REPRESENTATION_CONTEXT() REPRESENTATION_CONTEXT('2D SPACE',''
  ) );
#7292 = PCURVE('',#7293,#7298);
#7293 = PLANE('',#7294);
#7294 = AXIS2_PLACEMENT_3D('',#7295,#7296,#7297);
#7295 = CARTESIAN_POINT('',(50.,289.61838302993,-150.4));
#7296 = DIRECTION('',(0.,0.999999394871,-1.100116913194E-03));
#7297 = DIRECTION('',(0.,1.100116913194E-03,0.999999394871));
#7298 = DEFINITIONAL_REPRESENTATION('',(#7299),#7303);
#7299 = LINE('',#7300,#7301);
#7300 = CARTESIAN_POINT('',(0.,0.));
#7301 = VECTOR('',#7302,1.);
#7302 = DIRECTION('',(1.,0.));
#7303 = ( GEOMETRIC_REPRESENTATION_CONTEXT(2) 
PARAMETRIC_REPRESENTATION_CONTEXT() REPRESENTATION_CONTEXT('2D SPACE',''
  ) );
#7304 = ORIENTED_EDGE('',*,*,#7305,.F.);
#7305 = EDGE_CURVE('',#7217,#7278,#7306,.T.);
#7306 = SURFACE_CURVE('',#7307,(#7311,#7318),.PCURVE_S1.);
#7307 = LINE('',#7308,#7309);
#7308 = CARTESIAN_POINT('',(50.,276.55832429687,-140.3856263485));
#7309 = VECTOR('',#7310,1.);
#7310 = DIRECTION('',(0.,0.999999394871,-1.100116913194E-03));
#7311 = PCURVE('',#7225,#7312);
#7312 = DEFINITIONAL_REPRESENTATION('',(#7313),#7317);
#7313 = LINE('',#7314,#7315);
#7314 = CARTESIAN_POINT('',(10.,6.34804708799E-14));
#7315 = VECTOR('',#7316,1.);
#7316 = DIRECTION('',(0.,-1.));
#7317 = ( GEOMETRIC_REPRESENTATION_CONTEXT(2) 
PARAMETRIC_REPRESENTATION_CONTEXT() REPRESENTATION_CONTEXT('2D SPACE',''
  ) );
#7318 = PCURVE('',#7319,#7324);
#7319 = PLANE('',#7320);
#7320 = AXIS2_PLACEMENT_3D('',#7321,#7322,#7323);
#7321 = CARTESIAN_POINT('',(50.,276.55832429687,-140.3856263485));
#7322 = DIRECTION('',(0.,1.100116913194E-03,0.999999394871));
#7323 = DIRECTION('',(1.,0.,0.));
#7324 = DEFINITIONAL_REPRESENTATION('',(#7325),#7329);
#7325 = LINE('',#7326,#7327);
#7326 = CARTESIAN_POINT('',(0.,0.));
#7327 = VECTOR('',#7328,1.);
#7328 = DIRECTION('',(0.,1.));
#7329 = ( GEOMETRIC_REPRESENTATION_CONTEXT(2) 
PARAMETRIC_REPRESENTATION_CONTEXT() REPRESENTATION_CONTEXT('2D SPACE',''
  ) );
#7330 = FACE_BOUND('',#7331,.F.);
#7331 = EDGE_LOOP('',(#7332));
#7332 = ORIENTED_EDGE('',*,*,#7333,.T.);
#7333 = EDGE_CURVE('',#7334,#7334,#7336,.T.);
#7334 = VERTEX_POINT('',#7335);
#7335 = CARTESIAN_POINT('',(50.,286.82388530885,-145.3969226982));
#7336 = SURFACE_CURVE('',#7337,(#7342,#7353),.PCURVE_S1.);
#7337 = CIRCLE('',#7338,2.2);
#7338 = AXIS2_PLACEMENT_3D('',#7339,#7340,#7341);
#7339 = CARTESIAN_POINT('',(50.,284.62388664014,-145.394502441));
#7340 = DIRECTION('',(-1.,0.,-0.));
#7341 = DIRECTION('',(0.,0.999999394871,-1.100116913194E-03));
#7342 = PCURVE('',#7225,#7343);
#7343 = DEFINITIONAL_REPRESENTATION('',(#7344),#7352);
#7344 = ( BOUNDED_CURVE() B_SPLINE_CURVE(2,(#7345,#7346,#7347,#7348,
#7349,#7350,#7351),.UNSPECIFIED.,.T.,.F.) B_SPLINE_CURVE_WITH_KNOTS((1,2
    ,2,2,2,1),(-2.094395102393,0.,2.094395102393,4.188790204786,
6.28318530718,8.377580409573),.UNSPECIFIED.) CURVE() 
GEOMETRIC_REPRESENTATION_ITEM() RATIONAL_B_SPLINE_CURVE((1.,0.5,1.,0.5,
1.,0.5,1.)) REPRESENTATION_ITEM('') );
#7345 = CARTESIAN_POINT('',(5.,-10.27106781186));
#7346 = CARTESIAN_POINT('',(1.189488223348,-10.27106781186));
#7347 = CARTESIAN_POINT('',(3.094744111674,-6.971067811865));
#7348 = CARTESIAN_POINT('',(5.,-3.671067811865));
#7349 = CARTESIAN_POINT('',(6.905255888326,-6.971067811865));
#7350 = CARTESIAN_POINT('',(8.810511776652,-10.27106781186));
#7351 = CARTESIAN_POINT('',(5.,-10.27106781186));
#7352 = ( GEOMETRIC_REPRESENTATION_CONTEXT(2) 
PARAMETRIC_REPRESENTATION_CONTEXT() REPRESENTATION_CONTEXT('2D SPACE',''
  ) );
#7353 = PCURVE('',#7354,#7359);
#7354 = CYLINDRICAL_SURFACE('',#7355,2.2);
#7355 = AXIS2_PLACEMENT_3D('',#7356,#7357,#7358);
#7356 = CARTESIAN_POINT('',(-1.,284.62388664014,-145.394502441));
#7357 = DIRECTION('',(-1.,-0.,0.));
#7358 = DIRECTION('',(0.,0.999999394871,-1.100116913194E-03));
#7359 = DEFINITIONAL_REPRESENTATION('',(#7360),#7364);
#7360 = LINE('',#7361,#7362);
#7361 = CARTESIAN_POINT('',(-6.28318530718,-51.));
#7362 = VECTOR('',#7363,1.);
#7363 = DIRECTION('',(1.,-0.));
#7364 = ( GEOMETRIC_REPRESENTATION_CONTEXT(2) 
PARAMETRIC_REPRESENTATION_CONTEXT() REPRESENTATION_CONTEXT('2D SPACE',''
  ) );
#7365 = ADVANCED_FACE('',(#7366),#7237,.T.);
#7366 = FACE_BOUND('',#7367,.T.);
#7367 = EDGE_LOOP('',(#7368,#7391,#7419,#7440));
#7368 = ORIENTED_EDGE('',*,*,#7369,.F.);
#7369 = EDGE_CURVE('',#7370,#7215,#7372,.T.);
#7370 = VERTEX_POINT('',#7371);
#7371 = CARTESIAN_POINT('',(15.,276.54732312774,-150.3856202972));
#7372 = SURFACE_CURVE('',#7373,(#7377,#7384),.PCURVE_S1.);
#7373 = LINE('',#7374,#7375);
#7374 = CARTESIAN_POINT('',(0.,276.54732312774,-150.3856202972));
#7375 = VECTOR('',#7376,1.);
#7376 = DIRECTION('',(1.,0.,0.));
#7377 = PCURVE('',#7237,#7378);
#7378 = DEFINITIONAL_REPRESENTATION('',(#7379),#7383);
#7379 = LINE('',#7380,#7381);
#7380 = CARTESIAN_POINT('',(0.,0.));
#7381 = VECTOR('',#7382,1.);
#7382 = DIRECTION('',(0.,1.));
#7383 = ( GEOMETRIC_REPRESENTATION_CONTEXT(2) 
PARAMETRIC_REPRESENTATION_CONTEXT() REPRESENTATION_CONTEXT('2D SPACE',''
  ) );
#7384 = PCURVE('',#7265,#7385);
#7385 = DEFINITIONAL_REPRESENTATION('',(#7386),#7390);
#7386 = LINE('',#7387,#7388);
#7387 = CARTESIAN_POINT('',(-50.,0.));
#7388 = VECTOR('',#7389,1.);
#7389 = DIRECTION('',(1.,0.));
#7390 = ( GEOMETRIC_REPRESENTATION_CONTEXT(2) 
PARAMETRIC_REPRESENTATION_CONTEXT() REPRESENTATION_CONTEXT('2D SPACE',''
  ) );
#7391 = ORIENTED_EDGE('',*,*,#7392,.T.);
#7392 = EDGE_CURVE('',#7370,#7393,#7395,.T.);
#7393 = VERTEX_POINT('',#7394);
#7394 = CARTESIAN_POINT('',(15.,276.55832429687,-140.3856263485));
#7395 = SURFACE_CURVE('',#7396,(#7400,#7407),.PCURVE_S1.);
#7396 = LINE('',#7397,#7398);
#7397 = CARTESIAN_POINT('',(15.,276.54732312774,-150.3856202972));
#7398 = VECTOR('',#7399,1.);
#7399 = DIRECTION('',(0.,1.100116913194E-03,0.999999394871));
#7400 = PCURVE('',#7237,#7401);
#7401 = DEFINITIONAL_REPRESENTATION('',(#7402),#7406);
#7402 = LINE('',#7403,#7404);
#7403 = CARTESIAN_POINT('',(0.,15.));
#7404 = VECTOR('',#7405,1.);
#7405 = DIRECTION('',(1.,0.));
#7406 = ( GEOMETRIC_REPRESENTATION_CONTEXT(2) 
PARAMETRIC_REPRESENTATION_CONTEXT() REPRESENTATION_CONTEXT('2D SPACE',''
  ) );
#7407 = PCURVE('',#7408,#7413);
#7408 = PLANE('',#7409);
#7409 = AXIS2_PLACEMENT_3D('',#7410,#7411,#7412);
#7410 = CARTESIAN_POINT('',(15.,276.54732312774,-150.3856202972));
#7411 = DIRECTION('',(1.,0.,0.));
#7412 = DIRECTION('',(0.,1.100116913194E-03,0.999999394871));
#7413 = DEFINITIONAL_REPRESENTATION('',(#7414),#7418);
#7414 = LINE('',#7415,#7416);
#7415 = CARTESIAN_POINT('',(0.,0.));
#7416 = VECTOR('',#7417,1.);
#7417 = DIRECTION('',(1.,0.));
#7418 = ( GEOMETRIC_REPRESENTATION_CONTEXT(2) 
PARAMETRIC_REPRESENTATION_CONTEXT() REPRESENTATION_CONTEXT('2D SPACE',''
  ) );
#7419 = ORIENTED_EDGE('',*,*,#7420,.T.);
#7420 = EDGE_CURVE('',#7393,#7217,#7421,.T.);
#7421 = SURFACE_CURVE('',#7422,(#7426,#7433),.PCURVE_S1.);
#7422 = LINE('',#7423,#7424);
#7423 = CARTESIAN_POINT('',(0.,276.55832429687,-140.3856263485));
#7424 = VECTOR('',#7425,1.);
#7425 = DIRECTION('',(1.,0.,0.));
#7426 = PCURVE('',#7237,#7427);
#7427 = DEFINITIONAL_REPRESENTATION('',(#7428),#7432);
#7428 = LINE('',#7429,#7430);
#7429 = CARTESIAN_POINT('',(10.,0.));
#7430 = VECTOR('',#7431,1.);
#7431 = DIRECTION('',(0.,1.));
#7432 = ( GEOMETRIC_REPRESENTATION_CONTEXT(2) 
PARAMETRIC_REPRESENTATION_CONTEXT() REPRESENTATION_CONTEXT('2D SPACE',''
  ) );
#7433 = PCURVE('',#7319,#7434);
#7434 = DEFINITIONAL_REPRESENTATION('',(#7435),#7439);
#7435 = LINE('',#7436,#7437);
#7436 = CARTESIAN_POINT('',(-50.,0.));
#7437 = VECTOR('',#7438,1.);
#7438 = DIRECTION('',(1.,0.));
#7439 = ( GEOMETRIC_REPRESENTATION_CONTEXT(2) 
PARAMETRIC_REPRESENTATION_CONTEXT() REPRESENTATION_CONTEXT('2D SPACE',''
  ) );
#7440 = ORIENTED_EDGE('',*,*,#7214,.F.);
#7441 = ADVANCED_FACE('',(#7442,#7714),#7319,.T.);
#7442 = FACE_BOUND('',#7443,.T.);
#7443 = EDGE_LOOP('',(#7444,#7445,#7446,#7469,#7497,#7525,#7553,#7581,
    #7609,#7637,#7665,#7693));
#7444 = ORIENTED_EDGE('',*,*,#7305,.F.);
#7445 = ORIENTED_EDGE('',*,*,#7420,.F.);
#7446 = ORIENTED_EDGE('',*,*,#7447,.T.);
#7447 = EDGE_CURVE('',#7393,#7448,#7450,.T.);
#7448 = VERTEX_POINT('',#7449);
#7449 = CARTESIAN_POINT('',(15.,289.62938419906,-140.4000060512));
#7450 = SURFACE_CURVE('',#7451,(#7455,#7462),.PCURVE_S1.);
#7451 = LINE('',#7452,#7453);
#7452 = CARTESIAN_POINT('',(15.,276.55832429687,-140.3856263485));
#7453 = VECTOR('',#7454,1.);
#7454 = DIRECTION('',(0.,0.999999394871,-1.100116913194E-03));
#7455 = PCURVE('',#7319,#7456);
#7456 = DEFINITIONAL_REPRESENTATION('',(#7457),#7461);
#7457 = LINE('',#7458,#7459);
#7458 = CARTESIAN_POINT('',(-35.,0.));
#7459 = VECTOR('',#7460,1.);
#7460 = DIRECTION('',(0.,1.));
#7461 = ( GEOMETRIC_REPRESENTATION_CONTEXT(2) 
PARAMETRIC_REPRESENTATION_CONTEXT() REPRESENTATION_CONTEXT('2D SPACE',''
  ) );
#7462 = PCURVE('',#7408,#7463);
#7463 = DEFINITIONAL_REPRESENTATION('',(#7464),#7468);
#7464 = LINE('',#7465,#7466);
#7465 = CARTESIAN_POINT('',(10.,6.34804708799E-14));
#7466 = VECTOR('',#7467,1.);
#7467 = DIRECTION('',(0.,-1.));
#7468 = ( GEOMETRIC_REPRESENTATION_CONTEXT(2) 
PARAMETRIC_REPRESENTATION_CONTEXT() REPRESENTATION_CONTEXT('2D SPACE',''
  ) );
#7469 = ORIENTED_EDGE('',*,*,#7470,.F.);
#7470 = EDGE_CURVE('',#7471,#7448,#7473,.T.);
#7471 = VERTEX_POINT('',#7472);
#7472 = CARTESIAN_POINT('',(0.,289.62938419906,-140.4000060512));
#7473 = SURFACE_CURVE('',#7474,(#7478,#7485),.PCURVE_S1.);
#7474 = LINE('',#7475,#7476);
#7475 = CARTESIAN_POINT('',(0.,289.62938419906,-140.4000060512));
#7476 = VECTOR('',#7477,1.);
#7477 = DIRECTION('',(1.,0.,0.));
#7478 = PCURVE('',#7319,#7479);
#7479 = DEFINITIONAL_REPRESENTATION('',(#7480),#7484);
#7480 = LINE('',#7481,#7482);
#7481 = CARTESIAN_POINT('',(-50.,13.071067811866));
#7482 = VECTOR('',#7483,1.);
#7483 = DIRECTION('',(1.,0.));
#7484 = ( GEOMETRIC_REPRESENTATION_CONTEXT(2) 
PARAMETRIC_REPRESENTATION_CONTEXT() REPRESENTATION_CONTEXT('2D SPACE',''
  ) );
#7485 = PCURVE('',#7486,#7491);
#7486 = PLANE('',#7487);
#7487 = AXIS2_PLACEMENT_3D('',#7488,#7489,#7490);
#7488 = CARTESIAN_POINT('',(0.,289.61838302993,-150.4));
#7489 = DIRECTION('',(0.,0.999999394871,-1.100116913194E-03));
#7490 = DIRECTION('',(0.,1.100116913194E-03,0.999999394871));
#7491 = DEFINITIONAL_REPRESENTATION('',(#7492),#7496);
#7492 = LINE('',#7493,#7494);
#7493 = CARTESIAN_POINT('',(10.,0.));
#7494 = VECTOR('',#7495,1.);
#7495 = DIRECTION('',(0.,1.));
#7496 = ( GEOMETRIC_REPRESENTATION_CONTEXT(2) 
PARAMETRIC_REPRESENTATION_CONTEXT() REPRESENTATION_CONTEXT('2D SPACE',''
  ) );
#7497 = ORIENTED_EDGE('',*,*,#7498,.F.);
#7498 = EDGE_CURVE('',#7499,#7471,#7501,.T.);
#7499 = VERTEX_POINT('',#7500);
#7500 = CARTESIAN_POINT('',(0.,207.70050158848,-140.3098746473));
#7501 = SURFACE_CURVE('',#7502,(#7506,#7513),.PCURVE_S1.);
#7502 = LINE('',#7503,#7504);
#7503 = CARTESIAN_POINT('',(0.,207.70050158848,-140.3098746473));
#7504 = VECTOR('',#7505,1.);
#7505 = DIRECTION('',(0.,0.999999394871,-1.100116913194E-03));
#7506 = PCURVE('',#7319,#7507);
#7507 = DEFINITIONAL_REPRESENTATION('',(#7508),#7512);
#7508 = LINE('',#7509,#7510);
#7509 = CARTESIAN_POINT('',(-50.,-68.85786437626));
#7510 = VECTOR('',#7511,1.);
#7511 = DIRECTION('',(0.,1.));
#7512 = ( GEOMETRIC_REPRESENTATION_CONTEXT(2) 
PARAMETRIC_REPRESENTATION_CONTEXT() REPRESENTATION_CONTEXT('2D SPACE',''
  ) );
#7513 = PCURVE('',#7514,#7519);
#7514 = PLANE('',#7515);
#7515 = AXIS2_PLACEMENT_3D('',#7516,#7517,#7518);
#7516 = CARTESIAN_POINT('',(0.,276.54732312774,-150.3856202972));
#7517 = DIRECTION('',(1.,0.,0.));
#7518 = DIRECTION('',(0.,1.100116913194E-03,0.999999394871));
#7519 = DEFINITIONAL_REPRESENTATION('',(#7520),#7524);
#7520 = LINE('',#7521,#7522);
#7521 = CARTESIAN_POINT('',(10.,68.857864376269));
#7522 = VECTOR('',#7523,1.);
#7523 = DIRECTION('',(0.,-1.));
#7524 = ( GEOMETRIC_REPRESENTATION_CONTEXT(2) 
PARAMETRIC_REPRESENTATION_CONTEXT() REPRESENTATION_CONTEXT('2D SPACE',''
  ) );
#7525 = ORIENTED_EDGE('',*,*,#7526,.T.);
#7526 = EDGE_CURVE('',#7499,#7527,#7529,.T.);
#7527 = VERTEX_POINT('',#7528);
#7528 = CARTESIAN_POINT('',(15.2,207.70050158848,-140.3098746473));
#7529 = SURFACE_CURVE('',#7530,(#7534,#7541),.PCURVE_S1.);
#7530 = LINE('',#7531,#7532);
#7531 = CARTESIAN_POINT('',(0.,207.70050158848,-140.3098746473));
#7532 = VECTOR('',#7533,1.);
#7533 = DIRECTION('',(1.,0.,0.));
#7534 = PCURVE('',#7319,#7535);
#7535 = DEFINITIONAL_REPRESENTATION('',(#7536),#7540);
#7536 = LINE('',#7537,#7538);
#7537 = CARTESIAN_POINT('',(-50.,-68.85786437626));
#7538 = VECTOR('',#7539,1.);
#7539 = DIRECTION('',(1.,0.));
#7540 = ( GEOMETRIC_REPRESENTATION_CONTEXT(2) 
PARAMETRIC_REPRESENTATION_CONTEXT() REPRESENTATION_CONTEXT('2D SPACE',''
  ) );
#7541 = PCURVE('',#7542,#7547);
#7542 = PLANE('',#7543);
#7543 = AXIS2_PLACEMENT_3D('',#7544,#7545,#7546);
#7544 = CARTESIAN_POINT('',(0.,207.68950041935,-150.309868596));
#7545 = DIRECTION('',(0.,0.999999394871,-1.100116913194E-03));
#7546 = DIRECTION('',(0.,1.100116913194E-03,0.999999394871));
#7547 = DEFINITIONAL_REPRESENTATION('',(#7548),#7552);
#7548 = LINE('',#7549,#7550);
#7549 = CARTESIAN_POINT('',(10.,0.));
#7550 = VECTOR('',#7551,1.);
#7551 = DIRECTION('',(0.,1.));
#7552 = ( GEOMETRIC_REPRESENTATION_CONTEXT(2) 
PARAMETRIC_REPRESENTATION_CONTEXT() REPRESENTATION_CONTEXT('2D SPACE',''
  ) );
#7553 = ORIENTED_EDGE('',*,*,#7554,.F.);
#7554 = EDGE_CURVE('',#7555,#7527,#7557,.T.);
#7555 = VERTEX_POINT('',#7556);
#7556 = CARTESIAN_POINT('',(15.2,194.62944168629,-140.2954949445));
#7557 = SURFACE_CURVE('',#7558,(#7562,#7569),.PCURVE_S1.);
#7558 = LINE('',#7559,#7560);
#7559 = CARTESIAN_POINT('',(15.2,194.62944168629,-140.2954949445));
#7560 = VECTOR('',#7561,1.);
#7561 = DIRECTION('',(0.,0.999999394871,-1.100116913194E-03));
#7562 = PCURVE('',#7319,#7563);
#7563 = DEFINITIONAL_REPRESENTATION('',(#7564),#7568);
#7564 = LINE('',#7565,#7566);
#7565 = CARTESIAN_POINT('',(-34.8,-81.92893218813));
#7566 = VECTOR('',#7567,1.);
#7567 = DIRECTION('',(0.,1.));
#7568 = ( GEOMETRIC_REPRESENTATION_CONTEXT(2) 
PARAMETRIC_REPRESENTATION_CONTEXT() REPRESENTATION_CONTEXT('2D SPACE',''
  ) );
#7569 = PCURVE('',#7570,#7575);
#7570 = PLANE('',#7571);
#7571 = AXIS2_PLACEMENT_3D('',#7572,#7573,#7574);
#7572 = CARTESIAN_POINT('',(15.2,194.61844051716,-150.2954888932));
#7573 = DIRECTION('',(1.,0.,0.));
#7574 = DIRECTION('',(0.,1.100116913194E-03,0.999999394871));
#7575 = DEFINITIONAL_REPRESENTATION('',(#7576),#7580);
#7576 = LINE('',#7577,#7578);
#7577 = CARTESIAN_POINT('',(10.,6.670011765131E-15));
#7578 = VECTOR('',#7579,1.);
#7579 = DIRECTION('',(0.,-1.));
#7580 = ( GEOMETRIC_REPRESENTATION_CONTEXT(2) 
PARAMETRIC_REPRESENTATION_CONTEXT() REPRESENTATION_CONTEXT('2D SPACE',''
  ) );
#7581 = ORIENTED_EDGE('',*,*,#7582,.T.);
#7582 = EDGE_CURVE('',#7555,#7583,#7585,.T.);
#7583 = VERTEX_POINT('',#7584);
#7584 = CARTESIAN_POINT('',(49.8,194.62944168629,-140.2954949445));
#7585 = SURFACE_CURVE('',#7586,(#7590,#7597),.PCURVE_S1.);
#7586 = LINE('',#7587,#7588);
#7587 = CARTESIAN_POINT('',(15.2,194.62944168629,-140.2954949445));
#7588 = VECTOR('',#7589,1.);
#7589 = DIRECTION('',(1.,0.,0.));
#7590 = PCURVE('',#7319,#7591);
#7591 = DEFINITIONAL_REPRESENTATION('',(#7592),#7596);
#7592 = LINE('',#7593,#7594);
#7593 = CARTESIAN_POINT('',(-34.8,-81.92893218813));
#7594 = VECTOR('',#7595,1.);
#7595 = DIRECTION('',(1.,0.));
#7596 = ( GEOMETRIC_REPRESENTATION_CONTEXT(2) 
PARAMETRIC_REPRESENTATION_CONTEXT() REPRESENTATION_CONTEXT('2D SPACE',''
  ) );
#7597 = PCURVE('',#7598,#7603);
#7598 = PLANE('',#7599);
#7599 = AXIS2_PLACEMENT_3D('',#7600,#7601,#7602);
#7600 = CARTESIAN_POINT('',(15.2,194.61844051716,-150.2954888932));
#7601 = DIRECTION('',(0.,0.999999394871,-1.100116913194E-03));
#7602 = DIRECTION('',(0.,1.100116913194E-03,0.999999394871));
#7603 = DEFINITIONAL_REPRESENTATION('',(#7604),#7608);
#7604 = LINE('',#7605,#7606);
#7605 = CARTESIAN_POINT('',(10.,0.));
#7606 = VECTOR('',#7607,1.);
#7607 = DIRECTION('',(0.,1.));
#7608 = ( GEOMETRIC_REPRESENTATION_CONTEXT(2) 
PARAMETRIC_REPRESENTATION_CONTEXT() REPRESENTATION_CONTEXT('2D SPACE',''
  ) );
#7609 = ORIENTED_EDGE('',*,*,#7610,.T.);
#7610 = EDGE_CURVE('',#7583,#7611,#7613,.T.);
#7611 = VERTEX_POINT('',#7612);
#7612 = CARTESIAN_POINT('',(49.8,207.70050158848,-140.3098746473));
#7613 = SURFACE_CURVE('',#7614,(#7618,#7625),.PCURVE_S1.);
#7614 = LINE('',#7615,#7616);
#7615 = CARTESIAN_POINT('',(49.8,194.62944168629,-140.2954949445));
#7616 = VECTOR('',#7617,1.);
#7617 = DIRECTION('',(0.,0.999999394871,-1.100116913194E-03));
#7618 = PCURVE('',#7319,#7619);
#7619 = DEFINITIONAL_REPRESENTATION('',(#7620),#7624);
#7620 = LINE('',#7621,#7622);
#7621 = CARTESIAN_POINT('',(-0.2,-81.92893218813));
#7622 = VECTOR('',#7623,1.);
#7623 = DIRECTION('',(0.,1.));
#7624 = ( GEOMETRIC_REPRESENTATION_CONTEXT(2) 
PARAMETRIC_REPRESENTATION_CONTEXT() REPRESENTATION_CONTEXT('2D SPACE',''
  ) );
#7625 = PCURVE('',#7626,#7631);
#7626 = PLANE('',#7627);
#7627 = AXIS2_PLACEMENT_3D('',#7628,#7629,#7630);
#7628 = CARTESIAN_POINT('',(49.8,194.61844051716,-150.2954888932));
#7629 = DIRECTION('',(1.,0.,0.));
#7630 = DIRECTION('',(0.,1.100116913194E-03,0.999999394871));
#7631 = DEFINITIONAL_REPRESENTATION('',(#7632),#7636);
#7632 = LINE('',#7633,#7634);
#7633 = CARTESIAN_POINT('',(10.,6.670011765131E-15));
#7634 = VECTOR('',#7635,1.);
#7635 = DIRECTION('',(0.,-1.));
#7636 = ( GEOMETRIC_REPRESENTATION_CONTEXT(2) 
PARAMETRIC_REPRESENTATION_CONTEXT() REPRESENTATION_CONTEXT('2D SPACE',''
  ) );
#7637 = ORIENTED_EDGE('',*,*,#7638,.T.);
#7638 = EDGE_CURVE('',#7611,#7639,#7641,.T.);
#7639 = VERTEX_POINT('',#7640);
#7640 = CARTESIAN_POINT('',(65.,207.70050158848,-140.3098746473));
#7641 = SURFACE_CURVE('',#7642,(#7646,#7653),.PCURVE_S1.);
#7642 = LINE('',#7643,#7644);
#7643 = CARTESIAN_POINT('',(0.,207.70050158848,-140.3098746473));
#7644 = VECTOR('',#7645,1.);
#7645 = DIRECTION('',(1.,0.,0.));
#7646 = PCURVE('',#7319,#7647);
#7647 = DEFINITIONAL_REPRESENTATION('',(#7648),#7652);
#7648 = LINE('',#7649,#7650);
#7649 = CARTESIAN_POINT('',(-50.,-68.85786437626));
#7650 = VECTOR('',#7651,1.);
#7651 = DIRECTION('',(1.,0.));
#7652 = ( GEOMETRIC_REPRESENTATION_CONTEXT(2) 
PARAMETRIC_REPRESENTATION_CONTEXT() REPRESENTATION_CONTEXT('2D SPACE',''
  ) );
#7653 = PCURVE('',#7654,#7659);
#7654 = PLANE('',#7655);
#7655 = AXIS2_PLACEMENT_3D('',#7656,#7657,#7658);
#7656 = CARTESIAN_POINT('',(0.,207.68950041935,-150.309868596));
#7657 = DIRECTION('',(0.,0.999999394871,-1.100116913194E-03));
#7658 = DIRECTION('',(0.,1.100116913194E-03,0.999999394871));
#7659 = DEFINITIONAL_REPRESENTATION('',(#7660),#7664);
#7660 = LINE('',#7661,#7662);
#7661 = CARTESIAN_POINT('',(10.,0.));
#7662 = VECTOR('',#7663,1.);
#7663 = DIRECTION('',(0.,1.));
#7664 = ( GEOMETRIC_REPRESENTATION_CONTEXT(2) 
PARAMETRIC_REPRESENTATION_CONTEXT() REPRESENTATION_CONTEXT('2D SPACE',''
  ) );
#7665 = ORIENTED_EDGE('',*,*,#7666,.T.);
#7666 = EDGE_CURVE('',#7639,#7667,#7669,.T.);
#7667 = VERTEX_POINT('',#7668);
#7668 = CARTESIAN_POINT('',(65.,289.62938419906,-140.4000060512));
#7669 = SURFACE_CURVE('',#7670,(#7674,#7681),.PCURVE_S1.);
#7670 = LINE('',#7671,#7672);
#7671 = CARTESIAN_POINT('',(65.,207.70050158848,-140.3098746473));
#7672 = VECTOR('',#7673,1.);
#7673 = DIRECTION('',(0.,0.999999394871,-1.100116913194E-03));
#7674 = PCURVE('',#7319,#7675);
#7675 = DEFINITIONAL_REPRESENTATION('',(#7676),#7680);
#7676 = LINE('',#7677,#7678);
#7677 = CARTESIAN_POINT('',(15.,-68.85786437626));
#7678 = VECTOR('',#7679,1.);
#7679 = DIRECTION('',(0.,1.));
#7680 = ( GEOMETRIC_REPRESENTATION_CONTEXT(2) 
PARAMETRIC_REPRESENTATION_CONTEXT() REPRESENTATION_CONTEXT('2D SPACE',''
  ) );
#7681 = PCURVE('',#7682,#7687);
#7682 = PLANE('',#7683);
#7683 = AXIS2_PLACEMENT_3D('',#7684,#7685,#7686);
#7684 = CARTESIAN_POINT('',(65.,276.54732312774,-150.3856202972));
#7685 = DIRECTION('',(1.,0.,0.));
#7686 = DIRECTION('',(0.,1.100116913194E-03,0.999999394871));
#7687 = DEFINITIONAL_REPRESENTATION('',(#7688),#7692);
#7688 = LINE('',#7689,#7690);
#7689 = CARTESIAN_POINT('',(10.,68.857864376269));
#7690 = VECTOR('',#7691,1.);
#7691 = DIRECTION('',(0.,-1.));
#7692 = ( GEOMETRIC_REPRESENTATION_CONTEXT(2) 
PARAMETRIC_REPRESENTATION_CONTEXT() REPRESENTATION_CONTEXT('2D SPACE',''
  ) );
#7693 = ORIENTED_EDGE('',*,*,#7694,.F.);
#7694 = EDGE_CURVE('',#7278,#7667,#7695,.T.);
#7695 = SURFACE_CURVE('',#7696,(#7700,#7707),.PCURVE_S1.);
#7696 = LINE('',#7697,#7698);
#7697 = CARTESIAN_POINT('',(50.,289.62938419906,-140.4000060512));
#7698 = VECTOR('',#7699,1.);
#7699 = DIRECTION('',(1.,0.,0.));
#7700 = PCURVE('',#7319,#7701);
#7701 = DEFINITIONAL_REPRESENTATION('',(#7702),#7706);
#7702 = LINE('',#7703,#7704);
#7703 = CARTESIAN_POINT('',(0.,13.071067811866));
#7704 = VECTOR('',#7705,1.);
#7705 = DIRECTION('',(1.,0.));
#7706 = ( GEOMETRIC_REPRESENTATION_CONTEXT(2) 
PARAMETRIC_REPRESENTATION_CONTEXT() REPRESENTATION_CONTEXT('2D SPACE',''
  ) );
#7707 = PCURVE('',#7293,#7708);
#7708 = DEFINITIONAL_REPRESENTATION('',(#7709),#7713);
#7709 = LINE('',#7710,#7711);
#7710 = CARTESIAN_POINT('',(10.,0.));
#7711 = VECTOR('',#7712,1.);
#7712 = DIRECTION('',(0.,1.));
#7713 = ( GEOMETRIC_REPRESENTATION_CONTEXT(2) 
PARAMETRIC_REPRESENTATION_CONTEXT() REPRESENTATION_CONTEXT('2D SPACE',''
  ) );
#7714 = FACE_BOUND('',#7715,.T.);
#7715 = EDGE_LOOP('',(#7716,#7747,#7775,#7804,#7832,#7861,#7889,#7918));
#7716 = ORIENTED_EDGE('',*,*,#7717,.F.);
#7717 = EDGE_CURVE('',#7718,#7720,#7722,.T.);
#7718 = VERTEX_POINT('',#7719);
#7719 = CARTESIAN_POINT('',(49.,217.70049553719,-140.3208758164));
#7720 = VERTEX_POINT('',#7721);
#7721 = CARTESIAN_POINT('',(55.,223.70049190642,-140.3274765179));
#7722 = SURFACE_CURVE('',#7723,(#7728,#7735),.PCURVE_S1.);
#7723 = CIRCLE('',#7724,6.);
#7724 = AXIS2_PLACEMENT_3D('',#7725,#7726,#7727);
#7725 = CARTESIAN_POINT('',(49.,223.70049190642,-140.3274765179));
#7726 = DIRECTION('',(-0.,1.100116913194E-03,0.999999394871));
#7727 = DIRECTION('',(1.,0.,0.));
#7728 = PCURVE('',#7319,#7729);
#7729 = DEFINITIONAL_REPRESENTATION('',(#7730),#7734);
#7730 = CIRCLE('',#7731,6.);
#7731 = AXIS2_PLACEMENT_2D('',#7732,#7733);
#7732 = CARTESIAN_POINT('',(-1.,-52.85786437626));
#7733 = DIRECTION('',(1.,0.));
#7734 = ( GEOMETRIC_REPRESENTATION_CONTEXT(2) 
PARAMETRIC_REPRESENTATION_CONTEXT() REPRESENTATION_CONTEXT('2D SPACE',''
  ) );
#7735 = PCURVE('',#7736,#7741);
#7736 = CYLINDRICAL_SURFACE('',#7737,6.);
#7737 = AXIS2_PLACEMENT_3D('',#7738,#7739,#7740);
#7738 = CARTESIAN_POINT('',(49.,223.68839062037,-151.3274698615));
#7739 = DIRECTION('',(0.,1.100116913194E-03,0.999999394871));
#7740 = DIRECTION('',(1.,0.,0.));
#7741 = DEFINITIONAL_REPRESENTATION('',(#7742),#7746);
#7742 = LINE('',#7743,#7744);
#7743 = CARTESIAN_POINT('',(-6.28318530718,11.));
#7744 = VECTOR('',#7745,1.);
#7745 = DIRECTION('',(1.,-0.));
#7746 = ( GEOMETRIC_REPRESENTATION_CONTEXT(2) 
PARAMETRIC_REPRESENTATION_CONTEXT() REPRESENTATION_CONTEXT('2D SPACE',''
  ) );
#7747 = ORIENTED_EDGE('',*,*,#7748,.T.);
#7748 = EDGE_CURVE('',#7718,#7749,#7751,.T.);
#7749 = VERTEX_POINT('',#7750);
#7750 = CARTESIAN_POINT('',(16.,217.70049553719,-140.3208758164));
#7751 = SURFACE_CURVE('',#7752,(#7756,#7763),.PCURVE_S1.);
#7752 = LINE('',#7753,#7754);
#7753 = CARTESIAN_POINT('',(5.,217.70049553719,-140.3208758164));
#7754 = VECTOR('',#7755,1.);
#7755 = DIRECTION('',(-1.,0.,0.));
#7756 = PCURVE('',#7319,#7757);
#7757 = DEFINITIONAL_REPRESENTATION('',(#7758),#7762);
#7758 = LINE('',#7759,#7760);
#7759 = CARTESIAN_POINT('',(-45.,-58.85786437626));
#7760 = VECTOR('',#7761,1.);
#7761 = DIRECTION('',(-1.,0.));
#7762 = ( GEOMETRIC_REPRESENTATION_CONTEXT(2) 
PARAMETRIC_REPRESENTATION_CONTEXT() REPRESENTATION_CONTEXT('2D SPACE',''
  ) );
#7763 = PCURVE('',#7764,#7769);
#7764 = PLANE('',#7765);
#7765 = AXIS2_PLACEMENT_3D('',#7766,#7767,#7768);
#7766 = CARTESIAN_POINT('',(10.,217.68839425115,-151.32086916));
#7767 = DIRECTION('',(0.,0.999999394871,-1.100116913194E-03));
#7768 = DIRECTION('',(0.,1.100116913194E-03,0.999999394871));
#7769 = DEFINITIONAL_REPRESENTATION('',(#7770),#7774);
#7770 = LINE('',#7771,#7772);
#7771 = CARTESIAN_POINT('',(11.,-5.));
#7772 = VECTOR('',#7773,1.);
#7773 = DIRECTION('',(0.,-1.));
#7774 = ( GEOMETRIC_REPRESENTATION_CONTEXT(2) 
PARAMETRIC_REPRESENTATION_CONTEXT() REPRESENTATION_CONTEXT('2D SPACE',''
  ) );
#7775 = ORIENTED_EDGE('',*,*,#7776,.F.);
#7776 = EDGE_CURVE('',#7777,#7749,#7779,.T.);
#7777 = VERTEX_POINT('',#7778);
#7778 = CARTESIAN_POINT('',(10.,223.70049190642,-140.3274765179));
#7779 = SURFACE_CURVE('',#7780,(#7785,#7792),.PCURVE_S1.);
#7780 = CIRCLE('',#7781,6.);
#7781 = AXIS2_PLACEMENT_3D('',#7782,#7783,#7784);
#7782 = CARTESIAN_POINT('',(16.,223.70049190642,-140.3274765179));
#7783 = DIRECTION('',(0.,1.100116913194E-03,0.999999394871));
#7784 = DIRECTION('',(-1.,0.,0.));
#7785 = PCURVE('',#7319,#7786);
#7786 = DEFINITIONAL_REPRESENTATION('',(#7787),#7791);
#7787 = CIRCLE('',#7788,6.);
#7788 = AXIS2_PLACEMENT_2D('',#7789,#7790);
#7789 = CARTESIAN_POINT('',(-34.,-52.85786437626));
#7790 = DIRECTION('',(-1.,0.));
#7791 = ( GEOMETRIC_REPRESENTATION_CONTEXT(2) 
PARAMETRIC_REPRESENTATION_CONTEXT() REPRESENTATION_CONTEXT('2D SPACE',''
  ) );
#7792 = PCURVE('',#7793,#7798);
#7793 = CYLINDRICAL_SURFACE('',#7794,6.);
#7794 = AXIS2_PLACEMENT_3D('',#7795,#7796,#7797);
#7795 = CARTESIAN_POINT('',(16.,223.68839062037,-151.3274698615));
#7796 = DIRECTION('',(0.,1.100116913194E-03,0.999999394871));
#7797 = DIRECTION('',(-1.,0.,0.));
#7798 = DEFINITIONAL_REPRESENTATION('',(#7799),#7803);
#7799 = LINE('',#7800,#7801);
#7800 = CARTESIAN_POINT('',(0.,11.));
#7801 = VECTOR('',#7802,1.);
#7802 = DIRECTION('',(1.,0.));
#7803 = ( GEOMETRIC_REPRESENTATION_CONTEXT(2) 
PARAMETRIC_REPRESENTATION_CONTEXT() REPRESENTATION_CONTEXT('2D SPACE',''
  ) );
#7804 = ORIENTED_EDGE('',*,*,#7805,.T.);
#7805 = EDGE_CURVE('',#7777,#7806,#7808,.T.);
#7806 = VERTEX_POINT('',#7807);
#7807 = CARTESIAN_POINT('',(10.,260.55833397893,-140.3680244779));
#7808 = SURFACE_CURVE('',#7809,(#7813,#7820),.PCURVE_S1.);
#7809 = LINE('',#7810,#7811);
#7810 = CARTESIAN_POINT('',(10.,212.70049856284,-140.3153752318));
#7811 = VECTOR('',#7812,1.);
#7812 = DIRECTION('',(0.,0.999999394871,-1.100116913194E-03));
#7813 = PCURVE('',#7319,#7814);
#7814 = DEFINITIONAL_REPRESENTATION('',(#7815),#7819);
#7815 = LINE('',#7816,#7817);
#7816 = CARTESIAN_POINT('',(-40.,-63.85786437626));
#7817 = VECTOR('',#7818,1.);
#7818 = DIRECTION('',(0.,1.));
#7819 = ( GEOMETRIC_REPRESENTATION_CONTEXT(2) 
PARAMETRIC_REPRESENTATION_CONTEXT() REPRESENTATION_CONTEXT('2D SPACE',''
  ) );
#7820 = PCURVE('',#7821,#7826);
#7821 = PLANE('',#7822);
#7822 = AXIS2_PLACEMENT_3D('',#7823,#7824,#7825);
#7823 = CARTESIAN_POINT('',(10.,217.68839425115,-151.32086916));
#7824 = DIRECTION('',(1.,0.,0.));
#7825 = DIRECTION('',(0.,1.100116913194E-03,0.999999394871));
#7826 = DEFINITIONAL_REPRESENTATION('',(#7827),#7831);
#7827 = LINE('',#7828,#7829);
#7828 = CARTESIAN_POINT('',(11.,5.));
#7829 = VECTOR('',#7830,1.);
#7830 = DIRECTION('',(0.,-1.));
#7831 = ( GEOMETRIC_REPRESENTATION_CONTEXT(2) 
PARAMETRIC_REPRESENTATION_CONTEXT() REPRESENTATION_CONTEXT('2D SPACE',''
  ) );
#7832 = ORIENTED_EDGE('',*,*,#7833,.F.);
#7833 = EDGE_CURVE('',#7834,#7806,#7836,.T.);
#7834 = VERTEX_POINT('',#7835);
#7835 = CARTESIAN_POINT('',(16.,266.55833034816,-140.3746251793));
#7836 = SURFACE_CURVE('',#7837,(#7842,#7849),.PCURVE_S1.);
#7837 = CIRCLE('',#7838,6.);
#7838 = AXIS2_PLACEMENT_3D('',#7839,#7840,#7841);
#7839 = CARTESIAN_POINT('',(16.,260.55833397893,-140.3680244779));
#7840 = DIRECTION('',(0.,1.100116913194E-03,0.999999394871));
#7841 = DIRECTION('',(-1.,0.,0.));
#7842 = PCURVE('',#7319,#7843);
#7843 = DEFINITIONAL_REPRESENTATION('',(#7844),#7848);
#7844 = CIRCLE('',#7845,6.);
#7845 = AXIS2_PLACEMENT_2D('',#7846,#7847);
#7846 = CARTESIAN_POINT('',(-34.,-16.));
#7847 = DIRECTION('',(-1.,0.));
#7848 = ( GEOMETRIC_REPRESENTATION_CONTEXT(2) 
PARAMETRIC_REPRESENTATION_CONTEXT() REPRESENTATION_CONTEXT('2D SPACE',''
  ) );
#7849 = PCURVE('',#7850,#7855);
#7850 = CYLINDRICAL_SURFACE('',#7851,6.);
#7851 = AXIS2_PLACEMENT_3D('',#7852,#7853,#7854);
#7852 = CARTESIAN_POINT('',(16.,260.54623269289,-151.3680178214));
#7853 = DIRECTION('',(0.,1.100116913194E-03,0.999999394871));
#7854 = DIRECTION('',(-1.,0.,0.));
#7855 = DEFINITIONAL_REPRESENTATION('',(#7856),#7860);
#7856 = LINE('',#7857,#7858);
#7857 = CARTESIAN_POINT('',(-6.28318530718,11.));
#7858 = VECTOR('',#7859,1.);
#7859 = DIRECTION('',(1.,-0.));
#7860 = ( GEOMETRIC_REPRESENTATION_CONTEXT(2) 
PARAMETRIC_REPRESENTATION_CONTEXT() REPRESENTATION_CONTEXT('2D SPACE',''
  ) );
#7861 = ORIENTED_EDGE('',*,*,#7862,.F.);
#7862 = EDGE_CURVE('',#7863,#7834,#7865,.T.);
#7863 = VERTEX_POINT('',#7864);
#7864 = CARTESIAN_POINT('',(49.,266.55833034816,-140.3746251793));
#7865 = SURFACE_CURVE('',#7866,(#7870,#7877),.PCURVE_S1.);
#7866 = LINE('',#7867,#7868);
#7867 = CARTESIAN_POINT('',(5.,266.55833034816,-140.3746251793));
#7868 = VECTOR('',#7869,1.);
#7869 = DIRECTION('',(-1.,0.,0.));
#7870 = PCURVE('',#7319,#7871);
#7871 = DEFINITIONAL_REPRESENTATION('',(#7872),#7876);
#7872 = LINE('',#7873,#7874);
#7873 = CARTESIAN_POINT('',(-45.,-10.));
#7874 = VECTOR('',#7875,1.);
#7875 = DIRECTION('',(-1.,0.));
#7876 = ( GEOMETRIC_REPRESENTATION_CONTEXT(2) 
PARAMETRIC_REPRESENTATION_CONTEXT() REPRESENTATION_CONTEXT('2D SPACE',''
  ) );
#7877 = PCURVE('',#7878,#7883);
#7878 = PLANE('',#7879);
#7879 = AXIS2_PLACEMENT_3D('',#7880,#7881,#7882);
#7880 = CARTESIAN_POINT('',(10.,266.54622906212,-151.3746185229));
#7881 = DIRECTION('',(0.,0.999999394871,-1.100116913194E-03));
#7882 = DIRECTION('',(0.,1.100116913194E-03,0.999999394871));
#7883 = DEFINITIONAL_REPRESENTATION('',(#7884),#7888);
#7884 = LINE('',#7885,#7886);
#7885 = CARTESIAN_POINT('',(11.,-5.));
#7886 = VECTOR('',#7887,1.);
#7887 = DIRECTION('',(0.,-1.));
#7888 = ( GEOMETRIC_REPRESENTATION_CONTEXT(2) 
PARAMETRIC_REPRESENTATION_CONTEXT() REPRESENTATION_CONTEXT('2D SPACE',''
  ) );
#7889 = ORIENTED_EDGE('',*,*,#7890,.F.);
#7890 = EDGE_CURVE('',#7891,#7863,#7893,.T.);
#7891 = VERTEX_POINT('',#7892);
#7892 = CARTESIAN_POINT('',(55.,260.55833397893,-140.3680244779));
#7893 = SURFACE_CURVE('',#7894,(#7899,#7906),.PCURVE_S1.);
#7894 = CIRCLE('',#7895,6.);
#7895 = AXIS2_PLACEMENT_3D('',#7896,#7897,#7898);
#7896 = CARTESIAN_POINT('',(49.,260.55833397893,-140.3680244779));
#7897 = DIRECTION('',(-0.,1.100116913194E-03,0.999999394871));
#7898 = DIRECTION('',(1.,0.,0.));
#7899 = PCURVE('',#7319,#7900);
#7900 = DEFINITIONAL_REPRESENTATION('',(#7901),#7905);
#7901 = CIRCLE('',#7902,6.);
#7902 = AXIS2_PLACEMENT_2D('',#7903,#7904);
#7903 = CARTESIAN_POINT('',(-1.,-16.));
#7904 = DIRECTION('',(1.,0.));
#7905 = ( GEOMETRIC_REPRESENTATION_CONTEXT(2) 
PARAMETRIC_REPRESENTATION_CONTEXT() REPRESENTATION_CONTEXT('2D SPACE',''
  ) );
#7906 = PCURVE('',#7907,#7912);
#7907 = CYLINDRICAL_SURFACE('',#7908,6.);
#7908 = AXIS2_PLACEMENT_3D('',#7909,#7910,#7911);
#7909 = CARTESIAN_POINT('',(49.,260.54623269289,-151.3680178214));
#7910 = DIRECTION('',(0.,1.100116913194E-03,0.999999394871));
#7911 = DIRECTION('',(1.,0.,0.));
#7912 = DEFINITIONAL_REPRESENTATION('',(#7913),#7917);
#7913 = LINE('',#7914,#7915);
#7914 = CARTESIAN_POINT('',(0.,11.));
#7915 = VECTOR('',#7916,1.);
#7916 = DIRECTION('',(1.,0.));
#7917 = ( GEOMETRIC_REPRESENTATION_CONTEXT(2) 
PARAMETRIC_REPRESENTATION_CONTEXT() REPRESENTATION_CONTEXT('2D SPACE',''
  ) );
#7918 = ORIENTED_EDGE('',*,*,#7919,.F.);
#7919 = EDGE_CURVE('',#7720,#7891,#7920,.T.);
#7920 = SURFACE_CURVE('',#7921,(#7925,#7932),.PCURVE_S1.);
#7921 = LINE('',#7922,#7923);
#7922 = CARTESIAN_POINT('',(55.,212.70049856284,-140.3153752318));
#7923 = VECTOR('',#7924,1.);
#7924 = DIRECTION('',(0.,0.999999394871,-1.100116913194E-03));
#7925 = PCURVE('',#7319,#7926);
#7926 = DEFINITIONAL_REPRESENTATION('',(#7927),#7931);
#7927 = LINE('',#7928,#7929);
#7928 = CARTESIAN_POINT('',(5.,-63.85786437626));
#7929 = VECTOR('',#7930,1.);
#7930 = DIRECTION('',(0.,1.));
#7931 = ( GEOMETRIC_REPRESENTATION_CONTEXT(2) 
PARAMETRIC_REPRESENTATION_CONTEXT() REPRESENTATION_CONTEXT('2D SPACE',''
  ) );
#7932 = PCURVE('',#7933,#7938);
#7933 = PLANE('',#7934);
#7934 = AXIS2_PLACEMENT_3D('',#7935,#7936,#7937);
#7935 = CARTESIAN_POINT('',(55.,217.68839425115,-151.32086916));
#7936 = DIRECTION('',(1.,0.,0.));
#7937 = DIRECTION('',(0.,1.100116913194E-03,0.999999394871));
#7938 = DEFINITIONAL_REPRESENTATION('',(#7939),#7943);
#7939 = LINE('',#7940,#7941);
#7940 = CARTESIAN_POINT('',(11.,5.));
#7941 = VECTOR('',#7942,1.);
#7942 = DIRECTION('',(0.,-1.));
#7943 = ( GEOMETRIC_REPRESENTATION_CONTEXT(2) 
PARAMETRIC_REPRESENTATION_CONTEXT() REPRESENTATION_CONTEXT('2D SPACE',''
  ) );
#7944 = ADVANCED_FACE('',(#7945,#8177),#7265,.F.);
#7945 = FACE_BOUND('',#7946,.F.);
#7946 = EDGE_LOOP('',(#7947,#7948,#7949,#7972,#7995,#8018,#8041,#8064,
    #8087,#8110,#8133,#8156));
#7947 = ORIENTED_EDGE('',*,*,#7249,.F.);
#7948 = ORIENTED_EDGE('',*,*,#7369,.F.);
#7949 = ORIENTED_EDGE('',*,*,#7950,.T.);
#7950 = EDGE_CURVE('',#7370,#7951,#7953,.T.);
#7951 = VERTEX_POINT('',#7952);
#7952 = CARTESIAN_POINT('',(15.,289.61838302993,-150.4));
#7953 = SURFACE_CURVE('',#7954,(#7958,#7965),.PCURVE_S1.);
#7954 = LINE('',#7955,#7956);
#7955 = CARTESIAN_POINT('',(15.,276.54732312774,-150.3856202972));
#7956 = VECTOR('',#7957,1.);
#7957 = DIRECTION('',(0.,0.999999394871,-1.100116913194E-03));
#7958 = PCURVE('',#7265,#7959);
#7959 = DEFINITIONAL_REPRESENTATION('',(#7960),#7964);
#7960 = LINE('',#7961,#7962);
#7961 = CARTESIAN_POINT('',(-35.,0.));
#7962 = VECTOR('',#7963,1.);
#7963 = DIRECTION('',(0.,1.));
#7964 = ( GEOMETRIC_REPRESENTATION_CONTEXT(2) 
PARAMETRIC_REPRESENTATION_CONTEXT() REPRESENTATION_CONTEXT('2D SPACE',''
  ) );
#7965 = PCURVE('',#7408,#7966);
#7966 = DEFINITIONAL_REPRESENTATION('',(#7967),#7971);
#7967 = LINE('',#7968,#7969);
#7968 = CARTESIAN_POINT('',(0.,0.));
#7969 = VECTOR('',#7970,1.);
#7970 = DIRECTION('',(0.,-1.));
#7971 = ( GEOMETRIC_REPRESENTATION_CONTEXT(2) 
PARAMETRIC_REPRESENTATION_CONTEXT() REPRESENTATION_CONTEXT('2D SPACE',''
  ) );
#7972 = ORIENTED_EDGE('',*,*,#7973,.F.);
#7973 = EDGE_CURVE('',#7974,#7951,#7976,.T.);
#7974 = VERTEX_POINT('',#7975);
#7975 = CARTESIAN_POINT('',(0.,289.61838302993,-150.4));
#7976 = SURFACE_CURVE('',#7977,(#7981,#7988),.PCURVE_S1.);
#7977 = LINE('',#7978,#7979);
#7978 = CARTESIAN_POINT('',(0.,289.61838302993,-150.4));
#7979 = VECTOR('',#7980,1.);
#7980 = DIRECTION('',(1.,0.,0.));
#7981 = PCURVE('',#7265,#7982);
#7982 = DEFINITIONAL_REPRESENTATION('',(#7983),#7987);
#7983 = LINE('',#7984,#7985);
#7984 = CARTESIAN_POINT('',(-50.,13.071067811865));
#7985 = VECTOR('',#7986,1.);
#7986 = DIRECTION('',(1.,0.));
#7987 = ( GEOMETRIC_REPRESENTATION_CONTEXT(2) 
PARAMETRIC_REPRESENTATION_CONTEXT() REPRESENTATION_CONTEXT('2D SPACE',''
  ) );
#7988 = PCURVE('',#7486,#7989);
#7989 = DEFINITIONAL_REPRESENTATION('',(#7990),#7994);
#7990 = LINE('',#7991,#7992);
#7991 = CARTESIAN_POINT('',(0.,0.));
#7992 = VECTOR('',#7993,1.);
#7993 = DIRECTION('',(0.,1.));
#7994 = ( GEOMETRIC_REPRESENTATION_CONTEXT(2) 
PARAMETRIC_REPRESENTATION_CONTEXT() REPRESENTATION_CONTEXT('2D SPACE',''
  ) );
#7995 = ORIENTED_EDGE('',*,*,#7996,.T.);
#7996 = EDGE_CURVE('',#7974,#7997,#7999,.T.);
#7997 = VERTEX_POINT('',#7998);
#7998 = CARTESIAN_POINT('',(0.,207.68950041935,-150.309868596));
#7999 = SURFACE_CURVE('',#8000,(#8004,#8011),.PCURVE_S1.);
#8000 = LINE('',#8001,#8002);
#8001 = CARTESIAN_POINT('',(0.,289.61838302993,-150.4));
#8002 = VECTOR('',#8003,1.);
#8003 = DIRECTION('',(0.,-0.999999394871,1.100116913194E-03));
#8004 = PCURVE('',#7265,#8005);
#8005 = DEFINITIONAL_REPRESENTATION('',(#8006),#8010);
#8006 = LINE('',#8007,#8008);
#8007 = CARTESIAN_POINT('',(-50.,13.071067811865));
#8008 = VECTOR('',#8009,1.);
#8009 = DIRECTION('',(0.,-1.));
#8010 = ( GEOMETRIC_REPRESENTATION_CONTEXT(2) 
PARAMETRIC_REPRESENTATION_CONTEXT() REPRESENTATION_CONTEXT('2D SPACE',''
  ) );
#8011 = PCURVE('',#7514,#8012);
#8012 = DEFINITIONAL_REPRESENTATION('',(#8013),#8017);
#8013 = LINE('',#8014,#8015);
#8014 = CARTESIAN_POINT('',(-5.332539965153E-15,-13.07106781186));
#8015 = VECTOR('',#8016,1.);
#8016 = DIRECTION('',(0.,1.));
#8017 = ( GEOMETRIC_REPRESENTATION_CONTEXT(2) 
PARAMETRIC_REPRESENTATION_CONTEXT() REPRESENTATION_CONTEXT('2D SPACE',''
  ) );
#8018 = ORIENTED_EDGE('',*,*,#8019,.T.);
#8019 = EDGE_CURVE('',#7997,#8020,#8022,.T.);
#8020 = VERTEX_POINT('',#8021);
#8021 = CARTESIAN_POINT('',(15.2,207.68950041935,-150.309868596));
#8022 = SURFACE_CURVE('',#8023,(#8027,#8034),.PCURVE_S1.);
#8023 = LINE('',#8024,#8025);
#8024 = CARTESIAN_POINT('',(0.,207.68950041935,-150.309868596));
#8025 = VECTOR('',#8026,1.);
#8026 = DIRECTION('',(1.,0.,0.));
#8027 = PCURVE('',#7265,#8028);
#8028 = DEFINITIONAL_REPRESENTATION('',(#8029),#8033);
#8029 = LINE('',#8030,#8031);
#8030 = CARTESIAN_POINT('',(-50.,-68.85786437626));
#8031 = VECTOR('',#8032,1.);
#8032 = DIRECTION('',(1.,0.));
#8033 = ( GEOMETRIC_REPRESENTATION_CONTEXT(2) 
PARAMETRIC_REPRESENTATION_CONTEXT() REPRESENTATION_CONTEXT('2D SPACE',''
  ) );
#8034 = PCURVE('',#7542,#8035);
#8035 = DEFINITIONAL_REPRESENTATION('',(#8036),#8040);
#8036 = LINE('',#8037,#8038);
#8037 = CARTESIAN_POINT('',(0.,0.));
#8038 = VECTOR('',#8039,1.);
#8039 = DIRECTION('',(0.,1.));
#8040 = ( GEOMETRIC_REPRESENTATION_CONTEXT(2) 
PARAMETRIC_REPRESENTATION_CONTEXT() REPRESENTATION_CONTEXT('2D SPACE',''
  ) );
#8041 = ORIENTED_EDGE('',*,*,#8042,.F.);
#8042 = EDGE_CURVE('',#8043,#8020,#8045,.T.);
#8043 = VERTEX_POINT('',#8044);
#8044 = CARTESIAN_POINT('',(15.2,194.61844051716,-150.2954888932));
#8045 = SURFACE_CURVE('',#8046,(#8050,#8057),.PCURVE_S1.);
#8046 = LINE('',#8047,#8048);
#8047 = CARTESIAN_POINT('',(15.2,194.61844051716,-150.2954888932));
#8048 = VECTOR('',#8049,1.);
#8049 = DIRECTION('',(0.,0.999999394871,-1.100116913194E-03));
#8050 = PCURVE('',#7265,#8051);
#8051 = DEFINITIONAL_REPRESENTATION('',(#8052),#8056);
#8052 = LINE('',#8053,#8054);
#8053 = CARTESIAN_POINT('',(-34.8,-81.92893218813));
#8054 = VECTOR('',#8055,1.);
#8055 = DIRECTION('',(0.,1.));
#8056 = ( GEOMETRIC_REPRESENTATION_CONTEXT(2) 
PARAMETRIC_REPRESENTATION_CONTEXT() REPRESENTATION_CONTEXT('2D SPACE',''
  ) );
#8057 = PCURVE('',#7570,#8058);
#8058 = DEFINITIONAL_REPRESENTATION('',(#8059),#8063);
#8059 = LINE('',#8060,#8061);
#8060 = CARTESIAN_POINT('',(0.,0.));
#8061 = VECTOR('',#8062,1.);
#8062 = DIRECTION('',(0.,-1.));
#8063 = ( GEOMETRIC_REPRESENTATION_CONTEXT(2) 
PARAMETRIC_REPRESENTATION_CONTEXT() REPRESENTATION_CONTEXT('2D SPACE',''
  ) );
#8064 = ORIENTED_EDGE('',*,*,#8065,.T.);
#8065 = EDGE_CURVE('',#8043,#8066,#8068,.T.);
#8066 = VERTEX_POINT('',#8067);
#8067 = CARTESIAN_POINT('',(49.8,194.61844051716,-150.2954888932));
#8068 = SURFACE_CURVE('',#8069,(#8073,#8080),.PCURVE_S1.);
#8069 = LINE('',#8070,#8071);
#8070 = CARTESIAN_POINT('',(15.2,194.61844051716,-150.2954888932));
#8071 = VECTOR('',#8072,1.);
#8072 = DIRECTION('',(1.,0.,0.));
#8073 = PCURVE('',#7265,#8074);
#8074 = DEFINITIONAL_REPRESENTATION('',(#8075),#8079);
#8075 = LINE('',#8076,#8077);
#8076 = CARTESIAN_POINT('',(-34.8,-81.92893218813));
#8077 = VECTOR('',#8078,1.);
#8078 = DIRECTION('',(1.,0.));
#8079 = ( GEOMETRIC_REPRESENTATION_CONTEXT(2) 
PARAMETRIC_REPRESENTATION_CONTEXT() REPRESENTATION_CONTEXT('2D SPACE',''
  ) );
#8080 = PCURVE('',#7598,#8081);
#8081 = DEFINITIONAL_REPRESENTATION('',(#8082),#8086);
#8082 = LINE('',#8083,#8084);
#8083 = CARTESIAN_POINT('',(0.,0.));
#8084 = VECTOR('',#8085,1.);
#8085 = DIRECTION('',(0.,1.));
#8086 = ( GEOMETRIC_REPRESENTATION_CONTEXT(2) 
PARAMETRIC_REPRESENTATION_CONTEXT() REPRESENTATION_CONTEXT('2D SPACE',''
  ) );
#8087 = ORIENTED_EDGE('',*,*,#8088,.T.);
#8088 = EDGE_CURVE('',#8066,#8089,#8091,.T.);
#8089 = VERTEX_POINT('',#8090);
#8090 = CARTESIAN_POINT('',(49.8,207.68950041935,-150.309868596));
#8091 = SURFACE_CURVE('',#8092,(#8096,#8103),.PCURVE_S1.);
#8092 = LINE('',#8093,#8094);
#8093 = CARTESIAN_POINT('',(49.8,194.61844051716,-150.2954888932));
#8094 = VECTOR('',#8095,1.);
#8095 = DIRECTION('',(0.,0.999999394871,-1.100116913194E-03));
#8096 = PCURVE('',#7265,#8097);
#8097 = DEFINITIONAL_REPRESENTATION('',(#8098),#8102);
#8098 = LINE('',#8099,#8100);
#8099 = CARTESIAN_POINT('',(-0.2,-81.92893218813));
#8100 = VECTOR('',#8101,1.);
#8101 = DIRECTION('',(0.,1.));
#8102 = ( GEOMETRIC_REPRESENTATION_CONTEXT(2) 
PARAMETRIC_REPRESENTATION_CONTEXT() REPRESENTATION_CONTEXT('2D SPACE',''
  ) );
#8103 = PCURVE('',#7626,#8104);
#8104 = DEFINITIONAL_REPRESENTATION('',(#8105),#8109);
#8105 = LINE('',#8106,#8107);
#8106 = CARTESIAN_POINT('',(0.,0.));
#8107 = VECTOR('',#8108,1.);
#8108 = DIRECTION('',(0.,-1.));
#8109 = ( GEOMETRIC_REPRESENTATION_CONTEXT(2) 
PARAMETRIC_REPRESENTATION_CONTEXT() REPRESENTATION_CONTEXT('2D SPACE',''
  ) );
#8110 = ORIENTED_EDGE('',*,*,#8111,.T.);
#8111 = EDGE_CURVE('',#8089,#8112,#8114,.T.);
#8112 = VERTEX_POINT('',#8113);
#8113 = CARTESIAN_POINT('',(65.,207.68950041935,-150.309868596));
#8114 = SURFACE_CURVE('',#8115,(#8119,#8126),.PCURVE_S1.);
#8115 = LINE('',#8116,#8117);
#8116 = CARTESIAN_POINT('',(0.,207.68950041935,-150.309868596));
#8117 = VECTOR('',#8118,1.);
#8118 = DIRECTION('',(1.,0.,0.));
#8119 = PCURVE('',#7265,#8120);
#8120 = DEFINITIONAL_REPRESENTATION('',(#8121),#8125);
#8121 = LINE('',#8122,#8123);
#8122 = CARTESIAN_POINT('',(-50.,-68.85786437626));
#8123 = VECTOR('',#8124,1.);
#8124 = DIRECTION('',(1.,0.));
#8125 = ( GEOMETRIC_REPRESENTATION_CONTEXT(2) 
PARAMETRIC_REPRESENTATION_CONTEXT() REPRESENTATION_CONTEXT('2D SPACE',''
  ) );
#8126 = PCURVE('',#7654,#8127);
#8127 = DEFINITIONAL_REPRESENTATION('',(#8128),#8132);
#8128 = LINE('',#8129,#8130);
#8129 = CARTESIAN_POINT('',(0.,0.));
#8130 = VECTOR('',#8131,1.);
#8131 = DIRECTION('',(0.,1.));
#8132 = ( GEOMETRIC_REPRESENTATION_CONTEXT(2) 
PARAMETRIC_REPRESENTATION_CONTEXT() REPRESENTATION_CONTEXT('2D SPACE',''
  ) );
#8133 = ORIENTED_EDGE('',*,*,#8134,.F.);
#8134 = EDGE_CURVE('',#8135,#8112,#8137,.T.);
#8135 = VERTEX_POINT('',#8136);
#8136 = CARTESIAN_POINT('',(65.,289.61838302993,-150.4));
#8137 = SURFACE_CURVE('',#8138,(#8142,#8149),.PCURVE_S1.);
#8138 = LINE('',#8139,#8140);
#8139 = CARTESIAN_POINT('',(65.,289.61838302993,-150.4));
#8140 = VECTOR('',#8141,1.);
#8141 = DIRECTION('',(0.,-0.999999394871,1.100116913194E-03));
#8142 = PCURVE('',#7265,#8143);
#8143 = DEFINITIONAL_REPRESENTATION('',(#8144),#8148);
#8144 = LINE('',#8145,#8146);
#8145 = CARTESIAN_POINT('',(15.,13.071067811865));
#8146 = VECTOR('',#8147,1.);
#8147 = DIRECTION('',(0.,-1.));
#8148 = ( GEOMETRIC_REPRESENTATION_CONTEXT(2) 
PARAMETRIC_REPRESENTATION_CONTEXT() REPRESENTATION_CONTEXT('2D SPACE',''
  ) );
#8149 = PCURVE('',#7682,#8150);
#8150 = DEFINITIONAL_REPRESENTATION('',(#8151),#8155);
#8151 = LINE('',#8152,#8153);
#8152 = CARTESIAN_POINT('',(-5.332539965153E-15,-13.07106781186));
#8153 = VECTOR('',#8154,1.);
#8154 = DIRECTION('',(0.,1.));
#8155 = ( GEOMETRIC_REPRESENTATION_CONTEXT(2) 
PARAMETRIC_REPRESENTATION_CONTEXT() REPRESENTATION_CONTEXT('2D SPACE',''
  ) );
#8156 = ORIENTED_EDGE('',*,*,#8157,.F.);
#8157 = EDGE_CURVE('',#7250,#8135,#8158,.T.);
#8158 = SURFACE_CURVE('',#8159,(#8163,#8170),.PCURVE_S1.);
#8159 = LINE('',#8160,#8161);
#8160 = CARTESIAN_POINT('',(50.,289.61838302993,-150.4));
#8161 = VECTOR('',#8162,1.);
#8162 = DIRECTION('',(1.,0.,0.));
#8163 = PCURVE('',#7265,#8164);
#8164 = DEFINITIONAL_REPRESENTATION('',(#8165),#8169);
#8165 = LINE('',#8166,#8167);
#8166 = CARTESIAN_POINT('',(0.,13.071067811865));
#8167 = VECTOR('',#8168,1.);
#8168 = DIRECTION('',(1.,0.));
#8169 = ( GEOMETRIC_REPRESENTATION_CONTEXT(2) 
PARAMETRIC_REPRESENTATION_CONTEXT() REPRESENTATION_CONTEXT('2D SPACE',''
  ) );
#8170 = PCURVE('',#7293,#8171);
#8171 = DEFINITIONAL_REPRESENTATION('',(#8172),#8176);
#8172 = LINE('',#8173,#8174);
#8173 = CARTESIAN_POINT('',(0.,0.));
#8174 = VECTOR('',#8175,1.);
#8175 = DIRECTION('',(0.,1.));
#8176 = ( GEOMETRIC_REPRESENTATION_CONTEXT(2) 
PARAMETRIC_REPRESENTATION_CONTEXT() REPRESENTATION_CONTEXT('2D SPACE',''
  ) );
#8177 = FACE_BOUND('',#8178,.F.);
#8178 = EDGE_LOOP('',(#8179,#8205,#8228,#8252,#8275,#8299,#8322,#8346));
#8179 = ORIENTED_EDGE('',*,*,#8180,.F.);
#8180 = EDGE_CURVE('',#8181,#8183,#8185,.T.);
#8181 = VERTEX_POINT('',#8182);
#8182 = CARTESIAN_POINT('',(49.,217.68949436806,-150.3208697651));
#8183 = VERTEX_POINT('',#8184);
#8184 = CARTESIAN_POINT('',(55.,223.68949073729,-150.3274704666));
#8185 = SURFACE_CURVE('',#8186,(#8191,#8198),.PCURVE_S1.);
#8186 = CIRCLE('',#8187,6.);
#8187 = AXIS2_PLACEMENT_3D('',#8188,#8189,#8190);
#8188 = CARTESIAN_POINT('',(49.,223.68949073729,-150.3274704666));
#8189 = DIRECTION('',(-0.,1.100116913194E-03,0.999999394871));
#8190 = DIRECTION('',(1.,0.,0.));
#8191 = PCURVE('',#7265,#8192);
#8192 = DEFINITIONAL_REPRESENTATION('',(#8193),#8197);
#8193 = CIRCLE('',#8194,6.);
#8194 = AXIS2_PLACEMENT_2D('',#8195,#8196);
#8195 = CARTESIAN_POINT('',(-1.,-52.85786437626));
#8196 = DIRECTION('',(1.,0.));
#8197 = ( GEOMETRIC_REPRESENTATION_CONTEXT(2) 
PARAMETRIC_REPRESENTATION_CONTEXT() REPRESENTATION_CONTEXT('2D SPACE',''
  ) );
#8198 = PCURVE('',#7736,#8199);
#8199 = DEFINITIONAL_REPRESENTATION('',(#8200),#8204);
#8200 = LINE('',#8201,#8202);
#8201 = CARTESIAN_POINT('',(-6.28318530718,1.));
#8202 = VECTOR('',#8203,1.);
#8203 = DIRECTION('',(1.,-0.));
#8204 = ( GEOMETRIC_REPRESENTATION_CONTEXT(2) 
PARAMETRIC_REPRESENTATION_CONTEXT() REPRESENTATION_CONTEXT('2D SPACE',''
  ) );
#8205 = ORIENTED_EDGE('',*,*,#8206,.T.);
#8206 = EDGE_CURVE('',#8181,#8207,#8209,.T.);
#8207 = VERTEX_POINT('',#8208);
#8208 = CARTESIAN_POINT('',(16.,217.68949436806,-150.3208697651));
#8209 = SURFACE_CURVE('',#8210,(#8214,#8221),.PCURVE_S1.);
#8210 = LINE('',#8211,#8212);
#8211 = CARTESIAN_POINT('',(5.,217.68949436806,-150.3208697651));
#8212 = VECTOR('',#8213,1.);
#8213 = DIRECTION('',(-1.,0.,0.));
#8214 = PCURVE('',#7265,#8215);
#8215 = DEFINITIONAL_REPRESENTATION('',(#8216),#8220);
#8216 = LINE('',#8217,#8218);
#8217 = CARTESIAN_POINT('',(-45.,-58.85786437626));
#8218 = VECTOR('',#8219,1.);
#8219 = DIRECTION('',(-1.,0.));
#8220 = ( GEOMETRIC_REPRESENTATION_CONTEXT(2) 
PARAMETRIC_REPRESENTATION_CONTEXT() REPRESENTATION_CONTEXT('2D SPACE',''
  ) );
#8221 = PCURVE('',#7764,#8222);
#8222 = DEFINITIONAL_REPRESENTATION('',(#8223),#8227);
#8223 = LINE('',#8224,#8225);
#8224 = CARTESIAN_POINT('',(1.,-5.));
#8225 = VECTOR('',#8226,1.);
#8226 = DIRECTION('',(0.,-1.));
#8227 = ( GEOMETRIC_REPRESENTATION_CONTEXT(2) 
PARAMETRIC_REPRESENTATION_CONTEXT() REPRESENTATION_CONTEXT('2D SPACE',''
  ) );
#8228 = ORIENTED_EDGE('',*,*,#8229,.F.);
#8229 = EDGE_CURVE('',#8230,#8207,#8232,.T.);
#8230 = VERTEX_POINT('',#8231);
#8231 = CARTESIAN_POINT('',(10.,223.68949073729,-150.3274704666));
#8232 = SURFACE_CURVE('',#8233,(#8238,#8245),.PCURVE_S1.);
#8233 = CIRCLE('',#8234,6.);
#8234 = AXIS2_PLACEMENT_3D('',#8235,#8236,#8237);
#8235 = CARTESIAN_POINT('',(16.,223.68949073729,-150.3274704666));
#8236 = DIRECTION('',(0.,1.100116913194E-03,0.999999394871));
#8237 = DIRECTION('',(-1.,0.,0.));
#8238 = PCURVE('',#7265,#8239);
#8239 = DEFINITIONAL_REPRESENTATION('',(#8240),#8244);
#8240 = CIRCLE('',#8241,6.);
#8241 = AXIS2_PLACEMENT_2D('',#8242,#8243);
#8242 = CARTESIAN_POINT('',(-34.,-52.85786437626));
#8243 = DIRECTION('',(-1.,0.));
#8244 = ( GEOMETRIC_REPRESENTATION_CONTEXT(2) 
PARAMETRIC_REPRESENTATION_CONTEXT() REPRESENTATION_CONTEXT('2D SPACE',''
  ) );
#8245 = PCURVE('',#7793,#8246);
#8246 = DEFINITIONAL_REPRESENTATION('',(#8247),#8251);
#8247 = LINE('',#8248,#8249);
#8248 = CARTESIAN_POINT('',(0.,1.));
#8249 = VECTOR('',#8250,1.);
#8250 = DIRECTION('',(1.,0.));
#8251 = ( GEOMETRIC_REPRESENTATION_CONTEXT(2) 
PARAMETRIC_REPRESENTATION_CONTEXT() REPRESENTATION_CONTEXT('2D SPACE',''
  ) );
#8252 = ORIENTED_EDGE('',*,*,#8253,.T.);
#8253 = EDGE_CURVE('',#8230,#8254,#8256,.T.);
#8254 = VERTEX_POINT('',#8255);
#8255 = CARTESIAN_POINT('',(10.,260.5473328098,-150.3680184266));
#8256 = SURFACE_CURVE('',#8257,(#8261,#8268),.PCURVE_S1.);
#8257 = LINE('',#8258,#8259);
#8258 = CARTESIAN_POINT('',(10.,212.6894973937,-150.3153691805));
#8259 = VECTOR('',#8260,1.);
#8260 = DIRECTION('',(0.,0.999999394871,-1.100116913194E-03));
#8261 = PCURVE('',#7265,#8262);
#8262 = DEFINITIONAL_REPRESENTATION('',(#8263),#8267);
#8263 = LINE('',#8264,#8265);
#8264 = CARTESIAN_POINT('',(-40.,-63.85786437626));
#8265 = VECTOR('',#8266,1.);
#8266 = DIRECTION('',(0.,1.));
#8267 = ( GEOMETRIC_REPRESENTATION_CONTEXT(2) 
PARAMETRIC_REPRESENTATION_CONTEXT() REPRESENTATION_CONTEXT('2D SPACE',''
  ) );
#8268 = PCURVE('',#7821,#8269);
#8269 = DEFINITIONAL_REPRESENTATION('',(#8270),#8274);
#8270 = LINE('',#8271,#8272);
#8271 = CARTESIAN_POINT('',(1.,5.));
#8272 = VECTOR('',#8273,1.);
#8273 = DIRECTION('',(0.,-1.));
#8274 = ( GEOMETRIC_REPRESENTATION_CONTEXT(2) 
PARAMETRIC_REPRESENTATION_CONTEXT() REPRESENTATION_CONTEXT('2D SPACE',''
  ) );
#8275 = ORIENTED_EDGE('',*,*,#8276,.F.);
#8276 = EDGE_CURVE('',#8277,#8254,#8279,.T.);
#8277 = VERTEX_POINT('',#8278);
#8278 = CARTESIAN_POINT('',(16.,266.54732917903,-150.374619128));
#8279 = SURFACE_CURVE('',#8280,(#8285,#8292),.PCURVE_S1.);
#8280 = CIRCLE('',#8281,6.);
#8281 = AXIS2_PLACEMENT_3D('',#8282,#8283,#8284);
#8282 = CARTESIAN_POINT('',(16.,260.5473328098,-150.3680184266));
#8283 = DIRECTION('',(0.,1.100116913194E-03,0.999999394871));
#8284 = DIRECTION('',(-1.,0.,0.));
#8285 = PCURVE('',#7265,#8286);
#8286 = DEFINITIONAL_REPRESENTATION('',(#8287),#8291);
#8287 = CIRCLE('',#8288,6.);
#8288 = AXIS2_PLACEMENT_2D('',#8289,#8290);
#8289 = CARTESIAN_POINT('',(-34.,-16.));
#8290 = DIRECTION('',(-1.,0.));
#8291 = ( GEOMETRIC_REPRESENTATION_CONTEXT(2) 
PARAMETRIC_REPRESENTATION_CONTEXT() REPRESENTATION_CONTEXT('2D SPACE',''
  ) );
#8292 = PCURVE('',#7850,#8293);
#8293 = DEFINITIONAL_REPRESENTATION('',(#8294),#8298);
#8294 = LINE('',#8295,#8296);
#8295 = CARTESIAN_POINT('',(-6.28318530718,1.));
#8296 = VECTOR('',#8297,1.);
#8297 = DIRECTION('',(1.,-0.));
#8298 = ( GEOMETRIC_REPRESENTATION_CONTEXT(2) 
PARAMETRIC_REPRESENTATION_CONTEXT() REPRESENTATION_CONTEXT('2D SPACE',''
  ) );
#8299 = ORIENTED_EDGE('',*,*,#8300,.F.);
#8300 = EDGE_CURVE('',#8301,#8277,#8303,.T.);
#8301 = VERTEX_POINT('',#8302);
#8302 = CARTESIAN_POINT('',(49.,266.54732917903,-150.374619128));
#8303 = SURFACE_CURVE('',#8304,(#8308,#8315),.PCURVE_S1.);
#8304 = LINE('',#8305,#8306);
#8305 = CARTESIAN_POINT('',(5.,266.54732917903,-150.374619128));
#8306 = VECTOR('',#8307,1.);
#8307 = DIRECTION('',(-1.,0.,0.));
#8308 = PCURVE('',#7265,#8309);
#8309 = DEFINITIONAL_REPRESENTATION('',(#8310),#8314);
#8310 = LINE('',#8311,#8312);
#8311 = CARTESIAN_POINT('',(-45.,-10.));
#8312 = VECTOR('',#8313,1.);
#8313 = DIRECTION('',(-1.,0.));
#8314 = ( GEOMETRIC_REPRESENTATION_CONTEXT(2) 
PARAMETRIC_REPRESENTATION_CONTEXT() REPRESENTATION_CONTEXT('2D SPACE',''
  ) );
#8315 = PCURVE('',#7878,#8316);
#8316 = DEFINITIONAL_REPRESENTATION('',(#8317),#8321);
#8317 = LINE('',#8318,#8319);
#8318 = CARTESIAN_POINT('',(1.,-5.));
#8319 = VECTOR('',#8320,1.);
#8320 = DIRECTION('',(0.,-1.));
#8321 = ( GEOMETRIC_REPRESENTATION_CONTEXT(2) 
PARAMETRIC_REPRESENTATION_CONTEXT() REPRESENTATION_CONTEXT('2D SPACE',''
  ) );
#8322 = ORIENTED_EDGE('',*,*,#8323,.F.);
#8323 = EDGE_CURVE('',#8324,#8301,#8326,.T.);
#8324 = VERTEX_POINT('',#8325);
#8325 = CARTESIAN_POINT('',(55.,260.5473328098,-150.3680184266));
#8326 = SURFACE_CURVE('',#8327,(#8332,#8339),.PCURVE_S1.);
#8327 = CIRCLE('',#8328,6.);
#8328 = AXIS2_PLACEMENT_3D('',#8329,#8330,#8331);
#8329 = CARTESIAN_POINT('',(49.,260.5473328098,-150.3680184266));
#8330 = DIRECTION('',(-0.,1.100116913194E-03,0.999999394871));
#8331 = DIRECTION('',(1.,0.,0.));
#8332 = PCURVE('',#7265,#8333);
#8333 = DEFINITIONAL_REPRESENTATION('',(#8334),#8338);
#8334 = CIRCLE('',#8335,6.);
#8335 = AXIS2_PLACEMENT_2D('',#8336,#8337);
#8336 = CARTESIAN_POINT('',(-1.,-16.));
#8337 = DIRECTION('',(1.,0.));
#8338 = ( GEOMETRIC_REPRESENTATION_CONTEXT(2) 
PARAMETRIC_REPRESENTATION_CONTEXT() REPRESENTATION_CONTEXT('2D SPACE',''
  ) );
#8339 = PCURVE('',#7907,#8340);
#8340 = DEFINITIONAL_REPRESENTATION('',(#8341),#8345);
#8341 = LINE('',#8342,#8343);
#8342 = CARTESIAN_POINT('',(0.,1.));
#8343 = VECTOR('',#8344,1.);
#8344 = DIRECTION('',(1.,0.));
#8345 = ( GEOMETRIC_REPRESENTATION_CONTEXT(2) 
PARAMETRIC_REPRESENTATION_CONTEXT() REPRESENTATION_CONTEXT('2D SPACE',''
  ) );
#8346 = ORIENTED_EDGE('',*,*,#8347,.F.);
#8347 = EDGE_CURVE('',#8183,#8324,#8348,.T.);
#8348 = SURFACE_CURVE('',#8349,(#8353,#8360),.PCURVE_S1.);
#8349 = LINE('',#8350,#8351);
#8350 = CARTESIAN_POINT('',(55.,212.6894973937,-150.3153691805));
#8351 = VECTOR('',#8352,1.);
#8352 = DIRECTION('',(0.,0.999999394871,-1.100116913194E-03));
#8353 = PCURVE('',#7265,#8354);
#8354 = DEFINITIONAL_REPRESENTATION('',(#8355),#8359);
#8355 = LINE('',#8356,#8357);
#8356 = CARTESIAN_POINT('',(5.,-63.85786437626));
#8357 = VECTOR('',#8358,1.);
#8358 = DIRECTION('',(0.,1.));
#8359 = ( GEOMETRIC_REPRESENTATION_CONTEXT(2) 
PARAMETRIC_REPRESENTATION_CONTEXT() REPRESENTATION_CONTEXT('2D SPACE',''
  ) );
#8360 = PCURVE('',#7933,#8361);
#8361 = DEFINITIONAL_REPRESENTATION('',(#8362),#8366);
#8362 = LINE('',#8363,#8364);
#8363 = CARTESIAN_POINT('',(1.,5.));
#8364 = VECTOR('',#8365,1.);
#8365 = DIRECTION('',(0.,-1.));
#8366 = ( GEOMETRIC_REPRESENTATION_CONTEXT(2) 
PARAMETRIC_REPRESENTATION_CONTEXT() REPRESENTATION_CONTEXT('2D SPACE',''
  ) );
#8367 = ADVANCED_FACE('',(#8368),#7293,.T.);
#8368 = FACE_BOUND('',#8369,.T.);
#8369 = EDGE_LOOP('',(#8370,#8371,#8372,#8373));
#8370 = ORIENTED_EDGE('',*,*,#8157,.F.);
#8371 = ORIENTED_EDGE('',*,*,#7277,.T.);
#8372 = ORIENTED_EDGE('',*,*,#7694,.T.);
#8373 = ORIENTED_EDGE('',*,*,#8374,.F.);
#8374 = EDGE_CURVE('',#8135,#7667,#8375,.T.);
#8375 = SURFACE_CURVE('',#8376,(#8380,#8387),.PCURVE_S1.);
#8376 = LINE('',#8377,#8378);
#8377 = CARTESIAN_POINT('',(65.,289.61838302993,-150.4));
#8378 = VECTOR('',#8379,1.);
#8379 = DIRECTION('',(0.,1.100116913194E-03,0.999999394871));
#8380 = PCURVE('',#7293,#8381);
#8381 = DEFINITIONAL_REPRESENTATION('',(#8382),#8386);
#8382 = LINE('',#8383,#8384);
#8383 = CARTESIAN_POINT('',(0.,15.));
#8384 = VECTOR('',#8385,1.);
#8385 = DIRECTION('',(1.,0.));
#8386 = ( GEOMETRIC_REPRESENTATION_CONTEXT(2) 
PARAMETRIC_REPRESENTATION_CONTEXT() REPRESENTATION_CONTEXT('2D SPACE',''
  ) );
#8387 = PCURVE('',#7682,#8388);
#8388 = DEFINITIONAL_REPRESENTATION('',(#8389),#8393);
#8389 = LINE('',#8390,#8391);
#8390 = CARTESIAN_POINT('',(-5.332539965153E-15,-13.07106781186));
#8391 = VECTOR('',#8392,1.);
#8392 = DIRECTION('',(1.,0.));
#8393 = ( GEOMETRIC_REPRESENTATION_CONTEXT(2) 
PARAMETRIC_REPRESENTATION_CONTEXT() REPRESENTATION_CONTEXT('2D SPACE',''
  ) );
#8394 = ADVANCED_FACE('',(#8395),#7354,.F.);
#8395 = FACE_BOUND('',#8396,.T.);
#8396 = EDGE_LOOP('',(#8397,#8420,#8421,#8422));
#8397 = ORIENTED_EDGE('',*,*,#8398,.F.);
#8398 = EDGE_CURVE('',#7334,#8399,#8401,.T.);
#8399 = VERTEX_POINT('',#8400);
#8400 = CARTESIAN_POINT('',(57.,286.82388530885,-145.3969226982));
#8401 = SEAM_CURVE('',#8402,(#8406,#8413),.PCURVE_S1.);
#8402 = LINE('',#8403,#8404);
#8403 = CARTESIAN_POINT('',(-1.,286.82388530885,-145.3969226982));
#8404 = VECTOR('',#8405,1.);
#8405 = DIRECTION('',(1.,0.,0.));
#8406 = PCURVE('',#7354,#8407);
#8407 = DEFINITIONAL_REPRESENTATION('',(#8408),#8412);
#8408 = LINE('',#8409,#8410);
#8409 = CARTESIAN_POINT('',(-6.28318530718,0.));
#8410 = VECTOR('',#8411,1.);
#8411 = DIRECTION('',(-0.,-1.));
#8412 = ( GEOMETRIC_REPRESENTATION_CONTEXT(2) 
PARAMETRIC_REPRESENTATION_CONTEXT() REPRESENTATION_CONTEXT('2D SPACE',''
  ) );
#8413 = PCURVE('',#7354,#8414);
#8414 = DEFINITIONAL_REPRESENTATION('',(#8415),#8419);
#8415 = LINE('',#8416,#8417);
#8416 = CARTESIAN_POINT('',(-0.,0.));
#8417 = VECTOR('',#8418,1.);
#8418 = DIRECTION('',(-0.,-1.));
#8419 = ( GEOMETRIC_REPRESENTATION_CONTEXT(2) 
PARAMETRIC_REPRESENTATION_CONTEXT() REPRESENTATION_CONTEXT('2D SPACE',''
  ) );
#8420 = ORIENTED_EDGE('',*,*,#7333,.T.);
#8421 = ORIENTED_EDGE('',*,*,#8398,.T.);
#8422 = ORIENTED_EDGE('',*,*,#8423,.F.);
#8423 = EDGE_CURVE('',#8399,#8399,#8424,.T.);
#8424 = SURFACE_CURVE('',#8425,(#8430,#8437),.PCURVE_S1.);
#8425 = CIRCLE('',#8426,2.2);
#8426 = AXIS2_PLACEMENT_3D('',#8427,#8428,#8429);
#8427 = CARTESIAN_POINT('',(57.,284.62388664014,-145.394502441));
#8428 = DIRECTION('',(-1.,0.,-0.));
#8429 = DIRECTION('',(0.,0.999999394871,-1.100116913194E-03));
#8430 = PCURVE('',#7354,#8431);
#8431 = DEFINITIONAL_REPRESENTATION('',(#8432),#8436);
#8432 = LINE('',#8433,#8434);
#8433 = CARTESIAN_POINT('',(-6.28318530718,-58.));
#8434 = VECTOR('',#8435,1.);
#8435 = DIRECTION('',(1.,-0.));
#8436 = ( GEOMETRIC_REPRESENTATION_CONTEXT(2) 
PARAMETRIC_REPRESENTATION_CONTEXT() REPRESENTATION_CONTEXT('2D SPACE',''
  ) );
#8437 = PCURVE('',#8438,#8443);
#8438 = PLANE('',#8439);
#8439 = AXIS2_PLACEMENT_3D('',#8440,#8441,#8442);
#8440 = CARTESIAN_POINT('',(57.,284.62388664014,-145.394502441));
#8441 = DIRECTION('',(1.,0.,0.));
#8442 = DIRECTION('',(0.,1.100116913194E-03,0.999999394871));
#8443 = DEFINITIONAL_REPRESENTATION('',(#8444),#8452);
#8444 = ( BOUNDED_CURVE() B_SPLINE_CURVE(2,(#8445,#8446,#8447,#8448,
#8449,#8450,#8451),.UNSPECIFIED.,.T.,.F.) B_SPLINE_CURVE_WITH_KNOTS((1,2
    ,2,2,2,1),(-2.094395102393,0.,2.094395102393,4.188790204786,
6.28318530718,8.377580409573),.UNSPECIFIED.) CURVE() 
GEOMETRIC_REPRESENTATION_ITEM() RATIONAL_B_SPLINE_CURVE((1.,0.5,1.,0.5,
1.,0.5,1.)) REPRESENTATION_ITEM('') );
#8445 = CARTESIAN_POINT('',(0.,-2.2));
#8446 = CARTESIAN_POINT('',(-3.810511776652,-2.2));
#8447 = CARTESIAN_POINT('',(-1.905255888326,1.1));
#8448 = CARTESIAN_POINT('',(-5.388445916248E-16,4.4));
#8449 = CARTESIAN_POINT('',(1.905255888326,1.1));
#8450 = CARTESIAN_POINT('',(3.810511776652,-2.2));
#8451 = CARTESIAN_POINT('',(0.,-2.2));
#8452 = ( GEOMETRIC_REPRESENTATION_CONTEXT(2) 
PARAMETRIC_REPRESENTATION_CONTEXT() REPRESENTATION_CONTEXT('2D SPACE',''
  ) );
#8453 = ADVANCED_FACE('',(#8454,#8480),#7408,.T.);
#8454 = FACE_BOUND('',#8455,.T.);
#8455 = EDGE_LOOP('',(#8456,#8457,#8458,#8479));
#8456 = ORIENTED_EDGE('',*,*,#7392,.F.);
#8457 = ORIENTED_EDGE('',*,*,#7950,.T.);
#8458 = ORIENTED_EDGE('',*,*,#8459,.T.);
#8459 = EDGE_CURVE('',#7951,#7448,#8460,.T.);
#8460 = SURFACE_CURVE('',#8461,(#8465,#8472),.PCURVE_S1.);
#8461 = LINE('',#8462,#8463);
#8462 = CARTESIAN_POINT('',(15.,289.61838302993,-150.4));
#8463 = VECTOR('',#8464,1.);
#8464 = DIRECTION('',(0.,1.100116913194E-03,0.999999394871));
#8465 = PCURVE('',#7408,#8466);
#8466 = DEFINITIONAL_REPRESENTATION('',(#8467),#8471);
#8467 = LINE('',#8468,#8469);
#8468 = CARTESIAN_POINT('',(-5.332539965153E-15,-13.07106781186));
#8469 = VECTOR('',#8470,1.);
#8470 = DIRECTION('',(1.,0.));
#8471 = ( GEOMETRIC_REPRESENTATION_CONTEXT(2) 
PARAMETRIC_REPRESENTATION_CONTEXT() REPRESENTATION_CONTEXT('2D SPACE',''
  ) );
#8472 = PCURVE('',#7486,#8473);
#8473 = DEFINITIONAL_REPRESENTATION('',(#8474),#8478);
#8474 = LINE('',#8475,#8476);
#8475 = CARTESIAN_POINT('',(0.,15.));
#8476 = VECTOR('',#8477,1.);
#8477 = DIRECTION('',(1.,0.));
#8478 = ( GEOMETRIC_REPRESENTATION_CONTEXT(2) 
PARAMETRIC_REPRESENTATION_CONTEXT() REPRESENTATION_CONTEXT('2D SPACE',''
  ) );
#8479 = ORIENTED_EDGE('',*,*,#7447,.F.);
#8480 = FACE_BOUND('',#8481,.T.);
#8481 = EDGE_LOOP('',(#8482));
#8482 = ORIENTED_EDGE('',*,*,#8483,.T.);
#8483 = EDGE_CURVE('',#8484,#8484,#8486,.T.);
#8484 = VERTEX_POINT('',#8485);
#8485 = CARTESIAN_POINT('',(15.,286.82388530885,-145.3969226982));
#8486 = SURFACE_CURVE('',#8487,(#8492,#8503),.PCURVE_S1.);
#8487 = CIRCLE('',#8488,2.2);
#8488 = AXIS2_PLACEMENT_3D('',#8489,#8490,#8491);
#8489 = CARTESIAN_POINT('',(15.,284.62388664014,-145.394502441));
#8490 = DIRECTION('',(-1.,0.,-0.));
#8491 = DIRECTION('',(0.,0.999999394871,-1.100116913194E-03));
#8492 = PCURVE('',#7408,#8493);
#8493 = DEFINITIONAL_REPRESENTATION('',(#8494),#8502);
#8494 = ( BOUNDED_CURVE() B_SPLINE_CURVE(2,(#8495,#8496,#8497,#8498,
#8499,#8500,#8501),.UNSPECIFIED.,.T.,.F.) B_SPLINE_CURVE_WITH_KNOTS((1,2
    ,2,2,2,1),(-2.094395102393,0.,2.094395102393,4.188790204786,
6.28318530718,8.377580409573),.UNSPECIFIED.) CURVE() 
GEOMETRIC_REPRESENTATION_ITEM() RATIONAL_B_SPLINE_CURVE((1.,0.5,1.,0.5,
1.,0.5,1.)) REPRESENTATION_ITEM('') );
#8495 = CARTESIAN_POINT('',(5.,-10.27106781186));
#8496 = CARTESIAN_POINT('',(1.189488223348,-10.27106781186));
#8497 = CARTESIAN_POINT('',(3.094744111674,-6.971067811865));
#8498 = CARTESIAN_POINT('',(5.,-3.671067811865));
#8499 = CARTESIAN_POINT('',(6.905255888326,-6.971067811865));
#8500 = CARTESIAN_POINT('',(8.810511776652,-10.27106781186));
#8501 = CARTESIAN_POINT('',(5.,-10.27106781186));
#8502 = ( GEOMETRIC_REPRESENTATION_CONTEXT(2) 
PARAMETRIC_REPRESENTATION_CONTEXT() REPRESENTATION_CONTEXT('2D SPACE',''
  ) );
#8503 = PCURVE('',#8504,#8509);
#8504 = CYLINDRICAL_SURFACE('',#8505,2.2);
#8505 = AXIS2_PLACEMENT_3D('',#8506,#8507,#8508);
#8506 = CARTESIAN_POINT('',(-1.,284.62388664014,-145.394502441));
#8507 = DIRECTION('',(-1.,-0.,0.));
#8508 = DIRECTION('',(0.,0.999999394871,-1.100116913194E-03));
#8509 = DEFINITIONAL_REPRESENTATION('',(#8510),#8514);
#8510 = LINE('',#8511,#8512);
#8511 = CARTESIAN_POINT('',(-6.28318530718,-16.));
#8512 = VECTOR('',#8513,1.);
#8513 = DIRECTION('',(1.,-0.));
#8514 = ( GEOMETRIC_REPRESENTATION_CONTEXT(2) 
PARAMETRIC_REPRESENTATION_CONTEXT() REPRESENTATION_CONTEXT('2D SPACE',''
  ) );
#8515 = ADVANCED_FACE('',(#8516),#7486,.T.);
#8516 = FACE_BOUND('',#8517,.T.);
#8517 = EDGE_LOOP('',(#8518,#8519,#8540,#8541));
#8518 = ORIENTED_EDGE('',*,*,#7973,.F.);
#8519 = ORIENTED_EDGE('',*,*,#8520,.T.);
#8520 = EDGE_CURVE('',#7974,#7471,#8521,.T.);
#8521 = SURFACE_CURVE('',#8522,(#8526,#8533),.PCURVE_S1.);
#8522 = LINE('',#8523,#8524);
#8523 = CARTESIAN_POINT('',(0.,289.61838302993,-150.4));
#8524 = VECTOR('',#8525,1.);
#8525 = DIRECTION('',(0.,1.100116913194E-03,0.999999394871));
#8526 = PCURVE('',#7486,#8527);
#8527 = DEFINITIONAL_REPRESENTATION('',(#8528),#8532);
#8528 = LINE('',#8529,#8530);
#8529 = CARTESIAN_POINT('',(0.,0.));
#8530 = VECTOR('',#8531,1.);
#8531 = DIRECTION('',(1.,0.));
#8532 = ( GEOMETRIC_REPRESENTATION_CONTEXT(2) 
PARAMETRIC_REPRESENTATION_CONTEXT() REPRESENTATION_CONTEXT('2D SPACE',''
  ) );
#8533 = PCURVE('',#7514,#8534);
#8534 = DEFINITIONAL_REPRESENTATION('',(#8535),#8539);
#8535 = LINE('',#8536,#8537);
#8536 = CARTESIAN_POINT('',(-5.332539965153E-15,-13.07106781186));
#8537 = VECTOR('',#8538,1.);
#8538 = DIRECTION('',(1.,0.));
#8539 = ( GEOMETRIC_REPRESENTATION_CONTEXT(2) 
PARAMETRIC_REPRESENTATION_CONTEXT() REPRESENTATION_CONTEXT('2D SPACE',''
  ) );
#8540 = ORIENTED_EDGE('',*,*,#7470,.T.);
#8541 = ORIENTED_EDGE('',*,*,#8459,.F.);
#8542 = ADVANCED_FACE('',(#8543,#8569),#7514,.F.);
#8543 = FACE_BOUND('',#8544,.F.);
#8544 = EDGE_LOOP('',(#8545,#8546,#8567,#8568));
#8545 = ORIENTED_EDGE('',*,*,#7498,.F.);
#8546 = ORIENTED_EDGE('',*,*,#8547,.F.);
#8547 = EDGE_CURVE('',#7997,#7499,#8548,.T.);
#8548 = SURFACE_CURVE('',#8549,(#8553,#8560),.PCURVE_S1.);
#8549 = LINE('',#8550,#8551);
#8550 = CARTESIAN_POINT('',(0.,207.68950041935,-150.309868596));
#8551 = VECTOR('',#8552,1.);
#8552 = DIRECTION('',(0.,1.100116913194E-03,0.999999394871));
#8553 = PCURVE('',#7514,#8554);
#8554 = DEFINITIONAL_REPRESENTATION('',(#8555),#8559);
#8555 = LINE('',#8556,#8557);
#8556 = CARTESIAN_POINT('',(1.147693051706E-14,68.857864376269));
#8557 = VECTOR('',#8558,1.);
#8558 = DIRECTION('',(1.,0.));
#8559 = ( GEOMETRIC_REPRESENTATION_CONTEXT(2) 
PARAMETRIC_REPRESENTATION_CONTEXT() REPRESENTATION_CONTEXT('2D SPACE',''
  ) );
#8560 = PCURVE('',#7542,#8561);
#8561 = DEFINITIONAL_REPRESENTATION('',(#8562),#8566);
#8562 = LINE('',#8563,#8564);
#8563 = CARTESIAN_POINT('',(0.,0.));
#8564 = VECTOR('',#8565,1.);
#8565 = DIRECTION('',(1.,0.));
#8566 = ( GEOMETRIC_REPRESENTATION_CONTEXT(2) 
PARAMETRIC_REPRESENTATION_CONTEXT() REPRESENTATION_CONTEXT('2D SPACE',''
  ) );
#8567 = ORIENTED_EDGE('',*,*,#7996,.F.);
#8568 = ORIENTED_EDGE('',*,*,#8520,.T.);
#8569 = FACE_BOUND('',#8570,.F.);
#8570 = EDGE_LOOP('',(#8571));
#8571 = ORIENTED_EDGE('',*,*,#8572,.T.);
#8572 = EDGE_CURVE('',#8573,#8573,#8575,.T.);
#8573 = VERTEX_POINT('',#8574);
#8574 = CARTESIAN_POINT('',(0.,288.3738843709,-145.3986278795));
#8575 = SURFACE_CURVE('',#8576,(#8581,#8592),.PCURVE_S1.);
#8576 = CIRCLE('',#8577,3.75);
#8577 = AXIS2_PLACEMENT_3D('',#8578,#8579,#8580);
#8578 = CARTESIAN_POINT('',(0.,284.62388664014,-145.394502441));
#8579 = DIRECTION('',(-1.,0.,-0.));
#8580 = DIRECTION('',(0.,0.999999394871,-1.100116913194E-03));
#8581 = PCURVE('',#7514,#8582);
#8582 = DEFINITIONAL_REPRESENTATION('',(#8583),#8591);
#8583 = ( BOUNDED_CURVE() B_SPLINE_CURVE(2,(#8584,#8585,#8586,#8587,
#8588,#8589,#8590),.UNSPECIFIED.,.T.,.F.) B_SPLINE_CURVE_WITH_KNOTS((1,2
    ,2,2,2,1),(-2.094395102393,0.,2.094395102393,4.188790204786,
6.28318530718,8.377580409573),.UNSPECIFIED.) CURVE() 
GEOMETRIC_REPRESENTATION_ITEM() RATIONAL_B_SPLINE_CURVE((1.,0.5,1.,0.5,
1.,0.5,1.)) REPRESENTATION_ITEM('') );
#8584 = CARTESIAN_POINT('',(5.,-11.82106781186));
#8585 = CARTESIAN_POINT('',(-1.495190528383,-11.82106781186));
#8586 = CARTESIAN_POINT('',(1.752404735808,-6.196067811865));
#8587 = CARTESIAN_POINT('',(5.,-0.571067811865));
#8588 = CARTESIAN_POINT('',(8.247595264192,-6.196067811865));
#8589 = CARTESIAN_POINT('',(11.495190528383,-11.82106781186));
#8590 = CARTESIAN_POINT('',(5.,-11.82106781186));
#8591 = ( GEOMETRIC_REPRESENTATION_CONTEXT(2) 
PARAMETRIC_REPRESENTATION_CONTEXT() REPRESENTATION_CONTEXT('2D SPACE',''
  ) );
#8592 = PCURVE('',#8593,#8598);
#8593 = CYLINDRICAL_SURFACE('',#8594,3.75);
#8594 = AXIS2_PLACEMENT_3D('',#8595,#8596,#8597);
#8595 = CARTESIAN_POINT('',(-1.,284.62388664014,-145.394502441));
#8596 = DIRECTION('',(-1.,-0.,0.));
#8597 = DIRECTION('',(0.,0.999999394871,-1.100116913194E-03));
#8598 = DEFINITIONAL_REPRESENTATION('',(#8599),#8603);
#8599 = LINE('',#8600,#8601);
#8600 = CARTESIAN_POINT('',(-6.28318530718,-1.));
#8601 = VECTOR('',#8602,1.);
#8602 = DIRECTION('',(1.,-0.));
#8603 = ( GEOMETRIC_REPRESENTATION_CONTEXT(2) 
PARAMETRIC_REPRESENTATION_CONTEXT() REPRESENTATION_CONTEXT('2D SPACE',''
  ) );
#8604 = ADVANCED_FACE('',(#8605),#7542,.F.);
#8605 = FACE_BOUND('',#8606,.F.);
#8606 = EDGE_LOOP('',(#8607,#8608,#8609,#8610));
#8607 = ORIENTED_EDGE('',*,*,#8019,.F.);
#8608 = ORIENTED_EDGE('',*,*,#8547,.T.);
#8609 = ORIENTED_EDGE('',*,*,#7526,.T.);
#8610 = ORIENTED_EDGE('',*,*,#8611,.F.);
#8611 = EDGE_CURVE('',#8020,#7527,#8612,.T.);
#8612 = SURFACE_CURVE('',#8613,(#8617,#8624),.PCURVE_S1.);
#8613 = LINE('',#8614,#8615);
#8614 = CARTESIAN_POINT('',(15.2,207.68950041935,-150.309868596));
#8615 = VECTOR('',#8616,1.);
#8616 = DIRECTION('',(0.,1.100116913194E-03,0.999999394871));
#8617 = PCURVE('',#7542,#8618);
#8618 = DEFINITIONAL_REPRESENTATION('',(#8619),#8623);
#8619 = LINE('',#8620,#8621);
#8620 = CARTESIAN_POINT('',(0.,15.2));
#8621 = VECTOR('',#8622,1.);
#8622 = DIRECTION('',(1.,0.));
#8623 = ( GEOMETRIC_REPRESENTATION_CONTEXT(2) 
PARAMETRIC_REPRESENTATION_CONTEXT() REPRESENTATION_CONTEXT('2D SPACE',''
  ) );
#8624 = PCURVE('',#7570,#8625);
#8625 = DEFINITIONAL_REPRESENTATION('',(#8626),#8630);
#8626 = LINE('',#8627,#8628);
#8627 = CARTESIAN_POINT('',(2.312039448782E-14,-13.07106781186));
#8628 = VECTOR('',#8629,1.);
#8629 = DIRECTION('',(1.,0.));
#8630 = ( GEOMETRIC_REPRESENTATION_CONTEXT(2) 
PARAMETRIC_REPRESENTATION_CONTEXT() REPRESENTATION_CONTEXT('2D SPACE',''
  ) );
#8631 = ADVANCED_FACE('',(#8632,#8658),#7570,.F.);
#8632 = FACE_BOUND('',#8633,.F.);
#8633 = EDGE_LOOP('',(#8634,#8655,#8656,#8657));
#8634 = ORIENTED_EDGE('',*,*,#8635,.F.);
#8635 = EDGE_CURVE('',#8043,#7555,#8636,.T.);
#8636 = SURFACE_CURVE('',#8637,(#8641,#8648),.PCURVE_S1.);
#8637 = LINE('',#8638,#8639);
#8638 = CARTESIAN_POINT('',(15.2,194.61844051716,-150.2954888932));
#8639 = VECTOR('',#8640,1.);
#8640 = DIRECTION('',(0.,1.100116913194E-03,0.999999394871));
#8641 = PCURVE('',#7570,#8642);
#8642 = DEFINITIONAL_REPRESENTATION('',(#8643),#8647);
#8643 = LINE('',#8644,#8645);
#8644 = CARTESIAN_POINT('',(0.,0.));
#8645 = VECTOR('',#8646,1.);
#8646 = DIRECTION('',(1.,0.));
#8647 = ( GEOMETRIC_REPRESENTATION_CONTEXT(2) 
PARAMETRIC_REPRESENTATION_CONTEXT() REPRESENTATION_CONTEXT('2D SPACE',''
  ) );
#8648 = PCURVE('',#7598,#8649);
#8649 = DEFINITIONAL_REPRESENTATION('',(#8650),#8654);
#8650 = LINE('',#8651,#8652);
#8651 = CARTESIAN_POINT('',(0.,0.));
#8652 = VECTOR('',#8653,1.);
#8653 = DIRECTION('',(1.,0.));
#8654 = ( GEOMETRIC_REPRESENTATION_CONTEXT(2) 
PARAMETRIC_REPRESENTATION_CONTEXT() REPRESENTATION_CONTEXT('2D SPACE',''
  ) );
#8655 = ORIENTED_EDGE('',*,*,#8042,.T.);
#8656 = ORIENTED_EDGE('',*,*,#8611,.T.);
#8657 = ORIENTED_EDGE('',*,*,#7554,.F.);
#8658 = FACE_BOUND('',#8659,.F.);
#8659 = EDGE_LOOP('',(#8660));
#8660 = ORIENTED_EDGE('',*,*,#8661,.T.);
#8661 = EDGE_CURVE('',#8662,#8662,#8664,.T.);
#8662 = VERTEX_POINT('',#8663);
#8663 = CARTESIAN_POINT('',(15.2,202.12393656326,-145.3037427957));
#8664 = SURFACE_CURVE('',#8665,(#8670,#8681),.PCURVE_S1.);
#8665 = CIRCLE('',#8666,2.5);
#8666 = AXIS2_PLACEMENT_3D('',#8667,#8668,#8669);
#8667 = CARTESIAN_POINT('',(15.2,199.62393807608,-145.3009925034));
#8668 = DIRECTION('',(-1.,0.,-0.));
#8669 = DIRECTION('',(0.,0.999999394871,-1.100116913194E-03));
#8670 = PCURVE('',#7570,#8671);
#8671 = DEFINITIONAL_REPRESENTATION('',(#8672),#8680);
#8672 = ( BOUNDED_CURVE() B_SPLINE_CURVE(2,(#8673,#8674,#8675,#8676,
#8677,#8678,#8679),.UNSPECIFIED.,.T.,.F.) B_SPLINE_CURVE_WITH_KNOTS((1,2
    ,2,2,2,1),(-2.094395102393,0.,2.094395102393,4.188790204786,
6.28318530718,8.377580409573),.UNSPECIFIED.) CURVE() 
GEOMETRIC_REPRESENTATION_ITEM() RATIONAL_B_SPLINE_CURVE((1.,0.5,1.,0.5,
1.,0.5,1.)) REPRESENTATION_ITEM('') );
#8673 = CARTESIAN_POINT('',(5.,-7.5));
#8674 = CARTESIAN_POINT('',(0.669872981078,-7.5));
#8675 = CARTESIAN_POINT('',(2.834936490539,-3.75));
#8676 = CARTESIAN_POINT('',(5.,-2.57571741713E-14));
#8677 = CARTESIAN_POINT('',(7.165063509461,-3.75));
#8678 = CARTESIAN_POINT('',(9.330127018922,-7.5));
#8679 = CARTESIAN_POINT('',(5.,-7.5));
#8680 = ( GEOMETRIC_REPRESENTATION_CONTEXT(2) 
PARAMETRIC_REPRESENTATION_CONTEXT() REPRESENTATION_CONTEXT('2D SPACE',''
  ) );
#8681 = PCURVE('',#8682,#8687);
#8682 = CYLINDRICAL_SURFACE('',#8683,2.5);
#8683 = AXIS2_PLACEMENT_3D('',#8684,#8685,#8686);
#8684 = CARTESIAN_POINT('',(-1.,199.62393807608,-145.3009925034));
#8685 = DIRECTION('',(-1.,-0.,0.));
#8686 = DIRECTION('',(0.,0.999999394871,-1.100116913194E-03));
#8687 = DEFINITIONAL_REPRESENTATION('',(#8688),#8692);
#8688 = LINE('',#8689,#8690);
#8689 = CARTESIAN_POINT('',(-6.28318530718,-16.2));
#8690 = VECTOR('',#8691,1.);
#8691 = DIRECTION('',(1.,-0.));
#8692 = ( GEOMETRIC_REPRESENTATION_CONTEXT(2) 
PARAMETRIC_REPRESENTATION_CONTEXT() REPRESENTATION_CONTEXT('2D SPACE',''
  ) );
#8693 = ADVANCED_FACE('',(#8694),#7598,.F.);
#8694 = FACE_BOUND('',#8695,.F.);
#8695 = EDGE_LOOP('',(#8696,#8697,#8698,#8699));
#8696 = ORIENTED_EDGE('',*,*,#8065,.F.);
#8697 = ORIENTED_EDGE('',*,*,#8635,.T.);
#8698 = ORIENTED_EDGE('',*,*,#7582,.T.);
#8699 = ORIENTED_EDGE('',*,*,#8700,.F.);
#8700 = EDGE_CURVE('',#8066,#7583,#8701,.T.);
#8701 = SURFACE_CURVE('',#8702,(#8706,#8713),.PCURVE_S1.);
#8702 = LINE('',#8703,#8704);
#8703 = CARTESIAN_POINT('',(49.8,194.61844051716,-150.2954888932));
#8704 = VECTOR('',#8705,1.);
#8705 = DIRECTION('',(0.,1.100116913194E-03,0.999999394871));
#8706 = PCURVE('',#7598,#8707);
#8707 = DEFINITIONAL_REPRESENTATION('',(#8708),#8712);
#8708 = LINE('',#8709,#8710);
#8709 = CARTESIAN_POINT('',(0.,34.6));
#8710 = VECTOR('',#8711,1.);
#8711 = DIRECTION('',(1.,0.));
#8712 = ( GEOMETRIC_REPRESENTATION_CONTEXT(2) 
PARAMETRIC_REPRESENTATION_CONTEXT() REPRESENTATION_CONTEXT('2D SPACE',''
  ) );
#8713 = PCURVE('',#7626,#8714);
#8714 = DEFINITIONAL_REPRESENTATION('',(#8715),#8719);
#8715 = LINE('',#8716,#8717);
#8716 = CARTESIAN_POINT('',(0.,0.));
#8717 = VECTOR('',#8718,1.);
#8718 = DIRECTION('',(1.,0.));
#8719 = ( GEOMETRIC_REPRESENTATION_CONTEXT(2) 
PARAMETRIC_REPRESENTATION_CONTEXT() REPRESENTATION_CONTEXT('2D SPACE',''
  ) );
#8720 = ADVANCED_FACE('',(#8721,#8747),#7626,.T.);
#8721 = FACE_BOUND('',#8722,.T.);
#8722 = EDGE_LOOP('',(#8723,#8724,#8725,#8746));
#8723 = ORIENTED_EDGE('',*,*,#8700,.F.);
#8724 = ORIENTED_EDGE('',*,*,#8088,.T.);
#8725 = ORIENTED_EDGE('',*,*,#8726,.T.);
#8726 = EDGE_CURVE('',#8089,#7611,#8727,.T.);
#8727 = SURFACE_CURVE('',#8728,(#8732,#8739),.PCURVE_S1.);
#8728 = LINE('',#8729,#8730);
#8729 = CARTESIAN_POINT('',(49.8,207.68950041935,-150.309868596));
#8730 = VECTOR('',#8731,1.);
#8731 = DIRECTION('',(0.,1.100116913194E-03,0.999999394871));
#8732 = PCURVE('',#7626,#8733);
#8733 = DEFINITIONAL_REPRESENTATION('',(#8734),#8738);
#8734 = LINE('',#8735,#8736);
#8735 = CARTESIAN_POINT('',(2.312039448782E-14,-13.07106781186));
#8736 = VECTOR('',#8737,1.);
#8737 = DIRECTION('',(1.,0.));
#8738 = ( GEOMETRIC_REPRESENTATION_CONTEXT(2) 
PARAMETRIC_REPRESENTATION_CONTEXT() REPRESENTATION_CONTEXT('2D SPACE',''
  ) );
#8739 = PCURVE('',#7654,#8740);
#8740 = DEFINITIONAL_REPRESENTATION('',(#8741),#8745);
#8741 = LINE('',#8742,#8743);
#8742 = CARTESIAN_POINT('',(0.,49.8));
#8743 = VECTOR('',#8744,1.);
#8744 = DIRECTION('',(1.,0.));
#8745 = ( GEOMETRIC_REPRESENTATION_CONTEXT(2) 
PARAMETRIC_REPRESENTATION_CONTEXT() REPRESENTATION_CONTEXT('2D SPACE',''
  ) );
#8746 = ORIENTED_EDGE('',*,*,#7610,.F.);
#8747 = FACE_BOUND('',#8748,.T.);
#8748 = EDGE_LOOP('',(#8749));
#8749 = ORIENTED_EDGE('',*,*,#8750,.T.);
#8750 = EDGE_CURVE('',#8751,#8751,#8753,.T.);
#8751 = VERTEX_POINT('',#8752);
#8752 = CARTESIAN_POINT('',(49.8,202.12393656326,-145.3037427957));
#8753 = SURFACE_CURVE('',#8754,(#8759,#8770),.PCURVE_S1.);
#8754 = CIRCLE('',#8755,2.5);
#8755 = AXIS2_PLACEMENT_3D('',#8756,#8757,#8758);
#8756 = CARTESIAN_POINT('',(49.8,199.62393807608,-145.3009925034));
#8757 = DIRECTION('',(-1.,0.,-0.));
#8758 = DIRECTION('',(0.,0.999999394871,-1.100116913194E-03));
#8759 = PCURVE('',#7626,#8760);
#8760 = DEFINITIONAL_REPRESENTATION('',(#8761),#8769);
#8761 = ( BOUNDED_CURVE() B_SPLINE_CURVE(2,(#8762,#8763,#8764,#8765,
#8766,#8767,#8768),.UNSPECIFIED.,.T.,.F.) B_SPLINE_CURVE_WITH_KNOTS((1,2
    ,2,2,2,1),(-2.094395102393,0.,2.094395102393,4.188790204786,
6.28318530718,8.377580409573),.UNSPECIFIED.) CURVE() 
GEOMETRIC_REPRESENTATION_ITEM() RATIONAL_B_SPLINE_CURVE((1.,0.5,1.,0.5,
1.,0.5,1.)) REPRESENTATION_ITEM('') );
#8762 = CARTESIAN_POINT('',(5.,-7.5));
#8763 = CARTESIAN_POINT('',(0.669872981078,-7.5));
#8764 = CARTESIAN_POINT('',(2.834936490539,-3.75));
#8765 = CARTESIAN_POINT('',(5.,-2.57571741713E-14));
#8766 = CARTESIAN_POINT('',(7.165063509461,-3.75));
#8767 = CARTESIAN_POINT('',(9.330127018922,-7.5));
#8768 = CARTESIAN_POINT('',(5.,-7.5));
#8769 = ( GEOMETRIC_REPRESENTATION_CONTEXT(2) 
PARAMETRIC_REPRESENTATION_CONTEXT() REPRESENTATION_CONTEXT('2D SPACE',''
  ) );
#8770 = PCURVE('',#8682,#8771);
#8771 = DEFINITIONAL_REPRESENTATION('',(#8772),#8776);
#8772 = LINE('',#8773,#8774);
#8773 = CARTESIAN_POINT('',(-6.28318530718,-50.8));
#8774 = VECTOR('',#8775,1.);
#8775 = DIRECTION('',(1.,-0.));
#8776 = ( GEOMETRIC_REPRESENTATION_CONTEXT(2) 
PARAMETRIC_REPRESENTATION_CONTEXT() REPRESENTATION_CONTEXT('2D SPACE',''
  ) );
#8777 = ADVANCED_FACE('',(#8778),#7654,.F.);
#8778 = FACE_BOUND('',#8779,.F.);
#8779 = EDGE_LOOP('',(#8780,#8781,#8782,#8783));
#8780 = ORIENTED_EDGE('',*,*,#8111,.F.);
#8781 = ORIENTED_EDGE('',*,*,#8726,.T.);
#8782 = ORIENTED_EDGE('',*,*,#7638,.T.);
#8783 = ORIENTED_EDGE('',*,*,#8784,.F.);
#8784 = EDGE_CURVE('',#8112,#7639,#8785,.T.);
#8785 = SURFACE_CURVE('',#8786,(#8790,#8797),.PCURVE_S1.);
#8786 = LINE('',#8787,#8788);
#8787 = CARTESIAN_POINT('',(65.,207.68950041935,-150.309868596));
#8788 = VECTOR('',#8789,1.);
#8789 = DIRECTION('',(0.,1.100116913194E-03,0.999999394871));
#8790 = PCURVE('',#7654,#8791);
#8791 = DEFINITIONAL_REPRESENTATION('',(#8792),#8796);
#8792 = LINE('',#8793,#8794);
#8793 = CARTESIAN_POINT('',(0.,65.));
#8794 = VECTOR('',#8795,1.);
#8795 = DIRECTION('',(1.,0.));
#8796 = ( GEOMETRIC_REPRESENTATION_CONTEXT(2) 
PARAMETRIC_REPRESENTATION_CONTEXT() REPRESENTATION_CONTEXT('2D SPACE',''
  ) );
#8797 = PCURVE('',#7682,#8798);
#8798 = DEFINITIONAL_REPRESENTATION('',(#8799),#8803);
#8799 = LINE('',#8800,#8801);
#8800 = CARTESIAN_POINT('',(1.147693051706E-14,68.857864376269));
#8801 = VECTOR('',#8802,1.);
#8802 = DIRECTION('',(1.,0.));
#8803 = ( GEOMETRIC_REPRESENTATION_CONTEXT(2) 
PARAMETRIC_REPRESENTATION_CONTEXT() REPRESENTATION_CONTEXT('2D SPACE',''
  ) );
#8804 = ADVANCED_FACE('',(#8805,#8811),#7682,.T.);
#8805 = FACE_BOUND('',#8806,.T.);
#8806 = EDGE_LOOP('',(#8807,#8808,#8809,#8810));
#8807 = ORIENTED_EDGE('',*,*,#7666,.F.);
#8808 = ORIENTED_EDGE('',*,*,#8784,.F.);
#8809 = ORIENTED_EDGE('',*,*,#8134,.F.);
#8810 = ORIENTED_EDGE('',*,*,#8374,.T.);
#8811 = FACE_BOUND('',#8812,.T.);
#8812 = EDGE_LOOP('',(#8813,#8843,#8871,#8899,#8927,#8955));
#8813 = ORIENTED_EDGE('',*,*,#8814,.T.);
#8814 = EDGE_CURVE('',#8815,#8817,#8819,.T.);
#8815 = VERTEX_POINT('',#8816);
#8816 = CARTESIAN_POINT('',(65.,282.52057485953,-141.742186342));
#8817 = VERTEX_POINT('',#8818);
#8818 = CARTESIAN_POINT('',(65.,286.73522927421,-141.7468229575));
#8819 = SURFACE_CURVE('',#8820,(#8824,#8831),.PCURVE_S1.);
#8820 = LINE('',#8821,#8822);
#8821 = CARTESIAN_POINT('',(65.,281.64603420662,-141.7412242445));
#8822 = VECTOR('',#8823,1.);
#8823 = DIRECTION('',(0.,0.999999394871,-1.100116913194E-03));
#8824 = PCURVE('',#7682,#8825);
#8825 = DEFINITIONAL_REPRESENTATION('',(#8826),#8830);
#8826 = LINE('',#8827,#8828);
#8827 = CARTESIAN_POINT('',(8.65,-5.089198147204));
#8828 = VECTOR('',#8829,1.);
#8829 = DIRECTION('',(-1.053844511656E-16,-1.));
#8830 = ( GEOMETRIC_REPRESENTATION_CONTEXT(2) 
PARAMETRIC_REPRESENTATION_CONTEXT() REPRESENTATION_CONTEXT('2D SPACE',''
  ) );
#8831 = PCURVE('',#8832,#8837);
#8832 = PLANE('',#8833);
#8833 = AXIS2_PLACEMENT_3D('',#8834,#8835,#8836);
#8834 = CARTESIAN_POINT('',(57.,286.73522927421,-141.7468229575));
#8835 = DIRECTION('',(0.,-1.100116913194E-03,-0.999999394871));
#8836 = DIRECTION('',(0.,-0.999999394871,1.100116913194E-03));
#8837 = DEFINITIONAL_REPRESENTATION('',(#8838),#8842);
#8838 = LINE('',#8839,#8840);
#8839 = CARTESIAN_POINT('',(5.089198147204,-8.));
#8840 = VECTOR('',#8841,1.);
#8841 = DIRECTION('',(-1.,0.));
#8842 = ( GEOMETRIC_REPRESENTATION_CONTEXT(2) 
PARAMETRIC_REPRESENTATION_CONTEXT() REPRESENTATION_CONTEXT('2D SPACE',''
  ) );
#8843 = ORIENTED_EDGE('',*,*,#8844,.T.);
#8844 = EDGE_CURVE('',#8817,#8845,#8847,.T.);
#8845 = VERTEX_POINT('',#8846);
#8846 = CARTESIAN_POINT('',(65.,288.83854105481,-145.3991390564));
#8847 = SURFACE_CURVE('',#8848,(#8852,#8859),.PCURVE_S1.);
#8848 = LINE('',#8849,#8850);
#8849 = CARTESIAN_POINT('',(65.,288.38622100961,-144.613703536));
#8850 = VECTOR('',#8851,1.);
#8851 = DIRECTION('',(0.,0.499046968242,-0.866574938184));
#8852 = PCURVE('',#7682,#8853);
#8853 = DEFINITIONAL_REPRESENTATION('',(#8854),#8858);
#8854 = LINE('',#8855,#8856);
#8855 = CARTESIAN_POINT('',(5.784937440186,-11.83254093456));
#8856 = VECTOR('',#8857,1.);
#8857 = DIRECTION('',(-0.866025403784,-0.5));
#8858 = ( GEOMETRIC_REPRESENTATION_CONTEXT(2) 
PARAMETRIC_REPRESENTATION_CONTEXT() REPRESENTATION_CONTEXT('2D SPACE',''
  ) );
#8859 = PCURVE('',#8860,#8865);
#8860 = PLANE('',#8861);
#8861 = AXIS2_PLACEMENT_3D('',#8862,#8863,#8864);
#8862 = CARTESIAN_POINT('',(57.,288.83854105481,-145.3991390564));
#8863 = DIRECTION('',(0.,-0.866574938184,-0.499046968242));
#8864 = DIRECTION('',(0.,-0.499046968242,0.866574938184));
#8865 = DEFINITIONAL_REPRESENTATION('',(#8866),#8870);
#8866 = LINE('',#8867,#8868);
#8867 = CARTESIAN_POINT('',(0.906367684776,-8.));
#8868 = VECTOR('',#8869,1.);
#8869 = DIRECTION('',(-1.,0.));
#8870 = ( GEOMETRIC_REPRESENTATION_CONTEXT(2) 
PARAMETRIC_REPRESENTATION_CONTEXT() REPRESENTATION_CONTEXT('2D SPACE',''
  ) );
#8871 = ORIENTED_EDGE('',*,*,#8872,.T.);
#8872 = EDGE_CURVE('',#8845,#8873,#8875,.T.);
#8873 = VERTEX_POINT('',#8874);
#8874 = CARTESIAN_POINT('',(65.,286.72719842074,-149.04681854));
#8875 = SURFACE_CURVE('',#8876,(#8880,#8887),.PCURVE_S1.);
#8876 = LINE('',#8877,#8878);
#8877 = CARTESIAN_POINT('',(65.,285.15963500892,-151.755033116));
#8878 = VECTOR('',#8879,1.);
#8879 = DIRECTION('',(0.,-0.50095242663,-0.865474821271));
#8880 = PCURVE('',#7682,#8881);
#8881 = DEFINITIONAL_REPRESENTATION('',(#8882),#8886);
#8882 = LINE('',#8883,#8884);
#8883 = CARTESIAN_POINT('',(-1.359937440186,-8.613813183829));
#8884 = VECTOR('',#8885,1.);
#8885 = DIRECTION('',(-0.866025403784,0.5));
#8886 = ( GEOMETRIC_REPRESENTATION_CONTEXT(2) 
PARAMETRIC_REPRESENTATION_CONTEXT() REPRESENTATION_CONTEXT('2D SPACE',''
  ) );
#8887 = PCURVE('',#8888,#8893);
#8888 = PLANE('',#8889);
#8889 = AXIS2_PLACEMENT_3D('',#8890,#8891,#8892);
#8890 = CARTESIAN_POINT('',(57.,286.72719842074,-149.04681854));
#8891 = DIRECTION('',(0.,-0.865474821271,0.50095242663));
#8892 = DIRECTION('',(0.,0.50095242663,0.865474821271));
#8893 = DEFINITIONAL_REPRESENTATION('',(#8894),#8898);
#8894 = LINE('',#8895,#8896);
#8895 = CARTESIAN_POINT('',(-3.129166221156,-8.));
#8896 = VECTOR('',#8897,1.);
#8897 = DIRECTION('',(-1.,-0.));
#8898 = ( GEOMETRIC_REPRESENTATION_CONTEXT(2) 
PARAMETRIC_REPRESENTATION_CONTEXT() REPRESENTATION_CONTEXT('2D SPACE',''
  ) );
#8899 = ORIENTED_EDGE('',*,*,#8900,.T.);
#8900 = EDGE_CURVE('',#8873,#8901,#8903,.T.);
#8901 = VERTEX_POINT('',#8902);
#8902 = CARTESIAN_POINT('',(65.,282.51254400607,-149.0421819246));
#8903 = SURFACE_CURVE('',#8904,(#8908,#8915),.PCURVE_S1.);
#8904 = LINE('',#8905,#8906);
#8905 = CARTESIAN_POINT('',(65.,279.53067614582,-149.0389015194));
#8906 = VECTOR('',#8907,1.);
#8907 = DIRECTION('',(0.,-0.999999394871,1.100116913194E-03));
#8908 = PCURVE('',#7682,#8909);
#8909 = DEFINITIONAL_REPRESENTATION('',(#8910),#8914);
#8910 = LINE('',#8911,#8912);
#8911 = CARTESIAN_POINT('',(1.35,-2.981869664662));
#8912 = VECTOR('',#8913,1.);
#8913 = DIRECTION('',(6.323067069935E-16,1.));
#8914 = ( GEOMETRIC_REPRESENTATION_CONTEXT(2) 
PARAMETRIC_REPRESENTATION_CONTEXT() REPRESENTATION_CONTEXT('2D SPACE',''
  ) );
#8915 = PCURVE('',#8916,#8921);
#8916 = PLANE('',#8917);
#8917 = AXIS2_PLACEMENT_3D('',#8918,#8919,#8920);
#8918 = CARTESIAN_POINT('',(57.,282.51254400607,-149.0421819246));
#8919 = DIRECTION('',(0.,1.100116913194E-03,0.999999394871));
#8920 = DIRECTION('',(0.,0.999999394871,-1.100116913194E-03));
#8921 = DEFINITIONAL_REPRESENTATION('',(#8922),#8926);
#8922 = LINE('',#8923,#8924);
#8923 = CARTESIAN_POINT('',(-2.981869664662,-8.));
#8924 = VECTOR('',#8925,1.);
#8925 = DIRECTION('',(-1.,-0.));
#8926 = ( GEOMETRIC_REPRESENTATION_CONTEXT(2) 
PARAMETRIC_REPRESENTATION_CONTEXT() REPRESENTATION_CONTEXT('2D SPACE',''
  ) );
#8927 = ORIENTED_EDGE('',*,*,#8928,.T.);
#8928 = EDGE_CURVE('',#8901,#8929,#8931,.T.);
#8929 = VERTEX_POINT('',#8930);
#8930 = CARTESIAN_POINT('',(65.,280.40923222546,-145.3898658256));
#8931 = SURFACE_CURVE('',#8932,(#8936,#8943),.PCURVE_S1.);
#8932 = LINE('',#8933,#8934);
#8933 = CARTESIAN_POINT('',(65.,281.00856807056,-146.4305883547));
#8934 = VECTOR('',#8935,1.);
#8935 = DIRECTION('',(0.,-0.499046968242,0.866574938184));
#8936 = PCURVE('',#7682,#8937);
#8937 = DEFINITIONAL_REPRESENTATION('',(#8938),#8942);
#8938 = LINE('',#8939,#8940);
#8939 = CARTESIAN_POINT('',(3.959937440186,-4.456891245664));
#8940 = VECTOR('',#8941,1.);
#8941 = DIRECTION('',(0.866025403784,0.5));
#8942 = ( GEOMETRIC_REPRESENTATION_CONTEXT(2) 
PARAMETRIC_REPRESENTATION_CONTEXT() REPRESENTATION_CONTEXT('2D SPACE',''
  ) );
#8943 = PCURVE('',#8944,#8949);
#8944 = PLANE('',#8945);
#8945 = AXIS2_PLACEMENT_3D('',#8946,#8947,#8948);
#8946 = CARTESIAN_POINT('',(57.,280.40923222546,-145.3898658256));
#8947 = DIRECTION('',(0.,0.866574938184,0.499046968242));
#8948 = DIRECTION('',(0.,0.499046968242,-0.866574938184));
#8949 = DEFINITIONAL_REPRESENTATION('',(#8950),#8954);
#8950 = LINE('',#8951,#8952);
#8951 = CARTESIAN_POINT('',(1.200960797766,-8.));
#8952 = VECTOR('',#8953,1.);
#8953 = DIRECTION('',(-1.,-0.));
#8954 = ( GEOMETRIC_REPRESENTATION_CONTEXT(2) 
PARAMETRIC_REPRESENTATION_CONTEXT() REPRESENTATION_CONTEXT('2D SPACE',''
  ) );
#8955 = ORIENTED_EDGE('',*,*,#8956,.T.);
#8956 = EDGE_CURVE('',#8929,#8815,#8957,.T.);
#8957 = SURFACE_CURVE('',#8958,(#8962,#8969),.PCURVE_S1.);
#8958 = LINE('',#8959,#8960);
#8959 = CARTESIAN_POINT('',(65.,279.89734013068,-146.2742406598));
#8960 = VECTOR('',#8961,1.);
#8961 = DIRECTION('',(0.,0.50095242663,0.865474821271));
#8962 = PCURVE('',#7682,#8963);
#8963 = DEFINITIONAL_REPRESENTATION('',(#8964),#8968);
#8964 = LINE('',#8965,#8966);
#8965 = CARTESIAN_POINT('',(4.115062559814,-3.345491977474));
#8966 = VECTOR('',#8967,1.);
#8967 = DIRECTION('',(0.866025403784,-0.5));
#8968 = ( GEOMETRIC_REPRESENTATION_CONTEXT(2) 
PARAMETRIC_REPRESENTATION_CONTEXT() REPRESENTATION_CONTEXT('2D SPACE',''
  ) );
#8969 = PCURVE('',#8970,#8975);
#8970 = PLANE('',#8971);
#8971 = AXIS2_PLACEMENT_3D('',#8972,#8973,#8974);
#8972 = CARTESIAN_POINT('',(57.,282.52057485953,-141.742186342));
#8973 = DIRECTION('',(0.,0.865474821271,-0.50095242663));
#8974 = DIRECTION('',(0.,-0.50095242663,-0.865474821271));
#8975 = DEFINITIONAL_REPRESENTATION('',(#8976),#8980);
#8976 = LINE('',#8977,#8978);
#8977 = CARTESIAN_POINT('',(5.236494703699,-8.));
#8978 = VECTOR('',#8979,1.);
#8979 = DIRECTION('',(-1.,0.));
#8980 = ( GEOMETRIC_REPRESENTATION_CONTEXT(2) 
PARAMETRIC_REPRESENTATION_CONTEXT() REPRESENTATION_CONTEXT('2D SPACE',''
  ) );
#8981 = ADVANCED_FACE('',(#8982),#7736,.F.);
#8982 = FACE_BOUND('',#8983,.T.);
#8983 = EDGE_LOOP('',(#8984,#9005,#9006,#9027));
#8984 = ORIENTED_EDGE('',*,*,#8985,.F.);
#8985 = EDGE_CURVE('',#8183,#7720,#8986,.T.);
#8986 = SURFACE_CURVE('',#8987,(#8991,#8998),.PCURVE_S1.);
#8987 = LINE('',#8988,#8989);
#8988 = CARTESIAN_POINT('',(55.,223.68839062037,-151.3274698615));
#8989 = VECTOR('',#8990,1.);
#8990 = DIRECTION('',(0.,1.100116913194E-03,0.999999394871));
#8991 = PCURVE('',#7736,#8992);
#8992 = DEFINITIONAL_REPRESENTATION('',(#8993),#8997);
#8993 = LINE('',#8994,#8995);
#8994 = CARTESIAN_POINT('',(-0.,0.));
#8995 = VECTOR('',#8996,1.);
#8996 = DIRECTION('',(-0.,1.));
#8997 = ( GEOMETRIC_REPRESENTATION_CONTEXT(2) 
PARAMETRIC_REPRESENTATION_CONTEXT() REPRESENTATION_CONTEXT('2D SPACE',''
  ) );
#8998 = PCURVE('',#7933,#8999);
#8999 = DEFINITIONAL_REPRESENTATION('',(#9000),#9004);
#9000 = LINE('',#9001,#9002);
#9001 = CARTESIAN_POINT('',(3.988129271271E-15,-6.));
#9002 = VECTOR('',#9003,1.);
#9003 = DIRECTION('',(1.,0.));
#9004 = ( GEOMETRIC_REPRESENTATION_CONTEXT(2) 
PARAMETRIC_REPRESENTATION_CONTEXT() REPRESENTATION_CONTEXT('2D SPACE',''
  ) );
#9005 = ORIENTED_EDGE('',*,*,#8180,.F.);
#9006 = ORIENTED_EDGE('',*,*,#9007,.T.);
#9007 = EDGE_CURVE('',#8181,#7718,#9008,.T.);
#9008 = SURFACE_CURVE('',#9009,(#9013,#9020),.PCURVE_S1.);
#9009 = LINE('',#9010,#9011);
#9010 = CARTESIAN_POINT('',(49.,217.68839425115,-151.32086916));
#9011 = VECTOR('',#9012,1.);
#9012 = DIRECTION('',(0.,1.100116913194E-03,0.999999394871));
#9013 = PCURVE('',#7736,#9014);
#9014 = DEFINITIONAL_REPRESENTATION('',(#9015),#9019);
#9015 = LINE('',#9016,#9017);
#9016 = CARTESIAN_POINT('',(-1.570796326795,0.));
#9017 = VECTOR('',#9018,1.);
#9018 = DIRECTION('',(-0.,1.));
#9019 = ( GEOMETRIC_REPRESENTATION_CONTEXT(2) 
PARAMETRIC_REPRESENTATION_CONTEXT() REPRESENTATION_CONTEXT('2D SPACE',''
  ) );
#9020 = PCURVE('',#7764,#9021);
#9021 = DEFINITIONAL_REPRESENTATION('',(#9022),#9026);
#9022 = LINE('',#9023,#9024);
#9023 = CARTESIAN_POINT('',(0.,39.));
#9024 = VECTOR('',#9025,1.);
#9025 = DIRECTION('',(1.,0.));
#9026 = ( GEOMETRIC_REPRESENTATION_CONTEXT(2) 
PARAMETRIC_REPRESENTATION_CONTEXT() REPRESENTATION_CONTEXT('2D SPACE',''
  ) );
#9027 = ORIENTED_EDGE('',*,*,#7717,.T.);
#9028 = ADVANCED_FACE('',(#9029),#7764,.T.);
#9029 = FACE_BOUND('',#9030,.T.);
#9030 = EDGE_LOOP('',(#9031,#9032,#9053,#9054));
#9031 = ORIENTED_EDGE('',*,*,#8206,.T.);
#9032 = ORIENTED_EDGE('',*,*,#9033,.T.);
#9033 = EDGE_CURVE('',#8207,#7749,#9034,.T.);
#9034 = SURFACE_CURVE('',#9035,(#9039,#9046),.PCURVE_S1.);
#9035 = LINE('',#9036,#9037);
#9036 = CARTESIAN_POINT('',(16.,217.68839425115,-151.32086916));
#9037 = VECTOR('',#9038,1.);
#9038 = DIRECTION('',(0.,1.100116913194E-03,0.999999394871));
#9039 = PCURVE('',#7764,#9040);
#9040 = DEFINITIONAL_REPRESENTATION('',(#9041),#9045);
#9041 = LINE('',#9042,#9043);
#9042 = CARTESIAN_POINT('',(0.,6.));
#9043 = VECTOR('',#9044,1.);
#9044 = DIRECTION('',(1.,0.));
#9045 = ( GEOMETRIC_REPRESENTATION_CONTEXT(2) 
PARAMETRIC_REPRESENTATION_CONTEXT() REPRESENTATION_CONTEXT('2D SPACE',''
  ) );
#9046 = PCURVE('',#7793,#9047);
#9047 = DEFINITIONAL_REPRESENTATION('',(#9048),#9052);
#9048 = LINE('',#9049,#9050);
#9049 = CARTESIAN_POINT('',(1.570796326795,0.));
#9050 = VECTOR('',#9051,1.);
#9051 = DIRECTION('',(0.,1.));
#9052 = ( GEOMETRIC_REPRESENTATION_CONTEXT(2) 
PARAMETRIC_REPRESENTATION_CONTEXT() REPRESENTATION_CONTEXT('2D SPACE',''
  ) );
#9053 = ORIENTED_EDGE('',*,*,#7748,.F.);
#9054 = ORIENTED_EDGE('',*,*,#9007,.F.);
#9055 = ADVANCED_FACE('',(#9056),#7793,.F.);
#9056 = FACE_BOUND('',#9057,.F.);
#9057 = EDGE_LOOP('',(#9058,#9079,#9080,#9081));
#9058 = ORIENTED_EDGE('',*,*,#9059,.F.);
#9059 = EDGE_CURVE('',#8230,#7777,#9060,.T.);
#9060 = SURFACE_CURVE('',#9061,(#9065,#9072),.PCURVE_S1.);
#9061 = LINE('',#9062,#9063);
#9062 = CARTESIAN_POINT('',(10.,223.68839062037,-151.3274698615));
#9063 = VECTOR('',#9064,1.);
#9064 = DIRECTION('',(0.,1.100116913194E-03,0.999999394871));
#9065 = PCURVE('',#7793,#9066);
#9066 = DEFINITIONAL_REPRESENTATION('',(#9067),#9071);
#9067 = LINE('',#9068,#9069);
#9068 = CARTESIAN_POINT('',(0.,0.));
#9069 = VECTOR('',#9070,1.);
#9070 = DIRECTION('',(0.,1.));
#9071 = ( GEOMETRIC_REPRESENTATION_CONTEXT(2) 
PARAMETRIC_REPRESENTATION_CONTEXT() REPRESENTATION_CONTEXT('2D SPACE',''
  ) );
#9072 = PCURVE('',#7821,#9073);
#9073 = DEFINITIONAL_REPRESENTATION('',(#9074),#9078);
#9074 = LINE('',#9075,#9076);
#9075 = CARTESIAN_POINT('',(3.988129271271E-15,-6.));
#9076 = VECTOR('',#9077,1.);
#9077 = DIRECTION('',(1.,0.));
#9078 = ( GEOMETRIC_REPRESENTATION_CONTEXT(2) 
PARAMETRIC_REPRESENTATION_CONTEXT() REPRESENTATION_CONTEXT('2D SPACE',''
  ) );
#9079 = ORIENTED_EDGE('',*,*,#8229,.T.);
#9080 = ORIENTED_EDGE('',*,*,#9033,.T.);
#9081 = ORIENTED_EDGE('',*,*,#7776,.F.);
#9082 = ADVANCED_FACE('',(#9083),#7821,.T.);
#9083 = FACE_BOUND('',#9084,.T.);
#9084 = EDGE_LOOP('',(#9085,#9086,#9087,#9088));
#9085 = ORIENTED_EDGE('',*,*,#7805,.F.);
#9086 = ORIENTED_EDGE('',*,*,#9059,.F.);
#9087 = ORIENTED_EDGE('',*,*,#8253,.T.);
#9088 = ORIENTED_EDGE('',*,*,#9089,.T.);
#9089 = EDGE_CURVE('',#8254,#7806,#9090,.T.);
#9090 = SURFACE_CURVE('',#9091,(#9095,#9102),.PCURVE_S1.);
#9091 = LINE('',#9092,#9093);
#9092 = CARTESIAN_POINT('',(10.,260.54623269289,-151.3680178214));
#9093 = VECTOR('',#9094,1.);
#9094 = DIRECTION('',(0.,1.100116913194E-03,0.999999394871));
#9095 = PCURVE('',#7821,#9096);
#9096 = DEFINITIONAL_REPRESENTATION('',(#9097),#9101);
#9097 = LINE('',#9098,#9099);
#9098 = CARTESIAN_POINT('',(-4.024558464266E-16,-42.85786437626));
#9099 = VECTOR('',#9100,1.);
#9100 = DIRECTION('',(1.,0.));
#9101 = ( GEOMETRIC_REPRESENTATION_CONTEXT(2) 
PARAMETRIC_REPRESENTATION_CONTEXT() REPRESENTATION_CONTEXT('2D SPACE',''
  ) );
#9102 = PCURVE('',#7850,#9103);
#9103 = DEFINITIONAL_REPRESENTATION('',(#9104),#9108);
#9104 = LINE('',#9105,#9106);
#9105 = CARTESIAN_POINT('',(-0.,0.));
#9106 = VECTOR('',#9107,1.);
#9107 = DIRECTION('',(-0.,1.));
#9108 = ( GEOMETRIC_REPRESENTATION_CONTEXT(2) 
PARAMETRIC_REPRESENTATION_CONTEXT() REPRESENTATION_CONTEXT('2D SPACE',''
  ) );
#9109 = ADVANCED_FACE('',(#9110),#7850,.F.);
#9110 = FACE_BOUND('',#9111,.T.);
#9111 = EDGE_LOOP('',(#9112,#9113,#9114,#9135));
#9112 = ORIENTED_EDGE('',*,*,#9089,.F.);
#9113 = ORIENTED_EDGE('',*,*,#8276,.F.);
#9114 = ORIENTED_EDGE('',*,*,#9115,.T.);
#9115 = EDGE_CURVE('',#8277,#7834,#9116,.T.);
#9116 = SURFACE_CURVE('',#9117,(#9121,#9128),.PCURVE_S1.);
#9117 = LINE('',#9118,#9119);
#9118 = CARTESIAN_POINT('',(16.,266.54622906212,-151.3746185229));
#9119 = VECTOR('',#9120,1.);
#9120 = DIRECTION('',(0.,1.100116913194E-03,0.999999394871));
#9121 = PCURVE('',#7850,#9122);
#9122 = DEFINITIONAL_REPRESENTATION('',(#9123),#9127);
#9123 = LINE('',#9124,#9125);
#9124 = CARTESIAN_POINT('',(-1.570796326795,0.));
#9125 = VECTOR('',#9126,1.);
#9126 = DIRECTION('',(-0.,1.));
#9127 = ( GEOMETRIC_REPRESENTATION_CONTEXT(2) 
PARAMETRIC_REPRESENTATION_CONTEXT() REPRESENTATION_CONTEXT('2D SPACE',''
  ) );
#9128 = PCURVE('',#7878,#9129);
#9129 = DEFINITIONAL_REPRESENTATION('',(#9130),#9134);
#9130 = LINE('',#9131,#9132);
#9131 = CARTESIAN_POINT('',(0.,6.));
#9132 = VECTOR('',#9133,1.);
#9133 = DIRECTION('',(1.,0.));
#9134 = ( GEOMETRIC_REPRESENTATION_CONTEXT(2) 
PARAMETRIC_REPRESENTATION_CONTEXT() REPRESENTATION_CONTEXT('2D SPACE',''
  ) );
#9135 = ORIENTED_EDGE('',*,*,#7833,.T.);
#9136 = ADVANCED_FACE('',(#9137),#7878,.F.);
#9137 = FACE_BOUND('',#9138,.F.);
#9138 = EDGE_LOOP('',(#9139,#9140,#9141,#9142));
#9139 = ORIENTED_EDGE('',*,*,#8300,.T.);
#9140 = ORIENTED_EDGE('',*,*,#9115,.T.);
#9141 = ORIENTED_EDGE('',*,*,#7862,.F.);
#9142 = ORIENTED_EDGE('',*,*,#9143,.F.);
#9143 = EDGE_CURVE('',#8301,#7863,#9144,.T.);
#9144 = SURFACE_CURVE('',#9145,(#9149,#9156),.PCURVE_S1.);
#9145 = LINE('',#9146,#9147);
#9146 = CARTESIAN_POINT('',(49.,266.54622906212,-151.3746185229));
#9147 = VECTOR('',#9148,1.);
#9148 = DIRECTION('',(0.,1.100116913194E-03,0.999999394871));
#9149 = PCURVE('',#7878,#9150);
#9150 = DEFINITIONAL_REPRESENTATION('',(#9151),#9155);
#9151 = LINE('',#9152,#9153);
#9152 = CARTESIAN_POINT('',(0.,39.));
#9153 = VECTOR('',#9154,1.);
#9154 = DIRECTION('',(1.,0.));
#9155 = ( GEOMETRIC_REPRESENTATION_CONTEXT(2) 
PARAMETRIC_REPRESENTATION_CONTEXT() REPRESENTATION_CONTEXT('2D SPACE',''
  ) );
#9156 = PCURVE('',#7907,#9157);
#9157 = DEFINITIONAL_REPRESENTATION('',(#9158),#9162);
#9158 = LINE('',#9159,#9160);
#9159 = CARTESIAN_POINT('',(1.570796326795,0.));
#9160 = VECTOR('',#9161,1.);
#9161 = DIRECTION('',(0.,1.));
#9162 = ( GEOMETRIC_REPRESENTATION_CONTEXT(2) 
PARAMETRIC_REPRESENTATION_CONTEXT() REPRESENTATION_CONTEXT('2D SPACE',''
  ) );
#9163 = ADVANCED_FACE('',(#9164),#7907,.F.);
#9164 = FACE_BOUND('',#9165,.F.);
#9165 = EDGE_LOOP('',(#9166,#9187,#9188,#9189));
#9166 = ORIENTED_EDGE('',*,*,#9167,.F.);
#9167 = EDGE_CURVE('',#8324,#7891,#9168,.T.);
#9168 = SURFACE_CURVE('',#9169,(#9173,#9180),.PCURVE_S1.);
#9169 = LINE('',#9170,#9171);
#9170 = CARTESIAN_POINT('',(55.,260.54623269289,-151.3680178214));
#9171 = VECTOR('',#9172,1.);
#9172 = DIRECTION('',(0.,1.100116913194E-03,0.999999394871));
#9173 = PCURVE('',#7907,#9174);
#9174 = DEFINITIONAL_REPRESENTATION('',(#9175),#9179);
#9175 = LINE('',#9176,#9177);
#9176 = CARTESIAN_POINT('',(0.,0.));
#9177 = VECTOR('',#9178,1.);
#9178 = DIRECTION('',(0.,1.));
#9179 = ( GEOMETRIC_REPRESENTATION_CONTEXT(2) 
PARAMETRIC_REPRESENTATION_CONTEXT() REPRESENTATION_CONTEXT('2D SPACE',''
  ) );
#9180 = PCURVE('',#7933,#9181);
#9181 = DEFINITIONAL_REPRESENTATION('',(#9182),#9186);
#9182 = LINE('',#9183,#9184);
#9183 = CARTESIAN_POINT('',(-4.024558464266E-16,-42.85786437626));
#9184 = VECTOR('',#9185,1.);
#9185 = DIRECTION('',(1.,0.));
#9186 = ( GEOMETRIC_REPRESENTATION_CONTEXT(2) 
PARAMETRIC_REPRESENTATION_CONTEXT() REPRESENTATION_CONTEXT('2D SPACE',''
  ) );
#9187 = ORIENTED_EDGE('',*,*,#8323,.T.);
#9188 = ORIENTED_EDGE('',*,*,#9143,.T.);
#9189 = ORIENTED_EDGE('',*,*,#7890,.F.);
#9190 = ADVANCED_FACE('',(#9191),#7933,.F.);
#9191 = FACE_BOUND('',#9192,.F.);
#9192 = EDGE_LOOP('',(#9193,#9194,#9195,#9196));
#9193 = ORIENTED_EDGE('',*,*,#7919,.F.);
#9194 = ORIENTED_EDGE('',*,*,#8985,.F.);
#9195 = ORIENTED_EDGE('',*,*,#8347,.T.);
#9196 = ORIENTED_EDGE('',*,*,#9167,.T.);
#9197 = ADVANCED_FACE('',(#9198,#9338),#8438,.T.);
#9198 = FACE_BOUND('',#9199,.T.);
#9199 = EDGE_LOOP('',(#9200,#9225,#9248,#9271,#9294,#9317));
#9200 = ORIENTED_EDGE('',*,*,#9201,.T.);
#9201 = EDGE_CURVE('',#9202,#9204,#9206,.T.);
#9202 = VERTEX_POINT('',#9203);
#9203 = CARTESIAN_POINT('',(57.,288.83854105481,-145.3991390564));
#9204 = VERTEX_POINT('',#9205);
#9205 = CARTESIAN_POINT('',(57.,286.73522927421,-141.7468229575));
#9206 = SURFACE_CURVE('',#9207,(#9211,#9218),.PCURVE_S1.);
#9207 = LINE('',#9208,#9209);
#9208 = CARTESIAN_POINT('',(57.,288.83854105481,-145.3991390564));
#9209 = VECTOR('',#9210,1.);
#9210 = DIRECTION('',(0.,-0.499046968242,0.866574938184));
#9211 = PCURVE('',#8438,#9212);
#9212 = DEFINITIONAL_REPRESENTATION('',(#9213),#9217);
#9213 = LINE('',#9214,#9215);
#9214 = CARTESIAN_POINT('',(9.031837777673E-15,-4.214656965084));
#9215 = VECTOR('',#9216,1.);
#9216 = DIRECTION('',(0.866025403784,0.5));
#9217 = ( GEOMETRIC_REPRESENTATION_CONTEXT(2) 
PARAMETRIC_REPRESENTATION_CONTEXT() REPRESENTATION_CONTEXT('2D SPACE',''
  ) );
#9218 = PCURVE('',#8860,#9219);
#9219 = DEFINITIONAL_REPRESENTATION('',(#9220),#9224);
#9220 = LINE('',#9221,#9222);
#9221 = CARTESIAN_POINT('',(0.,0.));
#9222 = VECTOR('',#9223,1.);
#9223 = DIRECTION('',(1.,0.));
#9224 = ( GEOMETRIC_REPRESENTATION_CONTEXT(2) 
PARAMETRIC_REPRESENTATION_CONTEXT() REPRESENTATION_CONTEXT('2D SPACE',''
  ) );
#9225 = ORIENTED_EDGE('',*,*,#9226,.T.);
#9226 = EDGE_CURVE('',#9204,#9227,#9229,.T.);
#9227 = VERTEX_POINT('',#9228);
#9228 = CARTESIAN_POINT('',(57.,282.52057485953,-141.742186342));
#9229 = SURFACE_CURVE('',#9230,(#9234,#9241),.PCURVE_S1.);
#9230 = LINE('',#9231,#9232);
#9231 = CARTESIAN_POINT('',(57.,286.73522927421,-141.7468229575));
#9232 = VECTOR('',#9233,1.);
#9233 = DIRECTION('',(0.,-0.999999394871,1.100116913194E-03));
#9234 = PCURVE('',#8438,#9235);
#9235 = DEFINITIONAL_REPRESENTATION('',(#9236),#9240);
#9236 = LINE('',#9237,#9238);
#9237 = CARTESIAN_POINT('',(3.65,-2.107328482542));
#9238 = VECTOR('',#9239,1.);
#9239 = DIRECTION('',(1.053844511656E-16,1.));
#9240 = ( GEOMETRIC_REPRESENTATION_CONTEXT(2) 
PARAMETRIC_REPRESENTATION_CONTEXT() REPRESENTATION_CONTEXT('2D SPACE',''
  ) );
#9241 = PCURVE('',#8832,#9242);
#9242 = DEFINITIONAL_REPRESENTATION('',(#9243),#9247);
#9243 = LINE('',#9244,#9245);
#9244 = CARTESIAN_POINT('',(0.,0.));
#9245 = VECTOR('',#9246,1.);
#9246 = DIRECTION('',(1.,0.));
#9247 = ( GEOMETRIC_REPRESENTATION_CONTEXT(2) 
PARAMETRIC_REPRESENTATION_CONTEXT() REPRESENTATION_CONTEXT('2D SPACE',''
  ) );
#9248 = ORIENTED_EDGE('',*,*,#9249,.T.);
#9249 = EDGE_CURVE('',#9227,#9250,#9252,.T.);
#9250 = VERTEX_POINT('',#9251);
#9251 = CARTESIAN_POINT('',(57.,280.40923222546,-145.3898658256));
#9252 = SURFACE_CURVE('',#9253,(#9257,#9264),.PCURVE_S1.);
#9253 = LINE('',#9254,#9255);
#9254 = CARTESIAN_POINT('',(57.,282.52057485953,-141.742186342));
#9255 = VECTOR('',#9256,1.);
#9256 = DIRECTION('',(0.,-0.50095242663,-0.865474821271));
#9257 = PCURVE('',#8438,#9258);
#9258 = DEFINITIONAL_REPRESENTATION('',(#9259),#9263);
#9259 = LINE('',#9260,#9261);
#9260 = CARTESIAN_POINT('',(3.65,2.107328482542));
#9261 = VECTOR('',#9262,1.);
#9262 = DIRECTION('',(-0.866025403784,0.5));
#9263 = ( GEOMETRIC_REPRESENTATION_CONTEXT(2) 
PARAMETRIC_REPRESENTATION_CONTEXT() REPRESENTATION_CONTEXT('2D SPACE',''
  ) );
#9264 = PCURVE('',#8970,#9265);
#9265 = DEFINITIONAL_REPRESENTATION('',(#9266),#9270);
#9266 = LINE('',#9267,#9268);
#9267 = CARTESIAN_POINT('',(0.,0.));
#9268 = VECTOR('',#9269,1.);
#9269 = DIRECTION('',(1.,0.));
#9270 = ( GEOMETRIC_REPRESENTATION_CONTEXT(2) 
PARAMETRIC_REPRESENTATION_CONTEXT() REPRESENTATION_CONTEXT('2D SPACE',''
  ) );
#9271 = ORIENTED_EDGE('',*,*,#9272,.T.);
#9272 = EDGE_CURVE('',#9250,#9273,#9275,.T.);
#9273 = VERTEX_POINT('',#9274);
#9274 = CARTESIAN_POINT('',(57.,282.51254400607,-149.0421819246));
#9275 = SURFACE_CURVE('',#9276,(#9280,#9287),.PCURVE_S1.);
#9276 = LINE('',#9277,#9278);
#9277 = CARTESIAN_POINT('',(57.,280.40923222546,-145.3898658256));
#9278 = VECTOR('',#9279,1.);
#9279 = DIRECTION('',(0.,0.499046968242,-0.866574938184));
#9280 = PCURVE('',#8438,#9281);
#9281 = DEFINITIONAL_REPRESENTATION('',(#9282),#9286);
#9282 = LINE('',#9283,#9284);
#9283 = CARTESIAN_POINT('',(-9.031837777673E-15,4.214656965084));
#9284 = VECTOR('',#9285,1.);
#9285 = DIRECTION('',(-0.866025403784,-0.5));
#9286 = ( GEOMETRIC_REPRESENTATION_CONTEXT(2) 
PARAMETRIC_REPRESENTATION_CONTEXT() REPRESENTATION_CONTEXT('2D SPACE',''
  ) );
#9287 = PCURVE('',#8944,#9288);
#9288 = DEFINITIONAL_REPRESENTATION('',(#9289),#9293);
#9289 = LINE('',#9290,#9291);
#9290 = CARTESIAN_POINT('',(0.,0.));
#9291 = VECTOR('',#9292,1.);
#9292 = DIRECTION('',(1.,0.));
#9293 = ( GEOMETRIC_REPRESENTATION_CONTEXT(2) 
PARAMETRIC_REPRESENTATION_CONTEXT() REPRESENTATION_CONTEXT('2D SPACE',''
  ) );
#9294 = ORIENTED_EDGE('',*,*,#9295,.T.);
#9295 = EDGE_CURVE('',#9273,#9296,#9298,.T.);
#9296 = VERTEX_POINT('',#9297);
#9297 = CARTESIAN_POINT('',(57.,286.72719842074,-149.04681854));
#9298 = SURFACE_CURVE('',#9299,(#9303,#9310),.PCURVE_S1.);
#9299 = LINE('',#9300,#9301);
#9300 = CARTESIAN_POINT('',(57.,282.51254400607,-149.0421819246));
#9301 = VECTOR('',#9302,1.);
#9302 = DIRECTION('',(0.,0.999999394871,-1.100116913194E-03));
#9303 = PCURVE('',#8438,#9304);
#9304 = DEFINITIONAL_REPRESENTATION('',(#9305),#9309);
#9305 = LINE('',#9306,#9307);
#9306 = CARTESIAN_POINT('',(-3.65,2.107328482542));
#9307 = VECTOR('',#9308,1.);
#9308 = DIRECTION('',(-6.323067069935E-16,-1.));
#9309 = ( GEOMETRIC_REPRESENTATION_CONTEXT(2) 
PARAMETRIC_REPRESENTATION_CONTEXT() REPRESENTATION_CONTEXT('2D SPACE',''
  ) );
#9310 = PCURVE('',#8916,#9311);
#9311 = DEFINITIONAL_REPRESENTATION('',(#9312),#9316);
#9312 = LINE('',#9313,#9314);
#9313 = CARTESIAN_POINT('',(0.,0.));
#9314 = VECTOR('',#9315,1.);
#9315 = DIRECTION('',(1.,0.));
#9316 = ( GEOMETRIC_REPRESENTATION_CONTEXT(2) 
PARAMETRIC_REPRESENTATION_CONTEXT() REPRESENTATION_CONTEXT('2D SPACE',''
  ) );
#9317 = ORIENTED_EDGE('',*,*,#9318,.T.);
#9318 = EDGE_CURVE('',#9296,#9202,#9319,.T.);
#9319 = SURFACE_CURVE('',#9320,(#9324,#9331),.PCURVE_S1.);
#9320 = LINE('',#9321,#9322);
#9321 = CARTESIAN_POINT('',(57.,286.72719842074,-149.04681854));
#9322 = VECTOR('',#9323,1.);
#9323 = DIRECTION('',(0.,0.50095242663,0.865474821271));
#9324 = PCURVE('',#8438,#9325);
#9325 = DEFINITIONAL_REPRESENTATION('',(#9326),#9330);
#9326 = LINE('',#9327,#9328);
#9327 = CARTESIAN_POINT('',(-3.65,-2.107328482542));
#9328 = VECTOR('',#9329,1.);
#9329 = DIRECTION('',(0.866025403784,-0.5));
#9330 = ( GEOMETRIC_REPRESENTATION_CONTEXT(2) 
PARAMETRIC_REPRESENTATION_CONTEXT() REPRESENTATION_CONTEXT('2D SPACE',''
  ) );
#9331 = PCURVE('',#8888,#9332);
#9332 = DEFINITIONAL_REPRESENTATION('',(#9333),#9337);
#9333 = LINE('',#9334,#9335);
#9334 = CARTESIAN_POINT('',(0.,0.));
#9335 = VECTOR('',#9336,1.);
#9336 = DIRECTION('',(1.,0.));
#9337 = ( GEOMETRIC_REPRESENTATION_CONTEXT(2) 
PARAMETRIC_REPRESENTATION_CONTEXT() REPRESENTATION_CONTEXT('2D SPACE',''
  ) );
#9338 = FACE_BOUND('',#9339,.T.);
#9339 = EDGE_LOOP('',(#9340));
#9340 = ORIENTED_EDGE('',*,*,#8423,.T.);
#9341 = ADVANCED_FACE('',(#9342),#8504,.F.);
#9342 = FACE_BOUND('',#9343,.T.);
#9343 = EDGE_LOOP('',(#9344,#9377,#9398,#9399));
#9344 = ORIENTED_EDGE('',*,*,#9345,.T.);
#9345 = EDGE_CURVE('',#9346,#9346,#9348,.T.);
#9346 = VERTEX_POINT('',#9347);
#9347 = CARTESIAN_POINT('',(7.,286.82388530885,-145.3969226982));
#9348 = SURFACE_CURVE('',#9349,(#9354,#9361),.PCURVE_S1.);
#9349 = CIRCLE('',#9350,2.2);
#9350 = AXIS2_PLACEMENT_3D('',#9351,#9352,#9353);
#9351 = CARTESIAN_POINT('',(7.,284.62388664014,-145.394502441));
#9352 = DIRECTION('',(-1.,0.,-0.));
#9353 = DIRECTION('',(0.,0.999999394871,-1.100116913194E-03));
#9354 = PCURVE('',#8504,#9355);
#9355 = DEFINITIONAL_REPRESENTATION('',(#9356),#9360);
#9356 = LINE('',#9357,#9358);
#9357 = CARTESIAN_POINT('',(-6.28318530718,-8.));
#9358 = VECTOR('',#9359,1.);
#9359 = DIRECTION('',(1.,-0.));
#9360 = ( GEOMETRIC_REPRESENTATION_CONTEXT(2) 
PARAMETRIC_REPRESENTATION_CONTEXT() REPRESENTATION_CONTEXT('2D SPACE',''
  ) );
#9361 = PCURVE('',#9362,#9367);
#9362 = PLANE('',#9363);
#9363 = AXIS2_PLACEMENT_3D('',#9364,#9365,#9366);
#9364 = CARTESIAN_POINT('',(7.,284.62388664014,-145.394502441));
#9365 = DIRECTION('',(1.,0.,0.));
#9366 = DIRECTION('',(0.,1.100116913194E-03,0.999999394871));
#9367 = DEFINITIONAL_REPRESENTATION('',(#9368),#9376);
#9368 = ( BOUNDED_CURVE() B_SPLINE_CURVE(2,(#9369,#9370,#9371,#9372,
#9373,#9374,#9375),.UNSPECIFIED.,.T.,.F.) B_SPLINE_CURVE_WITH_KNOTS((1,2
    ,2,2,2,1),(-2.094395102393,0.,2.094395102393,4.188790204786,
6.28318530718,8.377580409573),.UNSPECIFIED.) CURVE() 
GEOMETRIC_REPRESENTATION_ITEM() RATIONAL_B_SPLINE_CURVE((1.,0.5,1.,0.5,
1.,0.5,1.)) REPRESENTATION_ITEM('') );
#9369 = CARTESIAN_POINT('',(0.,-2.2));
#9370 = CARTESIAN_POINT('',(-3.810511776652,-2.2));
#9371 = CARTESIAN_POINT('',(-1.905255888326,1.1));
#9372 = CARTESIAN_POINT('',(-5.388445916248E-16,4.4));
#9373 = CARTESIAN_POINT('',(1.905255888326,1.1));
#9374 = CARTESIAN_POINT('',(3.810511776652,-2.2));
#9375 = CARTESIAN_POINT('',(0.,-2.2));
#9376 = ( GEOMETRIC_REPRESENTATION_CONTEXT(2) 
PARAMETRIC_REPRESENTATION_CONTEXT() REPRESENTATION_CONTEXT('2D SPACE',''
  ) );
#9377 = ORIENTED_EDGE('',*,*,#9378,.T.);
#9378 = EDGE_CURVE('',#9346,#8484,#9379,.T.);
#9379 = SEAM_CURVE('',#9380,(#9384,#9391),.PCURVE_S1.);
#9380 = LINE('',#9381,#9382);
#9381 = CARTESIAN_POINT('',(-1.,286.82388530885,-145.3969226982));
#9382 = VECTOR('',#9383,1.);
#9383 = DIRECTION('',(1.,0.,0.));
#9384 = PCURVE('',#8504,#9385);
#9385 = DEFINITIONAL_REPRESENTATION('',(#9386),#9390);
#9386 = LINE('',#9387,#9388);
#9387 = CARTESIAN_POINT('',(-6.28318530718,0.));
#9388 = VECTOR('',#9389,1.);
#9389 = DIRECTION('',(-0.,-1.));
#9390 = ( GEOMETRIC_REPRESENTATION_CONTEXT(2) 
PARAMETRIC_REPRESENTATION_CONTEXT() REPRESENTATION_CONTEXT('2D SPACE',''
  ) );
#9391 = PCURVE('',#8504,#9392);
#9392 = DEFINITIONAL_REPRESENTATION('',(#9393),#9397);
#9393 = LINE('',#9394,#9395);
#9394 = CARTESIAN_POINT('',(-0.,0.));
#9395 = VECTOR('',#9396,1.);
#9396 = DIRECTION('',(-0.,-1.));
#9397 = ( GEOMETRIC_REPRESENTATION_CONTEXT(2) 
PARAMETRIC_REPRESENTATION_CONTEXT() REPRESENTATION_CONTEXT('2D SPACE',''
  ) );
#9398 = ORIENTED_EDGE('',*,*,#8483,.F.);
#9399 = ORIENTED_EDGE('',*,*,#9378,.F.);
#9400 = ADVANCED_FACE('',(#9401),#8593,.F.);
#9401 = FACE_BOUND('',#9402,.T.);
#9402 = EDGE_LOOP('',(#9403,#9404,#9427,#9449));
#9403 = ORIENTED_EDGE('',*,*,#8572,.T.);
#9404 = ORIENTED_EDGE('',*,*,#9405,.T.);
#9405 = EDGE_CURVE('',#8573,#9406,#9408,.T.);
#9406 = VERTEX_POINT('',#9407);
#9407 = CARTESIAN_POINT('',(7.,288.3738843709,-145.3986278795));
#9408 = SEAM_CURVE('',#9409,(#9413,#9420),.PCURVE_S1.);
#9409 = LINE('',#9410,#9411);
#9410 = CARTESIAN_POINT('',(-1.,288.3738843709,-145.3986278795));
#9411 = VECTOR('',#9412,1.);
#9412 = DIRECTION('',(1.,0.,0.));
#9413 = PCURVE('',#8593,#9414);
#9414 = DEFINITIONAL_REPRESENTATION('',(#9415),#9419);
#9415 = LINE('',#9416,#9417);
#9416 = CARTESIAN_POINT('',(-6.28318530718,0.));
#9417 = VECTOR('',#9418,1.);
#9418 = DIRECTION('',(-0.,-1.));
#9419 = ( GEOMETRIC_REPRESENTATION_CONTEXT(2) 
PARAMETRIC_REPRESENTATION_CONTEXT() REPRESENTATION_CONTEXT('2D SPACE',''
  ) );
#9420 = PCURVE('',#8593,#9421);
#9421 = DEFINITIONAL_REPRESENTATION('',(#9422),#9426);
#9422 = LINE('',#9423,#9424);
#9423 = CARTESIAN_POINT('',(-0.,0.));
#9424 = VECTOR('',#9425,1.);
#9425 = DIRECTION('',(-0.,-1.));
#9426 = ( GEOMETRIC_REPRESENTATION_CONTEXT(2) 
PARAMETRIC_REPRESENTATION_CONTEXT() REPRESENTATION_CONTEXT('2D SPACE',''
  ) );
#9427 = ORIENTED_EDGE('',*,*,#9428,.T.);
#9428 = EDGE_CURVE('',#9406,#9406,#9429,.T.);
#9429 = SURFACE_CURVE('',#9430,(#9435,#9442),.PCURVE_S1.);
#9430 = CIRCLE('',#9431,3.75);
#9431 = AXIS2_PLACEMENT_3D('',#9432,#9433,#9434);
#9432 = CARTESIAN_POINT('',(7.,284.62388664014,-145.394502441));
#9433 = DIRECTION('',(1.,-0.,0.));
#9434 = DIRECTION('',(0.,0.999999394871,-1.100116913194E-03));
#9435 = PCURVE('',#8593,#9436);
#9436 = DEFINITIONAL_REPRESENTATION('',(#9437),#9441);
#9437 = LINE('',#9438,#9439);
#9438 = CARTESIAN_POINT('',(-0.,-8.));
#9439 = VECTOR('',#9440,1.);
#9440 = DIRECTION('',(-1.,0.));
#9441 = ( GEOMETRIC_REPRESENTATION_CONTEXT(2) 
PARAMETRIC_REPRESENTATION_CONTEXT() REPRESENTATION_CONTEXT('2D SPACE',''
  ) );
#9442 = PCURVE('',#9362,#9443);
#9443 = DEFINITIONAL_REPRESENTATION('',(#9444),#9448);
#9444 = CIRCLE('',#9445,3.75);
#9445 = AXIS2_PLACEMENT_2D('',#9446,#9447);
#9446 = CARTESIAN_POINT('',(0.,0.));
#9447 = DIRECTION('',(0.,-1.));
#9448 = ( GEOMETRIC_REPRESENTATION_CONTEXT(2) 
PARAMETRIC_REPRESENTATION_CONTEXT() REPRESENTATION_CONTEXT('2D SPACE',''
  ) );
#9449 = ORIENTED_EDGE('',*,*,#9405,.F.);
#9450 = ADVANCED_FACE('',(#9451),#8682,.F.);
#9451 = FACE_BOUND('',#9452,.T.);
#9452 = EDGE_LOOP('',(#9453,#9454,#9475,#9476));
#9453 = ORIENTED_EDGE('',*,*,#8661,.T.);
#9454 = ORIENTED_EDGE('',*,*,#9455,.T.);
#9455 = EDGE_CURVE('',#8662,#8751,#9456,.T.);
#9456 = SEAM_CURVE('',#9457,(#9461,#9468),.PCURVE_S1.);
#9457 = LINE('',#9458,#9459);
#9458 = CARTESIAN_POINT('',(-1.,202.12393656326,-145.3037427957));
#9459 = VECTOR('',#9460,1.);
#9460 = DIRECTION('',(1.,0.,0.));
#9461 = PCURVE('',#8682,#9462);
#9462 = DEFINITIONAL_REPRESENTATION('',(#9463),#9467);
#9463 = LINE('',#9464,#9465);
#9464 = CARTESIAN_POINT('',(-6.28318530718,0.));
#9465 = VECTOR('',#9466,1.);
#9466 = DIRECTION('',(-0.,-1.));
#9467 = ( GEOMETRIC_REPRESENTATION_CONTEXT(2) 
PARAMETRIC_REPRESENTATION_CONTEXT() REPRESENTATION_CONTEXT('2D SPACE',''
  ) );
#9468 = PCURVE('',#8682,#9469);
#9469 = DEFINITIONAL_REPRESENTATION('',(#9470),#9474);
#9470 = LINE('',#9471,#9472);
#9471 = CARTESIAN_POINT('',(-0.,0.));
#9472 = VECTOR('',#9473,1.);
#9473 = DIRECTION('',(-0.,-1.));
#9474 = ( GEOMETRIC_REPRESENTATION_CONTEXT(2) 
PARAMETRIC_REPRESENTATION_CONTEXT() REPRESENTATION_CONTEXT('2D SPACE',''
  ) );
#9475 = ORIENTED_EDGE('',*,*,#8750,.F.);
#9476 = ORIENTED_EDGE('',*,*,#9455,.F.);
#9477 = ADVANCED_FACE('',(#9478),#8832,.T.);
#9478 = FACE_BOUND('',#9479,.T.);
#9479 = EDGE_LOOP('',(#9480,#9481,#9502,#9503));
#9480 = ORIENTED_EDGE('',*,*,#9226,.F.);
#9481 = ORIENTED_EDGE('',*,*,#9482,.T.);
#9482 = EDGE_CURVE('',#9204,#8817,#9483,.T.);
#9483 = SURFACE_CURVE('',#9484,(#9488,#9495),.PCURVE_S1.);
#9484 = LINE('',#9485,#9486);
#9485 = CARTESIAN_POINT('',(57.,286.73522927421,-141.7468229575));
#9486 = VECTOR('',#9487,1.);
#9487 = DIRECTION('',(1.,0.,0.));
#9488 = PCURVE('',#8832,#9489);
#9489 = DEFINITIONAL_REPRESENTATION('',(#9490),#9494);
#9490 = LINE('',#9491,#9492);
#9491 = CARTESIAN_POINT('',(0.,0.));
#9492 = VECTOR('',#9493,1.);
#9493 = DIRECTION('',(0.,-1.));
#9494 = ( GEOMETRIC_REPRESENTATION_CONTEXT(2) 
PARAMETRIC_REPRESENTATION_CONTEXT() REPRESENTATION_CONTEXT('2D SPACE',''
  ) );
#9495 = PCURVE('',#8860,#9496);
#9496 = DEFINITIONAL_REPRESENTATION('',(#9497),#9501);
#9497 = LINE('',#9498,#9499);
#9498 = CARTESIAN_POINT('',(4.214656965084,0.));
#9499 = VECTOR('',#9500,1.);
#9500 = DIRECTION('',(0.,-1.));
#9501 = ( GEOMETRIC_REPRESENTATION_CONTEXT(2) 
PARAMETRIC_REPRESENTATION_CONTEXT() REPRESENTATION_CONTEXT('2D SPACE',''
  ) );
#9502 = ORIENTED_EDGE('',*,*,#8814,.F.);
#9503 = ORIENTED_EDGE('',*,*,#9504,.F.);
#9504 = EDGE_CURVE('',#9227,#8815,#9505,.T.);
#9505 = SURFACE_CURVE('',#9506,(#9510,#9517),.PCURVE_S1.);
#9506 = LINE('',#9507,#9508);
#9507 = CARTESIAN_POINT('',(57.,282.52057485953,-141.742186342));
#9508 = VECTOR('',#9509,1.);
#9509 = DIRECTION('',(1.,0.,0.));
#9510 = PCURVE('',#8832,#9511);
#9511 = DEFINITIONAL_REPRESENTATION('',(#9512),#9516);
#9512 = LINE('',#9513,#9514);
#9513 = CARTESIAN_POINT('',(4.214656965084,0.));
#9514 = VECTOR('',#9515,1.);
#9515 = DIRECTION('',(0.,-1.));
#9516 = ( GEOMETRIC_REPRESENTATION_CONTEXT(2) 
PARAMETRIC_REPRESENTATION_CONTEXT() REPRESENTATION_CONTEXT('2D SPACE',''
  ) );
#9517 = PCURVE('',#8970,#9518);
#9518 = DEFINITIONAL_REPRESENTATION('',(#9519),#9523);
#9519 = LINE('',#9520,#9521);
#9520 = CARTESIAN_POINT('',(0.,0.));
#9521 = VECTOR('',#9522,1.);
#9522 = DIRECTION('',(0.,-1.));
#9523 = ( GEOMETRIC_REPRESENTATION_CONTEXT(2) 
PARAMETRIC_REPRESENTATION_CONTEXT() REPRESENTATION_CONTEXT('2D SPACE',''
  ) );
#9524 = ADVANCED_FACE('',(#9525),#8970,.T.);
#9525 = FACE_BOUND('',#9526,.T.);
#9526 = EDGE_LOOP('',(#9527,#9528,#9529,#9530));
#9527 = ORIENTED_EDGE('',*,*,#9249,.F.);
#9528 = ORIENTED_EDGE('',*,*,#9504,.T.);
#9529 = ORIENTED_EDGE('',*,*,#8956,.F.);
#9530 = ORIENTED_EDGE('',*,*,#9531,.F.);
#9531 = EDGE_CURVE('',#9250,#8929,#9532,.T.);
#9532 = SURFACE_CURVE('',#9533,(#9537,#9544),.PCURVE_S1.);
#9533 = LINE('',#9534,#9535);
#9534 = CARTESIAN_POINT('',(57.,280.40923222546,-145.3898658256));
#9535 = VECTOR('',#9536,1.);
#9536 = DIRECTION('',(1.,0.,0.));
#9537 = PCURVE('',#8970,#9538);
#9538 = DEFINITIONAL_REPRESENTATION('',(#9539),#9543);
#9539 = LINE('',#9540,#9541);
#9540 = CARTESIAN_POINT('',(4.214656965084,0.));
#9541 = VECTOR('',#9542,1.);
#9542 = DIRECTION('',(0.,-1.));
#9543 = ( GEOMETRIC_REPRESENTATION_CONTEXT(2) 
PARAMETRIC_REPRESENTATION_CONTEXT() REPRESENTATION_CONTEXT('2D SPACE',''
  ) );
#9544 = PCURVE('',#8944,#9545);
#9545 = DEFINITIONAL_REPRESENTATION('',(#9546),#9550);
#9546 = LINE('',#9547,#9548);
#9547 = CARTESIAN_POINT('',(0.,0.));
#9548 = VECTOR('',#9549,1.);
#9549 = DIRECTION('',(0.,-1.));
#9550 = ( GEOMETRIC_REPRESENTATION_CONTEXT(2) 
PARAMETRIC_REPRESENTATION_CONTEXT() REPRESENTATION_CONTEXT('2D SPACE',''
  ) );
#9551 = ADVANCED_FACE('',(#9552),#8944,.T.);
#9552 = FACE_BOUND('',#9553,.T.);
#9553 = EDGE_LOOP('',(#9554,#9555,#9556,#9557));
#9554 = ORIENTED_EDGE('',*,*,#9272,.F.);
#9555 = ORIENTED_EDGE('',*,*,#9531,.T.);
#9556 = ORIENTED_EDGE('',*,*,#8928,.F.);
#9557 = ORIENTED_EDGE('',*,*,#9558,.F.);
#9558 = EDGE_CURVE('',#9273,#8901,#9559,.T.);
#9559 = SURFACE_CURVE('',#9560,(#9564,#9571),.PCURVE_S1.);
#9560 = LINE('',#9561,#9562);
#9561 = CARTESIAN_POINT('',(57.,282.51254400607,-149.0421819246));
#9562 = VECTOR('',#9563,1.);
#9563 = DIRECTION('',(1.,0.,0.));
#9564 = PCURVE('',#8944,#9565);
#9565 = DEFINITIONAL_REPRESENTATION('',(#9566),#9570);
#9566 = LINE('',#9567,#9568);
#9567 = CARTESIAN_POINT('',(4.214656965084,0.));
#9568 = VECTOR('',#9569,1.);
#9569 = DIRECTION('',(0.,-1.));
#9570 = ( GEOMETRIC_REPRESENTATION_CONTEXT(2) 
PARAMETRIC_REPRESENTATION_CONTEXT() REPRESENTATION_CONTEXT('2D SPACE',''
  ) );
#9571 = PCURVE('',#8916,#9572);
#9572 = DEFINITIONAL_REPRESENTATION('',(#9573),#9577);
#9573 = LINE('',#9574,#9575);
#9574 = CARTESIAN_POINT('',(0.,0.));
#9575 = VECTOR('',#9576,1.);
#9576 = DIRECTION('',(0.,-1.));
#9577 = ( GEOMETRIC_REPRESENTATION_CONTEXT(2) 
PARAMETRIC_REPRESENTATION_CONTEXT() REPRESENTATION_CONTEXT('2D SPACE',''
  ) );
#9578 = ADVANCED_FACE('',(#9579),#8916,.T.);
#9579 = FACE_BOUND('',#9580,.T.);
#9580 = EDGE_LOOP('',(#9581,#9582,#9583,#9584));
#9581 = ORIENTED_EDGE('',*,*,#9295,.F.);
#9582 = ORIENTED_EDGE('',*,*,#9558,.T.);
#9583 = ORIENTED_EDGE('',*,*,#8900,.F.);
#9584 = ORIENTED_EDGE('',*,*,#9585,.F.);
#9585 = EDGE_CURVE('',#9296,#8873,#9586,.T.);
#9586 = SURFACE_CURVE('',#9587,(#9591,#9598),.PCURVE_S1.);
#9587 = LINE('',#9588,#9589);
#9588 = CARTESIAN_POINT('',(57.,286.72719842074,-149.04681854));
#9589 = VECTOR('',#9590,1.);
#9590 = DIRECTION('',(1.,0.,0.));
#9591 = PCURVE('',#8916,#9592);
#9592 = DEFINITIONAL_REPRESENTATION('',(#9593),#9597);
#9593 = LINE('',#9594,#9595);
#9594 = CARTESIAN_POINT('',(4.214656965084,0.));
#9595 = VECTOR('',#9596,1.);
#9596 = DIRECTION('',(0.,-1.));
#9597 = ( GEOMETRIC_REPRESENTATION_CONTEXT(2) 
PARAMETRIC_REPRESENTATION_CONTEXT() REPRESENTATION_CONTEXT('2D SPACE',''
  ) );
#9598 = PCURVE('',#8888,#9599);
#9599 = DEFINITIONAL_REPRESENTATION('',(#9600),#9604);
#9600 = LINE('',#9601,#9602);
#9601 = CARTESIAN_POINT('',(0.,0.));
#9602 = VECTOR('',#9603,1.);
#9603 = DIRECTION('',(0.,-1.));
#9604 = ( GEOMETRIC_REPRESENTATION_CONTEXT(2) 
PARAMETRIC_REPRESENTATION_CONTEXT() REPRESENTATION_CONTEXT('2D SPACE',''
  ) );
#9605 = ADVANCED_FACE('',(#9606),#8888,.T.);
#9606 = FACE_BOUND('',#9607,.T.);
#9607 = EDGE_LOOP('',(#9608,#9609,#9610,#9611));
#9608 = ORIENTED_EDGE('',*,*,#9318,.F.);
#9609 = ORIENTED_EDGE('',*,*,#9585,.T.);
#9610 = ORIENTED_EDGE('',*,*,#8872,.F.);
#9611 = ORIENTED_EDGE('',*,*,#9612,.F.);
#9612 = EDGE_CURVE('',#9202,#8845,#9613,.T.);
#9613 = SURFACE_CURVE('',#9614,(#9618,#9625),.PCURVE_S1.);
#9614 = LINE('',#9615,#9616);
#9615 = CARTESIAN_POINT('',(57.,288.83854105481,-145.3991390564));
#9616 = VECTOR('',#9617,1.);
#9617 = DIRECTION('',(1.,0.,0.));
#9618 = PCURVE('',#8888,#9619);
#9619 = DEFINITIONAL_REPRESENTATION('',(#9620),#9624);
#9620 = LINE('',#9621,#9622);
#9621 = CARTESIAN_POINT('',(4.214656965084,0.));
#9622 = VECTOR('',#9623,1.);
#9623 = DIRECTION('',(0.,-1.));
#9624 = ( GEOMETRIC_REPRESENTATION_CONTEXT(2) 
PARAMETRIC_REPRESENTATION_CONTEXT() REPRESENTATION_CONTEXT('2D SPACE',''
  ) );
#9625 = PCURVE('',#8860,#9626);
#9626 = DEFINITIONAL_REPRESENTATION('',(#9627),#9631);
#9627 = LINE('',#9628,#9629);
#9628 = CARTESIAN_POINT('',(0.,0.));
#9629 = VECTOR('',#9630,1.);
#9630 = DIRECTION('',(0.,-1.));
#9631 = ( GEOMETRIC_REPRESENTATION_CONTEXT(2) 
PARAMETRIC_REPRESENTATION_CONTEXT() REPRESENTATION_CONTEXT('2D SPACE',''
  ) );
#9632 = ADVANCED_FACE('',(#9633),#8860,.T.);
#9633 = FACE_BOUND('',#9634,.T.);
#9634 = EDGE_LOOP('',(#9635,#9636,#9637,#9638));
#9635 = ORIENTED_EDGE('',*,*,#9201,.F.);
#9636 = ORIENTED_EDGE('',*,*,#9612,.T.);
#9637 = ORIENTED_EDGE('',*,*,#8844,.F.);
#9638 = ORIENTED_EDGE('',*,*,#9482,.F.);
#9639 = ADVANCED_FACE('',(#9640,#9643),#9362,.F.);
#9640 = FACE_BOUND('',#9641,.F.);
#9641 = EDGE_LOOP('',(#9642));
#9642 = ORIENTED_EDGE('',*,*,#9428,.T.);
#9643 = FACE_BOUND('',#9644,.F.);
#9644 = EDGE_LOOP('',(#9645));
#9645 = ORIENTED_EDGE('',*,*,#9345,.T.);
#9646 = ( GEOMETRIC_REPRESENTATION_CONTEXT(3) 
GLOBAL_UNCERTAINTY_ASSIGNED_CONTEXT((#9650)) 
GLOBAL_UNIT_ASSIGNED_CONTEXT((#9647,#9648,#9649)) REPRESENTATION_CONTEXT
('Context #1','3D Context with UNIT and UNCERTAINTY') );
#9647 = ( LENGTH_UNIT() NAMED_UNIT(*) SI_UNIT(.MILLI.,.METRE.) );
#9648 = ( NAMED_UNIT(*) PLANE_ANGLE_UNIT() SI_UNIT($,.RADIAN.) );
#9649 = ( NAMED_UNIT(*) SI_UNIT($,.STERADIAN.) SOLID_ANGLE_UNIT() );
#9650 = UNCERTAINTY_MEASURE_WITH_UNIT(LENGTH_MEASURE(1.E-07),#9647,
  'distance_accuracy_value','confusion accuracy');
#9651 = CONTEXT_DEPENDENT_SHAPE_REPRESENTATION(#9652,#9654);
#9652 = ( REPRESENTATION_RELATIONSHIP('','',#7207,#7184) 
REPRESENTATION_RELATIONSHIP_WITH_TRANSFORMATION(#9653) 
SHAPE_REPRESENTATION_RELATIONSHIP() );
#9653 = ITEM_DEFINED_TRANSFORMATION('','',#11,#7185);
#9654 = PRODUCT_DEFINITION_SHAPE('Placement','Placement of an item',
  #9655);
#9655 = NEXT_ASSEMBLY_USAGE_OCCURRENCE('7','','',#7179,#7202,$);
#9656 = PRODUCT_RELATED_PRODUCT_CATEGORY('part',$,(#7204));
#9657 = SHAPE_DEFINITION_REPRESENTATION(#9658,#9664);
#9658 = PRODUCT_DEFINITION_SHAPE('','',#9659);
#9659 = PRODUCT_DEFINITION('design','',#9660,#9663);
#9660 = PRODUCT_DEFINITION_FORMATION('','',#9661);
#9661 = PRODUCT('screw1','screw1','',(#9662));
#9662 = PRODUCT_CONTEXT('',#2,'mechanical');
#9663 = PRODUCT_DEFINITION_CONTEXT('part definition',#2,'design');
#9664 = SHAPE_REPRESENTATION('',(#11,#9665),#9669);
#9665 = AXIS2_PLACEMENT_3D('',#9666,#9667,#9668);
#9666 = CARTESIAN_POINT('',(0.,0.,0.));
#9667 = DIRECTION('',(0.,0.,1.));
#9668 = DIRECTION('',(1.,0.,-0.));
#9669 = ( GEOMETRIC_REPRESENTATION_CONTEXT(3) 
GLOBAL_UNCERTAINTY_ASSIGNED_CONTEXT((#9673)) 
GLOBAL_UNIT_ASSIGNED_CONTEXT((#9670,#9671,#9672)) REPRESENTATION_CONTEXT
('Context #1','3D Context with UNIT and UNCERTAINTY') );
#9670 = ( LENGTH_UNIT() NAMED_UNIT(*) SI_UNIT(.MILLI.,.METRE.) );
#9671 = ( NAMED_UNIT(*) PLANE_ANGLE_UNIT() SI_UNIT($,.RADIAN.) );
#9672 = ( NAMED_UNIT(*) SI_UNIT($,.STERADIAN.) SOLID_ANGLE_UNIT() );
#9673 = UNCERTAINTY_MEASURE_WITH_UNIT(LENGTH_MEASURE(1.E-07),#9670,
  'distance_accuracy_value','confusion accuracy');
#9674 = CONTEXT_DEPENDENT_SHAPE_REPRESENTATION(#9675,#9677);
#9675 = ( REPRESENTATION_RELATIONSHIP('','',#9664,#10) 
REPRESENTATION_RELATIONSHIP_WITH_TRANSFORMATION(#9676) 
SHAPE_REPRESENTATION_RELATIONSHIP() );
#9676 = ITEM_DEFINED_TRANSFORMATION('','',#11,#31);
#9677 = PRODUCT_DEFINITION_SHAPE('Placement','Placement of an item',
  #9678);
#9678 = NEXT_ASSEMBLY_USAGE_OCCURRENCE('10','','',#5,#9659,$);
#9679 = PRODUCT_RELATED_PRODUCT_CATEGORY('part',$,(#9661));
#9680 = SHAPE_DEFINITION_REPRESENTATION(#9681,#9687);
#9681 = PRODUCT_DEFINITION_SHAPE('','',#9682);
#9682 = PRODUCT_DEFINITION('design','',#9683,#9686);
#9683 = PRODUCT_DEFINITION_FORMATION('','',#9684);
#9684 = PRODUCT('screw1_part','screw1_part','',(#9685));
#9685 = PRODUCT_CONTEXT('',#2,'mechanical');
#9686 = PRODUCT_DEFINITION_CONTEXT('part definition',#2,'design');
#9687 = ADVANCED_BREP_SHAPE_REPRESENTATION('',(#11,#9688),#10342);
#9688 = MANIFOLD_SOLID_BREP('',#9689);
#9689 = CLOSED_SHELL('',(#9690,#9778,#9940,#9975,#10051,#10100,#10149,
    #10198,#10247,#10274,#10329,#10338));
#9690 = ADVANCED_FACE('',(#9691),#9705,.T.);
#9691 = FACE_BOUND('',#9692,.F.);
#9692 = EDGE_LOOP('',(#9693,#9723,#9750,#9751));
#9693 = ORIENTED_EDGE('',*,*,#9694,.T.);
#9694 = EDGE_CURVE('',#9695,#9697,#9699,.T.);
#9695 = VERTEX_POINT('',#9696);
#9696 = CARTESIAN_POINT('',(3.,35.571067811865,5.));
#9697 = VERTEX_POINT('',#9698);
#9698 = CARTESIAN_POINT('',(7.,35.571067811865,5.));
#9699 = SEAM_CURVE('',#9700,(#9704,#9716),.PCURVE_S1.);
#9700 = LINE('',#9701,#9702);
#9701 = CARTESIAN_POINT('',(3.,35.571067811865,5.));
#9702 = VECTOR('',#9703,1.);
#9703 = DIRECTION('',(1.,0.,0.));
#9704 = PCURVE('',#9705,#9710);
#9705 = CYLINDRICAL_SURFACE('',#9706,3.5);
#9706 = AXIS2_PLACEMENT_3D('',#9707,#9708,#9709);
#9707 = CARTESIAN_POINT('',(3.,32.071067811865,5.));
#9708 = DIRECTION('',(-1.,-0.,-0.));
#9709 = DIRECTION('',(0.,1.,0.));
#9710 = DEFINITIONAL_REPRESENTATION('',(#9711),#9715);
#9711 = LINE('',#9712,#9713);
#9712 = CARTESIAN_POINT('',(-0.,0.));
#9713 = VECTOR('',#9714,1.);
#9714 = DIRECTION('',(-0.,-1.));
#9715 = ( GEOMETRIC_REPRESENTATION_CONTEXT(2) 
PARAMETRIC_REPRESENTATION_CONTEXT() REPRESENTATION_CONTEXT('2D SPACE',''
  ) );
#9716 = PCURVE('',#9705,#9717);
#9717 = DEFINITIONAL_REPRESENTATION('',(#9718),#9722);
#9718 = LINE('',#9719,#9720);
#9719 = CARTESIAN_POINT('',(-6.28318530718,0.));
#9720 = VECTOR('',#9721,1.);
#9721 = DIRECTION('',(-0.,-1.));
#9722 = ( GEOMETRIC_REPRESENTATION_CONTEXT(2) 
PARAMETRIC_REPRESENTATION_CONTEXT() REPRESENTATION_CONTEXT('2D SPACE',''
  ) );
#9723 = ORIENTED_EDGE('',*,*,#9724,.T.);
#9724 = EDGE_CURVE('',#9697,#9697,#9725,.T.);
#9725 = SURFACE_CURVE('',#9726,(#9731,#9738),.PCURVE_S1.);
#9726 = CIRCLE('',#9727,3.5);
#9727 = AXIS2_PLACEMENT_3D('',#9728,#9729,#9730);
#9728 = CARTESIAN_POINT('',(7.,32.071067811865,5.));
#9729 = DIRECTION('',(1.,0.,0.));
#9730 = DIRECTION('',(0.,1.,0.));
#9731 = PCURVE('',#9705,#9732);
#9732 = DEFINITIONAL_REPRESENTATION('',(#9733),#9737);
#9733 = LINE('',#9734,#9735);
#9734 = CARTESIAN_POINT('',(-0.,-4.));
#9735 = VECTOR('',#9736,1.);
#9736 = DIRECTION('',(-1.,0.));
#9737 = ( GEOMETRIC_REPRESENTATION_CONTEXT(2) 
PARAMETRIC_REPRESENTATION_CONTEXT() REPRESENTATION_CONTEXT('2D SPACE',''
  ) );
#9738 = PCURVE('',#9739,#9744);
#9739 = PLANE('',#9740);
#9740 = AXIS2_PLACEMENT_3D('',#9741,#9742,#9743);
#9741 = CARTESIAN_POINT('',(7.,32.071067811865,5.));
#9742 = DIRECTION('',(1.,0.,0.));
#9743 = DIRECTION('',(-0.,0.,1.));
#9744 = DEFINITIONAL_REPRESENTATION('',(#9745),#9749);
#9745 = CIRCLE('',#9746,3.5);
#9746 = AXIS2_PLACEMENT_2D('',#9747,#9748);
#9747 = CARTESIAN_POINT('',(-8.881784197001E-16,-7.105427357601E-15));
#9748 = DIRECTION('',(0.,-1.));
#9749 = ( GEOMETRIC_REPRESENTATION_CONTEXT(2) 
PARAMETRIC_REPRESENTATION_CONTEXT() REPRESENTATION_CONTEXT('2D SPACE',''
  ) );
#9750 = ORIENTED_EDGE('',*,*,#9694,.F.);
#9751 = ORIENTED_EDGE('',*,*,#9752,.F.);
#9752 = EDGE_CURVE('',#9695,#9695,#9753,.T.);
#9753 = SURFACE_CURVE('',#9754,(#9759,#9766),.PCURVE_S1.);
#9754 = CIRCLE('',#9755,3.5);
#9755 = AXIS2_PLACEMENT_3D('',#9756,#9757,#9758);
#9756 = CARTESIAN_POINT('',(3.,32.071067811865,5.));
#9757 = DIRECTION('',(1.,0.,0.));
#9758 = DIRECTION('',(0.,1.,0.));
#9759 = PCURVE('',#9705,#9760);
#9760 = DEFINITIONAL_REPRESENTATION('',(#9761),#9765);
#9761 = LINE('',#9762,#9763);
#9762 = CARTESIAN_POINT('',(-0.,0.));
#9763 = VECTOR('',#9764,1.);
#9764 = DIRECTION('',(-1.,0.));
#9765 = ( GEOMETRIC_REPRESENTATION_CONTEXT(2) 
PARAMETRIC_REPRESENTATION_CONTEXT() REPRESENTATION_CONTEXT('2D SPACE',''
  ) );
#9766 = PCURVE('',#9767,#9772);
#9767 = PLANE('',#9768);
#9768 = AXIS2_PLACEMENT_3D('',#9769,#9770,#9771);
#9769 = CARTESIAN_POINT('',(3.,32.071067811865,5.));
#9770 = DIRECTION('',(1.,0.,0.));
#9771 = DIRECTION('',(-0.,0.,1.));
#9772 = DEFINITIONAL_REPRESENTATION('',(#9773),#9777);
#9773 = CIRCLE('',#9774,3.5);
#9774 = AXIS2_PLACEMENT_2D('',#9775,#9776);
#9775 = CARTESIAN_POINT('',(-8.881784197001E-16,-7.105427357601E-15));
#9776 = DIRECTION('',(0.,-1.));
#9777 = ( GEOMETRIC_REPRESENTATION_CONTEXT(2) 
PARAMETRIC_REPRESENTATION_CONTEXT() REPRESENTATION_CONTEXT('2D SPACE',''
  ) );
#9778 = ADVANCED_FACE('',(#9779,#9782),#9767,.F.);
#9779 = FACE_BOUND('',#9780,.F.);
#9780 = EDGE_LOOP('',(#9781));
#9781 = ORIENTED_EDGE('',*,*,#9752,.T.);
#9782 = FACE_BOUND('',#9783,.F.);
#9783 = EDGE_LOOP('',(#9784,#9812,#9838,#9864,#9890,#9916));
#9784 = ORIENTED_EDGE('',*,*,#9785,.T.);
#9785 = EDGE_CURVE('',#9786,#9788,#9790,.T.);
#9786 = VERTEX_POINT('',#9787);
#9787 = CARTESIAN_POINT('',(3.,31.205042408081,6.5));
#9788 = VERTEX_POINT('',#9789);
#9789 = CARTESIAN_POINT('',(3.,32.93709321565,6.5));
#9790 = SURFACE_CURVE('',#9791,(#9795,#9801),.PCURVE_S1.);
#9791 = LINE('',#9792,#9793);
#9792 = CARTESIAN_POINT('',(3.,32.504080513758,6.5));
#9793 = VECTOR('',#9794,1.);
#9794 = DIRECTION('',(0.,1.,-1.281975124256E-16));
#9795 = PCURVE('',#9767,#9796);
#9796 = DEFINITIONAL_REPRESENTATION('',(#9797),#9800);
#9797 = B_SPLINE_CURVE_WITH_KNOTS('',1,(#9798,#9799),.UNSPECIFIED.,.F.,
  .F.,(2,2),(-1.299038105677,0.433012701892),.PIECEWISE_BEZIER_KNOTS.);
#9798 = CARTESIAN_POINT('',(1.5,0.866025403784));
#9799 = CARTESIAN_POINT('',(1.5,-0.866025403784));
#9800 = ( GEOMETRIC_REPRESENTATION_CONTEXT(2) 
PARAMETRIC_REPRESENTATION_CONTEXT() REPRESENTATION_CONTEXT('2D SPACE',''
  ) );
#9801 = PCURVE('',#9802,#9807);
#9802 = PLANE('',#9803);
#9803 = AXIS2_PLACEMENT_3D('',#9804,#9805,#9806);
#9804 = CARTESIAN_POINT('',(2.,32.93709321565,6.5));
#9805 = DIRECTION('',(0.,-1.281975124256E-16,-1.));
#9806 = DIRECTION('',(0.,-1.,1.281975124256E-16));
#9807 = DEFINITIONAL_REPRESENTATION('',(#9808),#9811);
#9808 = B_SPLINE_CURVE_WITH_KNOTS('',1,(#9809,#9810),.UNSPECIFIED.,.F.,
  .F.,(2,2),(-1.299038105677,0.433012701892),.PIECEWISE_BEZIER_KNOTS.);
#9809 = CARTESIAN_POINT('',(1.732050807569,-1.));
#9810 = CARTESIAN_POINT('',(0.,-1.));
#9811 = ( GEOMETRIC_REPRESENTATION_CONTEXT(2) 
PARAMETRIC_REPRESENTATION_CONTEXT() REPRESENTATION_CONTEXT('2D SPACE',''
  ) );
#9812 = ORIENTED_EDGE('',*,*,#9813,.T.);
#9813 = EDGE_CURVE('',#9788,#9814,#9816,.T.);
#9814 = VERTEX_POINT('',#9815);
#9815 = CARTESIAN_POINT('',(3.,33.803118619434,5.));
#9816 = SURFACE_CURVE('',#9817,(#9821,#9827),.PCURVE_S1.);
#9817 = LINE('',#9818,#9819);
#9818 = CARTESIAN_POINT('',(3.,33.586612268488,5.375));
#9819 = VECTOR('',#9820,1.);
#9820 = DIRECTION('',(0.,0.5,-0.866025403784));
#9821 = PCURVE('',#9767,#9822);
#9822 = DEFINITIONAL_REPRESENTATION('',(#9823),#9826);
#9823 = B_SPLINE_CURVE_WITH_KNOTS('',1,(#9824,#9825),.UNSPECIFIED.,.F.,
  .F.,(2,2),(-1.299038105677,0.433012701892),.PIECEWISE_BEZIER_KNOTS.);
#9824 = CARTESIAN_POINT('',(1.5,-0.866025403784));
#9825 = CARTESIAN_POINT('',(-1.498801083244E-15,-1.732050807569));
#9826 = ( GEOMETRIC_REPRESENTATION_CONTEXT(2) 
PARAMETRIC_REPRESENTATION_CONTEXT() REPRESENTATION_CONTEXT('2D SPACE',''
  ) );
#9827 = PCURVE('',#9828,#9833);
#9828 = PLANE('',#9829);
#9829 = AXIS2_PLACEMENT_3D('',#9830,#9831,#9832);
#9830 = CARTESIAN_POINT('',(2.,33.803118619434,5.));
#9831 = DIRECTION('',(0.,-0.866025403784,-0.5));
#9832 = DIRECTION('',(0.,-0.5,0.866025403784));
#9833 = DEFINITIONAL_REPRESENTATION('',(#9834),#9837);
#9834 = B_SPLINE_CURVE_WITH_KNOTS('',1,(#9835,#9836),.UNSPECIFIED.,.F.,
  .F.,(2,2),(-1.299038105677,0.433012701892),.PIECEWISE_BEZIER_KNOTS.);
#9835 = CARTESIAN_POINT('',(1.732050807569,-1.));
#9836 = CARTESIAN_POINT('',(0.,-1.));
#9837 = ( GEOMETRIC_REPRESENTATION_CONTEXT(2) 
PARAMETRIC_REPRESENTATION_CONTEXT() REPRESENTATION_CONTEXT('2D SPACE',''
  ) );
#9838 = ORIENTED_EDGE('',*,*,#9839,.T.);
#9839 = EDGE_CURVE('',#9814,#9840,#9842,.T.);
#9840 = VERTEX_POINT('',#9841);
#9841 = CARTESIAN_POINT('',(3.,32.93709321565,3.5));
#9842 = SURFACE_CURVE('',#9843,(#9847,#9853),.PCURVE_S1.);
#9843 = LINE('',#9844,#9845);
#9844 = CARTESIAN_POINT('',(3.,33.153599566596,3.875));
#9845 = VECTOR('',#9846,1.);
#9846 = DIRECTION('',(0.,-0.5,-0.866025403784));
#9847 = PCURVE('',#9767,#9848);
#9848 = DEFINITIONAL_REPRESENTATION('',(#9849),#9852);
#9849 = B_SPLINE_CURVE_WITH_KNOTS('',1,(#9850,#9851),.UNSPECIFIED.,.F.,
  .F.,(2,2),(-1.299038105677,0.433012701892),.PIECEWISE_BEZIER_KNOTS.);
#9850 = CARTESIAN_POINT('',(2.442490654175E-15,-1.732050807569));
#9851 = CARTESIAN_POINT('',(-1.5,-0.866025403784));
#9852 = ( GEOMETRIC_REPRESENTATION_CONTEXT(2) 
PARAMETRIC_REPRESENTATION_CONTEXT() REPRESENTATION_CONTEXT('2D SPACE',''
  ) );
#9853 = PCURVE('',#9854,#9859);
#9854 = PLANE('',#9855);
#9855 = AXIS2_PLACEMENT_3D('',#9856,#9857,#9858);
#9856 = CARTESIAN_POINT('',(2.,32.93709321565,3.5));
#9857 = DIRECTION('',(0.,-0.866025403784,0.5));
#9858 = DIRECTION('',(0.,0.5,0.866025403784));
#9859 = DEFINITIONAL_REPRESENTATION('',(#9860),#9863);
#9860 = B_SPLINE_CURVE_WITH_KNOTS('',1,(#9861,#9862),.UNSPECIFIED.,.F.,
  .F.,(2,2),(-1.299038105677,0.433012701892),.PIECEWISE_BEZIER_KNOTS.);
#9861 = CARTESIAN_POINT('',(1.732050807569,-1.));
#9862 = CARTESIAN_POINT('',(0.,-1.));
#9863 = ( GEOMETRIC_REPRESENTATION_CONTEXT(2) 
PARAMETRIC_REPRESENTATION_CONTEXT() REPRESENTATION_CONTEXT('2D SPACE',''
  ) );
#9864 = ORIENTED_EDGE('',*,*,#9865,.T.);
#9865 = EDGE_CURVE('',#9840,#9866,#9868,.T.);
#9866 = VERTEX_POINT('',#9867);
#9867 = CARTESIAN_POINT('',(3.,31.205042408081,3.5));
#9868 = SURFACE_CURVE('',#9869,(#9873,#9879),.PCURVE_S1.);
#9869 = LINE('',#9870,#9871);
#9870 = CARTESIAN_POINT('',(3.,31.638055109973,3.5));
#9871 = VECTOR('',#9872,1.);
#9872 = DIRECTION('',(0.,-1.,6.409875621279E-16));
#9873 = PCURVE('',#9767,#9874);
#9874 = DEFINITIONAL_REPRESENTATION('',(#9875),#9878);
#9875 = B_SPLINE_CURVE_WITH_KNOTS('',1,(#9876,#9877),.UNSPECIFIED.,.F.,
  .F.,(2,2),(-1.299038105677,0.433012701892),.PIECEWISE_BEZIER_KNOTS.);
#9876 = CARTESIAN_POINT('',(-1.5,-0.866025403784));
#9877 = CARTESIAN_POINT('',(-1.5,0.866025403784));
#9878 = ( GEOMETRIC_REPRESENTATION_CONTEXT(2) 
PARAMETRIC_REPRESENTATION_CONTEXT() REPRESENTATION_CONTEXT('2D SPACE',''
  ) );
#9879 = PCURVE('',#9880,#9885);
#9880 = PLANE('',#9881);
#9881 = AXIS2_PLACEMENT_3D('',#9882,#9883,#9884);
#9882 = CARTESIAN_POINT('',(2.,31.205042408081,3.5));
#9883 = DIRECTION('',(-0.,6.409875621279E-16,1.));
#9884 = DIRECTION('',(0.,1.,-6.409875621279E-16));
#9885 = DEFINITIONAL_REPRESENTATION('',(#9886),#9889);
#9886 = B_SPLINE_CURVE_WITH_KNOTS('',1,(#9887,#9888),.UNSPECIFIED.,.F.,
  .F.,(2,2),(-1.299038105677,0.433012701892),.PIECEWISE_BEZIER_KNOTS.);
#9887 = CARTESIAN_POINT('',(1.732050807569,-1.));
#9888 = CARTESIAN_POINT('',(0.,-1.));
#9889 = ( GEOMETRIC_REPRESENTATION_CONTEXT(2) 
PARAMETRIC_REPRESENTATION_CONTEXT() REPRESENTATION_CONTEXT('2D SPACE',''
  ) );
#9890 = ORIENTED_EDGE('',*,*,#9891,.T.);
#9891 = EDGE_CURVE('',#9866,#9892,#9894,.T.);
#9892 = VERTEX_POINT('',#9893);
#9893 = CARTESIAN_POINT('',(3.,30.339017004297,5.));
#9894 = SURFACE_CURVE('',#9895,(#9899,#9905),.PCURVE_S1.);
#9895 = LINE('',#9896,#9897);
#9896 = CARTESIAN_POINT('',(3.,30.555523355243,4.625));
#9897 = VECTOR('',#9898,1.);
#9898 = DIRECTION('',(0.,-0.5,0.866025403784));
#9899 = PCURVE('',#9767,#9900);
#9900 = DEFINITIONAL_REPRESENTATION('',(#9901),#9904);
#9901 = B_SPLINE_CURVE_WITH_KNOTS('',1,(#9902,#9903),.UNSPECIFIED.,.F.,
  .F.,(2,2),(-1.299038105677,0.433012701892),.PIECEWISE_BEZIER_KNOTS.);
#9902 = CARTESIAN_POINT('',(-1.5,0.866025403784));
#9903 = CARTESIAN_POINT('',(-1.110223024625E-15,1.732050807569));
#9904 = ( GEOMETRIC_REPRESENTATION_CONTEXT(2) 
PARAMETRIC_REPRESENTATION_CONTEXT() REPRESENTATION_CONTEXT('2D SPACE',''
  ) );
#9905 = PCURVE('',#9906,#9911);
#9906 = PLANE('',#9907);
#9907 = AXIS2_PLACEMENT_3D('',#9908,#9909,#9910);
#9908 = CARTESIAN_POINT('',(2.,30.339017004297,5.));
#9909 = DIRECTION('',(-0.,0.866025403784,0.5));
#9910 = DIRECTION('',(0.,0.5,-0.866025403784));
#9911 = DEFINITIONAL_REPRESENTATION('',(#9912),#9915);
#9912 = B_SPLINE_CURVE_WITH_KNOTS('',1,(#9913,#9914),.UNSPECIFIED.,.F.,
  .F.,(2,2),(-1.299038105677,0.433012701892),.PIECEWISE_BEZIER_KNOTS.);
#9913 = CARTESIAN_POINT('',(1.732050807569,-1.));
#9914 = CARTESIAN_POINT('',(0.,-1.));
#9915 = ( GEOMETRIC_REPRESENTATION_CONTEXT(2) 
PARAMETRIC_REPRESENTATION_CONTEXT() REPRESENTATION_CONTEXT('2D SPACE',''
  ) );
#9916 = ORIENTED_EDGE('',*,*,#9917,.T.);
#9917 = EDGE_CURVE('',#9892,#9786,#9918,.T.);
#9918 = SURFACE_CURVE('',#9919,(#9923,#9929),.PCURVE_S1.);
#9919 = LINE('',#9920,#9921);
#9920 = CARTESIAN_POINT('',(3.,30.988536057135,6.125));
#9921 = VECTOR('',#9922,1.);
#9922 = DIRECTION('',(-0.,0.5,0.866025403784));
#9923 = PCURVE('',#9767,#9924);
#9924 = DEFINITIONAL_REPRESENTATION('',(#9925),#9928);
#9925 = B_SPLINE_CURVE_WITH_KNOTS('',1,(#9926,#9927),.UNSPECIFIED.,.F.,
  .F.,(2,2),(-1.299038105677,0.433012701892),.PIECEWISE_BEZIER_KNOTS.);
#9926 = CARTESIAN_POINT('',(-3.552713678801E-15,1.732050807569));
#9927 = CARTESIAN_POINT('',(1.5,0.866025403784));
#9928 = ( GEOMETRIC_REPRESENTATION_CONTEXT(2) 
PARAMETRIC_REPRESENTATION_CONTEXT() REPRESENTATION_CONTEXT('2D SPACE',''
  ) );
#9929 = PCURVE('',#9930,#9935);
#9930 = PLANE('',#9931);
#9931 = AXIS2_PLACEMENT_3D('',#9932,#9933,#9934);
#9932 = CARTESIAN_POINT('',(2.,31.205042408081,6.5));
#9933 = DIRECTION('',(0.,0.866025403784,-0.5));
#9934 = DIRECTION('',(0.,-0.5,-0.866025403784));
#9935 = DEFINITIONAL_REPRESENTATION('',(#9936),#9939);
#9936 = B_SPLINE_CURVE_WITH_KNOTS('',1,(#9937,#9938),.UNSPECIFIED.,.F.,
  .F.,(2,2),(-1.299038105677,0.433012701892),.PIECEWISE_BEZIER_KNOTS.);
#9937 = CARTESIAN_POINT('',(1.732050807569,-1.));
#9938 = CARTESIAN_POINT('',(0.,-1.));
#9939 = ( GEOMETRIC_REPRESENTATION_CONTEXT(2) 
PARAMETRIC_REPRESENTATION_CONTEXT() REPRESENTATION_CONTEXT('2D SPACE',''
  ) );
#9940 = ADVANCED_FACE('',(#9941,#9944),#9739,.T.);
#9941 = FACE_BOUND('',#9942,.T.);
#9942 = EDGE_LOOP('',(#9943));
#9943 = ORIENTED_EDGE('',*,*,#9724,.T.);
#9944 = FACE_BOUND('',#9945,.T.);
#9945 = EDGE_LOOP('',(#9946));
#9946 = ORIENTED_EDGE('',*,*,#9947,.F.);
#9947 = EDGE_CURVE('',#9948,#9948,#9950,.T.);
#9948 = VERTEX_POINT('',#9949);
#9949 = CARTESIAN_POINT('',(7.,34.071067811865,5.));
#9950 = SURFACE_CURVE('',#9951,(#9956,#9963),.PCURVE_S1.);
#9951 = CIRCLE('',#9952,2.);
#9952 = AXIS2_PLACEMENT_3D('',#9953,#9954,#9955);
#9953 = CARTESIAN_POINT('',(7.,32.071067811865,5.));
#9954 = DIRECTION('',(1.,0.,0.));
#9955 = DIRECTION('',(0.,1.,0.));
#9956 = PCURVE('',#9739,#9957);
#9957 = DEFINITIONAL_REPRESENTATION('',(#9958),#9962);
#9958 = CIRCLE('',#9959,2.);
#9959 = AXIS2_PLACEMENT_2D('',#9960,#9961);
#9960 = CARTESIAN_POINT('',(-8.881784197001E-16,-7.105427357601E-15));
#9961 = DIRECTION('',(0.,-1.));
#9962 = ( GEOMETRIC_REPRESENTATION_CONTEXT(2) 
PARAMETRIC_REPRESENTATION_CONTEXT() REPRESENTATION_CONTEXT('2D SPACE',''
  ) );
#9963 = PCURVE('',#9964,#9969);
#9964 = CYLINDRICAL_SURFACE('',#9965,2.);
#9965 = AXIS2_PLACEMENT_3D('',#9966,#9967,#9968);
#9966 = CARTESIAN_POINT('',(7.,32.071067811865,5.));
#9967 = DIRECTION('',(-1.,-0.,-0.));
#9968 = DIRECTION('',(0.,1.,0.));
#9969 = DEFINITIONAL_REPRESENTATION('',(#9970),#9974);
#9970 = LINE('',#9971,#9972);
#9971 = CARTESIAN_POINT('',(-0.,0.));
#9972 = VECTOR('',#9973,1.);
#9973 = DIRECTION('',(-1.,0.));
#9974 = ( GEOMETRIC_REPRESENTATION_CONTEXT(2) 
PARAMETRIC_REPRESENTATION_CONTEXT() REPRESENTATION_CONTEXT('2D SPACE',''
  ) );
#9975 = ADVANCED_FACE('',(#9976),#9802,.T.);
#9976 = FACE_BOUND('',#9977,.T.);
#9977 = EDGE_LOOP('',(#9978,#9979,#10002,#10030));
#9978 = ORIENTED_EDGE('',*,*,#9785,.T.);
#9979 = ORIENTED_EDGE('',*,*,#9980,.T.);
#9980 = EDGE_CURVE('',#9788,#9981,#9983,.T.);
#9981 = VERTEX_POINT('',#9982);
#9982 = CARTESIAN_POINT('',(5.5,32.93709321565,6.5));
#9983 = SURFACE_CURVE('',#9984,(#9988,#9995),.PCURVE_S1.);
#9984 = LINE('',#9985,#9986);
#9985 = CARTESIAN_POINT('',(2.,32.93709321565,6.5));
#9986 = VECTOR('',#9987,1.);
#9987 = DIRECTION('',(1.,0.,0.));
#9988 = PCURVE('',#9802,#9989);
#9989 = DEFINITIONAL_REPRESENTATION('',(#9990),#9994);
#9990 = LINE('',#9991,#9992);
#9991 = CARTESIAN_POINT('',(0.,0.));
#9992 = VECTOR('',#9993,1.);
#9993 = DIRECTION('',(0.,-1.));
#9994 = ( GEOMETRIC_REPRESENTATION_CONTEXT(2) 
PARAMETRIC_REPRESENTATION_CONTEXT() REPRESENTATION_CONTEXT('2D SPACE',''
  ) );
#9995 = PCURVE('',#9828,#9996);
#9996 = DEFINITIONAL_REPRESENTATION('',(#9997),#10001);
#9997 = LINE('',#9998,#9999);
#9998 = CARTESIAN_POINT('',(1.732050807569,0.));
#9999 = VECTOR('',#10000,1.);
#10000 = DIRECTION('',(0.,-1.));
#10001 = ( GEOMETRIC_REPRESENTATION_CONTEXT(2) 
PARAMETRIC_REPRESENTATION_CONTEXT() REPRESENTATION_CONTEXT('2D SPACE',''
  ) );
#10002 = ORIENTED_EDGE('',*,*,#10003,.T.);
#10003 = EDGE_CURVE('',#9981,#10004,#10006,.T.);
#10004 = VERTEX_POINT('',#10005);
#10005 = CARTESIAN_POINT('',(5.5,31.205042408081,6.5));
#10006 = SURFACE_CURVE('',#10007,(#10011,#10018),.PCURVE_S1.);
#10007 = LINE('',#10008,#10009);
#10008 = CARTESIAN_POINT('',(5.5,32.93709321565,6.5));
#10009 = VECTOR('',#10010,1.);
#10010 = DIRECTION('',(0.,-1.,1.281975124256E-16));
#10011 = PCURVE('',#9802,#10012);
#10012 = DEFINITIONAL_REPRESENTATION('',(#10013),#10017);
#10013 = LINE('',#10014,#10015);
#10014 = CARTESIAN_POINT('',(0.,-3.5));
#10015 = VECTOR('',#10016,1.);
#10016 = DIRECTION('',(1.,0.));
#10017 = ( GEOMETRIC_REPRESENTATION_CONTEXT(2) 
PARAMETRIC_REPRESENTATION_CONTEXT() REPRESENTATION_CONTEXT('2D SPACE',''
  ) );
#10018 = PCURVE('',#10019,#10024);
#10019 = PLANE('',#10020);
#10020 = AXIS2_PLACEMENT_3D('',#10021,#10022,#10023);
#10021 = CARTESIAN_POINT('',(5.5,32.071067811865,5.));
#10022 = DIRECTION('',(1.,0.,0.));
#10023 = DIRECTION('',(-0.,0.,1.));
#10024 = DEFINITIONAL_REPRESENTATION('',(#10025),#10029);
#10025 = LINE('',#10026,#10027);
#10026 = CARTESIAN_POINT('',(1.5,-0.866025403784));
#10027 = VECTOR('',#10028,1.);
#10028 = DIRECTION('',(1.281975124256E-16,1.));
#10029 = ( GEOMETRIC_REPRESENTATION_CONTEXT(2) 
PARAMETRIC_REPRESENTATION_CONTEXT() REPRESENTATION_CONTEXT('2D SPACE',''
  ) );
#10030 = ORIENTED_EDGE('',*,*,#10031,.F.);
#10031 = EDGE_CURVE('',#9786,#10004,#10032,.T.);
#10032 = SURFACE_CURVE('',#10033,(#10037,#10044),.PCURVE_S1.);
#10033 = LINE('',#10034,#10035);
#10034 = CARTESIAN_POINT('',(2.,31.205042408081,6.5));
#10035 = VECTOR('',#10036,1.);
#10036 = DIRECTION('',(1.,0.,0.));
#10037 = PCURVE('',#9802,#10038);
#10038 = DEFINITIONAL_REPRESENTATION('',(#10039),#10043);
#10039 = LINE('',#10040,#10041);
#10040 = CARTESIAN_POINT('',(1.732050807569,0.));
#10041 = VECTOR('',#10042,1.);
#10042 = DIRECTION('',(0.,-1.));
#10043 = ( GEOMETRIC_REPRESENTATION_CONTEXT(2) 
PARAMETRIC_REPRESENTATION_CONTEXT() REPRESENTATION_CONTEXT('2D SPACE',''
  ) );
#10044 = PCURVE('',#9930,#10045);
#10045 = DEFINITIONAL_REPRESENTATION('',(#10046),#10050);
#10046 = LINE('',#10047,#10048);
#10047 = CARTESIAN_POINT('',(0.,0.));
#10048 = VECTOR('',#10049,1.);
#10049 = DIRECTION('',(0.,-1.));
#10050 = ( GEOMETRIC_REPRESENTATION_CONTEXT(2) 
PARAMETRIC_REPRESENTATION_CONTEXT() REPRESENTATION_CONTEXT('2D SPACE',''
  ) );
#10051 = ADVANCED_FACE('',(#10052),#9930,.T.);
#10052 = FACE_BOUND('',#10053,.T.);
#10053 = EDGE_LOOP('',(#10054,#10055,#10056,#10079));
#10054 = ORIENTED_EDGE('',*,*,#9917,.T.);
#10055 = ORIENTED_EDGE('',*,*,#10031,.T.);
#10056 = ORIENTED_EDGE('',*,*,#10057,.T.);
#10057 = EDGE_CURVE('',#10004,#10058,#10060,.T.);
#10058 = VERTEX_POINT('',#10059);
#10059 = CARTESIAN_POINT('',(5.5,30.339017004297,5.));
#10060 = SURFACE_CURVE('',#10061,(#10065,#10072),.PCURVE_S1.);
#10061 = LINE('',#10062,#10063);
#10062 = CARTESIAN_POINT('',(5.5,31.205042408081,6.5));
#10063 = VECTOR('',#10064,1.);
#10064 = DIRECTION('',(0.,-0.5,-0.866025403784));
#10065 = PCURVE('',#9930,#10066);
#10066 = DEFINITIONAL_REPRESENTATION('',(#10067),#10071);
#10067 = LINE('',#10068,#10069);
#10068 = CARTESIAN_POINT('',(0.,-3.5));
#10069 = VECTOR('',#10070,1.);
#10070 = DIRECTION('',(1.,0.));
#10071 = ( GEOMETRIC_REPRESENTATION_CONTEXT(2) 
PARAMETRIC_REPRESENTATION_CONTEXT() REPRESENTATION_CONTEXT('2D SPACE',''
  ) );
#10072 = PCURVE('',#10019,#10073);
#10073 = DEFINITIONAL_REPRESENTATION('',(#10074),#10078);
#10074 = LINE('',#10075,#10076);
#10075 = CARTESIAN_POINT('',(1.5,0.866025403784));
#10076 = VECTOR('',#10077,1.);
#10077 = DIRECTION('',(-0.866025403784,0.5));
#10078 = ( GEOMETRIC_REPRESENTATION_CONTEXT(2) 
PARAMETRIC_REPRESENTATION_CONTEXT() REPRESENTATION_CONTEXT('2D SPACE',''
  ) );
#10079 = ORIENTED_EDGE('',*,*,#10080,.F.);
#10080 = EDGE_CURVE('',#9892,#10058,#10081,.T.);
#10081 = SURFACE_CURVE('',#10082,(#10086,#10093),.PCURVE_S1.);
#10082 = LINE('',#10083,#10084);
#10083 = CARTESIAN_POINT('',(2.,30.339017004297,5.));
#10084 = VECTOR('',#10085,1.);
#10085 = DIRECTION('',(1.,0.,0.));
#10086 = PCURVE('',#9930,#10087);
#10087 = DEFINITIONAL_REPRESENTATION('',(#10088),#10092);
#10088 = LINE('',#10089,#10090);
#10089 = CARTESIAN_POINT('',(1.732050807569,0.));
#10090 = VECTOR('',#10091,1.);
#10091 = DIRECTION('',(0.,-1.));
#10092 = ( GEOMETRIC_REPRESENTATION_CONTEXT(2) 
PARAMETRIC_REPRESENTATION_CONTEXT() REPRESENTATION_CONTEXT('2D SPACE',''
  ) );
#10093 = PCURVE('',#9906,#10094);
#10094 = DEFINITIONAL_REPRESENTATION('',(#10095),#10099);
#10095 = LINE('',#10096,#10097);
#10096 = CARTESIAN_POINT('',(0.,0.));
#10097 = VECTOR('',#10098,1.);
#10098 = DIRECTION('',(0.,-1.));
#10099 = ( GEOMETRIC_REPRESENTATION_CONTEXT(2) 
PARAMETRIC_REPRESENTATION_CONTEXT() REPRESENTATION_CONTEXT('2D SPACE',''
  ) );
#10100 = ADVANCED_FACE('',(#10101),#9906,.T.);
#10101 = FACE_BOUND('',#10102,.T.);
#10102 = EDGE_LOOP('',(#10103,#10104,#10105,#10128));
#10103 = ORIENTED_EDGE('',*,*,#9891,.T.);
#10104 = ORIENTED_EDGE('',*,*,#10080,.T.);
#10105 = ORIENTED_EDGE('',*,*,#10106,.T.);
#10106 = EDGE_CURVE('',#10058,#10107,#10109,.T.);
#10107 = VERTEX_POINT('',#10108);
#10108 = CARTESIAN_POINT('',(5.5,31.205042408081,3.5));
#10109 = SURFACE_CURVE('',#10110,(#10114,#10121),.PCURVE_S1.);
#10110 = LINE('',#10111,#10112);
#10111 = CARTESIAN_POINT('',(5.5,30.339017004297,5.));
#10112 = VECTOR('',#10113,1.);
#10113 = DIRECTION('',(0.,0.5,-0.866025403784));
#10114 = PCURVE('',#9906,#10115);
#10115 = DEFINITIONAL_REPRESENTATION('',(#10116),#10120);
#10116 = LINE('',#10117,#10118);
#10117 = CARTESIAN_POINT('',(0.,-3.5));
#10118 = VECTOR('',#10119,1.);
#10119 = DIRECTION('',(1.,0.));
#10120 = ( GEOMETRIC_REPRESENTATION_CONTEXT(2) 
PARAMETRIC_REPRESENTATION_CONTEXT() REPRESENTATION_CONTEXT('2D SPACE',''
  ) );
#10121 = PCURVE('',#10019,#10122);
#10122 = DEFINITIONAL_REPRESENTATION('',(#10123),#10127);
#10123 = LINE('',#10124,#10125);
#10124 = CARTESIAN_POINT('',(-8.881784197001E-16,1.732050807569));
#10125 = VECTOR('',#10126,1.);
#10126 = DIRECTION('',(-0.866025403784,-0.5));
#10127 = ( GEOMETRIC_REPRESENTATION_CONTEXT(2) 
PARAMETRIC_REPRESENTATION_CONTEXT() REPRESENTATION_CONTEXT('2D SPACE',''
  ) );
#10128 = ORIENTED_EDGE('',*,*,#10129,.F.);
#10129 = EDGE_CURVE('',#9866,#10107,#10130,.T.);
#10130 = SURFACE_CURVE('',#10131,(#10135,#10142),.PCURVE_S1.);
#10131 = LINE('',#10132,#10133);
#10132 = CARTESIAN_POINT('',(2.,31.205042408081,3.5));
#10133 = VECTOR('',#10134,1.);
#10134 = DIRECTION('',(1.,0.,0.));
#10135 = PCURVE('',#9906,#10136);
#10136 = DEFINITIONAL_REPRESENTATION('',(#10137),#10141);
#10137 = LINE('',#10138,#10139);
#10138 = CARTESIAN_POINT('',(1.732050807569,0.));
#10139 = VECTOR('',#10140,1.);
#10140 = DIRECTION('',(0.,-1.));
#10141 = ( GEOMETRIC_REPRESENTATION_CONTEXT(2) 
PARAMETRIC_REPRESENTATION_CONTEXT() REPRESENTATION_CONTEXT('2D SPACE',''
  ) );
#10142 = PCURVE('',#9880,#10143);
#10143 = DEFINITIONAL_REPRESENTATION('',(#10144),#10148);
#10144 = LINE('',#10145,#10146);
#10145 = CARTESIAN_POINT('',(0.,0.));
#10146 = VECTOR('',#10147,1.);
#10147 = DIRECTION('',(0.,-1.));
#10148 = ( GEOMETRIC_REPRESENTATION_CONTEXT(2) 
PARAMETRIC_REPRESENTATION_CONTEXT() REPRESENTATION_CONTEXT('2D SPACE',''
  ) );
#10149 = ADVANCED_FACE('',(#10150),#9880,.T.);
#10150 = FACE_BOUND('',#10151,.T.);
#10151 = EDGE_LOOP('',(#10152,#10153,#10154,#10177));
#10152 = ORIENTED_EDGE('',*,*,#9865,.T.);
#10153 = ORIENTED_EDGE('',*,*,#10129,.T.);
#10154 = ORIENTED_EDGE('',*,*,#10155,.T.);
#10155 = EDGE_CURVE('',#10107,#10156,#10158,.T.);
#10156 = VERTEX_POINT('',#10157);
#10157 = CARTESIAN_POINT('',(5.5,32.93709321565,3.5));
#10158 = SURFACE_CURVE('',#10159,(#10163,#10170),.PCURVE_S1.);
#10159 = LINE('',#10160,#10161);
#10160 = CARTESIAN_POINT('',(5.5,31.205042408081,3.5));
#10161 = VECTOR('',#10162,1.);
#10162 = DIRECTION('',(0.,1.,-6.409875621279E-16));
#10163 = PCURVE('',#9880,#10164);
#10164 = DEFINITIONAL_REPRESENTATION('',(#10165),#10169);
#10165 = LINE('',#10166,#10167);
#10166 = CARTESIAN_POINT('',(0.,-3.5));
#10167 = VECTOR('',#10168,1.);
#10168 = DIRECTION('',(1.,0.));
#10169 = ( GEOMETRIC_REPRESENTATION_CONTEXT(2) 
PARAMETRIC_REPRESENTATION_CONTEXT() REPRESENTATION_CONTEXT('2D SPACE',''
  ) );
#10170 = PCURVE('',#10019,#10171);
#10171 = DEFINITIONAL_REPRESENTATION('',(#10172),#10176);
#10172 = LINE('',#10173,#10174);
#10173 = CARTESIAN_POINT('',(-1.5,0.866025403784));
#10174 = VECTOR('',#10175,1.);
#10175 = DIRECTION('',(-6.409875621279E-16,-1.));
#10176 = ( GEOMETRIC_REPRESENTATION_CONTEXT(2) 
PARAMETRIC_REPRESENTATION_CONTEXT() REPRESENTATION_CONTEXT('2D SPACE',''
  ) );
#10177 = ORIENTED_EDGE('',*,*,#10178,.F.);
#10178 = EDGE_CURVE('',#9840,#10156,#10179,.T.);
#10179 = SURFACE_CURVE('',#10180,(#10184,#10191),.PCURVE_S1.);
#10180 = LINE('',#10181,#10182);
#10181 = CARTESIAN_POINT('',(2.,32.93709321565,3.5));
#10182 = VECTOR('',#10183,1.);
#10183 = DIRECTION('',(1.,0.,0.));
#10184 = PCURVE('',#9880,#10185);
#10185 = DEFINITIONAL_REPRESENTATION('',(#10186),#10190);
#10186 = LINE('',#10187,#10188);
#10187 = CARTESIAN_POINT('',(1.732050807569,0.));
#10188 = VECTOR('',#10189,1.);
#10189 = DIRECTION('',(0.,-1.));
#10190 = ( GEOMETRIC_REPRESENTATION_CONTEXT(2) 
PARAMETRIC_REPRESENTATION_CONTEXT() REPRESENTATION_CONTEXT('2D SPACE',''
  ) );
#10191 = PCURVE('',#9854,#10192);
#10192 = DEFINITIONAL_REPRESENTATION('',(#10193),#10197);
#10193 = LINE('',#10194,#10195);
#10194 = CARTESIAN_POINT('',(0.,0.));
#10195 = VECTOR('',#10196,1.);
#10196 = DIRECTION('',(0.,-1.));
#10197 = ( GEOMETRIC_REPRESENTATION_CONTEXT(2) 
PARAMETRIC_REPRESENTATION_CONTEXT() REPRESENTATION_CONTEXT('2D SPACE',''
  ) );
#10198 = ADVANCED_FACE('',(#10199),#9854,.T.);
#10199 = FACE_BOUND('',#10200,.T.);
#10200 = EDGE_LOOP('',(#10201,#10202,#10203,#10226));
#10201 = ORIENTED_EDGE('',*,*,#9839,.T.);
#10202 = ORIENTED_EDGE('',*,*,#10178,.T.);
#10203 = ORIENTED_EDGE('',*,*,#10204,.T.);
#10204 = EDGE_CURVE('',#10156,#10205,#10207,.T.);
#10205 = VERTEX_POINT('',#10206);
#10206 = CARTESIAN_POINT('',(5.5,33.803118619434,5.));
#10207 = SURFACE_CURVE('',#10208,(#10212,#10219),.PCURVE_S1.);
#10208 = LINE('',#10209,#10210);
#10209 = CARTESIAN_POINT('',(5.5,32.93709321565,3.5));
#10210 = VECTOR('',#10211,1.);
#10211 = DIRECTION('',(0.,0.5,0.866025403784));
#10212 = PCURVE('',#9854,#10213);
#10213 = DEFINITIONAL_REPRESENTATION('',(#10214),#10218);
#10214 = LINE('',#10215,#10216);
#10215 = CARTESIAN_POINT('',(0.,-3.5));
#10216 = VECTOR('',#10217,1.);
#10217 = DIRECTION('',(1.,0.));
#10218 = ( GEOMETRIC_REPRESENTATION_CONTEXT(2) 
PARAMETRIC_REPRESENTATION_CONTEXT() REPRESENTATION_CONTEXT('2D SPACE',''
  ) );
#10219 = PCURVE('',#10019,#10220);
#10220 = DEFINITIONAL_REPRESENTATION('',(#10221),#10225);
#10221 = LINE('',#10222,#10223);
#10222 = CARTESIAN_POINT('',(-1.5,-0.866025403784));
#10223 = VECTOR('',#10224,1.);
#10224 = DIRECTION('',(0.866025403784,-0.5));
#10225 = ( GEOMETRIC_REPRESENTATION_CONTEXT(2) 
PARAMETRIC_REPRESENTATION_CONTEXT() REPRESENTATION_CONTEXT('2D SPACE',''
  ) );
#10226 = ORIENTED_EDGE('',*,*,#10227,.F.);
#10227 = EDGE_CURVE('',#9814,#10205,#10228,.T.);
#10228 = SURFACE_CURVE('',#10229,(#10233,#10240),.PCURVE_S1.);
#10229 = LINE('',#10230,#10231);
#10230 = CARTESIAN_POINT('',(2.,33.803118619434,5.));
#10231 = VECTOR('',#10232,1.);
#10232 = DIRECTION('',(1.,0.,0.));
#10233 = PCURVE('',#9854,#10234);
#10234 = DEFINITIONAL_REPRESENTATION('',(#10235),#10239);
#10235 = LINE('',#10236,#10237);
#10236 = CARTESIAN_POINT('',(1.732050807569,0.));
#10237 = VECTOR('',#10238,1.);
#10238 = DIRECTION('',(0.,-1.));
#10239 = ( GEOMETRIC_REPRESENTATION_CONTEXT(2) 
PARAMETRIC_REPRESENTATION_CONTEXT() REPRESENTATION_CONTEXT('2D SPACE',''
  ) );
#10240 = PCURVE('',#9828,#10241);
#10241 = DEFINITIONAL_REPRESENTATION('',(#10242),#10246);
#10242 = LINE('',#10243,#10244);
#10243 = CARTESIAN_POINT('',(0.,0.));
#10244 = VECTOR('',#10245,1.);
#10245 = DIRECTION('',(0.,-1.));
#10246 = ( GEOMETRIC_REPRESENTATION_CONTEXT(2) 
PARAMETRIC_REPRESENTATION_CONTEXT() REPRESENTATION_CONTEXT('2D SPACE',''
  ) );
#10247 = ADVANCED_FACE('',(#10248),#9828,.T.);
#10248 = FACE_BOUND('',#10249,.T.);
#10249 = EDGE_LOOP('',(#10250,#10251,#10252,#10273));
#10250 = ORIENTED_EDGE('',*,*,#9813,.T.);
#10251 = ORIENTED_EDGE('',*,*,#10227,.T.);
#10252 = ORIENTED_EDGE('',*,*,#10253,.T.);
#10253 = EDGE_CURVE('',#10205,#9981,#10254,.T.);
#10254 = SURFACE_CURVE('',#10255,(#10259,#10266),.PCURVE_S1.);
#10255 = LINE('',#10256,#10257);
#10256 = CARTESIAN_POINT('',(5.5,33.803118619434,5.));
#10257 = VECTOR('',#10258,1.);
#10258 = DIRECTION('',(0.,-0.5,0.866025403784));
#10259 = PCURVE('',#9828,#10260);
#10260 = DEFINITIONAL_REPRESENTATION('',(#10261),#10265);
#10261 = LINE('',#10262,#10263);
#10262 = CARTESIAN_POINT('',(0.,-3.5));
#10263 = VECTOR('',#10264,1.);
#10264 = DIRECTION('',(1.,0.));
#10265 = ( GEOMETRIC_REPRESENTATION_CONTEXT(2) 
PARAMETRIC_REPRESENTATION_CONTEXT() REPRESENTATION_CONTEXT('2D SPACE',''
  ) );
#10266 = PCURVE('',#10019,#10267);
#10267 = DEFINITIONAL_REPRESENTATION('',(#10268),#10272);
#10268 = LINE('',#10269,#10270);
#10269 = CARTESIAN_POINT('',(-8.881784197001E-16,-1.732050807569));
#10270 = VECTOR('',#10271,1.);
#10271 = DIRECTION('',(0.866025403784,0.5));
#10272 = ( GEOMETRIC_REPRESENTATION_CONTEXT(2) 
PARAMETRIC_REPRESENTATION_CONTEXT() REPRESENTATION_CONTEXT('2D SPACE',''
  ) );
#10273 = ORIENTED_EDGE('',*,*,#9980,.F.);
#10274 = ADVANCED_FACE('',(#10275),#9964,.T.);
#10275 = FACE_BOUND('',#10276,.F.);
#10276 = EDGE_LOOP('',(#10277,#10300,#10327,#10328));
#10277 = ORIENTED_EDGE('',*,*,#10278,.T.);
#10278 = EDGE_CURVE('',#9948,#10279,#10281,.T.);
#10279 = VERTEX_POINT('',#10280);
#10280 = CARTESIAN_POINT('',(62.,34.071067811865,5.));
#10281 = SEAM_CURVE('',#10282,(#10286,#10293),.PCURVE_S1.);
#10282 = LINE('',#10283,#10284);
#10283 = CARTESIAN_POINT('',(7.,34.071067811865,5.));
#10284 = VECTOR('',#10285,1.);
#10285 = DIRECTION('',(1.,0.,0.));
#10286 = PCURVE('',#9964,#10287);
#10287 = DEFINITIONAL_REPRESENTATION('',(#10288),#10292);
#10288 = LINE('',#10289,#10290);
#10289 = CARTESIAN_POINT('',(-0.,0.));
#10290 = VECTOR('',#10291,1.);
#10291 = DIRECTION('',(-0.,-1.));
#10292 = ( GEOMETRIC_REPRESENTATION_CONTEXT(2) 
PARAMETRIC_REPRESENTATION_CONTEXT() REPRESENTATION_CONTEXT('2D SPACE',''
  ) );
#10293 = PCURVE('',#9964,#10294);
#10294 = DEFINITIONAL_REPRESENTATION('',(#10295),#10299);
#10295 = LINE('',#10296,#10297);
#10296 = CARTESIAN_POINT('',(-6.28318530718,0.));
#10297 = VECTOR('',#10298,1.);
#10298 = DIRECTION('',(-0.,-1.));
#10299 = ( GEOMETRIC_REPRESENTATION_CONTEXT(2) 
PARAMETRIC_REPRESENTATION_CONTEXT() REPRESENTATION_CONTEXT('2D SPACE',''
  ) );
#10300 = ORIENTED_EDGE('',*,*,#10301,.T.);
#10301 = EDGE_CURVE('',#10279,#10279,#10302,.T.);
#10302 = SURFACE_CURVE('',#10303,(#10308,#10315),.PCURVE_S1.);
#10303 = CIRCLE('',#10304,2.);
#10304 = AXIS2_PLACEMENT_3D('',#10305,#10306,#10307);
#10305 = CARTESIAN_POINT('',(62.,32.071067811865,5.));
#10306 = DIRECTION('',(1.,0.,0.));
#10307 = DIRECTION('',(0.,1.,0.));
#10308 = PCURVE('',#9964,#10309);
#10309 = DEFINITIONAL_REPRESENTATION('',(#10310),#10314);
#10310 = LINE('',#10311,#10312);
#10311 = CARTESIAN_POINT('',(-0.,-55.));
#10312 = VECTOR('',#10313,1.);
#10313 = DIRECTION('',(-1.,0.));
#10314 = ( GEOMETRIC_REPRESENTATION_CONTEXT(2) 
PARAMETRIC_REPRESENTATION_CONTEXT() REPRESENTATION_CONTEXT('2D SPACE',''
  ) );
#10315 = PCURVE('',#10316,#10321);
#10316 = PLANE('',#10317);
#10317 = AXIS2_PLACEMENT_3D('',#10318,#10319,#10320);
#10318 = CARTESIAN_POINT('',(62.,32.071067811865,5.));
#10319 = DIRECTION('',(1.,0.,0.));
#10320 = DIRECTION('',(-0.,0.,1.));
#10321 = DEFINITIONAL_REPRESENTATION('',(#10322),#10326);
#10322 = CIRCLE('',#10323,2.);
#10323 = AXIS2_PLACEMENT_2D('',#10324,#10325);
#10324 = CARTESIAN_POINT('',(-8.881784197001E-16,7.105427357601E-15));
#10325 = DIRECTION('',(0.,-1.));
#10326 = ( GEOMETRIC_REPRESENTATION_CONTEXT(2) 
PARAMETRIC_REPRESENTATION_CONTEXT() REPRESENTATION_CONTEXT('2D SPACE',''
  ) );
#10327 = ORIENTED_EDGE('',*,*,#10278,.F.);
#10328 = ORIENTED_EDGE('',*,*,#9947,.F.);
#10329 = ADVANCED_FACE('',(#10330),#10019,.F.);
#10330 = FACE_BOUND('',#10331,.F.);
#10331 = EDGE_LOOP('',(#10332,#10333,#10334,#10335,#10336,#10337));
#10332 = ORIENTED_EDGE('',*,*,#10253,.T.);
#10333 = ORIENTED_EDGE('',*,*,#10003,.T.);
#10334 = ORIENTED_EDGE('',*,*,#10057,.T.);
#10335 = ORIENTED_EDGE('',*,*,#10106,.T.);
#10336 = ORIENTED_EDGE('',*,*,#10155,.T.);
#10337 = ORIENTED_EDGE('',*,*,#10204,.T.);
#10338 = ADVANCED_FACE('',(#10339),#10316,.T.);
#10339 = FACE_BOUND('',#10340,.T.);
#10340 = EDGE_LOOP('',(#10341));
#10341 = ORIENTED_EDGE('',*,*,#10301,.T.);
#10342 = ( GEOMETRIC_REPRESENTATION_CONTEXT(3) 
GLOBAL_UNCERTAINTY_ASSIGNED_CONTEXT((#10346)) 
GLOBAL_UNIT_ASSIGNED_CONTEXT((#10343,#10344,#10345)) 
REPRESENTATION_CONTEXT('Context #1',
  '3D Context with UNIT and UNCERTAINTY') );
#10343 = ( LENGTH_UNIT() NAMED_UNIT(*) SI_UNIT(.MILLI.,.METRE.) );
#10344 = ( NAMED_UNIT(*) PLANE_ANGLE_UNIT() SI_UNIT($,.RADIAN.) );
#10345 = ( NAMED_UNIT(*) SI_UNIT($,.STERADIAN.) SOLID_ANGLE_UNIT() );
#10346 = UNCERTAINTY_MEASURE_WITH_UNIT(LENGTH_MEASURE(1.E-07),#10343,
  'distance_accuracy_value','confusion accuracy');
#10347 = CONTEXT_DEPENDENT_SHAPE_REPRESENTATION(#10348,#10350);
#10348 = ( REPRESENTATION_RELATIONSHIP('','',#9687,#9664) 
REPRESENTATION_RELATIONSHIP_WITH_TRANSFORMATION(#10349) 
SHAPE_REPRESENTATION_RELATIONSHIP() );
#10349 = ITEM_DEFINED_TRANSFORMATION('','',#11,#9665);
#10350 = PRODUCT_DEFINITION_SHAPE('Placement','Placement of an item',
  #10351);
#10351 = NEXT_ASSEMBLY_USAGE_OCCURRENCE('9','','',#9659,#9682,$);
#10352 = PRODUCT_RELATED_PRODUCT_CATEGORY('part',$,(#9684));
#10353 = SHAPE_DEFINITION_REPRESENTATION(#10354,#10360);
#10354 = PRODUCT_DEFINITION_SHAPE('','',#10355);
#10355 = PRODUCT_DEFINITION('design','',#10356,#10359);
#10356 = PRODUCT_DEFINITION_FORMATION('','',#10357);
#10357 = PRODUCT('nut1','nut1','',(#10358));
#10358 = PRODUCT_CONTEXT('',#2,'mechanical');
#10359 = PRODUCT_DEFINITION_CONTEXT('part definition',#2,'design');
#10360 = SHAPE_REPRESENTATION('',(#11,#10361),#10365);
#10361 = AXIS2_PLACEMENT_3D('',#10362,#10363,#10364);
#10362 = CARTESIAN_POINT('',(0.,0.,0.));
#10363 = DIRECTION('',(0.,0.,1.));
#10364 = DIRECTION('',(1.,0.,-0.));
#10365 = ( GEOMETRIC_REPRESENTATION_CONTEXT(3) 
GLOBAL_UNCERTAINTY_ASSIGNED_CONTEXT((#10369)) 
GLOBAL_UNIT_ASSIGNED_CONTEXT((#10366,#10367,#10368)) 
REPRESENTATION_CONTEXT('Context #1',
  '3D Context with UNIT and UNCERTAINTY') );
#10366 = ( LENGTH_UNIT() NAMED_UNIT(*) SI_UNIT(.MILLI.,.METRE.) );
#10367 = ( NAMED_UNIT(*) PLANE_ANGLE_UNIT() SI_UNIT($,.RADIAN.) );
#10368 = ( NAMED_UNIT(*) SI_UNIT($,.STERADIAN.) SOLID_ANGLE_UNIT() );
#10369 = UNCERTAINTY_MEASURE_WITH_UNIT(LENGTH_MEASURE(1.E-07),#10366,
  'distance_accuracy_value','confusion accuracy');
#10370 = CONTEXT_DEPENDENT_SHAPE_REPRESENTATION(#10371,#10373);
#10371 = ( REPRESENTATION_RELATIONSHIP('','',#10360,#10) 
REPRESENTATION_RELATIONSHIP_WITH_TRANSFORMATION(#10372) 
SHAPE_REPRESENTATION_RELATIONSHIP() );
#10372 = ITEM_DEFINED_TRANSFORMATION('','',#11,#35);
#10373 = PRODUCT_DEFINITION_SHAPE('Placement','Placement of an item',
  #10374);
#10374 = NEXT_ASSEMBLY_USAGE_OCCURRENCE('12','','',#5,#10355,$);
#10375 = PRODUCT_RELATED_PRODUCT_CATEGORY('part',$,(#10357));
#10376 = SHAPE_DEFINITION_REPRESENTATION(#10377,#10383);
#10377 = PRODUCT_DEFINITION_SHAPE('','',#10378);
#10378 = PRODUCT_DEFINITION('design','',#10379,#10382);
#10379 = PRODUCT_DEFINITION_FORMATION('','',#10380);
#10380 = PRODUCT('nut1_part','nut1_part','',(#10381));
#10381 = PRODUCT_CONTEXT('',#2,'mechanical');
#10382 = PRODUCT_DEFINITION_CONTEXT('part definition',#2,'design');
#10383 = ADVANCED_BREP_SHAPE_REPRESENTATION('',(#11,#10384),#10962);
#10384 = MANIFOLD_SOLID_BREP('',#10385);
#10385 = CLOSED_SHELL('',(#10386,#10506,#10582,#10658,#10771,#10874,
    #10901,#10928,#10935));
#10386 = ADVANCED_FACE('',(#10387),#10401,.F.);
#10387 = FACE_BOUND('',#10388,.F.);
#10388 = EDGE_LOOP('',(#10389,#10424,#10452,#10480));
#10389 = ORIENTED_EDGE('',*,*,#10390,.T.);
#10390 = EDGE_CURVE('',#10391,#10393,#10395,.T.);
#10391 = VERTEX_POINT('',#10392);
#10392 = CARTESIAN_POINT('',(57.,36.112519696193,5.));
#10393 = VERTEX_POINT('',#10394);
#10394 = CARTESIAN_POINT('',(61.7,36.112519696193,5.));
#10395 = SURFACE_CURVE('',#10396,(#10400,#10412),.PCURVE_S1.);
#10396 = LINE('',#10397,#10398);
#10397 = CARTESIAN_POINT('',(57.,36.112519696193,5.));
#10398 = VECTOR('',#10399,1.);
#10399 = DIRECTION('',(1.,0.,0.));
#10400 = PCURVE('',#10401,#10406);
#10401 = PLANE('',#10402);
#10402 = AXIS2_PLACEMENT_3D('',#10403,#10404,#10405);
#10403 = CARTESIAN_POINT('',(57.,36.112519696193,5.));
#10404 = DIRECTION('',(0.,-0.866025403784,-0.5));
#10405 = DIRECTION('',(0.,-0.5,0.866025403784));
#10406 = DEFINITIONAL_REPRESENTATION('',(#10407),#10411);
#10407 = LINE('',#10408,#10409);
#10408 = CARTESIAN_POINT('',(0.,0.));
#10409 = VECTOR('',#10410,1.);
#10410 = DIRECTION('',(0.,-1.));
#10411 = ( GEOMETRIC_REPRESENTATION_CONTEXT(2) 
PARAMETRIC_REPRESENTATION_CONTEXT() REPRESENTATION_CONTEXT('2D SPACE',''
  ) );
#10412 = PCURVE('',#10413,#10418);
#10413 = PLANE('',#10414);
#10414 = AXIS2_PLACEMENT_3D('',#10415,#10416,#10417);
#10415 = CARTESIAN_POINT('',(57.,34.091793754029,1.5));
#10416 = DIRECTION('',(0.,-0.866025403784,0.5));
#10417 = DIRECTION('',(0.,0.5,0.866025403784));
#10418 = DEFINITIONAL_REPRESENTATION('',(#10419),#10423);
#10419 = LINE('',#10420,#10421);
#10420 = CARTESIAN_POINT('',(4.041451884327,0.));
#10421 = VECTOR('',#10422,1.);
#10422 = DIRECTION('',(0.,-1.));
#10423 = ( GEOMETRIC_REPRESENTATION_CONTEXT(2) 
PARAMETRIC_REPRESENTATION_CONTEXT() REPRESENTATION_CONTEXT('2D SPACE',''
  ) );
#10424 = ORIENTED_EDGE('',*,*,#10425,.T.);
#10425 = EDGE_CURVE('',#10393,#10426,#10428,.T.);
#10426 = VERTEX_POINT('',#10427);
#10427 = CARTESIAN_POINT('',(61.7,34.091793754029,8.5));
#10428 = SURFACE_CURVE('',#10429,(#10433,#10440),.PCURVE_S1.);
#10429 = LINE('',#10430,#10431);
#10430 = CARTESIAN_POINT('',(61.7,36.112519696193,5.));
#10431 = VECTOR('',#10432,1.);
#10432 = DIRECTION('',(0.,-0.5,0.866025403784));
#10433 = PCURVE('',#10401,#10434);
#10434 = DEFINITIONAL_REPRESENTATION('',(#10435),#10439);
#10435 = LINE('',#10436,#10437);
#10436 = CARTESIAN_POINT('',(0.,-4.7));
#10437 = VECTOR('',#10438,1.);
#10438 = DIRECTION('',(1.,0.));
#10439 = ( GEOMETRIC_REPRESENTATION_CONTEXT(2) 
PARAMETRIC_REPRESENTATION_CONTEXT() REPRESENTATION_CONTEXT('2D SPACE',''
  ) );
#10440 = PCURVE('',#10441,#10446);
#10441 = PLANE('',#10442);
#10442 = AXIS2_PLACEMENT_3D('',#10443,#10444,#10445);
#10443 = CARTESIAN_POINT('',(61.7,32.071067811865,5.));
#10444 = DIRECTION('',(1.,0.,0.));
#10445 = DIRECTION('',(-0.,0.,1.));
#10446 = DEFINITIONAL_REPRESENTATION('',(#10447),#10451);
#10447 = LINE('',#10448,#10449);
#10448 = CARTESIAN_POINT('',(0.,-4.041451884327));
#10449 = VECTOR('',#10450,1.);
#10450 = DIRECTION('',(0.866025403784,0.5));
#10451 = ( GEOMETRIC_REPRESENTATION_CONTEXT(2) 
PARAMETRIC_REPRESENTATION_CONTEXT() REPRESENTATION_CONTEXT('2D SPACE',''
  ) );
#10452 = ORIENTED_EDGE('',*,*,#10453,.F.);
#10453 = EDGE_CURVE('',#10454,#10426,#10456,.T.);
#10454 = VERTEX_POINT('',#10455);
#10455 = CARTESIAN_POINT('',(57.,34.091793754029,8.5));
#10456 = SURFACE_CURVE('',#10457,(#10461,#10468),.PCURVE_S1.);
#10457 = LINE('',#10458,#10459);
#10458 = CARTESIAN_POINT('',(57.,34.091793754029,8.5));
#10459 = VECTOR('',#10460,1.);
#10460 = DIRECTION('',(1.,0.,0.));
#10461 = PCURVE('',#10401,#10462);
#10462 = DEFINITIONAL_REPRESENTATION('',(#10463),#10467);
#10463 = LINE('',#10464,#10465);
#10464 = CARTESIAN_POINT('',(4.041451884327,0.));
#10465 = VECTOR('',#10466,1.);
#10466 = DIRECTION('',(0.,-1.));
#10467 = ( GEOMETRIC_REPRESENTATION_CONTEXT(2) 
PARAMETRIC_REPRESENTATION_CONTEXT() REPRESENTATION_CONTEXT('2D SPACE',''
  ) );
#10468 = PCURVE('',#10469,#10474);
#10469 = PLANE('',#10470);
#10470 = AXIS2_PLACEMENT_3D('',#10471,#10472,#10473);
#10471 = CARTESIAN_POINT('',(57.,34.091793754029,8.5));
#10472 = DIRECTION('',(0.,-1.098835820791E-16,-1.));
#10473 = DIRECTION('',(0.,-1.,1.098835820791E-16));
#10474 = DEFINITIONAL_REPRESENTATION('',(#10475),#10479);
#10475 = LINE('',#10476,#10477);
#10476 = CARTESIAN_POINT('',(0.,0.));
#10477 = VECTOR('',#10478,1.);
#10478 = DIRECTION('',(0.,-1.));
#10479 = ( GEOMETRIC_REPRESENTATION_CONTEXT(2) 
PARAMETRIC_REPRESENTATION_CONTEXT() REPRESENTATION_CONTEXT('2D SPACE',''
  ) );
#10480 = ORIENTED_EDGE('',*,*,#10481,.F.);
#10481 = EDGE_CURVE('',#10391,#10454,#10482,.T.);
#10482 = SURFACE_CURVE('',#10483,(#10487,#10494),.PCURVE_S1.);
#10483 = LINE('',#10484,#10485);
#10484 = CARTESIAN_POINT('',(57.,36.112519696193,5.));
#10485 = VECTOR('',#10486,1.);
#10486 = DIRECTION('',(0.,-0.5,0.866025403784));
#10487 = PCURVE('',#10401,#10488);
#10488 = DEFINITIONAL_REPRESENTATION('',(#10489),#10493);
#10489 = LINE('',#10490,#10491);
#10490 = CARTESIAN_POINT('',(0.,0.));
#10491 = VECTOR('',#10492,1.);
#10492 = DIRECTION('',(1.,0.));
#10493 = ( GEOMETRIC_REPRESENTATION_CONTEXT(2) 
PARAMETRIC_REPRESENTATION_CONTEXT() REPRESENTATION_CONTEXT('2D SPACE',''
  ) );
#10494 = PCURVE('',#10495,#10500);
#10495 = PLANE('',#10496);
#10496 = AXIS2_PLACEMENT_3D('',#10497,#10498,#10499);
#10497 = CARTESIAN_POINT('',(57.,32.071067811865,5.));
#10498 = DIRECTION('',(1.,0.,0.));
#10499 = DIRECTION('',(-0.,0.,1.));
#10500 = DEFINITIONAL_REPRESENTATION('',(#10501),#10505);
#10501 = LINE('',#10502,#10503);
#10502 = CARTESIAN_POINT('',(0.,-4.041451884327));
#10503 = VECTOR('',#10504,1.);
#10504 = DIRECTION('',(0.866025403784,0.5));
#10505 = ( GEOMETRIC_REPRESENTATION_CONTEXT(2) 
PARAMETRIC_REPRESENTATION_CONTEXT() REPRESENTATION_CONTEXT('2D SPACE',''
  ) );
#10506 = ADVANCED_FACE('',(#10507),#10413,.F.);
#10507 = FACE_BOUND('',#10508,.F.);
#10508 = EDGE_LOOP('',(#10509,#10539,#10560,#10561));
#10509 = ORIENTED_EDGE('',*,*,#10510,.T.);
#10510 = EDGE_CURVE('',#10511,#10513,#10515,.T.);
#10511 = VERTEX_POINT('',#10512);
#10512 = CARTESIAN_POINT('',(57.,34.091793754029,1.5));
#10513 = VERTEX_POINT('',#10514);
#10514 = CARTESIAN_POINT('',(61.7,34.091793754029,1.5));
#10515 = SURFACE_CURVE('',#10516,(#10520,#10527),.PCURVE_S1.);
#10516 = LINE('',#10517,#10518);
#10517 = CARTESIAN_POINT('',(57.,34.091793754029,1.5));
#10518 = VECTOR('',#10519,1.);
#10519 = DIRECTION('',(1.,0.,0.));
#10520 = PCURVE('',#10413,#10521);
#10521 = DEFINITIONAL_REPRESENTATION('',(#10522),#10526);
#10522 = LINE('',#10523,#10524);
#10523 = CARTESIAN_POINT('',(0.,0.));
#10524 = VECTOR('',#10525,1.);
#10525 = DIRECTION('',(0.,-1.));
#10526 = ( GEOMETRIC_REPRESENTATION_CONTEXT(2) 
PARAMETRIC_REPRESENTATION_CONTEXT() REPRESENTATION_CONTEXT('2D SPACE',''
  ) );
#10527 = PCURVE('',#10528,#10533);
#10528 = PLANE('',#10529);
#10529 = AXIS2_PLACEMENT_3D('',#10530,#10531,#10532);
#10530 = CARTESIAN_POINT('',(57.,30.050341869702,1.5));
#10531 = DIRECTION('',(-0.,5.494179103953E-16,1.));
#10532 = DIRECTION('',(0.,1.,-5.494179103953E-16));
#10533 = DEFINITIONAL_REPRESENTATION('',(#10534),#10538);
#10534 = LINE('',#10535,#10536);
#10535 = CARTESIAN_POINT('',(4.041451884327,0.));
#10536 = VECTOR('',#10537,1.);
#10537 = DIRECTION('',(0.,-1.));
#10538 = ( GEOMETRIC_REPRESENTATION_CONTEXT(2) 
PARAMETRIC_REPRESENTATION_CONTEXT() REPRESENTATION_CONTEXT('2D SPACE',''
  ) );
#10539 = ORIENTED_EDGE('',*,*,#10540,.T.);
#10540 = EDGE_CURVE('',#10513,#10393,#10541,.T.);
#10541 = SURFACE_CURVE('',#10542,(#10546,#10553),.PCURVE_S1.);
#10542 = LINE('',#10543,#10544);
#10543 = CARTESIAN_POINT('',(61.7,34.091793754029,1.5));
#10544 = VECTOR('',#10545,1.);
#10545 = DIRECTION('',(0.,0.5,0.866025403784));
#10546 = PCURVE('',#10413,#10547);
#10547 = DEFINITIONAL_REPRESENTATION('',(#10548),#10552);
#10548 = LINE('',#10549,#10550);
#10549 = CARTESIAN_POINT('',(0.,-4.7));
#10550 = VECTOR('',#10551,1.);
#10551 = DIRECTION('',(1.,0.));
#10552 = ( GEOMETRIC_REPRESENTATION_CONTEXT(2) 
PARAMETRIC_REPRESENTATION_CONTEXT() REPRESENTATION_CONTEXT('2D SPACE',''
  ) );
#10553 = PCURVE('',#10441,#10554);
#10554 = DEFINITIONAL_REPRESENTATION('',(#10555),#10559);
#10555 = LINE('',#10556,#10557);
#10556 = CARTESIAN_POINT('',(-3.5,-2.020725942164));
#10557 = VECTOR('',#10558,1.);
#10558 = DIRECTION('',(0.866025403784,-0.5));
#10559 = ( GEOMETRIC_REPRESENTATION_CONTEXT(2) 
PARAMETRIC_REPRESENTATION_CONTEXT() REPRESENTATION_CONTEXT('2D SPACE',''
  ) );
#10560 = ORIENTED_EDGE('',*,*,#10390,.F.);
#10561 = ORIENTED_EDGE('',*,*,#10562,.F.);
#10562 = EDGE_CURVE('',#10511,#10391,#10563,.T.);
#10563 = SURFACE_CURVE('',#10564,(#10568,#10575),.PCURVE_S1.);
#10564 = LINE('',#10565,#10566);
#10565 = CARTESIAN_POINT('',(57.,34.091793754029,1.5));
#10566 = VECTOR('',#10567,1.);
#10567 = DIRECTION('',(0.,0.5,0.866025403784));
#10568 = PCURVE('',#10413,#10569);
#10569 = DEFINITIONAL_REPRESENTATION('',(#10570),#10574);
#10570 = LINE('',#10571,#10572);
#10571 = CARTESIAN_POINT('',(0.,0.));
#10572 = VECTOR('',#10573,1.);
#10573 = DIRECTION('',(1.,0.));
#10574 = ( GEOMETRIC_REPRESENTATION_CONTEXT(2) 
PARAMETRIC_REPRESENTATION_CONTEXT() REPRESENTATION_CONTEXT('2D SPACE',''
  ) );
#10575 = PCURVE('',#10495,#10576);
#10576 = DEFINITIONAL_REPRESENTATION('',(#10577),#10581);
#10577 = LINE('',#10578,#10579);
#10578 = CARTESIAN_POINT('',(-3.5,-2.020725942164));
#10579 = VECTOR('',#10580,1.);
#10580 = DIRECTION('',(0.866025403784,-0.5));
#10581 = ( GEOMETRIC_REPRESENTATION_CONTEXT(2) 
PARAMETRIC_REPRESENTATION_CONTEXT() REPRESENTATION_CONTEXT('2D SPACE',''
  ) );
#10582 = ADVANCED_FACE('',(#10583),#10469,.F.);
#10583 = FACE_BOUND('',#10584,.F.);
#10584 = EDGE_LOOP('',(#10585,#10586,#10609,#10637));
#10585 = ORIENTED_EDGE('',*,*,#10453,.T.);
#10586 = ORIENTED_EDGE('',*,*,#10587,.T.);
#10587 = EDGE_CURVE('',#10426,#10588,#10590,.T.);
#10588 = VERTEX_POINT('',#10589);
#10589 = CARTESIAN_POINT('',(61.7,30.050341869702,8.5));
#10590 = SURFACE_CURVE('',#10591,(#10595,#10602),.PCURVE_S1.);
#10591 = LINE('',#10592,#10593);
#10592 = CARTESIAN_POINT('',(61.7,34.091793754029,8.5));
#10593 = VECTOR('',#10594,1.);
#10594 = DIRECTION('',(0.,-1.,1.098835820791E-16));
#10595 = PCURVE('',#10469,#10596);
#10596 = DEFINITIONAL_REPRESENTATION('',(#10597),#10601);
#10597 = LINE('',#10598,#10599);
#10598 = CARTESIAN_POINT('',(0.,-4.7));
#10599 = VECTOR('',#10600,1.);
#10600 = DIRECTION('',(1.,0.));
#10601 = ( GEOMETRIC_REPRESENTATION_CONTEXT(2) 
PARAMETRIC_REPRESENTATION_CONTEXT() REPRESENTATION_CONTEXT('2D SPACE',''
  ) );
#10602 = PCURVE('',#10441,#10603);
#10603 = DEFINITIONAL_REPRESENTATION('',(#10604),#10608);
#10604 = LINE('',#10605,#10606);
#10605 = CARTESIAN_POINT('',(3.5,-2.020725942164));
#10606 = VECTOR('',#10607,1.);
#10607 = DIRECTION('',(1.098835820791E-16,1.));
#10608 = ( GEOMETRIC_REPRESENTATION_CONTEXT(2) 
PARAMETRIC_REPRESENTATION_CONTEXT() REPRESENTATION_CONTEXT('2D SPACE',''
  ) );
#10609 = ORIENTED_EDGE('',*,*,#10610,.F.);
#10610 = EDGE_CURVE('',#10611,#10588,#10613,.T.);
#10611 = VERTEX_POINT('',#10612);
#10612 = CARTESIAN_POINT('',(57.,30.050341869702,8.5));
#10613 = SURFACE_CURVE('',#10614,(#10618,#10625),.PCURVE_S1.);
#10614 = LINE('',#10615,#10616);
#10615 = CARTESIAN_POINT('',(57.,30.050341869702,8.5));
#10616 = VECTOR('',#10617,1.);
#10617 = DIRECTION('',(1.,0.,0.));
#10618 = PCURVE('',#10469,#10619);
#10619 = DEFINITIONAL_REPRESENTATION('',(#10620),#10624);
#10620 = LINE('',#10621,#10622);
#10621 = CARTESIAN_POINT('',(4.041451884327,0.));
#10622 = VECTOR('',#10623,1.);
#10623 = DIRECTION('',(0.,-1.));
#10624 = ( GEOMETRIC_REPRESENTATION_CONTEXT(2) 
PARAMETRIC_REPRESENTATION_CONTEXT() REPRESENTATION_CONTEXT('2D SPACE',''
  ) );
#10625 = PCURVE('',#10626,#10631);
#10626 = PLANE('',#10627);
#10627 = AXIS2_PLACEMENT_3D('',#10628,#10629,#10630);
#10628 = CARTESIAN_POINT('',(57.,30.050341869702,8.5));
#10629 = DIRECTION('',(0.,0.866025403784,-0.5));
#10630 = DIRECTION('',(0.,-0.5,-0.866025403784));
#10631 = DEFINITIONAL_REPRESENTATION('',(#10632),#10636);
#10632 = LINE('',#10633,#10634);
#10633 = CARTESIAN_POINT('',(0.,0.));
#10634 = VECTOR('',#10635,1.);
#10635 = DIRECTION('',(0.,-1.));
#10636 = ( GEOMETRIC_REPRESENTATION_CONTEXT(2) 
PARAMETRIC_REPRESENTATION_CONTEXT() REPRESENTATION_CONTEXT('2D SPACE',''
  ) );
#10637 = ORIENTED_EDGE('',*,*,#10638,.F.);
#10638 = EDGE_CURVE('',#10454,#10611,#10639,.T.);
#10639 = SURFACE_CURVE('',#10640,(#10644,#10651),.PCURVE_S1.);
#10640 = LINE('',#10641,#10642);
#10641 = CARTESIAN_POINT('',(57.,34.091793754029,8.5));
#10642 = VECTOR('',#10643,1.);
#10643 = DIRECTION('',(0.,-1.,1.098835820791E-16));
#10644 = PCURVE('',#10469,#10645);
#10645 = DEFINITIONAL_REPRESENTATION('',(#10646),#10650);
#10646 = LINE('',#10647,#10648);
#10647 = CARTESIAN_POINT('',(0.,0.));
#10648 = VECTOR('',#10649,1.);
#10649 = DIRECTION('',(1.,0.));
#10650 = ( GEOMETRIC_REPRESENTATION_CONTEXT(2) 
PARAMETRIC_REPRESENTATION_CONTEXT() REPRESENTATION_CONTEXT('2D SPACE',''
  ) );
#10651 = PCURVE('',#10495,#10652);
#10652 = DEFINITIONAL_REPRESENTATION('',(#10653),#10657);
#10653 = LINE('',#10654,#10655);
#10654 = CARTESIAN_POINT('',(3.5,-2.020725942164));
#10655 = VECTOR('',#10656,1.);
#10656 = DIRECTION('',(1.098835820791E-16,1.));
#10657 = ( GEOMETRIC_REPRESENTATION_CONTEXT(2) 
PARAMETRIC_REPRESENTATION_CONTEXT() REPRESENTATION_CONTEXT('2D SPACE',''
  ) );
#10658 = ADVANCED_FACE('',(#10659,#10736),#10495,.F.);
#10659 = FACE_BOUND('',#10660,.F.);
#10660 = EDGE_LOOP('',(#10661,#10662,#10663,#10686,#10714,#10735));
#10661 = ORIENTED_EDGE('',*,*,#10481,.T.);
#10662 = ORIENTED_EDGE('',*,*,#10638,.T.);
#10663 = ORIENTED_EDGE('',*,*,#10664,.T.);
#10664 = EDGE_CURVE('',#10611,#10665,#10667,.T.);
#10665 = VERTEX_POINT('',#10666);
#10666 = CARTESIAN_POINT('',(57.,28.029615927538,5.));
#10667 = SURFACE_CURVE('',#10668,(#10672,#10679),.PCURVE_S1.);
#10668 = LINE('',#10669,#10670);
#10669 = CARTESIAN_POINT('',(57.,30.050341869702,8.5));
#10670 = VECTOR('',#10671,1.);
#10671 = DIRECTION('',(0.,-0.5,-0.866025403784));
#10672 = PCURVE('',#10495,#10673);
#10673 = DEFINITIONAL_REPRESENTATION('',(#10674),#10678);
#10674 = LINE('',#10675,#10676);
#10675 = CARTESIAN_POINT('',(3.5,2.020725942164));
#10676 = VECTOR('',#10677,1.);
#10677 = DIRECTION('',(-0.866025403784,0.5));
#10678 = ( GEOMETRIC_REPRESENTATION_CONTEXT(2) 
PARAMETRIC_REPRESENTATION_CONTEXT() REPRESENTATION_CONTEXT('2D SPACE',''
  ) );
#10679 = PCURVE('',#10626,#10680);
#10680 = DEFINITIONAL_REPRESENTATION('',(#10681),#10685);
#10681 = LINE('',#10682,#10683);
#10682 = CARTESIAN_POINT('',(0.,0.));
#10683 = VECTOR('',#10684,1.);
#10684 = DIRECTION('',(1.,0.));
#10685 = ( GEOMETRIC_REPRESENTATION_CONTEXT(2) 
PARAMETRIC_REPRESENTATION_CONTEXT() REPRESENTATION_CONTEXT('2D SPACE',''
  ) );
#10686 = ORIENTED_EDGE('',*,*,#10687,.T.);
#10687 = EDGE_CURVE('',#10665,#10688,#10690,.T.);
#10688 = VERTEX_POINT('',#10689);
#10689 = CARTESIAN_POINT('',(57.,30.050341869702,1.5));
#10690 = SURFACE_CURVE('',#10691,(#10695,#10702),.PCURVE_S1.);
#10691 = LINE('',#10692,#10693);
#10692 = CARTESIAN_POINT('',(57.,28.029615927538,5.));
#10693 = VECTOR('',#10694,1.);
#10694 = DIRECTION('',(0.,0.5,-0.866025403784));
#10695 = PCURVE('',#10495,#10696);
#10696 = DEFINITIONAL_REPRESENTATION('',(#10697),#10701);
#10697 = LINE('',#10698,#10699);
#10698 = CARTESIAN_POINT('',(8.881784197001E-16,4.041451884327));
#10699 = VECTOR('',#10700,1.);
#10700 = DIRECTION('',(-0.866025403784,-0.5));
#10701 = ( GEOMETRIC_REPRESENTATION_CONTEXT(2) 
PARAMETRIC_REPRESENTATION_CONTEXT() REPRESENTATION_CONTEXT('2D SPACE',''
  ) );
#10702 = PCURVE('',#10703,#10708);
#10703 = PLANE('',#10704);
#10704 = AXIS2_PLACEMENT_3D('',#10705,#10706,#10707);
#10705 = CARTESIAN_POINT('',(57.,28.029615927538,5.));
#10706 = DIRECTION('',(-0.,0.866025403784,0.5));
#10707 = DIRECTION('',(0.,0.5,-0.866025403784));
#10708 = DEFINITIONAL_REPRESENTATION('',(#10709),#10713);
#10709 = LINE('',#10710,#10711);
#10710 = CARTESIAN_POINT('',(0.,0.));
#10711 = VECTOR('',#10712,1.);
#10712 = DIRECTION('',(1.,0.));
#10713 = ( GEOMETRIC_REPRESENTATION_CONTEXT(2) 
PARAMETRIC_REPRESENTATION_CONTEXT() REPRESENTATION_CONTEXT('2D SPACE',''
  ) );
#10714 = ORIENTED_EDGE('',*,*,#10715,.T.);
#10715 = EDGE_CURVE('',#10688,#10511,#10716,.T.);
#10716 = SURFACE_CURVE('',#10717,(#10721,#10728),.PCURVE_S1.);
#10717 = LINE('',#10718,#10719);
#10718 = CARTESIAN_POINT('',(57.,30.050341869702,1.5));
#10719 = VECTOR('',#10720,1.);
#10720 = DIRECTION('',(0.,1.,-5.494179103953E-16));
#10721 = PCURVE('',#10495,#10722);
#10722 = DEFINITIONAL_REPRESENTATION('',(#10723),#10727);
#10723 = LINE('',#10724,#10725);
#10724 = CARTESIAN_POINT('',(-3.5,2.020725942164));
#10725 = VECTOR('',#10726,1.);
#10726 = DIRECTION('',(-5.494179103953E-16,-1.));
#10727 = ( GEOMETRIC_REPRESENTATION_CONTEXT(2) 
PARAMETRIC_REPRESENTATION_CONTEXT() REPRESENTATION_CONTEXT('2D SPACE',''
  ) );
#10728 = PCURVE('',#10528,#10729);
#10729 = DEFINITIONAL_REPRESENTATION('',(#10730),#10734);
#10730 = LINE('',#10731,#10732);
#10731 = CARTESIAN_POINT('',(0.,0.));
#10732 = VECTOR('',#10733,1.);
#10733 = DIRECTION('',(1.,0.));
#10734 = ( GEOMETRIC_REPRESENTATION_CONTEXT(2) 
PARAMETRIC_REPRESENTATION_CONTEXT() REPRESENTATION_CONTEXT('2D SPACE',''
  ) );
#10735 = ORIENTED_EDGE('',*,*,#10562,.T.);
#10736 = FACE_BOUND('',#10737,.F.);
#10737 = EDGE_LOOP('',(#10738));
#10738 = ORIENTED_EDGE('',*,*,#10739,.T.);
#10739 = EDGE_CURVE('',#10740,#10740,#10742,.T.);
#10740 = VERTEX_POINT('',#10741);
#10741 = CARTESIAN_POINT('',(57.,34.071067811865,5.));
#10742 = SURFACE_CURVE('',#10743,(#10748,#10759),.PCURVE_S1.);
#10743 = CIRCLE('',#10744,2.);
#10744 = AXIS2_PLACEMENT_3D('',#10745,#10746,#10747);
#10745 = CARTESIAN_POINT('',(57.,32.071067811865,5.));
#10746 = DIRECTION('',(-1.,0.,0.));
#10747 = DIRECTION('',(0.,1.,0.));
#10748 = PCURVE('',#10495,#10749);
#10749 = DEFINITIONAL_REPRESENTATION('',(#10750),#10758);
#10750 = ( BOUNDED_CURVE() B_SPLINE_CURVE(2,(#10751,#10752,#10753,#10754
    ,#10755,#10756,#10757),.UNSPECIFIED.,.T.,.F.) 
B_SPLINE_CURVE_WITH_KNOTS((1,2,2,2,2,1),(-2.094395102393,0.,
    2.094395102393,4.188790204786,6.28318530718,8.377580409573),
.UNSPECIFIED.) CURVE() GEOMETRIC_REPRESENTATION_ITEM() 
RATIONAL_B_SPLINE_CURVE((1.,0.5,1.,0.5,1.,0.5,1.)) REPRESENTATION_ITEM(
  '') );
#10751 = CARTESIAN_POINT('',(0.,-2.));
#10752 = CARTESIAN_POINT('',(-3.464101615138,-2.));
#10753 = CARTESIAN_POINT('',(-1.732050807569,1.));
#10754 = CARTESIAN_POINT('',(-4.898587196589E-16,4.));
#10755 = CARTESIAN_POINT('',(1.732050807569,1.));
#10756 = CARTESIAN_POINT('',(3.464101615138,-2.));
#10757 = CARTESIAN_POINT('',(0.,-2.));
#10758 = ( GEOMETRIC_REPRESENTATION_CONTEXT(2) 
PARAMETRIC_REPRESENTATION_CONTEXT() REPRESENTATION_CONTEXT('2D SPACE',''
  ) );
#10759 = PCURVE('',#10760,#10765);
#10760 = CYLINDRICAL_SURFACE('',#10761,2.);
#10761 = AXIS2_PLACEMENT_3D('',#10762,#10763,#10764);
#10762 = CARTESIAN_POINT('',(56.,32.071067811865,5.));
#10763 = DIRECTION('',(-1.,-0.,-0.));
#10764 = DIRECTION('',(0.,1.,0.));
#10765 = DEFINITIONAL_REPRESENTATION('',(#10766),#10770);
#10766 = LINE('',#10767,#10768);
#10767 = CARTESIAN_POINT('',(-6.28318530718,-1.));
#10768 = VECTOR('',#10769,1.);
#10769 = DIRECTION('',(1.,-0.));
#10770 = ( GEOMETRIC_REPRESENTATION_CONTEXT(2) 
PARAMETRIC_REPRESENTATION_CONTEXT() REPRESENTATION_CONTEXT('2D SPACE',''
  ) );
#10771 = ADVANCED_FACE('',(#10772,#10844),#10441,.T.);
#10772 = FACE_BOUND('',#10773,.T.);
#10773 = EDGE_LOOP('',(#10774,#10775,#10776,#10799,#10822,#10843));
#10774 = ORIENTED_EDGE('',*,*,#10425,.T.);
#10775 = ORIENTED_EDGE('',*,*,#10587,.T.);
#10776 = ORIENTED_EDGE('',*,*,#10777,.T.);
#10777 = EDGE_CURVE('',#10588,#10778,#10780,.T.);
#10778 = VERTEX_POINT('',#10779);
#10779 = CARTESIAN_POINT('',(61.7,28.029615927538,5.));
#10780 = SURFACE_CURVE('',#10781,(#10785,#10792),.PCURVE_S1.);
#10781 = LINE('',#10782,#10783);
#10782 = CARTESIAN_POINT('',(61.7,30.050341869702,8.5));
#10783 = VECTOR('',#10784,1.);
#10784 = DIRECTION('',(0.,-0.5,-0.866025403784));
#10785 = PCURVE('',#10441,#10786);
#10786 = DEFINITIONAL_REPRESENTATION('',(#10787),#10791);
#10787 = LINE('',#10788,#10789);
#10788 = CARTESIAN_POINT('',(3.5,2.020725942164));
#10789 = VECTOR('',#10790,1.);
#10790 = DIRECTION('',(-0.866025403784,0.5));
#10791 = ( GEOMETRIC_REPRESENTATION_CONTEXT(2) 
PARAMETRIC_REPRESENTATION_CONTEXT() REPRESENTATION_CONTEXT('2D SPACE',''
  ) );
#10792 = PCURVE('',#10626,#10793);
#10793 = DEFINITIONAL_REPRESENTATION('',(#10794),#10798);
#10794 = LINE('',#10795,#10796);
#10795 = CARTESIAN_POINT('',(0.,-4.7));
#10796 = VECTOR('',#10797,1.);
#10797 = DIRECTION('',(1.,0.));
#10798 = ( GEOMETRIC_REPRESENTATION_CONTEXT(2) 
PARAMETRIC_REPRESENTATION_CONTEXT() REPRESENTATION_CONTEXT('2D SPACE',''
  ) );
#10799 = ORIENTED_EDGE('',*,*,#10800,.T.);
#10800 = EDGE_CURVE('',#10778,#10801,#10803,.T.);
#10801 = VERTEX_POINT('',#10802);
#10802 = CARTESIAN_POINT('',(61.7,30.050341869702,1.5));
#10803 = SURFACE_CURVE('',#10804,(#10808,#10815),.PCURVE_S1.);
#10804 = LINE('',#10805,#10806);
#10805 = CARTESIAN_POINT('',(61.7,28.029615927538,5.));
#10806 = VECTOR('',#10807,1.);
#10807 = DIRECTION('',(0.,0.5,-0.866025403784));
#10808 = PCURVE('',#10441,#10809);
#10809 = DEFINITIONAL_REPRESENTATION('',(#10810),#10814);
#10810 = LINE('',#10811,#10812);
#10811 = CARTESIAN_POINT('',(8.881784197001E-16,4.041451884327));
#10812 = VECTOR('',#10813,1.);
#10813 = DIRECTION('',(-0.866025403784,-0.5));
#10814 = ( GEOMETRIC_REPRESENTATION_CONTEXT(2) 
PARAMETRIC_REPRESENTATION_CONTEXT() REPRESENTATION_CONTEXT('2D SPACE',''
  ) );
#10815 = PCURVE('',#10703,#10816);
#10816 = DEFINITIONAL_REPRESENTATION('',(#10817),#10821);
#10817 = LINE('',#10818,#10819);
#10818 = CARTESIAN_POINT('',(0.,-4.7));
#10819 = VECTOR('',#10820,1.);
#10820 = DIRECTION('',(1.,0.));
#10821 = ( GEOMETRIC_REPRESENTATION_CONTEXT(2) 
PARAMETRIC_REPRESENTATION_CONTEXT() REPRESENTATION_CONTEXT('2D SPACE',''
  ) );
#10822 = ORIENTED_EDGE('',*,*,#10823,.T.);
#10823 = EDGE_CURVE('',#10801,#10513,#10824,.T.);
#10824 = SURFACE_CURVE('',#10825,(#10829,#10836),.PCURVE_S1.);
#10825 = LINE('',#10826,#10827);
#10826 = CARTESIAN_POINT('',(61.7,30.050341869702,1.5));
#10827 = VECTOR('',#10828,1.);
#10828 = DIRECTION('',(0.,1.,-5.494179103953E-16));
#10829 = PCURVE('',#10441,#10830);
#10830 = DEFINITIONAL_REPRESENTATION('',(#10831),#10835);
#10831 = LINE('',#10832,#10833);
#10832 = CARTESIAN_POINT('',(-3.5,2.020725942164));
#10833 = VECTOR('',#10834,1.);
#10834 = DIRECTION('',(-5.494179103953E-16,-1.));
#10835 = ( GEOMETRIC_REPRESENTATION_CONTEXT(2) 
PARAMETRIC_REPRESENTATION_CONTEXT() REPRESENTATION_CONTEXT('2D SPACE',''
  ) );
#10836 = PCURVE('',#10528,#10837);
#10837 = DEFINITIONAL_REPRESENTATION('',(#10838),#10842);
#10838 = LINE('',#10839,#10840);
#10839 = CARTESIAN_POINT('',(0.,-4.7));
#10840 = VECTOR('',#10841,1.);
#10841 = DIRECTION('',(1.,0.));
#10842 = ( GEOMETRIC_REPRESENTATION_CONTEXT(2) 
PARAMETRIC_REPRESENTATION_CONTEXT() REPRESENTATION_CONTEXT('2D SPACE',''
  ) );
#10843 = ORIENTED_EDGE('',*,*,#10540,.T.);
#10844 = FACE_BOUND('',#10845,.T.);
#10845 = EDGE_LOOP('',(#10846));
#10846 = ORIENTED_EDGE('',*,*,#10847,.T.);
#10847 = EDGE_CURVE('',#10848,#10848,#10850,.T.);
#10848 = VERTEX_POINT('',#10849);
#10849 = CARTESIAN_POINT('',(61.7,34.071067811865,5.));
#10850 = SURFACE_CURVE('',#10851,(#10856,#10867),.PCURVE_S1.);
#10851 = CIRCLE('',#10852,2.);
#10852 = AXIS2_PLACEMENT_3D('',#10853,#10854,#10855);
#10853 = CARTESIAN_POINT('',(61.7,32.071067811865,5.));
#10854 = DIRECTION('',(-1.,0.,0.));
#10855 = DIRECTION('',(0.,1.,0.));
#10856 = PCURVE('',#10441,#10857);
#10857 = DEFINITIONAL_REPRESENTATION('',(#10858),#10866);
#10858 = ( BOUNDED_CURVE() B_SPLINE_CURVE(2,(#10859,#10860,#10861,#10862
    ,#10863,#10864,#10865),.UNSPECIFIED.,.T.,.F.) 
B_SPLINE_CURVE_WITH_KNOTS((1,2,2,2,2,1),(-2.094395102393,0.,
    2.094395102393,4.188790204786,6.28318530718,8.377580409573),
.UNSPECIFIED.) CURVE() GEOMETRIC_REPRESENTATION_ITEM() 
RATIONAL_B_SPLINE_CURVE((1.,0.5,1.,0.5,1.,0.5,1.)) REPRESENTATION_ITEM(
  '') );
#10859 = CARTESIAN_POINT('',(0.,-2.));
#10860 = CARTESIAN_POINT('',(-3.464101615138,-2.));
#10861 = CARTESIAN_POINT('',(-1.732050807569,1.));
#10862 = CARTESIAN_POINT('',(-4.898587196589E-16,4.));
#10863 = CARTESIAN_POINT('',(1.732050807569,1.));
#10864 = CARTESIAN_POINT('',(3.464101615138,-2.));
#10865 = CARTESIAN_POINT('',(0.,-2.));
#10866 = ( GEOMETRIC_REPRESENTATION_CONTEXT(2) 
PARAMETRIC_REPRESENTATION_CONTEXT() REPRESENTATION_CONTEXT('2D SPACE',''
  ) );
#10867 = PCURVE('',#10760,#10868);
#10868 = DEFINITIONAL_REPRESENTATION('',(#10869),#10873);
#10869 = LINE('',#10870,#10871);
#10870 = CARTESIAN_POINT('',(-6.28318530718,-5.7));
#10871 = VECTOR('',#10872,1.);
#10872 = DIRECTION('',(1.,-0.));
#10873 = ( GEOMETRIC_REPRESENTATION_CONTEXT(2) 
PARAMETRIC_REPRESENTATION_CONTEXT() REPRESENTATION_CONTEXT('2D SPACE',''
  ) );
#10874 = ADVANCED_FACE('',(#10875),#10528,.F.);
#10875 = FACE_BOUND('',#10876,.F.);
#10876 = EDGE_LOOP('',(#10877,#10898,#10899,#10900));
#10877 = ORIENTED_EDGE('',*,*,#10878,.T.);
#10878 = EDGE_CURVE('',#10688,#10801,#10879,.T.);
#10879 = SURFACE_CURVE('',#10880,(#10884,#10891),.PCURVE_S1.);
#10880 = LINE('',#10881,#10882);
#10881 = CARTESIAN_POINT('',(57.,30.050341869702,1.5));
#10882 = VECTOR('',#10883,1.);
#10883 = DIRECTION('',(1.,0.,0.));
#10884 = PCURVE('',#10528,#10885);
#10885 = DEFINITIONAL_REPRESENTATION('',(#10886),#10890);
#10886 = LINE('',#10887,#10888);
#10887 = CARTESIAN_POINT('',(0.,0.));
#10888 = VECTOR('',#10889,1.);
#10889 = DIRECTION('',(0.,-1.));
#10890 = ( GEOMETRIC_REPRESENTATION_CONTEXT(2) 
PARAMETRIC_REPRESENTATION_CONTEXT() REPRESENTATION_CONTEXT('2D SPACE',''
  ) );
#10891 = PCURVE('',#10703,#10892);
#10892 = DEFINITIONAL_REPRESENTATION('',(#10893),#10897);
#10893 = LINE('',#10894,#10895);
#10894 = CARTESIAN_POINT('',(4.041451884327,0.));
#10895 = VECTOR('',#10896,1.);
#10896 = DIRECTION('',(0.,-1.));
#10897 = ( GEOMETRIC_REPRESENTATION_CONTEXT(2) 
PARAMETRIC_REPRESENTATION_CONTEXT() REPRESENTATION_CONTEXT('2D SPACE',''
  ) );
#10898 = ORIENTED_EDGE('',*,*,#10823,.T.);
#10899 = ORIENTED_EDGE('',*,*,#10510,.F.);
#10900 = ORIENTED_EDGE('',*,*,#10715,.F.);
#10901 = ADVANCED_FACE('',(#10902),#10626,.F.);
#10902 = FACE_BOUND('',#10903,.F.);
#10903 = EDGE_LOOP('',(#10904,#10905,#10906,#10927));
#10904 = ORIENTED_EDGE('',*,*,#10610,.T.);
#10905 = ORIENTED_EDGE('',*,*,#10777,.T.);
#10906 = ORIENTED_EDGE('',*,*,#10907,.F.);
#10907 = EDGE_CURVE('',#10665,#10778,#10908,.T.);
#10908 = SURFACE_CURVE('',#10909,(#10913,#10920),.PCURVE_S1.);
#10909 = LINE('',#10910,#10911);
#10910 = CARTESIAN_POINT('',(57.,28.029615927538,5.));
#10911 = VECTOR('',#10912,1.);
#10912 = DIRECTION('',(1.,0.,0.));
#10913 = PCURVE('',#10626,#10914);
#10914 = DEFINITIONAL_REPRESENTATION('',(#10915),#10919);
#10915 = LINE('',#10916,#10917);
#10916 = CARTESIAN_POINT('',(4.041451884327,0.));
#10917 = VECTOR('',#10918,1.);
#10918 = DIRECTION('',(0.,-1.));
#10919 = ( GEOMETRIC_REPRESENTATION_CONTEXT(2) 
PARAMETRIC_REPRESENTATION_CONTEXT() REPRESENTATION_CONTEXT('2D SPACE',''
  ) );
#10920 = PCURVE('',#10703,#10921);
#10921 = DEFINITIONAL_REPRESENTATION('',(#10922),#10926);
#10922 = LINE('',#10923,#10924);
#10923 = CARTESIAN_POINT('',(0.,0.));
#10924 = VECTOR('',#10925,1.);
#10925 = DIRECTION('',(0.,-1.));
#10926 = ( GEOMETRIC_REPRESENTATION_CONTEXT(2) 
PARAMETRIC_REPRESENTATION_CONTEXT() REPRESENTATION_CONTEXT('2D SPACE',''
  ) );
#10927 = ORIENTED_EDGE('',*,*,#10664,.F.);
#10928 = ADVANCED_FACE('',(#10929),#10703,.F.);
#10929 = FACE_BOUND('',#10930,.F.);
#10930 = EDGE_LOOP('',(#10931,#10932,#10933,#10934));
#10931 = ORIENTED_EDGE('',*,*,#10907,.T.);
#10932 = ORIENTED_EDGE('',*,*,#10800,.T.);
#10933 = ORIENTED_EDGE('',*,*,#10878,.F.);
#10934 = ORIENTED_EDGE('',*,*,#10687,.F.);
#10935 = ADVANCED_FACE('',(#10936),#10760,.F.);
#10936 = FACE_BOUND('',#10937,.T.);
#10937 = EDGE_LOOP('',(#10938,#10939,#10960,#10961));
#10938 = ORIENTED_EDGE('',*,*,#10739,.T.);
#10939 = ORIENTED_EDGE('',*,*,#10940,.T.);
#10940 = EDGE_CURVE('',#10740,#10848,#10941,.T.);
#10941 = SEAM_CURVE('',#10942,(#10946,#10953),.PCURVE_S1.);
#10942 = LINE('',#10943,#10944);
#10943 = CARTESIAN_POINT('',(56.,34.071067811865,5.));
#10944 = VECTOR('',#10945,1.);
#10945 = DIRECTION('',(1.,0.,0.));
#10946 = PCURVE('',#10760,#10947);
#10947 = DEFINITIONAL_REPRESENTATION('',(#10948),#10952);
#10948 = LINE('',#10949,#10950);
#10949 = CARTESIAN_POINT('',(-6.28318530718,0.));
#10950 = VECTOR('',#10951,1.);
#10951 = DIRECTION('',(-0.,-1.));
#10952 = ( GEOMETRIC_REPRESENTATION_CONTEXT(2) 
PARAMETRIC_REPRESENTATION_CONTEXT() REPRESENTATION_CONTEXT('2D SPACE',''
  ) );
#10953 = PCURVE('',#10760,#10954);
#10954 = DEFINITIONAL_REPRESENTATION('',(#10955),#10959);
#10955 = LINE('',#10956,#10957);
#10956 = CARTESIAN_POINT('',(-0.,0.));
#10957 = VECTOR('',#10958,1.);
#10958 = DIRECTION('',(-0.,-1.));
#10959 = ( GEOMETRIC_REPRESENTATION_CONTEXT(2) 
PARAMETRIC_REPRESENTATION_CONTEXT() REPRESENTATION_CONTEXT('2D SPACE',''
  ) );
#10960 = ORIENTED_EDGE('',*,*,#10847,.F.);
#10961 = ORIENTED_EDGE('',*,*,#10940,.F.);
#10962 = ( GEOMETRIC_REPRESENTATION_CONTEXT(3) 
GLOBAL_UNCERTAINTY_ASSIGNED_CONTEXT((#10966)) 
GLOBAL_UNIT_ASSIGNED_CONTEXT((#10963,#10964,#10965)) 
REPRESENTATION_CONTEXT('Context #1',
  '3D Context with UNIT and UNCERTAINTY') );
#10963 = ( LENGTH_UNIT() NAMED_UNIT(*) SI_UNIT(.MILLI.,.METRE.) );
#10964 = ( NAMED_UNIT(*) PLANE_ANGLE_UNIT() SI_UNIT($,.RADIAN.) );
#10965 = ( NAMED_UNIT(*) SI_UNIT($,.STERADIAN.) SOLID_ANGLE_UNIT() );
#10966 = UNCERTAINTY_MEASURE_WITH_UNIT(LENGTH_MEASURE(1.E-07),#10963,
  'distance_accuracy_value','confusion accuracy');
#10967 = CONTEXT_DEPENDENT_SHAPE_REPRESENTATION(#10968,#10970);
#10968 = ( REPRESENTATION_RELATIONSHIP('','',#10383,#10360) 
REPRESENTATION_RELATIONSHIP_WITH_TRANSFORMATION(#10969) 
SHAPE_REPRESENTATION_RELATIONSHIP() );
#10969 = ITEM_DEFINED_TRANSFORMATION('','',#11,#10361);
#10970 = PRODUCT_DEFINITION_SHAPE('Placement','Placement of an item',
  #10971);
#10971 = NEXT_ASSEMBLY_USAGE_OCCURRENCE('11','','',#10355,#10378,$);
#10972 = PRODUCT_RELATED_PRODUCT_CATEGORY('part',$,(#10380));
#10973 = SHAPE_DEFINITION_REPRESENTATION(#10974,#10980);
#10974 = PRODUCT_DEFINITION_SHAPE('','',#10975);
#10975 = PRODUCT_DEFINITION('design','',#10976,#10979);
#10976 = PRODUCT_DEFINITION_FORMATION('','',#10977);
#10977 = PRODUCT('screw2','screw2','',(#10978));
#10978 = PRODUCT_CONTEXT('',#2,'mechanical');
#10979 = PRODUCT_DEFINITION_CONTEXT('part definition',#2,'design');
#10980 = SHAPE_REPRESENTATION('',(#11,#10981),#10985);
#10981 = AXIS2_PLACEMENT_3D('',#10982,#10983,#10984);
#10982 = CARTESIAN_POINT('',(0.,0.,0.));
#10983 = DIRECTION('',(0.,0.,1.));
#10984 = DIRECTION('',(1.,0.,-0.));
#10985 = ( GEOMETRIC_REPRESENTATION_CONTEXT(3) 
GLOBAL_UNCERTAINTY_ASSIGNED_CONTEXT((#10989)) 
GLOBAL_UNIT_ASSIGNED_CONTEXT((#10986,#10987,#10988)) 
REPRESENTATION_CONTEXT('Context #1',
  '3D Context with UNIT and UNCERTAINTY') );
#10986 = ( LENGTH_UNIT() NAMED_UNIT(*) SI_UNIT(.MILLI.,.METRE.) );
#10987 = ( NAMED_UNIT(*) PLANE_ANGLE_UNIT() SI_UNIT($,.RADIAN.) );
#10988 = ( NAMED_UNIT(*) SI_UNIT($,.STERADIAN.) SOLID_ANGLE_UNIT() );
#10989 = UNCERTAINTY_MEASURE_WITH_UNIT(LENGTH_MEASURE(1.E-07),#10986,
  'distance_accuracy_value','confusion accuracy');
#10990 = CONTEXT_DEPENDENT_SHAPE_REPRESENTATION(#10991,#10993);
#10991 = ( REPRESENTATION_RELATIONSHIP('','',#10980,#10) 
REPRESENTATION_RELATIONSHIP_WITH_TRANSFORMATION(#10992) 
SHAPE_REPRESENTATION_RELATIONSHIP() );
#10992 = ITEM_DEFINED_TRANSFORMATION('','',#11,#39);
#10993 = PRODUCT_DEFINITION_SHAPE('Placement','Placement of an item',
  #10994);
#10994 = NEXT_ASSEMBLY_USAGE_OCCURRENCE('14','','',#5,#10975,$);
#10995 = PRODUCT_RELATED_PRODUCT_CATEGORY('part',$,(#10977));
#10996 = SHAPE_DEFINITION_REPRESENTATION(#10997,#11003);
#10997 = PRODUCT_DEFINITION_SHAPE('','',#10998);
#10998 = PRODUCT_DEFINITION('design','',#10999,#11002);
#10999 = PRODUCT_DEFINITION_FORMATION('','',#11000);
#11000 = PRODUCT('screw2_part','screw2_part','',(#11001));
#11001 = PRODUCT_CONTEXT('',#2,'mechanical');
#11002 = PRODUCT_DEFINITION_CONTEXT('part definition',#2,'design');
#11003 = ADVANCED_BREP_SHAPE_REPRESENTATION('',(#11,#11004),#11670);
#11004 = MANIFOLD_SOLID_BREP('',#11005);
#11005 = CLOSED_SHELL('',(#11006,#11094,#11268,#11303,#11379,#11428,
    #11477,#11526,#11575,#11602,#11657,#11666));
#11006 = ADVANCED_FACE('',(#11007),#11021,.T.);
#11007 = FACE_BOUND('',#11008,.F.);
#11008 = EDGE_LOOP('',(#11009,#11039,#11066,#11067));
#11009 = ORIENTED_EDGE('',*,*,#11010,.T.);
#11010 = EDGE_CURVE('',#11011,#11013,#11015,.T.);
#11011 = VERTEX_POINT('',#11012);
#11012 = CARTESIAN_POINT('',(3.,116.34091041909,-146.6602902112));
#11013 = VERTEX_POINT('',#11014);
#11014 = CARTESIAN_POINT('',(7.,116.34091041909,-146.6602902112));
#11015 = SEAM_CURVE('',#11016,(#11020,#11032),.PCURVE_S1.);
#11016 = LINE('',#11017,#11018);
#11017 = CARTESIAN_POINT('',(3.,116.34091041909,-146.6602902112));
#11018 = VECTOR('',#11019,1.);
#11019 = DIRECTION('',(1.,0.,0.));
#11020 = PCURVE('',#11021,#11026);
#11021 = CYLINDRICAL_SURFACE('',#11022,3.5);
#11022 = AXIS2_PLACEMENT_3D('',#11023,#11024,#11025);
#11023 = CARTESIAN_POINT('',(3.,114.64094241261,-143.6008607256));
#11024 = DIRECTION('',(-1.,-0.,0.));
#11025 = DIRECTION('',(0.,0.48570514471,-0.874122710151));
#11026 = DEFINITIONAL_REPRESENTATION('',(#11027),#11031);
#11027 = LINE('',#11028,#11029);
#11028 = CARTESIAN_POINT('',(-0.,0.));
#11029 = VECTOR('',#11030,1.);
#11030 = DIRECTION('',(-0.,-1.));
#11031 = ( GEOMETRIC_REPRESENTATION_CONTEXT(2) 
PARAMETRIC_REPRESENTATION_CONTEXT() REPRESENTATION_CONTEXT('2D SPACE',''
  ) );
#11032 = PCURVE('',#11021,#11033);
#11033 = DEFINITIONAL_REPRESENTATION('',(#11034),#11038);
#11034 = LINE('',#11035,#11036);
#11035 = CARTESIAN_POINT('',(-6.28318530718,0.));
#11036 = VECTOR('',#11037,1.);
#11037 = DIRECTION('',(-0.,-1.));
#11038 = ( GEOMETRIC_REPRESENTATION_CONTEXT(2) 
PARAMETRIC_REPRESENTATION_CONTEXT() REPRESENTATION_CONTEXT('2D SPACE',''
  ) );
#11039 = ORIENTED_EDGE('',*,*,#11040,.T.);
#11040 = EDGE_CURVE('',#11013,#11013,#11041,.T.);
#11041 = SURFACE_CURVE('',#11042,(#11047,#11054),.PCURVE_S1.);
#11042 = CIRCLE('',#11043,3.5);
#11043 = AXIS2_PLACEMENT_3D('',#11044,#11045,#11046);
#11044 = CARTESIAN_POINT('',(7.,114.64094241261,-143.6008607256));
#11045 = DIRECTION('',(1.,-0.,0.));
#11046 = DIRECTION('',(0.,0.48570514471,-0.874122710151));
#11047 = PCURVE('',#11021,#11048);
#11048 = DEFINITIONAL_REPRESENTATION('',(#11049),#11053);
#11049 = LINE('',#11050,#11051);
#11050 = CARTESIAN_POINT('',(-0.,-4.));
#11051 = VECTOR('',#11052,1.);
#11052 = DIRECTION('',(-1.,0.));
#11053 = ( GEOMETRIC_REPRESENTATION_CONTEXT(2) 
PARAMETRIC_REPRESENTATION_CONTEXT() REPRESENTATION_CONTEXT('2D SPACE',''
  ) );
#11054 = PCURVE('',#11055,#11060);
#11055 = PLANE('',#11056);
#11056 = AXIS2_PLACEMENT_3D('',#11057,#11058,#11059);
#11057 = CARTESIAN_POINT('',(7.,114.64094241261,-143.6008607256));
#11058 = DIRECTION('',(1.,0.,0.));
#11059 = DIRECTION('',(0.,0.874122710151,0.48570514471));
#11060 = DEFINITIONAL_REPRESENTATION('',(#11061),#11065);
#11061 = CIRCLE('',#11062,3.5);
#11062 = AXIS2_PLACEMENT_2D('',#11063,#11064);
#11063 = CARTESIAN_POINT('',(0.,0.));
#11064 = DIRECTION('',(0.,-1.));
#11065 = ( GEOMETRIC_REPRESENTATION_CONTEXT(2) 
PARAMETRIC_REPRESENTATION_CONTEXT() REPRESENTATION_CONTEXT('2D SPACE',''
  ) );
#11066 = ORIENTED_EDGE('',*,*,#11010,.F.);
#11067 = ORIENTED_EDGE('',*,*,#11068,.F.);
#11068 = EDGE_CURVE('',#11011,#11011,#11069,.T.);
#11069 = SURFACE_CURVE('',#11070,(#11075,#11082),.PCURVE_S1.);
#11070 = CIRCLE('',#11071,3.5);
#11071 = AXIS2_PLACEMENT_3D('',#11072,#11073,#11074);
#11072 = CARTESIAN_POINT('',(3.,114.64094241261,-143.6008607256));
#11073 = DIRECTION('',(1.,-0.,0.));
#11074 = DIRECTION('',(0.,0.48570514471,-0.874122710151));
#11075 = PCURVE('',#11021,#11076);
#11076 = DEFINITIONAL_REPRESENTATION('',(#11077),#11081);
#11077 = LINE('',#11078,#11079);
#11078 = CARTESIAN_POINT('',(-0.,0.));
#11079 = VECTOR('',#11080,1.);
#11080 = DIRECTION('',(-1.,0.));
#11081 = ( GEOMETRIC_REPRESENTATION_CONTEXT(2) 
PARAMETRIC_REPRESENTATION_CONTEXT() REPRESENTATION_CONTEXT('2D SPACE',''
  ) );
#11082 = PCURVE('',#11083,#11088);
#11083 = PLANE('',#11084);
#11084 = AXIS2_PLACEMENT_3D('',#11085,#11086,#11087);
#11085 = CARTESIAN_POINT('',(3.,114.64094241261,-143.6008607256));
#11086 = DIRECTION('',(1.,0.,0.));
#11087 = DIRECTION('',(0.,0.874122710151,0.48570514471));
#11088 = DEFINITIONAL_REPRESENTATION('',(#11089),#11093);
#11089 = CIRCLE('',#11090,3.5);
#11090 = AXIS2_PLACEMENT_2D('',#11091,#11092);
#11091 = CARTESIAN_POINT('',(0.,0.));
#11092 = DIRECTION('',(0.,-1.));
#11093 = ( GEOMETRIC_REPRESENTATION_CONTEXT(2) 
PARAMETRIC_REPRESENTATION_CONTEXT() REPRESENTATION_CONTEXT('2D SPACE',''
  ) );
#11094 = ADVANCED_FACE('',(#11095,#11098),#11083,.F.);
#11095 = FACE_BOUND('',#11096,.F.);
#11096 = EDGE_LOOP('',(#11097));
#11097 = ORIENTED_EDGE('',*,*,#11068,.T.);
#11098 = FACE_BOUND('',#11099,.F.);
#11099 = EDGE_LOOP('',(#11100,#11130,#11158,#11186,#11214,#11242));
#11100 = ORIENTED_EDGE('',*,*,#11101,.T.);
#11101 = EDGE_CURVE('',#11102,#11104,#11106,.T.);
#11102 = VERTEX_POINT('',#11103);
#11103 = CARTESIAN_POINT('',(3.,115.53149348377,-142.1152905356));
#11104 = VERTEX_POINT('',#11105);
#11105 = CARTESIAN_POINT('',(3.,116.3727594719,-143.6293154816));
#11106 = SURFACE_CURVE('',#11107,(#11111,#11118),.PCURVE_S1.);
#11107 = LINE('',#11108,#11109);
#11108 = CARTESIAN_POINT('',(3.,116.16244297487,-143.2508092451));
#11109 = VECTOR('',#11110,1.);
#11110 = DIRECTION('',(0.,0.48570514471,-0.874122710151));
#11111 = PCURVE('',#11083,#11112);
#11112 = DEFINITIONAL_REPRESENTATION('',(#11113),#11117);
#11113 = LINE('',#11114,#11115);
#11114 = CARTESIAN_POINT('',(1.5,-0.433012701892));
#11115 = VECTOR('',#11116,1.);
#11116 = DIRECTION('',(-1.665334536938E-16,-1.));
#11117 = ( GEOMETRIC_REPRESENTATION_CONTEXT(2) 
PARAMETRIC_REPRESENTATION_CONTEXT() REPRESENTATION_CONTEXT('2D SPACE',''
  ) );
#11118 = PCURVE('',#11119,#11124);
#11119 = PLANE('',#11120);
#11120 = AXIS2_PLACEMENT_3D('',#11121,#11122,#11123);
#11121 = CARTESIAN_POINT('',(2.,116.3727594719,-143.6293154816));
#11122 = DIRECTION('',(0.,-0.874122710151,-0.48570514471));
#11123 = DIRECTION('',(0.,-0.48570514471,0.874122710151));
#11124 = DEFINITIONAL_REPRESENTATION('',(#11125),#11129);
#11125 = LINE('',#11126,#11127);
#11126 = CARTESIAN_POINT('',(0.433012701892,-1.));
#11127 = VECTOR('',#11128,1.);
#11128 = DIRECTION('',(-1.,0.));
#11129 = ( GEOMETRIC_REPRESENTATION_CONTEXT(2) 
PARAMETRIC_REPRESENTATION_CONTEXT() REPRESENTATION_CONTEXT('2D SPACE',''
  ) );
#11130 = ORIENTED_EDGE('',*,*,#11131,.T.);
#11131 = EDGE_CURVE('',#11104,#11132,#11134,.T.);
#11132 = VERTEX_POINT('',#11133);
#11133 = CARTESIAN_POINT('',(3.,115.48220840074,-145.1148856717));
#11134 = SURFACE_CURVE('',#11135,(#11139,#11146),.PCURVE_S1.);
#11135 = LINE('',#11136,#11137);
#11136 = CARTESIAN_POINT('',(3.,115.70484616853,-144.7434931242));
#11137 = VECTOR('',#11138,1.);
#11138 = DIRECTION('',(0.,-0.514159900661,-0.857694349143));
#11139 = PCURVE('',#11083,#11140);
#11140 = DEFINITIONAL_REPRESENTATION('',(#11141),#11145);
#11141 = LINE('',#11142,#11143);
#11142 = CARTESIAN_POINT('',(0.375,-1.515544456623));
#11143 = VECTOR('',#11144,1.);
#11144 = DIRECTION('',(-0.866025403784,-0.5));
#11145 = ( GEOMETRIC_REPRESENTATION_CONTEXT(2) 
PARAMETRIC_REPRESENTATION_CONTEXT() REPRESENTATION_CONTEXT('2D SPACE',''
  ) );
#11146 = PCURVE('',#11147,#11152);
#11147 = PLANE('',#11148);
#11148 = AXIS2_PLACEMENT_3D('',#11149,#11150,#11151);
#11149 = CARTESIAN_POINT('',(2.,115.48220840074,-145.1148856717));
#11150 = DIRECTION('',(0.,-0.857694349143,0.514159900661));
#11151 = DIRECTION('',(0.,0.514159900661,0.857694349143));
#11152 = DEFINITIONAL_REPRESENTATION('',(#11153),#11157);
#11153 = LINE('',#11154,#11155);
#11154 = CARTESIAN_POINT('',(0.433012701892,-1.));
#11155 = VECTOR('',#11156,1.);
#11156 = DIRECTION('',(-1.,-0.));
#11157 = ( GEOMETRIC_REPRESENTATION_CONTEXT(2) 
PARAMETRIC_REPRESENTATION_CONTEXT() REPRESENTATION_CONTEXT('2D SPACE',''
  ) );
#11158 = ORIENTED_EDGE('',*,*,#11159,.T.);
#11159 = EDGE_CURVE('',#11132,#11160,#11162,.T.);
#11160 = VERTEX_POINT('',#11161);
#11161 = CARTESIAN_POINT('',(3.,113.75039134145,-145.0864309157));
#11162 = SURFACE_CURVE('',#11163,(#11167,#11174),.PCURVE_S1.);
#11163 = LINE('',#11164,#11165);
#11164 = CARTESIAN_POINT('',(3.,114.18334560627,-145.0935446047));
#11165 = VECTOR('',#11166,1.);
#11166 = DIRECTION('',(0.,-0.999865045371,1.642836100767E-02));
#11167 = PCURVE('',#11083,#11168);
#11168 = DEFINITIONAL_REPRESENTATION('',(#11169),#11173);
#11169 = LINE('',#11170,#11171);
#11170 = CARTESIAN_POINT('',(-1.125,-1.082531754731));
#11171 = VECTOR('',#11172,1.);
#11172 = DIRECTION('',(-0.866025403784,0.5));
#11173 = ( GEOMETRIC_REPRESENTATION_CONTEXT(2) 
PARAMETRIC_REPRESENTATION_CONTEXT() REPRESENTATION_CONTEXT('2D SPACE',''
  ) );
#11174 = PCURVE('',#11175,#11180);
#11175 = PLANE('',#11176);
#11176 = AXIS2_PLACEMENT_3D('',#11177,#11178,#11179);
#11177 = CARTESIAN_POINT('',(2.,113.75039134145,-145.0864309157));
#11178 = DIRECTION('',(0.,1.642836100767E-02,0.999865045371));
#11179 = DIRECTION('',(0.,0.999865045371,-1.642836100767E-02));
#11180 = DEFINITIONAL_REPRESENTATION('',(#11181),#11185);
#11181 = LINE('',#11182,#11183);
#11182 = CARTESIAN_POINT('',(0.433012701892,-1.));
#11183 = VECTOR('',#11184,1.);
#11184 = DIRECTION('',(-1.,0.));
#11185 = ( GEOMETRIC_REPRESENTATION_CONTEXT(2) 
PARAMETRIC_REPRESENTATION_CONTEXT() REPRESENTATION_CONTEXT('2D SPACE',''
  ) );
#11186 = ORIENTED_EDGE('',*,*,#11187,.T.);
#11187 = EDGE_CURVE('',#11160,#11188,#11190,.T.);
#11188 = VERTEX_POINT('',#11189);
#11189 = CARTESIAN_POINT('',(3.,112.90912535331,-143.5724059697));
#11190 = SURFACE_CURVE('',#11191,(#11195,#11202),.PCURVE_S1.);
#11191 = LINE('',#11192,#11193);
#11192 = CARTESIAN_POINT('',(3.,113.11944185035,-143.9509122062));
#11193 = VECTOR('',#11194,1.);
#11194 = DIRECTION('',(0.,-0.48570514471,0.874122710151));
#11195 = PCURVE('',#11083,#11196);
#11196 = DEFINITIONAL_REPRESENTATION('',(#11197),#11201);
#11197 = LINE('',#11198,#11199);
#11198 = CARTESIAN_POINT('',(-1.5,0.433012701892));
#11199 = VECTOR('',#11200,1.);
#11200 = DIRECTION('',(6.661338147751E-16,1.));
#11201 = ( GEOMETRIC_REPRESENTATION_CONTEXT(2) 
PARAMETRIC_REPRESENTATION_CONTEXT() REPRESENTATION_CONTEXT('2D SPACE',''
  ) );
#11202 = PCURVE('',#11203,#11208);
#11203 = PLANE('',#11204);
#11204 = AXIS2_PLACEMENT_3D('',#11205,#11206,#11207);
#11205 = CARTESIAN_POINT('',(2.,112.90912535331,-143.5724059697));
#11206 = DIRECTION('',(0.,0.874122710151,0.48570514471));
#11207 = DIRECTION('',(0.,0.48570514471,-0.874122710151));
#11208 = DEFINITIONAL_REPRESENTATION('',(#11209),#11213);
#11209 = LINE('',#11210,#11211);
#11210 = CARTESIAN_POINT('',(0.433012701892,-1.));
#11211 = VECTOR('',#11212,1.);
#11212 = DIRECTION('',(-1.,-0.));
#11213 = ( GEOMETRIC_REPRESENTATION_CONTEXT(2) 
PARAMETRIC_REPRESENTATION_CONTEXT() REPRESENTATION_CONTEXT('2D SPACE',''
  ) );
#11214 = ORIENTED_EDGE('',*,*,#11215,.T.);
#11215 = EDGE_CURVE('',#11188,#11216,#11218,.T.);
#11216 = VERTEX_POINT('',#11217);
#11217 = CARTESIAN_POINT('',(3.,113.79967642447,-142.0868357796));
#11218 = SURFACE_CURVE('',#11219,(#11223,#11230),.PCURVE_S1.);
#11219 = LINE('',#11220,#11221);
#11220 = CARTESIAN_POINT('',(3.,113.57703865668,-142.4582283271));
#11221 = VECTOR('',#11222,1.);
#11222 = DIRECTION('',(0.,0.514159900661,0.857694349143));
#11223 = PCURVE('',#11083,#11224);
#11224 = DEFINITIONAL_REPRESENTATION('',(#11225),#11229);
#11225 = LINE('',#11226,#11227);
#11226 = CARTESIAN_POINT('',(-0.375,1.515544456623));
#11227 = VECTOR('',#11228,1.);
#11228 = DIRECTION('',(0.866025403784,0.5));
#11229 = ( GEOMETRIC_REPRESENTATION_CONTEXT(2) 
PARAMETRIC_REPRESENTATION_CONTEXT() REPRESENTATION_CONTEXT('2D SPACE',''
  ) );
#11230 = PCURVE('',#11231,#11236);
#11231 = PLANE('',#11232);
#11232 = AXIS2_PLACEMENT_3D('',#11233,#11234,#11235);
#11233 = CARTESIAN_POINT('',(2.,113.79967642447,-142.0868357796));
#11234 = DIRECTION('',(0.,0.857694349143,-0.514159900661));
#11235 = DIRECTION('',(0.,-0.514159900661,-0.857694349143));
#11236 = DEFINITIONAL_REPRESENTATION('',(#11237),#11241);
#11237 = LINE('',#11238,#11239);
#11238 = CARTESIAN_POINT('',(0.433012701892,-1.));
#11239 = VECTOR('',#11240,1.);
#11240 = DIRECTION('',(-1.,0.));
#11241 = ( GEOMETRIC_REPRESENTATION_CONTEXT(2) 
PARAMETRIC_REPRESENTATION_CONTEXT() REPRESENTATION_CONTEXT('2D SPACE',''
  ) );
#11242 = ORIENTED_EDGE('',*,*,#11243,.T.);
#11243 = EDGE_CURVE('',#11216,#11102,#11244,.T.);
#11244 = SURFACE_CURVE('',#11245,(#11249,#11256),.PCURVE_S1.);
#11245 = LINE('',#11246,#11247);
#11246 = CARTESIAN_POINT('',(3.,115.09853921894,-142.1081768466));
#11247 = VECTOR('',#11248,1.);
#11248 = DIRECTION('',(0.,0.999865045371,-1.642836100767E-02));
#11249 = PCURVE('',#11083,#11250);
#11250 = DEFINITIONAL_REPRESENTATION('',(#11251),#11255);
#11251 = LINE('',#11252,#11253);
#11252 = CARTESIAN_POINT('',(1.125,1.082531754731));
#11253 = VECTOR('',#11254,1.);
#11254 = DIRECTION('',(0.866025403784,-0.5));
#11255 = ( GEOMETRIC_REPRESENTATION_CONTEXT(2) 
PARAMETRIC_REPRESENTATION_CONTEXT() REPRESENTATION_CONTEXT('2D SPACE',''
  ) );
#11256 = PCURVE('',#11257,#11262);
#11257 = PLANE('',#11258);
#11258 = AXIS2_PLACEMENT_3D('',#11259,#11260,#11261);
#11259 = CARTESIAN_POINT('',(2.,115.53149348377,-142.1152905356));
#11260 = DIRECTION('',(0.,-1.642836100767E-02,-0.999865045371));
#11261 = DIRECTION('',(0.,-0.999865045371,1.642836100767E-02));
#11262 = DEFINITIONAL_REPRESENTATION('',(#11263),#11267);
#11263 = LINE('',#11264,#11265);
#11264 = CARTESIAN_POINT('',(0.433012701892,-1.));
#11265 = VECTOR('',#11266,1.);
#11266 = DIRECTION('',(-1.,0.));
#11267 = ( GEOMETRIC_REPRESENTATION_CONTEXT(2) 
PARAMETRIC_REPRESENTATION_CONTEXT() REPRESENTATION_CONTEXT('2D SPACE',''
  ) );
#11268 = ADVANCED_FACE('',(#11269,#11272),#11055,.T.);
#11269 = FACE_BOUND('',#11270,.T.);
#11270 = EDGE_LOOP('',(#11271));
#11271 = ORIENTED_EDGE('',*,*,#11040,.T.);
#11272 = FACE_BOUND('',#11273,.T.);
#11273 = EDGE_LOOP('',(#11274));
#11274 = ORIENTED_EDGE('',*,*,#11275,.F.);
#11275 = EDGE_CURVE('',#11276,#11276,#11278,.T.);
#11276 = VERTEX_POINT('',#11277);
#11277 = CARTESIAN_POINT('',(7.,115.61235270203,-145.3491061459));
#11278 = SURFACE_CURVE('',#11279,(#11284,#11291),.PCURVE_S1.);
#11279 = CIRCLE('',#11280,2.);
#11280 = AXIS2_PLACEMENT_3D('',#11281,#11282,#11283);
#11281 = CARTESIAN_POINT('',(7.,114.64094241261,-143.6008607256));
#11282 = DIRECTION('',(1.,-0.,0.));
#11283 = DIRECTION('',(0.,0.48570514471,-0.874122710151));
#11284 = PCURVE('',#11055,#11285);
#11285 = DEFINITIONAL_REPRESENTATION('',(#11286),#11290);
#11286 = CIRCLE('',#11287,2.);
#11287 = AXIS2_PLACEMENT_2D('',#11288,#11289);
#11288 = CARTESIAN_POINT('',(0.,0.));
#11289 = DIRECTION('',(0.,-1.));
#11290 = ( GEOMETRIC_REPRESENTATION_CONTEXT(2) 
PARAMETRIC_REPRESENTATION_CONTEXT() REPRESENTATION_CONTEXT('2D SPACE',''
  ) );
#11291 = PCURVE('',#11292,#11297);
#11292 = CYLINDRICAL_SURFACE('',#11293,2.);
#11293 = AXIS2_PLACEMENT_3D('',#11294,#11295,#11296);
#11294 = CARTESIAN_POINT('',(7.,114.64094241261,-143.6008607256));
#11295 = DIRECTION('',(-1.,-0.,0.));
#11296 = DIRECTION('',(0.,0.48570514471,-0.874122710151));
#11297 = DEFINITIONAL_REPRESENTATION('',(#11298),#11302);
#11298 = LINE('',#11299,#11300);
#11299 = CARTESIAN_POINT('',(-0.,0.));
#11300 = VECTOR('',#11301,1.);
#11301 = DIRECTION('',(-1.,0.));
#11302 = ( GEOMETRIC_REPRESENTATION_CONTEXT(2) 
PARAMETRIC_REPRESENTATION_CONTEXT() REPRESENTATION_CONTEXT('2D SPACE',''
  ) );
#11303 = ADVANCED_FACE('',(#11304),#11119,.T.);
#11304 = FACE_BOUND('',#11305,.T.);
#11305 = EDGE_LOOP('',(#11306,#11307,#11330,#11358));
#11306 = ORIENTED_EDGE('',*,*,#11101,.T.);
#11307 = ORIENTED_EDGE('',*,*,#11308,.T.);
#11308 = EDGE_CURVE('',#11104,#11309,#11311,.T.);
#11309 = VERTEX_POINT('',#11310);
#11310 = CARTESIAN_POINT('',(5.5,116.3727594719,-143.6293154816));
#11311 = SURFACE_CURVE('',#11312,(#11316,#11323),.PCURVE_S1.);
#11312 = LINE('',#11313,#11314);
#11313 = CARTESIAN_POINT('',(2.,116.3727594719,-143.6293154816));
#11314 = VECTOR('',#11315,1.);
#11315 = DIRECTION('',(1.,0.,0.));
#11316 = PCURVE('',#11119,#11317);
#11317 = DEFINITIONAL_REPRESENTATION('',(#11318),#11322);
#11318 = LINE('',#11319,#11320);
#11319 = CARTESIAN_POINT('',(0.,0.));
#11320 = VECTOR('',#11321,1.);
#11321 = DIRECTION('',(0.,-1.));
#11322 = ( GEOMETRIC_REPRESENTATION_CONTEXT(2) 
PARAMETRIC_REPRESENTATION_CONTEXT() REPRESENTATION_CONTEXT('2D SPACE',''
  ) );
#11323 = PCURVE('',#11147,#11324);
#11324 = DEFINITIONAL_REPRESENTATION('',(#11325),#11329);
#11325 = LINE('',#11326,#11327);
#11326 = CARTESIAN_POINT('',(1.732050807569,0.));
#11327 = VECTOR('',#11328,1.);
#11328 = DIRECTION('',(0.,-1.));
#11329 = ( GEOMETRIC_REPRESENTATION_CONTEXT(2) 
PARAMETRIC_REPRESENTATION_CONTEXT() REPRESENTATION_CONTEXT('2D SPACE',''
  ) );
#11330 = ORIENTED_EDGE('',*,*,#11331,.T.);
#11331 = EDGE_CURVE('',#11309,#11332,#11334,.T.);
#11332 = VERTEX_POINT('',#11333);
#11333 = CARTESIAN_POINT('',(5.5,115.53149348377,-142.1152905356));
#11334 = SURFACE_CURVE('',#11335,(#11339,#11346),.PCURVE_S1.);
#11335 = LINE('',#11336,#11337);
#11336 = CARTESIAN_POINT('',(5.5,116.3727594719,-143.6293154816));
#11337 = VECTOR('',#11338,1.);
#11338 = DIRECTION('',(0.,-0.48570514471,0.874122710151));
#11339 = PCURVE('',#11119,#11340);
#11340 = DEFINITIONAL_REPRESENTATION('',(#11341),#11345);
#11341 = LINE('',#11342,#11343);
#11342 = CARTESIAN_POINT('',(0.,-3.5));
#11343 = VECTOR('',#11344,1.);
#11344 = DIRECTION('',(1.,0.));
#11345 = ( GEOMETRIC_REPRESENTATION_CONTEXT(2) 
PARAMETRIC_REPRESENTATION_CONTEXT() REPRESENTATION_CONTEXT('2D SPACE',''
  ) );
#11346 = PCURVE('',#11347,#11352);
#11347 = PLANE('',#11348);
#11348 = AXIS2_PLACEMENT_3D('',#11349,#11350,#11351);
#11349 = CARTESIAN_POINT('',(5.5,114.64094241261,-143.6008607256));
#11350 = DIRECTION('',(1.,0.,0.));
#11351 = DIRECTION('',(0.,0.874122710151,0.48570514471));
#11352 = DEFINITIONAL_REPRESENTATION('',(#11353),#11357);
#11353 = LINE('',#11354,#11355);
#11354 = CARTESIAN_POINT('',(1.5,-0.866025403784));
#11355 = VECTOR('',#11356,1.);
#11356 = DIRECTION('',(1.665334536938E-16,1.));
#11357 = ( GEOMETRIC_REPRESENTATION_CONTEXT(2) 
PARAMETRIC_REPRESENTATION_CONTEXT() REPRESENTATION_CONTEXT('2D SPACE',''
  ) );
#11358 = ORIENTED_EDGE('',*,*,#11359,.F.);
#11359 = EDGE_CURVE('',#11102,#11332,#11360,.T.);
#11360 = SURFACE_CURVE('',#11361,(#11365,#11372),.PCURVE_S1.);
#11361 = LINE('',#11362,#11363);
#11362 = CARTESIAN_POINT('',(2.,115.53149348377,-142.1152905356));
#11363 = VECTOR('',#11364,1.);
#11364 = DIRECTION('',(1.,0.,0.));
#11365 = PCURVE('',#11119,#11366);
#11366 = DEFINITIONAL_REPRESENTATION('',(#11367),#11371);
#11367 = LINE('',#11368,#11369);
#11368 = CARTESIAN_POINT('',(1.732050807569,0.));
#11369 = VECTOR('',#11370,1.);
#11370 = DIRECTION('',(0.,-1.));
#11371 = ( GEOMETRIC_REPRESENTATION_CONTEXT(2) 
PARAMETRIC_REPRESENTATION_CONTEXT() REPRESENTATION_CONTEXT('2D SPACE',''
  ) );
#11372 = PCURVE('',#11257,#11373);
#11373 = DEFINITIONAL_REPRESENTATION('',(#11374),#11378);
#11374 = LINE('',#11375,#11376);
#11375 = CARTESIAN_POINT('',(0.,0.));
#11376 = VECTOR('',#11377,1.);
#11377 = DIRECTION('',(0.,-1.));
#11378 = ( GEOMETRIC_REPRESENTATION_CONTEXT(2) 
PARAMETRIC_REPRESENTATION_CONTEXT() REPRESENTATION_CONTEXT('2D SPACE',''
  ) );
#11379 = ADVANCED_FACE('',(#11380),#11257,.T.);
#11380 = FACE_BOUND('',#11381,.T.);
#11381 = EDGE_LOOP('',(#11382,#11383,#11384,#11407));
#11382 = ORIENTED_EDGE('',*,*,#11243,.T.);
#11383 = ORIENTED_EDGE('',*,*,#11359,.T.);
#11384 = ORIENTED_EDGE('',*,*,#11385,.T.);
#11385 = EDGE_CURVE('',#11332,#11386,#11388,.T.);
#11386 = VERTEX_POINT('',#11387);
#11387 = CARTESIAN_POINT('',(5.5,113.79967642447,-142.0868357796));
#11388 = SURFACE_CURVE('',#11389,(#11393,#11400),.PCURVE_S1.);
#11389 = LINE('',#11390,#11391);
#11390 = CARTESIAN_POINT('',(5.5,115.53149348377,-142.1152905356));
#11391 = VECTOR('',#11392,1.);
#11392 = DIRECTION('',(0.,-0.999865045371,1.642836100767E-02));
#11393 = PCURVE('',#11257,#11394);
#11394 = DEFINITIONAL_REPRESENTATION('',(#11395),#11399);
#11395 = LINE('',#11396,#11397);
#11396 = CARTESIAN_POINT('',(0.,-3.5));
#11397 = VECTOR('',#11398,1.);
#11398 = DIRECTION('',(1.,-0.));
#11399 = ( GEOMETRIC_REPRESENTATION_CONTEXT(2) 
PARAMETRIC_REPRESENTATION_CONTEXT() REPRESENTATION_CONTEXT('2D SPACE',''
  ) );
#11400 = PCURVE('',#11347,#11401);
#11401 = DEFINITIONAL_REPRESENTATION('',(#11402),#11406);
#11402 = LINE('',#11403,#11404);
#11403 = CARTESIAN_POINT('',(1.5,0.866025403784));
#11404 = VECTOR('',#11405,1.);
#11405 = DIRECTION('',(-0.866025403784,0.5));
#11406 = ( GEOMETRIC_REPRESENTATION_CONTEXT(2) 
PARAMETRIC_REPRESENTATION_CONTEXT() REPRESENTATION_CONTEXT('2D SPACE',''
  ) );
#11407 = ORIENTED_EDGE('',*,*,#11408,.F.);
#11408 = EDGE_CURVE('',#11216,#11386,#11409,.T.);
#11409 = SURFACE_CURVE('',#11410,(#11414,#11421),.PCURVE_S1.);
#11410 = LINE('',#11411,#11412);
#11411 = CARTESIAN_POINT('',(2.,113.79967642447,-142.0868357796));
#11412 = VECTOR('',#11413,1.);
#11413 = DIRECTION('',(1.,0.,0.));
#11414 = PCURVE('',#11257,#11415);
#11415 = DEFINITIONAL_REPRESENTATION('',(#11416),#11420);
#11416 = LINE('',#11417,#11418);
#11417 = CARTESIAN_POINT('',(1.732050807569,-0.));
#11418 = VECTOR('',#11419,1.);
#11419 = DIRECTION('',(0.,-1.));
#11420 = ( GEOMETRIC_REPRESENTATION_CONTEXT(2) 
PARAMETRIC_REPRESENTATION_CONTEXT() REPRESENTATION_CONTEXT('2D SPACE',''
  ) );
#11421 = PCURVE('',#11231,#11422);
#11422 = DEFINITIONAL_REPRESENTATION('',(#11423),#11427);
#11423 = LINE('',#11424,#11425);
#11424 = CARTESIAN_POINT('',(0.,0.));
#11425 = VECTOR('',#11426,1.);
#11426 = DIRECTION('',(0.,-1.));
#11427 = ( GEOMETRIC_REPRESENTATION_CONTEXT(2) 
PARAMETRIC_REPRESENTATION_CONTEXT() REPRESENTATION_CONTEXT('2D SPACE',''
  ) );
#11428 = ADVANCED_FACE('',(#11429),#11231,.T.);
#11429 = FACE_BOUND('',#11430,.T.);
#11430 = EDGE_LOOP('',(#11431,#11432,#11433,#11456));
#11431 = ORIENTED_EDGE('',*,*,#11215,.T.);
#11432 = ORIENTED_EDGE('',*,*,#11408,.T.);
#11433 = ORIENTED_EDGE('',*,*,#11434,.T.);
#11434 = EDGE_CURVE('',#11386,#11435,#11437,.T.);
#11435 = VERTEX_POINT('',#11436);
#11436 = CARTESIAN_POINT('',(5.5,112.90912535331,-143.5724059697));
#11437 = SURFACE_CURVE('',#11438,(#11442,#11449),.PCURVE_S1.);
#11438 = LINE('',#11439,#11440);
#11439 = CARTESIAN_POINT('',(5.5,113.79967642447,-142.0868357796));
#11440 = VECTOR('',#11441,1.);
#11441 = DIRECTION('',(0.,-0.514159900661,-0.857694349143));
#11442 = PCURVE('',#11231,#11443);
#11443 = DEFINITIONAL_REPRESENTATION('',(#11444),#11448);
#11444 = LINE('',#11445,#11446);
#11445 = CARTESIAN_POINT('',(0.,-3.5));
#11446 = VECTOR('',#11447,1.);
#11447 = DIRECTION('',(1.,0.));
#11448 = ( GEOMETRIC_REPRESENTATION_CONTEXT(2) 
PARAMETRIC_REPRESENTATION_CONTEXT() REPRESENTATION_CONTEXT('2D SPACE',''
  ) );
#11449 = PCURVE('',#11347,#11450);
#11450 = DEFINITIONAL_REPRESENTATION('',(#11451),#11455);
#11451 = LINE('',#11452,#11453);
#11452 = CARTESIAN_POINT('',(-8.326672684689E-15,1.732050807569));
#11453 = VECTOR('',#11454,1.);
#11454 = DIRECTION('',(-0.866025403784,-0.5));
#11455 = ( GEOMETRIC_REPRESENTATION_CONTEXT(2) 
PARAMETRIC_REPRESENTATION_CONTEXT() REPRESENTATION_CONTEXT('2D SPACE',''
  ) );
#11456 = ORIENTED_EDGE('',*,*,#11457,.F.);
#11457 = EDGE_CURVE('',#11188,#11435,#11458,.T.);
#11458 = SURFACE_CURVE('',#11459,(#11463,#11470),.PCURVE_S1.);
#11459 = LINE('',#11460,#11461);
#11460 = CARTESIAN_POINT('',(2.,112.90912535331,-143.5724059697));
#11461 = VECTOR('',#11462,1.);
#11462 = DIRECTION('',(1.,0.,0.));
#11463 = PCURVE('',#11231,#11464);
#11464 = DEFINITIONAL_REPRESENTATION('',(#11465),#11469);
#11465 = LINE('',#11466,#11467);
#11466 = CARTESIAN_POINT('',(1.732050807569,0.));
#11467 = VECTOR('',#11468,1.);
#11468 = DIRECTION('',(0.,-1.));
#11469 = ( GEOMETRIC_REPRESENTATION_CONTEXT(2) 
PARAMETRIC_REPRESENTATION_CONTEXT() REPRESENTATION_CONTEXT('2D SPACE',''
  ) );
#11470 = PCURVE('',#11203,#11471);
#11471 = DEFINITIONAL_REPRESENTATION('',(#11472),#11476);
#11472 = LINE('',#11473,#11474);
#11473 = CARTESIAN_POINT('',(0.,0.));
#11474 = VECTOR('',#11475,1.);
#11475 = DIRECTION('',(0.,-1.));
#11476 = ( GEOMETRIC_REPRESENTATION_CONTEXT(2) 
PARAMETRIC_REPRESENTATION_CONTEXT() REPRESENTATION_CONTEXT('2D SPACE',''
  ) );
#11477 = ADVANCED_FACE('',(#11478),#11203,.T.);
#11478 = FACE_BOUND('',#11479,.T.);
#11479 = EDGE_LOOP('',(#11480,#11481,#11482,#11505));
#11480 = ORIENTED_EDGE('',*,*,#11187,.T.);
#11481 = ORIENTED_EDGE('',*,*,#11457,.T.);
#11482 = ORIENTED_EDGE('',*,*,#11483,.T.);
#11483 = EDGE_CURVE('',#11435,#11484,#11486,.T.);
#11484 = VERTEX_POINT('',#11485);
#11485 = CARTESIAN_POINT('',(5.5,113.75039134145,-145.0864309157));
#11486 = SURFACE_CURVE('',#11487,(#11491,#11498),.PCURVE_S1.);
#11487 = LINE('',#11488,#11489);
#11488 = CARTESIAN_POINT('',(5.5,112.90912535331,-143.5724059697));
#11489 = VECTOR('',#11490,1.);
#11490 = DIRECTION('',(0.,0.48570514471,-0.874122710151));
#11491 = PCURVE('',#11203,#11492);
#11492 = DEFINITIONAL_REPRESENTATION('',(#11493),#11497);
#11493 = LINE('',#11494,#11495);
#11494 = CARTESIAN_POINT('',(0.,-3.5));
#11495 = VECTOR('',#11496,1.);
#11496 = DIRECTION('',(1.,0.));
#11497 = ( GEOMETRIC_REPRESENTATION_CONTEXT(2) 
PARAMETRIC_REPRESENTATION_CONTEXT() REPRESENTATION_CONTEXT('2D SPACE',''
  ) );
#11498 = PCURVE('',#11347,#11499);
#11499 = DEFINITIONAL_REPRESENTATION('',(#11500),#11504);
#11500 = LINE('',#11501,#11502);
#11501 = CARTESIAN_POINT('',(-1.5,0.866025403784));
#11502 = VECTOR('',#11503,1.);
#11503 = DIRECTION('',(-6.661338147751E-16,-1.));
#11504 = ( GEOMETRIC_REPRESENTATION_CONTEXT(2) 
PARAMETRIC_REPRESENTATION_CONTEXT() REPRESENTATION_CONTEXT('2D SPACE',''
  ) );
#11505 = ORIENTED_EDGE('',*,*,#11506,.F.);
#11506 = EDGE_CURVE('',#11160,#11484,#11507,.T.);
#11507 = SURFACE_CURVE('',#11508,(#11512,#11519),.PCURVE_S1.);
#11508 = LINE('',#11509,#11510);
#11509 = CARTESIAN_POINT('',(2.,113.75039134145,-145.0864309157));
#11510 = VECTOR('',#11511,1.);
#11511 = DIRECTION('',(1.,0.,0.));
#11512 = PCURVE('',#11203,#11513);
#11513 = DEFINITIONAL_REPRESENTATION('',(#11514),#11518);
#11514 = LINE('',#11515,#11516);
#11515 = CARTESIAN_POINT('',(1.732050807569,0.));
#11516 = VECTOR('',#11517,1.);
#11517 = DIRECTION('',(0.,-1.));
#11518 = ( GEOMETRIC_REPRESENTATION_CONTEXT(2) 
PARAMETRIC_REPRESENTATION_CONTEXT() REPRESENTATION_CONTEXT('2D SPACE',''
  ) );
#11519 = PCURVE('',#11175,#11520);
#11520 = DEFINITIONAL_REPRESENTATION('',(#11521),#11525);
#11521 = LINE('',#11522,#11523);
#11522 = CARTESIAN_POINT('',(0.,0.));
#11523 = VECTOR('',#11524,1.);
#11524 = DIRECTION('',(0.,-1.));
#11525 = ( GEOMETRIC_REPRESENTATION_CONTEXT(2) 
PARAMETRIC_REPRESENTATION_CONTEXT() REPRESENTATION_CONTEXT('2D SPACE',''
  ) );
#11526 = ADVANCED_FACE('',(#11527),#11175,.T.);
#11527 = FACE_BOUND('',#11528,.T.);
#11528 = EDGE_LOOP('',(#11529,#11530,#11531,#11554));
#11529 = ORIENTED_EDGE('',*,*,#11159,.T.);
#11530 = ORIENTED_EDGE('',*,*,#11506,.T.);
#11531 = ORIENTED_EDGE('',*,*,#11532,.T.);
#11532 = EDGE_CURVE('',#11484,#11533,#11535,.T.);
#11533 = VERTEX_POINT('',#11534);
#11534 = CARTESIAN_POINT('',(5.5,115.48220840074,-145.1148856717));
#11535 = SURFACE_CURVE('',#11536,(#11540,#11547),.PCURVE_S1.);
#11536 = LINE('',#11537,#11538);
#11537 = CARTESIAN_POINT('',(5.5,113.75039134145,-145.0864309157));
#11538 = VECTOR('',#11539,1.);
#11539 = DIRECTION('',(0.,0.999865045371,-1.642836100767E-02));
#11540 = PCURVE('',#11175,#11541);
#11541 = DEFINITIONAL_REPRESENTATION('',(#11542),#11546);
#11542 = LINE('',#11543,#11544);
#11543 = CARTESIAN_POINT('',(0.,-3.5));
#11544 = VECTOR('',#11545,1.);
#11545 = DIRECTION('',(1.,0.));
#11546 = ( GEOMETRIC_REPRESENTATION_CONTEXT(2) 
PARAMETRIC_REPRESENTATION_CONTEXT() REPRESENTATION_CONTEXT('2D SPACE',''
  ) );
#11547 = PCURVE('',#11347,#11548);
#11548 = DEFINITIONAL_REPRESENTATION('',(#11549),#11553);
#11549 = LINE('',#11550,#11551);
#11550 = CARTESIAN_POINT('',(-1.5,-0.866025403784));
#11551 = VECTOR('',#11552,1.);
#11552 = DIRECTION('',(0.866025403784,-0.5));
#11553 = ( GEOMETRIC_REPRESENTATION_CONTEXT(2) 
PARAMETRIC_REPRESENTATION_CONTEXT() REPRESENTATION_CONTEXT('2D SPACE',''
  ) );
#11554 = ORIENTED_EDGE('',*,*,#11555,.F.);
#11555 = EDGE_CURVE('',#11132,#11533,#11556,.T.);
#11556 = SURFACE_CURVE('',#11557,(#11561,#11568),.PCURVE_S1.);
#11557 = LINE('',#11558,#11559);
#11558 = CARTESIAN_POINT('',(2.,115.48220840074,-145.1148856717));
#11559 = VECTOR('',#11560,1.);
#11560 = DIRECTION('',(1.,0.,0.));
#11561 = PCURVE('',#11175,#11562);
#11562 = DEFINITIONAL_REPRESENTATION('',(#11563),#11567);
#11563 = LINE('',#11564,#11565);
#11564 = CARTESIAN_POINT('',(1.732050807569,0.));
#11565 = VECTOR('',#11566,1.);
#11566 = DIRECTION('',(0.,-1.));
#11567 = ( GEOMETRIC_REPRESENTATION_CONTEXT(2) 
PARAMETRIC_REPRESENTATION_CONTEXT() REPRESENTATION_CONTEXT('2D SPACE',''
  ) );
#11568 = PCURVE('',#11147,#11569);
#11569 = DEFINITIONAL_REPRESENTATION('',(#11570),#11574);
#11570 = LINE('',#11571,#11572);
#11571 = CARTESIAN_POINT('',(0.,0.));
#11572 = VECTOR('',#11573,1.);
#11573 = DIRECTION('',(0.,-1.));
#11574 = ( GEOMETRIC_REPRESENTATION_CONTEXT(2) 
PARAMETRIC_REPRESENTATION_CONTEXT() REPRESENTATION_CONTEXT('2D SPACE',''
  ) );
#11575 = ADVANCED_FACE('',(#11576),#11147,.T.);
#11576 = FACE_BOUND('',#11577,.T.);
#11577 = EDGE_LOOP('',(#11578,#11579,#11580,#11601));
#11578 = ORIENTED_EDGE('',*,*,#11131,.T.);
#11579 = ORIENTED_EDGE('',*,*,#11555,.T.);
#11580 = ORIENTED_EDGE('',*,*,#11581,.T.);
#11581 = EDGE_CURVE('',#11533,#11309,#11582,.T.);
#11582 = SURFACE_CURVE('',#11583,(#11587,#11594),.PCURVE_S1.);
#11583 = LINE('',#11584,#11585);
#11584 = CARTESIAN_POINT('',(5.5,115.48220840074,-145.1148856717));
#11585 = VECTOR('',#11586,1.);
#11586 = DIRECTION('',(0.,0.514159900661,0.857694349143));
#11587 = PCURVE('',#11147,#11588);
#11588 = DEFINITIONAL_REPRESENTATION('',(#11589),#11593);
#11589 = LINE('',#11590,#11591);
#11590 = CARTESIAN_POINT('',(0.,-3.5));
#11591 = VECTOR('',#11592,1.);
#11592 = DIRECTION('',(1.,0.));
#11593 = ( GEOMETRIC_REPRESENTATION_CONTEXT(2) 
PARAMETRIC_REPRESENTATION_CONTEXT() REPRESENTATION_CONTEXT('2D SPACE',''
  ) );
#11594 = PCURVE('',#11347,#11595);
#11595 = DEFINITIONAL_REPRESENTATION('',(#11596),#11600);
#11596 = LINE('',#11597,#11598);
#11597 = CARTESIAN_POINT('',(-5.440092820663E-15,-1.732050807569));
#11598 = VECTOR('',#11599,1.);
#11599 = DIRECTION('',(0.866025403784,0.5));
#11600 = ( GEOMETRIC_REPRESENTATION_CONTEXT(2) 
PARAMETRIC_REPRESENTATION_CONTEXT() REPRESENTATION_CONTEXT('2D SPACE',''
  ) );
#11601 = ORIENTED_EDGE('',*,*,#11308,.F.);
#11602 = ADVANCED_FACE('',(#11603),#11292,.T.);
#11603 = FACE_BOUND('',#11604,.F.);
#11604 = EDGE_LOOP('',(#11605,#11628,#11655,#11656));
#11605 = ORIENTED_EDGE('',*,*,#11606,.T.);
#11606 = EDGE_CURVE('',#11276,#11607,#11609,.T.);
#11607 = VERTEX_POINT('',#11608);
#11608 = CARTESIAN_POINT('',(62.,115.61235270203,-145.3491061459));
#11609 = SEAM_CURVE('',#11610,(#11614,#11621),.PCURVE_S1.);
#11610 = LINE('',#11611,#11612);
#11611 = CARTESIAN_POINT('',(7.,115.61235270203,-145.3491061459));
#11612 = VECTOR('',#11613,1.);
#11613 = DIRECTION('',(1.,0.,0.));
#11614 = PCURVE('',#11292,#11615);
#11615 = DEFINITIONAL_REPRESENTATION('',(#11616),#11620);
#11616 = LINE('',#11617,#11618);
#11617 = CARTESIAN_POINT('',(-0.,0.));
#11618 = VECTOR('',#11619,1.);
#11619 = DIRECTION('',(-0.,-1.));
#11620 = ( GEOMETRIC_REPRESENTATION_CONTEXT(2) 
PARAMETRIC_REPRESENTATION_CONTEXT() REPRESENTATION_CONTEXT('2D SPACE',''
  ) );
#11621 = PCURVE('',#11292,#11622);
#11622 = DEFINITIONAL_REPRESENTATION('',(#11623),#11627);
#11623 = LINE('',#11624,#11625);
#11624 = CARTESIAN_POINT('',(-6.28318530718,0.));
#11625 = VECTOR('',#11626,1.);
#11626 = DIRECTION('',(-0.,-1.));
#11627 = ( GEOMETRIC_REPRESENTATION_CONTEXT(2) 
PARAMETRIC_REPRESENTATION_CONTEXT() REPRESENTATION_CONTEXT('2D SPACE',''
  ) );
#11628 = ORIENTED_EDGE('',*,*,#11629,.T.);
#11629 = EDGE_CURVE('',#11607,#11607,#11630,.T.);
#11630 = SURFACE_CURVE('',#11631,(#11636,#11643),.PCURVE_S1.);
#11631 = CIRCLE('',#11632,2.);
#11632 = AXIS2_PLACEMENT_3D('',#11633,#11634,#11635);
#11633 = CARTESIAN_POINT('',(62.,114.64094241261,-143.6008607256));
#11634 = DIRECTION('',(1.,-0.,0.));
#11635 = DIRECTION('',(0.,0.48570514471,-0.874122710151));
#11636 = PCURVE('',#11292,#11637);
#11637 = DEFINITIONAL_REPRESENTATION('',(#11638),#11642);
#11638 = LINE('',#11639,#11640);
#11639 = CARTESIAN_POINT('',(-0.,-55.));
#11640 = VECTOR('',#11641,1.);
#11641 = DIRECTION('',(-1.,0.));
#11642 = ( GEOMETRIC_REPRESENTATION_CONTEXT(2) 
PARAMETRIC_REPRESENTATION_CONTEXT() REPRESENTATION_CONTEXT('2D SPACE',''
  ) );
#11643 = PCURVE('',#11644,#11649);
#11644 = PLANE('',#11645);
#11645 = AXIS2_PLACEMENT_3D('',#11646,#11647,#11648);
#11646 = CARTESIAN_POINT('',(62.,114.64094241261,-143.6008607256));
#11647 = DIRECTION('',(1.,0.,0.));
#11648 = DIRECTION('',(0.,0.874122710151,0.48570514471));
#11649 = DEFINITIONAL_REPRESENTATION('',(#11650),#11654);
#11650 = CIRCLE('',#11651,2.);
#11651 = AXIS2_PLACEMENT_2D('',#11652,#11653);
#11652 = CARTESIAN_POINT('',(1.382539654592E-15,3.174634692034E-14));
#11653 = DIRECTION('',(0.,-1.));
#11654 = ( GEOMETRIC_REPRESENTATION_CONTEXT(2) 
PARAMETRIC_REPRESENTATION_CONTEXT() REPRESENTATION_CONTEXT('2D SPACE',''
  ) );
#11655 = ORIENTED_EDGE('',*,*,#11606,.F.);
#11656 = ORIENTED_EDGE('',*,*,#11275,.F.);
#11657 = ADVANCED_FACE('',(#11658),#11347,.F.);
#11658 = FACE_BOUND('',#11659,.F.);
#11659 = EDGE_LOOP('',(#11660,#11661,#11662,#11663,#11664,#11665));
#11660 = ORIENTED_EDGE('',*,*,#11581,.T.);
#11661 = ORIENTED_EDGE('',*,*,#11331,.T.);
#11662 = ORIENTED_EDGE('',*,*,#11385,.T.);
#11663 = ORIENTED_EDGE('',*,*,#11434,.T.);
#11664 = ORIENTED_EDGE('',*,*,#11483,.T.);
#11665 = ORIENTED_EDGE('',*,*,#11532,.T.);
#11666 = ADVANCED_FACE('',(#11667),#11644,.T.);
#11667 = FACE_BOUND('',#11668,.T.);
#11668 = EDGE_LOOP('',(#11669));
#11669 = ORIENTED_EDGE('',*,*,#11629,.T.);
#11670 = ( GEOMETRIC_REPRESENTATION_CONTEXT(3) 
GLOBAL_UNCERTAINTY_ASSIGNED_CONTEXT((#11674)) 
GLOBAL_UNIT_ASSIGNED_CONTEXT((#11671,#11672,#11673)) 
REPRESENTATION_CONTEXT('Context #1',
  '3D Context with UNIT and UNCERTAINTY') );
#11671 = ( LENGTH_UNIT() NAMED_UNIT(*) SI_UNIT(.MILLI.,.METRE.) );
#11672 = ( NAMED_UNIT(*) PLANE_ANGLE_UNIT() SI_UNIT($,.RADIAN.) );
#11673 = ( NAMED_UNIT(*) SI_UNIT($,.STERADIAN.) SOLID_ANGLE_UNIT() );
#11674 = UNCERTAINTY_MEASURE_WITH_UNIT(LENGTH_MEASURE(1.E-07),#11671,
  'distance_accuracy_value','confusion accuracy');
#11675 = CONTEXT_DEPENDENT_SHAPE_REPRESENTATION(#11676,#11678);
#11676 = ( REPRESENTATION_RELATIONSHIP('','',#11003,#10980) 
REPRESENTATION_RELATIONSHIP_WITH_TRANSFORMATION(#11677) 
SHAPE_REPRESENTATION_RELATIONSHIP() );
#11677 = ITEM_DEFINED_TRANSFORMATION('','',#11,#10981);
#11678 = PRODUCT_DEFINITION_SHAPE('Placement','Placement of an item',
  #11679);
#11679 = NEXT_ASSEMBLY_USAGE_OCCURRENCE('13','','',#10975,#10998,$);
#11680 = PRODUCT_RELATED_PRODUCT_CATEGORY('part',$,(#11000));
#11681 = SHAPE_DEFINITION_REPRESENTATION(#11682,#11688);
#11682 = PRODUCT_DEFINITION_SHAPE('','',#11683);
#11683 = PRODUCT_DEFINITION('design','',#11684,#11687);
#11684 = PRODUCT_DEFINITION_FORMATION('','',#11685);
#11685 = PRODUCT('nut2','nut2','',(#11686));
#11686 = PRODUCT_CONTEXT('',#2,'mechanical');
#11687 = PRODUCT_DEFINITION_CONTEXT('part definition',#2,'design');
#11688 = SHAPE_REPRESENTATION('',(#11,#11689),#11693);
#11689 = AXIS2_PLACEMENT_3D('',#11690,#11691,#11692);
#11690 = CARTESIAN_POINT('',(0.,0.,0.));
#11691 = DIRECTION('',(0.,0.,1.));
#11692 = DIRECTION('',(1.,0.,-0.));
#11693 = ( GEOMETRIC_REPRESENTATION_CONTEXT(3) 
GLOBAL_UNCERTAINTY_ASSIGNED_CONTEXT((#11697)) 
GLOBAL_UNIT_ASSIGNED_CONTEXT((#11694,#11695,#11696)) 
REPRESENTATION_CONTEXT('Context #1',
  '3D Context with UNIT and UNCERTAINTY') );
#11694 = ( LENGTH_UNIT() NAMED_UNIT(*) SI_UNIT(.MILLI.,.METRE.) );
#11695 = ( NAMED_UNIT(*) PLANE_ANGLE_UNIT() SI_UNIT($,.RADIAN.) );
#11696 = ( NAMED_UNIT(*) SI_UNIT($,.STERADIAN.) SOLID_ANGLE_UNIT() );
#11697 = UNCERTAINTY_MEASURE_WITH_UNIT(LENGTH_MEASURE(1.E-07),#11694,
  'distance_accuracy_value','confusion accuracy');
#11698 = CONTEXT_DEPENDENT_SHAPE_REPRESENTATION(#11699,#11701);
#11699 = ( REPRESENTATION_RELATIONSHIP('','',#11688,#10) 
REPRESENTATION_RELATIONSHIP_WITH_TRANSFORMATION(#11700) 
SHAPE_REPRESENTATION_RELATIONSHIP() );
#11700 = ITEM_DEFINED_TRANSFORMATION('','',#11,#43);
#11701 = PRODUCT_DEFINITION_SHAPE('Placement','Placement of an item',
  #11702);
#11702 = NEXT_ASSEMBLY_USAGE_OCCURRENCE('16','','',#5,#11683,$);
#11703 = PRODUCT_RELATED_PRODUCT_CATEGORY('part',$,(#11685));
#11704 = SHAPE_DEFINITION_REPRESENTATION(#11705,#11711);
#11705 = PRODUCT_DEFINITION_SHAPE('','',#11706);
#11706 = PRODUCT_DEFINITION('design','',#11707,#11710);
#11707 = PRODUCT_DEFINITION_FORMATION('','',#11708);
#11708 = PRODUCT('nut2_part','nut2_part','',(#11709));
#11709 = PRODUCT_CONTEXT('',#2,'mechanical');
#11710 = PRODUCT_DEFINITION_CONTEXT('part definition',#2,'design');
#11711 = ADVANCED_BREP_SHAPE_REPRESENTATION('',(#11,#11712),#12290);
#11712 = MANIFOLD_SOLID_BREP('',#11713);
#11713 = CLOSED_SHELL('',(#11714,#11834,#11910,#11986,#12099,#12202,
    #12229,#12256,#12263));
#11714 = ADVANCED_FACE('',(#11715),#11729,.F.);
#11715 = FACE_BOUND('',#11716,.F.);
#11716 = EDGE_LOOP('',(#11717,#11752,#11780,#11808));
#11717 = ORIENTED_EDGE('',*,*,#11718,.T.);
#11718 = EDGE_CURVE('',#11719,#11721,#11723,.T.);
#11719 = VERTEX_POINT('',#11720);
#11720 = CARTESIAN_POINT('',(57.,116.60389638493,-147.1335855997));
#11721 = VERTEX_POINT('',#11722);
#11722 = CARTESIAN_POINT('',(61.7,116.60389638493,-147.1335855997));
#11723 = SURFACE_CURVE('',#11724,(#11728,#11740),.PCURVE_S1.);
#11724 = LINE('',#11725,#11726);
#11725 = CARTESIAN_POINT('',(57.,116.60389638493,-147.1335855997));
#11726 = VECTOR('',#11727,1.);
#11727 = DIRECTION('',(1.,0.,0.));
#11728 = PCURVE('',#11729,#11734);
#11729 = PLANE('',#11730);
#11730 = AXIS2_PLACEMENT_3D('',#11731,#11732,#11733);
#11731 = CARTESIAN_POINT('',(57.,116.60389638493,-147.1335855997));
#11732 = DIRECTION('',(0.,-0.857694349143,0.514159900661));
#11733 = DIRECTION('',(0.,0.514159900661,0.857694349143));
#11734 = DEFINITIONAL_REPRESENTATION('',(#11735),#11739);
#11735 = LINE('',#11736,#11737);
#11736 = CARTESIAN_POINT('',(0.,0.));
#11737 = VECTOR('',#11738,1.);
#11738 = DIRECTION('',(0.,-1.));
#11739 = ( GEOMETRIC_REPRESENTATION_CONTEXT(2) 
PARAMETRIC_REPRESENTATION_CONTEXT() REPRESENTATION_CONTEXT('2D SPACE',''
  ) );
#11740 = PCURVE('',#11741,#11746);
#11741 = PLANE('',#11742);
#11742 = AXIS2_PLACEMENT_3D('',#11743,#11744,#11745);
#11743 = CARTESIAN_POINT('',(57.,112.56298991324,-147.0671911692));
#11744 = DIRECTION('',(0.,1.642836100767E-02,0.999865045371));
#11745 = DIRECTION('',(0.,0.999865045371,-1.642836100767E-02));
#11746 = DEFINITIONAL_REPRESENTATION('',(#11747),#11751);
#11747 = LINE('',#11748,#11749);
#11748 = CARTESIAN_POINT('',(4.041451884327,0.));
#11749 = VECTOR('',#11750,1.);
#11750 = DIRECTION('',(0.,-1.));
#11751 = ( GEOMETRIC_REPRESENTATION_CONTEXT(2) 
PARAMETRIC_REPRESENTATION_CONTEXT() REPRESENTATION_CONTEXT('2D SPACE',''
  ) );
#11752 = ORIENTED_EDGE('',*,*,#11753,.T.);
#11753 = EDGE_CURVE('',#11721,#11754,#11756,.T.);
#11754 = VERTEX_POINT('',#11755);
#11755 = CARTESIAN_POINT('',(61.7,118.6818488843,-143.6672551562));
#11756 = SURFACE_CURVE('',#11757,(#11761,#11768),.PCURVE_S1.);
#11757 = LINE('',#11758,#11759);
#11758 = CARTESIAN_POINT('',(61.7,116.60389638493,-147.1335855997));
#11759 = VECTOR('',#11760,1.);
#11760 = DIRECTION('',(0.,0.514159900661,0.857694349143));
#11761 = PCURVE('',#11729,#11762);
#11762 = DEFINITIONAL_REPRESENTATION('',(#11763),#11767);
#11763 = LINE('',#11764,#11765);
#11764 = CARTESIAN_POINT('',(0.,-4.7));
#11765 = VECTOR('',#11766,1.);
#11766 = DIRECTION('',(1.,0.));
#11767 = ( GEOMETRIC_REPRESENTATION_CONTEXT(2) 
PARAMETRIC_REPRESENTATION_CONTEXT() REPRESENTATION_CONTEXT('2D SPACE',''
  ) );
#11768 = PCURVE('',#11769,#11774);
#11769 = PLANE('',#11770);
#11770 = AXIS2_PLACEMENT_3D('',#11771,#11772,#11773);
#11771 = CARTESIAN_POINT('',(61.7,114.64094241261,-143.6008607256));
#11772 = DIRECTION('',(1.,0.,0.));
#11773 = DIRECTION('',(0.,0.874122710151,0.48570514471));
#11774 = DEFINITIONAL_REPRESENTATION('',(#11775),#11779);
#11775 = LINE('',#11776,#11777);
#11776 = CARTESIAN_POINT('',(-4.662936703426E-15,-4.041451884327));
#11777 = VECTOR('',#11778,1.);
#11778 = DIRECTION('',(0.866025403784,0.5));
#11779 = ( GEOMETRIC_REPRESENTATION_CONTEXT(2) 
PARAMETRIC_REPRESENTATION_CONTEXT() REPRESENTATION_CONTEXT('2D SPACE',''
  ) );
#11780 = ORIENTED_EDGE('',*,*,#11781,.F.);
#11781 = EDGE_CURVE('',#11782,#11754,#11784,.T.);
#11782 = VERTEX_POINT('',#11783);
#11783 = CARTESIAN_POINT('',(57.,118.6818488843,-143.6672551562));
#11784 = SURFACE_CURVE('',#11785,(#11789,#11796),.PCURVE_S1.);
#11785 = LINE('',#11786,#11787);
#11786 = CARTESIAN_POINT('',(57.,118.6818488843,-143.6672551562));
#11787 = VECTOR('',#11788,1.);
#11788 = DIRECTION('',(1.,0.,0.));
#11789 = PCURVE('',#11729,#11790);
#11790 = DEFINITIONAL_REPRESENTATION('',(#11791),#11795);
#11791 = LINE('',#11792,#11793);
#11792 = CARTESIAN_POINT('',(4.041451884327,0.));
#11793 = VECTOR('',#11794,1.);
#11794 = DIRECTION('',(0.,-1.));
#11795 = ( GEOMETRIC_REPRESENTATION_CONTEXT(2) 
PARAMETRIC_REPRESENTATION_CONTEXT() REPRESENTATION_CONTEXT('2D SPACE',''
  ) );
#11796 = PCURVE('',#11797,#11802);
#11797 = PLANE('',#11798);
#11798 = AXIS2_PLACEMENT_3D('',#11799,#11800,#11801);
#11799 = CARTESIAN_POINT('',(57.,118.6818488843,-143.6672551562));
#11800 = DIRECTION('',(0.,-0.874122710151,-0.48570514471));
#11801 = DIRECTION('',(0.,-0.48570514471,0.874122710151));
#11802 = DEFINITIONAL_REPRESENTATION('',(#11803),#11807);
#11803 = LINE('',#11804,#11805);
#11804 = CARTESIAN_POINT('',(0.,0.));
#11805 = VECTOR('',#11806,1.);
#11806 = DIRECTION('',(0.,-1.));
#11807 = ( GEOMETRIC_REPRESENTATION_CONTEXT(2) 
PARAMETRIC_REPRESENTATION_CONTEXT() REPRESENTATION_CONTEXT('2D SPACE',''
  ) );
#11808 = ORIENTED_EDGE('',*,*,#11809,.F.);
#11809 = EDGE_CURVE('',#11719,#11782,#11810,.T.);
#11810 = SURFACE_CURVE('',#11811,(#11815,#11822),.PCURVE_S1.);
#11811 = LINE('',#11812,#11813);
#11812 = CARTESIAN_POINT('',(57.,116.60389638493,-147.1335855997));
#11813 = VECTOR('',#11814,1.);
#11814 = DIRECTION('',(0.,0.514159900661,0.857694349143));
#11815 = PCURVE('',#11729,#11816);
#11816 = DEFINITIONAL_REPRESENTATION('',(#11817),#11821);
#11817 = LINE('',#11818,#11819);
#11818 = CARTESIAN_POINT('',(0.,0.));
#11819 = VECTOR('',#11820,1.);
#11820 = DIRECTION('',(1.,0.));
#11821 = ( GEOMETRIC_REPRESENTATION_CONTEXT(2) 
PARAMETRIC_REPRESENTATION_CONTEXT() REPRESENTATION_CONTEXT('2D SPACE',''
  ) );
#11822 = PCURVE('',#11823,#11828);
#11823 = PLANE('',#11824);
#11824 = AXIS2_PLACEMENT_3D('',#11825,#11826,#11827);
#11825 = CARTESIAN_POINT('',(57.,114.64094241261,-143.6008607256));
#11826 = DIRECTION('',(1.,0.,0.));
#11827 = DIRECTION('',(0.,0.874122710151,0.48570514471));
#11828 = DEFINITIONAL_REPRESENTATION('',(#11829),#11833);
#11829 = LINE('',#11830,#11831);
#11830 = CARTESIAN_POINT('',(-4.662936703426E-15,-4.041451884327));
#11831 = VECTOR('',#11832,1.);
#11832 = DIRECTION('',(0.866025403784,0.5));
#11833 = ( GEOMETRIC_REPRESENTATION_CONTEXT(2) 
PARAMETRIC_REPRESENTATION_CONTEXT() REPRESENTATION_CONTEXT('2D SPACE',''
  ) );
#11834 = ADVANCED_FACE('',(#11835),#11741,.F.);
#11835 = FACE_BOUND('',#11836,.F.);
#11836 = EDGE_LOOP('',(#11837,#11867,#11888,#11889));
#11837 = ORIENTED_EDGE('',*,*,#11838,.T.);
#11838 = EDGE_CURVE('',#11839,#11841,#11843,.T.);
#11839 = VERTEX_POINT('',#11840);
#11840 = CARTESIAN_POINT('',(57.,112.56298991324,-147.0671911692));
#11841 = VERTEX_POINT('',#11842);
#11842 = CARTESIAN_POINT('',(61.7,112.56298991324,-147.0671911692));
#11843 = SURFACE_CURVE('',#11844,(#11848,#11855),.PCURVE_S1.);
#11844 = LINE('',#11845,#11846);
#11845 = CARTESIAN_POINT('',(57.,112.56298991324,-147.0671911692));
#11846 = VECTOR('',#11847,1.);
#11847 = DIRECTION('',(1.,0.,0.));
#11848 = PCURVE('',#11741,#11849);
#11849 = DEFINITIONAL_REPRESENTATION('',(#11850),#11854);
#11850 = LINE('',#11851,#11852);
#11851 = CARTESIAN_POINT('',(0.,0.));
#11852 = VECTOR('',#11853,1.);
#11853 = DIRECTION('',(0.,-1.));
#11854 = ( GEOMETRIC_REPRESENTATION_CONTEXT(2) 
PARAMETRIC_REPRESENTATION_CONTEXT() REPRESENTATION_CONTEXT('2D SPACE',''
  ) );
#11855 = PCURVE('',#11856,#11861);
#11856 = PLANE('',#11857);
#11857 = AXIS2_PLACEMENT_3D('',#11858,#11859,#11860);
#11858 = CARTESIAN_POINT('',(57.,110.60003594092,-143.5344662951));
#11859 = DIRECTION('',(0.,0.874122710151,0.48570514471));
#11860 = DIRECTION('',(0.,0.48570514471,-0.874122710151));
#11861 = DEFINITIONAL_REPRESENTATION('',(#11862),#11866);
#11862 = LINE('',#11863,#11864);
#11863 = CARTESIAN_POINT('',(4.041451884327,0.));
#11864 = VECTOR('',#11865,1.);
#11865 = DIRECTION('',(0.,-1.));
#11866 = ( GEOMETRIC_REPRESENTATION_CONTEXT(2) 
PARAMETRIC_REPRESENTATION_CONTEXT() REPRESENTATION_CONTEXT('2D SPACE',''
  ) );
#11867 = ORIENTED_EDGE('',*,*,#11868,.T.);
#11868 = EDGE_CURVE('',#11841,#11721,#11869,.T.);
#11869 = SURFACE_CURVE('',#11870,(#11874,#11881),.PCURVE_S1.);
#11870 = LINE('',#11871,#11872);
#11871 = CARTESIAN_POINT('',(61.7,112.56298991324,-147.0671911692));
#11872 = VECTOR('',#11873,1.);
#11873 = DIRECTION('',(0.,0.999865045371,-1.642836100767E-02));
#11874 = PCURVE('',#11741,#11875);
#11875 = DEFINITIONAL_REPRESENTATION('',(#11876),#11880);
#11876 = LINE('',#11877,#11878);
#11877 = CARTESIAN_POINT('',(0.,-4.7));
#11878 = VECTOR('',#11879,1.);
#11879 = DIRECTION('',(1.,0.));
#11880 = ( GEOMETRIC_REPRESENTATION_CONTEXT(2) 
PARAMETRIC_REPRESENTATION_CONTEXT() REPRESENTATION_CONTEXT('2D SPACE',''
  ) );
#11881 = PCURVE('',#11769,#11882);
#11882 = DEFINITIONAL_REPRESENTATION('',(#11883),#11887);
#11883 = LINE('',#11884,#11885);
#11884 = CARTESIAN_POINT('',(-3.5,-2.020725942164));
#11885 = VECTOR('',#11886,1.);
#11886 = DIRECTION('',(0.866025403784,-0.5));
#11887 = ( GEOMETRIC_REPRESENTATION_CONTEXT(2) 
PARAMETRIC_REPRESENTATION_CONTEXT() REPRESENTATION_CONTEXT('2D SPACE',''
  ) );
#11888 = ORIENTED_EDGE('',*,*,#11718,.F.);
#11889 = ORIENTED_EDGE('',*,*,#11890,.F.);
#11890 = EDGE_CURVE('',#11839,#11719,#11891,.T.);
#11891 = SURFACE_CURVE('',#11892,(#11896,#11903),.PCURVE_S1.);
#11892 = LINE('',#11893,#11894);
#11893 = CARTESIAN_POINT('',(57.,112.56298991324,-147.0671911692));
#11894 = VECTOR('',#11895,1.);
#11895 = DIRECTION('',(0.,0.999865045371,-1.642836100767E-02));
#11896 = PCURVE('',#11741,#11897);
#11897 = DEFINITIONAL_REPRESENTATION('',(#11898),#11902);
#11898 = LINE('',#11899,#11900);
#11899 = CARTESIAN_POINT('',(0.,0.));
#11900 = VECTOR('',#11901,1.);
#11901 = DIRECTION('',(1.,0.));
#11902 = ( GEOMETRIC_REPRESENTATION_CONTEXT(2) 
PARAMETRIC_REPRESENTATION_CONTEXT() REPRESENTATION_CONTEXT('2D SPACE',''
  ) );
#11903 = PCURVE('',#11823,#11904);
#11904 = DEFINITIONAL_REPRESENTATION('',(#11905),#11909);
#11905 = LINE('',#11906,#11907);
#11906 = CARTESIAN_POINT('',(-3.5,-2.020725942164));
#11907 = VECTOR('',#11908,1.);
#11908 = DIRECTION('',(0.866025403784,-0.5));
#11909 = ( GEOMETRIC_REPRESENTATION_CONTEXT(2) 
PARAMETRIC_REPRESENTATION_CONTEXT() REPRESENTATION_CONTEXT('2D SPACE',''
  ) );
#11910 = ADVANCED_FACE('',(#11911),#11797,.F.);
#11911 = FACE_BOUND('',#11912,.F.);
#11912 = EDGE_LOOP('',(#11913,#11914,#11937,#11965));
#11913 = ORIENTED_EDGE('',*,*,#11781,.T.);
#11914 = ORIENTED_EDGE('',*,*,#11915,.T.);
#11915 = EDGE_CURVE('',#11754,#11916,#11918,.T.);
#11916 = VERTEX_POINT('',#11917);
#11917 = CARTESIAN_POINT('',(61.7,116.71889491198,-140.1345302821));
#11918 = SURFACE_CURVE('',#11919,(#11923,#11930),.PCURVE_S1.);
#11919 = LINE('',#11920,#11921);
#11920 = CARTESIAN_POINT('',(61.7,118.6818488843,-143.6672551562));
#11921 = VECTOR('',#11922,1.);
#11922 = DIRECTION('',(0.,-0.48570514471,0.874122710151));
#11923 = PCURVE('',#11797,#11924);
#11924 = DEFINITIONAL_REPRESENTATION('',(#11925),#11929);
#11925 = LINE('',#11926,#11927);
#11926 = CARTESIAN_POINT('',(0.,-4.7));
#11927 = VECTOR('',#11928,1.);
#11928 = DIRECTION('',(1.,0.));
#11929 = ( GEOMETRIC_REPRESENTATION_CONTEXT(2) 
PARAMETRIC_REPRESENTATION_CONTEXT() REPRESENTATION_CONTEXT('2D SPACE',''
  ) );
#11930 = PCURVE('',#11769,#11931);
#11931 = DEFINITIONAL_REPRESENTATION('',(#11932),#11936);
#11932 = LINE('',#11933,#11934);
#11933 = CARTESIAN_POINT('',(3.5,-2.020725942164));
#11934 = VECTOR('',#11935,1.);
#11935 = DIRECTION('',(1.110223024625E-16,1.));
#11936 = ( GEOMETRIC_REPRESENTATION_CONTEXT(2) 
PARAMETRIC_REPRESENTATION_CONTEXT() REPRESENTATION_CONTEXT('2D SPACE',''
  ) );
#11937 = ORIENTED_EDGE('',*,*,#11938,.F.);
#11938 = EDGE_CURVE('',#11939,#11916,#11941,.T.);
#11939 = VERTEX_POINT('',#11940);
#11940 = CARTESIAN_POINT('',(57.,116.71889491198,-140.1345302821));
#11941 = SURFACE_CURVE('',#11942,(#11946,#11953),.PCURVE_S1.);
#11942 = LINE('',#11943,#11944);
#11943 = CARTESIAN_POINT('',(57.,116.71889491198,-140.1345302821));
#11944 = VECTOR('',#11945,1.);
#11945 = DIRECTION('',(1.,0.,0.));
#11946 = PCURVE('',#11797,#11947);
#11947 = DEFINITIONAL_REPRESENTATION('',(#11948),#11952);
#11948 = LINE('',#11949,#11950);
#11949 = CARTESIAN_POINT('',(4.041451884327,0.));
#11950 = VECTOR('',#11951,1.);
#11951 = DIRECTION('',(0.,-1.));
#11952 = ( GEOMETRIC_REPRESENTATION_CONTEXT(2) 
PARAMETRIC_REPRESENTATION_CONTEXT() REPRESENTATION_CONTEXT('2D SPACE',''
  ) );
#11953 = PCURVE('',#11954,#11959);
#11954 = PLANE('',#11955);
#11955 = AXIS2_PLACEMENT_3D('',#11956,#11957,#11958);
#11956 = CARTESIAN_POINT('',(57.,116.71889491198,-140.1345302821));
#11957 = DIRECTION('',(0.,-1.642836100767E-02,-0.999865045371));
#11958 = DIRECTION('',(0.,-0.999865045371,1.642836100767E-02));
#11959 = DEFINITIONAL_REPRESENTATION('',(#11960),#11964);
#11960 = LINE('',#11961,#11962);
#11961 = CARTESIAN_POINT('',(0.,0.));
#11962 = VECTOR('',#11963,1.);
#11963 = DIRECTION('',(0.,-1.));
#11964 = ( GEOMETRIC_REPRESENTATION_CONTEXT(2) 
PARAMETRIC_REPRESENTATION_CONTEXT() REPRESENTATION_CONTEXT('2D SPACE',''
  ) );
#11965 = ORIENTED_EDGE('',*,*,#11966,.F.);
#11966 = EDGE_CURVE('',#11782,#11939,#11967,.T.);
#11967 = SURFACE_CURVE('',#11968,(#11972,#11979),.PCURVE_S1.);
#11968 = LINE('',#11969,#11970);
#11969 = CARTESIAN_POINT('',(57.,118.6818488843,-143.6672551562));
#11970 = VECTOR('',#11971,1.);
#11971 = DIRECTION('',(0.,-0.48570514471,0.874122710151));
#11972 = PCURVE('',#11797,#11973);
#11973 = DEFINITIONAL_REPRESENTATION('',(#11974),#11978);
#11974 = LINE('',#11975,#11976);
#11975 = CARTESIAN_POINT('',(0.,0.));
#11976 = VECTOR('',#11977,1.);
#11977 = DIRECTION('',(1.,0.));
#11978 = ( GEOMETRIC_REPRESENTATION_CONTEXT(2) 
PARAMETRIC_REPRESENTATION_CONTEXT() REPRESENTATION_CONTEXT('2D SPACE',''
  ) );
#11979 = PCURVE('',#11823,#11980);
#11980 = DEFINITIONAL_REPRESENTATION('',(#11981),#11985);
#11981 = LINE('',#11982,#11983);
#11982 = CARTESIAN_POINT('',(3.5,-2.020725942164));
#11983 = VECTOR('',#11984,1.);
#11984 = DIRECTION('',(1.110223024625E-16,1.));
#11985 = ( GEOMETRIC_REPRESENTATION_CONTEXT(2) 
PARAMETRIC_REPRESENTATION_CONTEXT() REPRESENTATION_CONTEXT('2D SPACE',''
  ) );
#11986 = ADVANCED_FACE('',(#11987,#12064),#11823,.F.);
#11987 = FACE_BOUND('',#11988,.F.);
#11988 = EDGE_LOOP('',(#11989,#11990,#11991,#12014,#12042,#12063));
#11989 = ORIENTED_EDGE('',*,*,#11809,.T.);
#11990 = ORIENTED_EDGE('',*,*,#11966,.T.);
#11991 = ORIENTED_EDGE('',*,*,#11992,.T.);
#11992 = EDGE_CURVE('',#11939,#11993,#11995,.T.);
#11993 = VERTEX_POINT('',#11994);
#11994 = CARTESIAN_POINT('',(57.,112.67798844029,-140.0681358516));
#11995 = SURFACE_CURVE('',#11996,(#12000,#12007),.PCURVE_S1.);
#11996 = LINE('',#11997,#11998);
#11997 = CARTESIAN_POINT('',(57.,116.71889491198,-140.1345302821));
#11998 = VECTOR('',#11999,1.);
#11999 = DIRECTION('',(0.,-0.999865045371,1.642836100767E-02));
#12000 = PCURVE('',#11823,#12001);
#12001 = DEFINITIONAL_REPRESENTATION('',(#12002),#12006);
#12002 = LINE('',#12003,#12004);
#12003 = CARTESIAN_POINT('',(3.5,2.020725942164));
#12004 = VECTOR('',#12005,1.);
#12005 = DIRECTION('',(-0.866025403784,0.5));
#12006 = ( GEOMETRIC_REPRESENTATION_CONTEXT(2) 
PARAMETRIC_REPRESENTATION_CONTEXT() REPRESENTATION_CONTEXT('2D SPACE',''
  ) );
#12007 = PCURVE('',#11954,#12008);
#12008 = DEFINITIONAL_REPRESENTATION('',(#12009),#12013);
#12009 = LINE('',#12010,#12011);
#12010 = CARTESIAN_POINT('',(0.,0.));
#12011 = VECTOR('',#12012,1.);
#12012 = DIRECTION('',(1.,-0.));
#12013 = ( GEOMETRIC_REPRESENTATION_CONTEXT(2) 
PARAMETRIC_REPRESENTATION_CONTEXT() REPRESENTATION_CONTEXT('2D SPACE',''
  ) );
#12014 = ORIENTED_EDGE('',*,*,#12015,.T.);
#12015 = EDGE_CURVE('',#11993,#12016,#12018,.T.);
#12016 = VERTEX_POINT('',#12017);
#12017 = CARTESIAN_POINT('',(57.,110.60003594092,-143.5344662951));
#12018 = SURFACE_CURVE('',#12019,(#12023,#12030),.PCURVE_S1.);
#12019 = LINE('',#12020,#12021);
#12020 = CARTESIAN_POINT('',(57.,112.67798844029,-140.0681358516));
#12021 = VECTOR('',#12022,1.);
#12022 = DIRECTION('',(0.,-0.514159900661,-0.857694349143));
#12023 = PCURVE('',#11823,#12024);
#12024 = DEFINITIONAL_REPRESENTATION('',(#12025),#12029);
#12025 = LINE('',#12026,#12027);
#12026 = CARTESIAN_POINT('',(1.554312234475E-14,4.041451884327));
#12027 = VECTOR('',#12028,1.);
#12028 = DIRECTION('',(-0.866025403784,-0.5));
#12029 = ( GEOMETRIC_REPRESENTATION_CONTEXT(2) 
PARAMETRIC_REPRESENTATION_CONTEXT() REPRESENTATION_CONTEXT('2D SPACE',''
  ) );
#12030 = PCURVE('',#12031,#12036);
#12031 = PLANE('',#12032);
#12032 = AXIS2_PLACEMENT_3D('',#12033,#12034,#12035);
#12033 = CARTESIAN_POINT('',(57.,112.67798844029,-140.0681358516));
#12034 = DIRECTION('',(0.,0.857694349143,-0.514159900661));
#12035 = DIRECTION('',(0.,-0.514159900661,-0.857694349143));
#12036 = DEFINITIONAL_REPRESENTATION('',(#12037),#12041);
#12037 = LINE('',#12038,#12039);
#12038 = CARTESIAN_POINT('',(0.,0.));
#12039 = VECTOR('',#12040,1.);
#12040 = DIRECTION('',(1.,0.));
#12041 = ( GEOMETRIC_REPRESENTATION_CONTEXT(2) 
PARAMETRIC_REPRESENTATION_CONTEXT() REPRESENTATION_CONTEXT('2D SPACE',''
  ) );
#12042 = ORIENTED_EDGE('',*,*,#12043,.T.);
#12043 = EDGE_CURVE('',#12016,#11839,#12044,.T.);
#12044 = SURFACE_CURVE('',#12045,(#12049,#12056),.PCURVE_S1.);
#12045 = LINE('',#12046,#12047);
#12046 = CARTESIAN_POINT('',(57.,110.60003594092,-143.5344662951));
#12047 = VECTOR('',#12048,1.);
#12048 = DIRECTION('',(0.,0.48570514471,-0.874122710151));
#12049 = PCURVE('',#11823,#12050);
#12050 = DEFINITIONAL_REPRESENTATION('',(#12051),#12055);
#12051 = LINE('',#12052,#12053);
#12052 = CARTESIAN_POINT('',(-3.5,2.020725942164));
#12053 = VECTOR('',#12054,1.);
#12054 = DIRECTION('',(-5.551115123126E-16,-1.));
#12055 = ( GEOMETRIC_REPRESENTATION_CONTEXT(2) 
PARAMETRIC_REPRESENTATION_CONTEXT() REPRESENTATION_CONTEXT('2D SPACE',''
  ) );
#12056 = PCURVE('',#11856,#12057);
#12057 = DEFINITIONAL_REPRESENTATION('',(#12058),#12062);
#12058 = LINE('',#12059,#12060);
#12059 = CARTESIAN_POINT('',(0.,0.));
#12060 = VECTOR('',#12061,1.);
#12061 = DIRECTION('',(1.,0.));
#12062 = ( GEOMETRIC_REPRESENTATION_CONTEXT(2) 
PARAMETRIC_REPRESENTATION_CONTEXT() REPRESENTATION_CONTEXT('2D SPACE',''
  ) );
#12063 = ORIENTED_EDGE('',*,*,#11890,.T.);
#12064 = FACE_BOUND('',#12065,.F.);
#12065 = EDGE_LOOP('',(#12066));
#12066 = ORIENTED_EDGE('',*,*,#12067,.T.);
#12067 = EDGE_CURVE('',#12068,#12068,#12070,.T.);
#12068 = VERTEX_POINT('',#12069);
#12069 = CARTESIAN_POINT('',(57.,115.61235270203,-145.3491061459));
#12070 = SURFACE_CURVE('',#12071,(#12076,#12087),.PCURVE_S1.);
#12071 = CIRCLE('',#12072,2.);
#12072 = AXIS2_PLACEMENT_3D('',#12073,#12074,#12075);
#12073 = CARTESIAN_POINT('',(57.,114.64094241261,-143.6008607256));
#12074 = DIRECTION('',(-1.,0.,-0.));
#12075 = DIRECTION('',(0.,0.48570514471,-0.874122710151));
#12076 = PCURVE('',#11823,#12077);
#12077 = DEFINITIONAL_REPRESENTATION('',(#12078),#12086);
#12078 = ( BOUNDED_CURVE() B_SPLINE_CURVE(2,(#12079,#12080,#12081,#12082
    ,#12083,#12084,#12085),.UNSPECIFIED.,.T.,.F.) 
B_SPLINE_CURVE_WITH_KNOTS((1,2,2,2,2,1),(-2.094395102393,0.,
    2.094395102393,4.188790204786,6.28318530718,8.377580409573),
.UNSPECIFIED.) CURVE() GEOMETRIC_REPRESENTATION_ITEM() 
RATIONAL_B_SPLINE_CURVE((1.,0.5,1.,0.5,1.,0.5,1.)) REPRESENTATION_ITEM(
  '') );
#12079 = CARTESIAN_POINT('',(1.242203083722E-14,-2.));
#12080 = CARTESIAN_POINT('',(-3.464101615138,-2.));
#12081 = CARTESIAN_POINT('',(-1.732050807569,1.));
#12082 = CARTESIAN_POINT('',(1.193217211756E-14,4.));
#12083 = CARTESIAN_POINT('',(1.732050807569,1.));
#12084 = CARTESIAN_POINT('',(3.464101615138,-2.));
#12085 = CARTESIAN_POINT('',(1.242203083722E-14,-2.));
#12086 = ( GEOMETRIC_REPRESENTATION_CONTEXT(2) 
PARAMETRIC_REPRESENTATION_CONTEXT() REPRESENTATION_CONTEXT('2D SPACE',''
  ) );
#12087 = PCURVE('',#12088,#12093);
#12088 = CYLINDRICAL_SURFACE('',#12089,2.);
#12089 = AXIS2_PLACEMENT_3D('',#12090,#12091,#12092);
#12090 = CARTESIAN_POINT('',(56.,114.64094241261,-143.6008607256));
#12091 = DIRECTION('',(-1.,-0.,0.));
#12092 = DIRECTION('',(0.,0.48570514471,-0.874122710151));
#12093 = DEFINITIONAL_REPRESENTATION('',(#12094),#12098);
#12094 = LINE('',#12095,#12096);
#12095 = CARTESIAN_POINT('',(-6.28318530718,-1.));
#12096 = VECTOR('',#12097,1.);
#12097 = DIRECTION('',(1.,-0.));
#12098 = ( GEOMETRIC_REPRESENTATION_CONTEXT(2) 
PARAMETRIC_REPRESENTATION_CONTEXT() REPRESENTATION_CONTEXT('2D SPACE',''
  ) );
#12099 = ADVANCED_FACE('',(#12100,#12172),#11769,.T.);
#12100 = FACE_BOUND('',#12101,.T.);
#12101 = EDGE_LOOP('',(#12102,#12103,#12104,#12127,#12150,#12171));
#12102 = ORIENTED_EDGE('',*,*,#11753,.T.);
#12103 = ORIENTED_EDGE('',*,*,#11915,.T.);
#12104 = ORIENTED_EDGE('',*,*,#12105,.T.);
#12105 = EDGE_CURVE('',#11916,#12106,#12108,.T.);
#12106 = VERTEX_POINT('',#12107);
#12107 = CARTESIAN_POINT('',(61.7,112.67798844029,-140.0681358516));
#12108 = SURFACE_CURVE('',#12109,(#12113,#12120),.PCURVE_S1.);
#12109 = LINE('',#12110,#12111);
#12110 = CARTESIAN_POINT('',(61.7,116.71889491198,-140.1345302821));
#12111 = VECTOR('',#12112,1.);
#12112 = DIRECTION('',(0.,-0.999865045371,1.642836100767E-02));
#12113 = PCURVE('',#11769,#12114);
#12114 = DEFINITIONAL_REPRESENTATION('',(#12115),#12119);
#12115 = LINE('',#12116,#12117);
#12116 = CARTESIAN_POINT('',(3.5,2.020725942164));
#12117 = VECTOR('',#12118,1.);
#12118 = DIRECTION('',(-0.866025403784,0.5));
#12119 = ( GEOMETRIC_REPRESENTATION_CONTEXT(2) 
PARAMETRIC_REPRESENTATION_CONTEXT() REPRESENTATION_CONTEXT('2D SPACE',''
  ) );
#12120 = PCURVE('',#11954,#12121);
#12121 = DEFINITIONAL_REPRESENTATION('',(#12122),#12126);
#12122 = LINE('',#12123,#12124);
#12123 = CARTESIAN_POINT('',(0.,-4.7));
#12124 = VECTOR('',#12125,1.);
#12125 = DIRECTION('',(1.,-0.));
#12126 = ( GEOMETRIC_REPRESENTATION_CONTEXT(2) 
PARAMETRIC_REPRESENTATION_CONTEXT() REPRESENTATION_CONTEXT('2D SPACE',''
  ) );
#12127 = ORIENTED_EDGE('',*,*,#12128,.T.);
#12128 = EDGE_CURVE('',#12106,#12129,#12131,.T.);
#12129 = VERTEX_POINT('',#12130);
#12130 = CARTESIAN_POINT('',(61.7,110.60003594092,-143.5344662951));
#12131 = SURFACE_CURVE('',#12132,(#12136,#12143),.PCURVE_S1.);
#12132 = LINE('',#12133,#12134);
#12133 = CARTESIAN_POINT('',(61.7,112.67798844029,-140.0681358516));
#12134 = VECTOR('',#12135,1.);
#12135 = DIRECTION('',(0.,-0.514159900661,-0.857694349143));
#12136 = PCURVE('',#11769,#12137);
#12137 = DEFINITIONAL_REPRESENTATION('',(#12138),#12142);
#12138 = LINE('',#12139,#12140);
#12139 = CARTESIAN_POINT('',(1.554312234475E-14,4.041451884327));
#12140 = VECTOR('',#12141,1.);
#12141 = DIRECTION('',(-0.866025403784,-0.5));
#12142 = ( GEOMETRIC_REPRESENTATION_CONTEXT(2) 
PARAMETRIC_REPRESENTATION_CONTEXT() REPRESENTATION_CONTEXT('2D SPACE',''
  ) );
#12143 = PCURVE('',#12031,#12144);
#12144 = DEFINITIONAL_REPRESENTATION('',(#12145),#12149);
#12145 = LINE('',#12146,#12147);
#12146 = CARTESIAN_POINT('',(0.,-4.7));
#12147 = VECTOR('',#12148,1.);
#12148 = DIRECTION('',(1.,0.));
#12149 = ( GEOMETRIC_REPRESENTATION_CONTEXT(2) 
PARAMETRIC_REPRESENTATION_CONTEXT() REPRESENTATION_CONTEXT('2D SPACE',''
  ) );
#12150 = ORIENTED_EDGE('',*,*,#12151,.T.);
#12151 = EDGE_CURVE('',#12129,#11841,#12152,.T.);
#12152 = SURFACE_CURVE('',#12153,(#12157,#12164),.PCURVE_S1.);
#12153 = LINE('',#12154,#12155);
#12154 = CARTESIAN_POINT('',(61.7,110.60003594092,-143.5344662951));
#12155 = VECTOR('',#12156,1.);
#12156 = DIRECTION('',(0.,0.48570514471,-0.874122710151));
#12157 = PCURVE('',#11769,#12158);
#12158 = DEFINITIONAL_REPRESENTATION('',(#12159),#12163);
#12159 = LINE('',#12160,#12161);
#12160 = CARTESIAN_POINT('',(-3.5,2.020725942164));
#12161 = VECTOR('',#12162,1.);
#12162 = DIRECTION('',(-5.551115123126E-16,-1.));
#12163 = ( GEOMETRIC_REPRESENTATION_CONTEXT(2) 
PARAMETRIC_REPRESENTATION_CONTEXT() REPRESENTATION_CONTEXT('2D SPACE',''
  ) );
#12164 = PCURVE('',#11856,#12165);
#12165 = DEFINITIONAL_REPRESENTATION('',(#12166),#12170);
#12166 = LINE('',#12167,#12168);
#12167 = CARTESIAN_POINT('',(0.,-4.7));
#12168 = VECTOR('',#12169,1.);
#12169 = DIRECTION('',(1.,0.));
#12170 = ( GEOMETRIC_REPRESENTATION_CONTEXT(2) 
PARAMETRIC_REPRESENTATION_CONTEXT() REPRESENTATION_CONTEXT('2D SPACE',''
  ) );
#12171 = ORIENTED_EDGE('',*,*,#11868,.T.);
#12172 = FACE_BOUND('',#12173,.T.);
#12173 = EDGE_LOOP('',(#12174));
#12174 = ORIENTED_EDGE('',*,*,#12175,.T.);
#12175 = EDGE_CURVE('',#12176,#12176,#12178,.T.);
#12176 = VERTEX_POINT('',#12177);
#12177 = CARTESIAN_POINT('',(61.7,115.61235270203,-145.3491061459));
#12178 = SURFACE_CURVE('',#12179,(#12184,#12195),.PCURVE_S1.);
#12179 = CIRCLE('',#12180,2.);
#12180 = AXIS2_PLACEMENT_3D('',#12181,#12182,#12183);
#12181 = CARTESIAN_POINT('',(61.7,114.64094241261,-143.6008607256));
#12182 = DIRECTION('',(-1.,0.,-0.));
#12183 = DIRECTION('',(0.,0.48570514471,-0.874122710151));
#12184 = PCURVE('',#11769,#12185);
#12185 = DEFINITIONAL_REPRESENTATION('',(#12186),#12194);
#12186 = ( BOUNDED_CURVE() B_SPLINE_CURVE(2,(#12187,#12188,#12189,#12190
    ,#12191,#12192,#12193),.UNSPECIFIED.,.T.,.F.) 
B_SPLINE_CURVE_WITH_KNOTS((1,2,2,2,2,1),(-2.094395102393,0.,
    2.094395102393,4.188790204786,6.28318530718,8.377580409573),
.UNSPECIFIED.) CURVE() GEOMETRIC_REPRESENTATION_ITEM() 
RATIONAL_B_SPLINE_CURVE((1.,0.5,1.,0.5,1.,0.5,1.)) REPRESENTATION_ITEM(
  '') );
#12187 = CARTESIAN_POINT('',(1.242203083722E-14,-2.));
#12188 = CARTESIAN_POINT('',(-3.464101615138,-2.));
#12189 = CARTESIAN_POINT('',(-1.732050807569,1.));
#12190 = CARTESIAN_POINT('',(1.193217211756E-14,4.));
#12191 = CARTESIAN_POINT('',(1.732050807569,1.));
#12192 = CARTESIAN_POINT('',(3.464101615138,-2.));
#12193 = CARTESIAN_POINT('',(1.242203083722E-14,-2.));
#12194 = ( GEOMETRIC_REPRESENTATION_CONTEXT(2) 
PARAMETRIC_REPRESENTATION_CONTEXT() REPRESENTATION_CONTEXT('2D SPACE',''
  ) );
#12195 = PCURVE('',#12088,#12196);
#12196 = DEFINITIONAL_REPRESENTATION('',(#12197),#12201);
#12197 = LINE('',#12198,#12199);
#12198 = CARTESIAN_POINT('',(-6.28318530718,-5.7));
#12199 = VECTOR('',#12200,1.);
#12200 = DIRECTION('',(1.,-0.));
#12201 = ( GEOMETRIC_REPRESENTATION_CONTEXT(2) 
PARAMETRIC_REPRESENTATION_CONTEXT() REPRESENTATION_CONTEXT('2D SPACE',''
  ) );
#12202 = ADVANCED_FACE('',(#12203),#11856,.F.);
#12203 = FACE_BOUND('',#12204,.F.);
#12204 = EDGE_LOOP('',(#12205,#12226,#12227,#12228));
#12205 = ORIENTED_EDGE('',*,*,#12206,.T.);
#12206 = EDGE_CURVE('',#12016,#12129,#12207,.T.);
#12207 = SURFACE_CURVE('',#12208,(#12212,#12219),.PCURVE_S1.);
#12208 = LINE('',#12209,#12210);
#12209 = CARTESIAN_POINT('',(57.,110.60003594092,-143.5344662951));
#12210 = VECTOR('',#12211,1.);
#12211 = DIRECTION('',(1.,0.,0.));
#12212 = PCURVE('',#11856,#12213);
#12213 = DEFINITIONAL_REPRESENTATION('',(#12214),#12218);
#12214 = LINE('',#12215,#12216);
#12215 = CARTESIAN_POINT('',(0.,0.));
#12216 = VECTOR('',#12217,1.);
#12217 = DIRECTION('',(0.,-1.));
#12218 = ( GEOMETRIC_REPRESENTATION_CONTEXT(2) 
PARAMETRIC_REPRESENTATION_CONTEXT() REPRESENTATION_CONTEXT('2D SPACE',''
  ) );
#12219 = PCURVE('',#12031,#12220);
#12220 = DEFINITIONAL_REPRESENTATION('',(#12221),#12225);
#12221 = LINE('',#12222,#12223);
#12222 = CARTESIAN_POINT('',(4.041451884327,0.));
#12223 = VECTOR('',#12224,1.);
#12224 = DIRECTION('',(0.,-1.));
#12225 = ( GEOMETRIC_REPRESENTATION_CONTEXT(2) 
PARAMETRIC_REPRESENTATION_CONTEXT() REPRESENTATION_CONTEXT('2D SPACE',''
  ) );
#12226 = ORIENTED_EDGE('',*,*,#12151,.T.);
#12227 = ORIENTED_EDGE('',*,*,#11838,.F.);
#12228 = ORIENTED_EDGE('',*,*,#12043,.F.);
#12229 = ADVANCED_FACE('',(#12230),#11954,.F.);
#12230 = FACE_BOUND('',#12231,.F.);
#12231 = EDGE_LOOP('',(#12232,#12233,#12234,#12255));
#12232 = ORIENTED_EDGE('',*,*,#11938,.T.);
#12233 = ORIENTED_EDGE('',*,*,#12105,.T.);
#12234 = ORIENTED_EDGE('',*,*,#12235,.F.);
#12235 = EDGE_CURVE('',#11993,#12106,#12236,.T.);
#12236 = SURFACE_CURVE('',#12237,(#12241,#12248),.PCURVE_S1.);
#12237 = LINE('',#12238,#12239);
#12238 = CARTESIAN_POINT('',(57.,112.67798844029,-140.0681358516));
#12239 = VECTOR('',#12240,1.);
#12240 = DIRECTION('',(1.,0.,0.));
#12241 = PCURVE('',#11954,#12242);
#12242 = DEFINITIONAL_REPRESENTATION('',(#12243),#12247);
#12243 = LINE('',#12244,#12245);
#12244 = CARTESIAN_POINT('',(4.041451884327,-0.));
#12245 = VECTOR('',#12246,1.);
#12246 = DIRECTION('',(0.,-1.));
#12247 = ( GEOMETRIC_REPRESENTATION_CONTEXT(2) 
PARAMETRIC_REPRESENTATION_CONTEXT() REPRESENTATION_CONTEXT('2D SPACE',''
  ) );
#12248 = PCURVE('',#12031,#12249);
#12249 = DEFINITIONAL_REPRESENTATION('',(#12250),#12254);
#12250 = LINE('',#12251,#12252);
#12251 = CARTESIAN_POINT('',(0.,0.));
#12252 = VECTOR('',#12253,1.);
#12253 = DIRECTION('',(0.,-1.));
#12254 = ( GEOMETRIC_REPRESENTATION_CONTEXT(2) 
PARAMETRIC_REPRESENTATION_CONTEXT() REPRESENTATION_CONTEXT('2D SPACE',''
  ) );
#12255 = ORIENTED_EDGE('',*,*,#11992,.F.);
#12256 = ADVANCED_FACE('',(#12257),#12031,.F.);
#12257 = FACE_BOUND('',#12258,.F.);
#12258 = EDGE_LOOP('',(#12259,#12260,#12261,#12262));
#12259 = ORIENTED_EDGE('',*,*,#12235,.T.);
#12260 = ORIENTED_EDGE('',*,*,#12128,.T.);
#12261 = ORIENTED_EDGE('',*,*,#12206,.F.);
#12262 = ORIENTED_EDGE('',*,*,#12015,.F.);
#12263 = ADVANCED_FACE('',(#12264),#12088,.F.);
#12264 = FACE_BOUND('',#12265,.T.);
#12265 = EDGE_LOOP('',(#12266,#12267,#12288,#12289));
#12266 = ORIENTED_EDGE('',*,*,#12067,.T.);
#12267 = ORIENTED_EDGE('',*,*,#12268,.T.);
#12268 = EDGE_CURVE('',#12068,#12176,#12269,.T.);
#12269 = SEAM_CURVE('',#12270,(#12274,#12281),.PCURVE_S1.);
#12270 = LINE('',#12271,#12272);
#12271 = CARTESIAN_POINT('',(56.,115.61235270203,-145.3491061459));
#12272 = VECTOR('',#12273,1.);
#12273 = DIRECTION('',(1.,0.,0.));
#12274 = PCURVE('',#12088,#12275);
#12275 = DEFINITIONAL_REPRESENTATION('',(#12276),#12280);
#12276 = LINE('',#12277,#12278);
#12277 = CARTESIAN_POINT('',(-6.28318530718,0.));
#12278 = VECTOR('',#12279,1.);
#12279 = DIRECTION('',(-0.,-1.));
#12280 = ( GEOMETRIC_REPRESENTATION_CONTEXT(2) 
PARAMETRIC_REPRESENTATION_CONTEXT() REPRESENTATION_CONTEXT('2D SPACE',''
  ) );
#12281 = PCURVE('',#12088,#12282);
#12282 = DEFINITIONAL_REPRESENTATION('',(#12283),#12287);
#12283 = LINE('',#12284,#12285);
#12284 = CARTESIAN_POINT('',(-0.,0.));
#12285 = VECTOR('',#12286,1.);
#12286 = DIRECTION('',(-0.,-1.));
#12287 = ( GEOMETRIC_REPRESENTATION_CONTEXT(2) 
PARAMETRIC_REPRESENTATION_CONTEXT() REPRESENTATION_CONTEXT('2D SPACE',''
  ) );
#12288 = ORIENTED_EDGE('',*,*,#12175,.F.);
#12289 = ORIENTED_EDGE('',*,*,#12268,.F.);
#12290 = ( GEOMETRIC_REPRESENTATION_CONTEXT(3) 
GLOBAL_UNCERTAINTY_ASSIGNED_CONTEXT((#12294)) 
GLOBAL_UNIT_ASSIGNED_CONTEXT((#12291,#12292,#12293)) 
REPRESENTATION_CONTEXT('Context #1',
  '3D Context with UNIT and UNCERTAINTY') );
#12291 = ( LENGTH_UNIT() NAMED_UNIT(*) SI_UNIT(.MILLI.,.METRE.) );
#12292 = ( NAMED_UNIT(*) PLANE_ANGLE_UNIT() SI_UNIT($,.RADIAN.) );
#12293 = ( NAMED_UNIT(*) SI_UNIT($,.STERADIAN.) SOLID_ANGLE_UNIT() );
#12294 = UNCERTAINTY_MEASURE_WITH_UNIT(LENGTH_MEASURE(1.E-07),#12291,
  'distance_accuracy_value','confusion accuracy');
#12295 = CONTEXT_DEPENDENT_SHAPE_REPRESENTATION(#12296,#12298);
#12296 = ( REPRESENTATION_RELATIONSHIP('','',#11711,#11688) 
REPRESENTATION_RELATIONSHIP_WITH_TRANSFORMATION(#12297) 
SHAPE_REPRESENTATION_RELATIONSHIP() );
#12297 = ITEM_DEFINED_TRANSFORMATION('','',#11,#11689);
#12298 = PRODUCT_DEFINITION_SHAPE('Placement','Placement of an item',
  #12299);
#12299 = NEXT_ASSEMBLY_USAGE_OCCURRENCE('15','','',#11683,#11706,$);
#12300 = PRODUCT_RELATED_PRODUCT_CATEGORY('part',$,(#11708));
#12301 = SHAPE_DEFINITION_REPRESENTATION(#12302,#12308);
#12302 = PRODUCT_DEFINITION_SHAPE('','',#12303);
#12303 = PRODUCT_DEFINITION('design','',#12304,#12307);
#12304 = PRODUCT_DEFINITION_FORMATION('','',#12305);
#12305 = PRODUCT('screw3','screw3','',(#12306));
#12306 = PRODUCT_CONTEXT('',#2,'mechanical');
#12307 = PRODUCT_DEFINITION_CONTEXT('part definition',#2,'design');
#12308 = SHAPE_REPRESENTATION('',(#11,#12309),#12313);
#12309 = AXIS2_PLACEMENT_3D('',#12310,#12311,#12312);
#12310 = CARTESIAN_POINT('',(0.,0.,0.));
#12311 = DIRECTION('',(0.,0.,1.));
#12312 = DIRECTION('',(1.,0.,-0.));
#12313 = ( GEOMETRIC_REPRESENTATION_CONTEXT(3) 
GLOBAL_UNCERTAINTY_ASSIGNED_CONTEXT((#12317)) 
GLOBAL_UNIT_ASSIGNED_CONTEXT((#12314,#12315,#12316)) 
REPRESENTATION_CONTEXT('Context #1',
  '3D Context with UNIT and UNCERTAINTY') );
#12314 = ( LENGTH_UNIT() NAMED_UNIT(*) SI_UNIT(.MILLI.,.METRE.) );
#12315 = ( NAMED_UNIT(*) PLANE_ANGLE_UNIT() SI_UNIT($,.RADIAN.) );
#12316 = ( NAMED_UNIT(*) SI_UNIT($,.STERADIAN.) SOLID_ANGLE_UNIT() );
#12317 = UNCERTAINTY_MEASURE_WITH_UNIT(LENGTH_MEASURE(1.E-07),#12314,
  'distance_accuracy_value','confusion accuracy');
#12318 = CONTEXT_DEPENDENT_SHAPE_REPRESENTATION(#12319,#12321);
#12319 = ( REPRESENTATION_RELATIONSHIP('','',#12308,#10) 
REPRESENTATION_RELATIONSHIP_WITH_TRANSFORMATION(#12320) 
SHAPE_REPRESENTATION_RELATIONSHIP() );
#12320 = ITEM_DEFINED_TRANSFORMATION('','',#11,#47);
#12321 = PRODUCT_DEFINITION_SHAPE('Placement','Placement of an item',
  #12322);
#12322 = NEXT_ASSEMBLY_USAGE_OCCURRENCE('18','','',#5,#12303,$);
#12323 = PRODUCT_RELATED_PRODUCT_CATEGORY('part',$,(#12305));
#12324 = SHAPE_DEFINITION_REPRESENTATION(#12325,#12331);
#12325 = PRODUCT_DEFINITION_SHAPE('','',#12326);
#12326 = PRODUCT_DEFINITION('design','',#12327,#12330);
#12327 = PRODUCT_DEFINITION_FORMATION('','',#12328);
#12328 = PRODUCT('screw3_part','screw3_part','',(#12329));
#12329 = PRODUCT_CONTEXT('',#2,'mechanical');
#12330 = PRODUCT_DEFINITION_CONTEXT('part definition',#2,'design');
#12331 = ADVANCED_BREP_SHAPE_REPRESENTATION('',(#11,#12332),#12998);
#12332 = MANIFOLD_SOLID_BREP('',#12333);
#12333 = CLOSED_SHELL('',(#12334,#12422,#12596,#12631,#12707,#12756,
    #12805,#12854,#12903,#12930,#12985,#12994));
#12334 = ADVANCED_FACE('',(#12335),#12349,.T.);
#12335 = FACE_BOUND('',#12336,.F.);
#12336 = EDGE_LOOP('',(#12337,#12367,#12394,#12395));
#12337 = ORIENTED_EDGE('',*,*,#12338,.T.);
#12338 = EDGE_CURVE('',#12339,#12341,#12343,.T.);
#12339 = VERTEX_POINT('',#12340);
#12340 = CARTESIAN_POINT('',(3.,203.12323789752,-145.3709979296));
#12341 = VERTEX_POINT('',#12342);
#12342 = CARTESIAN_POINT('',(7.,203.12323789752,-145.3709979296));
#12343 = SEAM_CURVE('',#12344,(#12348,#12360),.PCURVE_S1.);
#12344 = LINE('',#12345,#12346);
#12345 = CARTESIAN_POINT('',(3.,203.12323789752,-145.3709979296));
#12346 = VECTOR('',#12347,1.);
#12347 = DIRECTION('',(1.,0.,0.));
#12348 = PCURVE('',#12349,#12354);
#12349 = CYLINDRICAL_SURFACE('',#12350,3.5);
#12350 = AXIS2_PLACEMENT_3D('',#12351,#12352,#12353);
#12351 = CARTESIAN_POINT('',(3.,199.62393807608,-145.3009925034));
#12352 = DIRECTION('',(-1.,-0.,0.));
#12353 = DIRECTION('',(0.,0.999799948982,-2.000155032663E-02));
#12354 = DEFINITIONAL_REPRESENTATION('',(#12355),#12359);
#12355 = LINE('',#12356,#12357);
#12356 = CARTESIAN_POINT('',(-0.,0.));
#12357 = VECTOR('',#12358,1.);
#12358 = DIRECTION('',(-0.,-1.));
#12359 = ( GEOMETRIC_REPRESENTATION_CONTEXT(2) 
PARAMETRIC_REPRESENTATION_CONTEXT() REPRESENTATION_CONTEXT('2D SPACE',''
  ) );
#12360 = PCURVE('',#12349,#12361);
#12361 = DEFINITIONAL_REPRESENTATION('',(#12362),#12366);
#12362 = LINE('',#12363,#12364);
#12363 = CARTESIAN_POINT('',(-6.28318530718,0.));
#12364 = VECTOR('',#12365,1.);
#12365 = DIRECTION('',(-0.,-1.));
#12366 = ( GEOMETRIC_REPRESENTATION_CONTEXT(2) 
PARAMETRIC_REPRESENTATION_CONTEXT() REPRESENTATION_CONTEXT('2D SPACE',''
  ) );
#12367 = ORIENTED_EDGE('',*,*,#12368,.T.);
#12368 = EDGE_CURVE('',#12341,#12341,#12369,.T.);
#12369 = SURFACE_CURVE('',#12370,(#12375,#12382),.PCURVE_S1.);
#12370 = CIRCLE('',#12371,3.5);
#12371 = AXIS2_PLACEMENT_3D('',#12372,#12373,#12374);
#12372 = CARTESIAN_POINT('',(7.,199.62393807608,-145.3009925034));
#12373 = DIRECTION('',(1.,-0.,0.));
#12374 = DIRECTION('',(0.,0.999799948982,-2.000155032663E-02));
#12375 = PCURVE('',#12349,#12376);
#12376 = DEFINITIONAL_REPRESENTATION('',(#12377),#12381);
#12377 = LINE('',#12378,#12379);
#12378 = CARTESIAN_POINT('',(-0.,-4.));
#12379 = VECTOR('',#12380,1.);
#12380 = DIRECTION('',(-1.,0.));
#12381 = ( GEOMETRIC_REPRESENTATION_CONTEXT(2) 
PARAMETRIC_REPRESENTATION_CONTEXT() REPRESENTATION_CONTEXT('2D SPACE',''
  ) );
#12382 = PCURVE('',#12383,#12388);
#12383 = PLANE('',#12384);
#12384 = AXIS2_PLACEMENT_3D('',#12385,#12386,#12387);
#12385 = CARTESIAN_POINT('',(7.,199.62393807608,-145.3009925034));
#12386 = DIRECTION('',(1.,0.,0.));
#12387 = DIRECTION('',(0.,2.000155032663E-02,0.999799948982));
#12388 = DEFINITIONAL_REPRESENTATION('',(#12389),#12393);
#12389 = CIRCLE('',#12390,3.5);
#12390 = AXIS2_PLACEMENT_2D('',#12391,#12392);
#12391 = CARTESIAN_POINT('',(0.,0.));
#12392 = DIRECTION('',(0.,-1.));
#12393 = ( GEOMETRIC_REPRESENTATION_CONTEXT(2) 
PARAMETRIC_REPRESENTATION_CONTEXT() REPRESENTATION_CONTEXT('2D SPACE',''
  ) );
#12394 = ORIENTED_EDGE('',*,*,#12338,.F.);
#12395 = ORIENTED_EDGE('',*,*,#12396,.F.);
#12396 = EDGE_CURVE('',#12339,#12339,#12397,.T.);
#12397 = SURFACE_CURVE('',#12398,(#12403,#12410),.PCURVE_S1.);
#12398 = CIRCLE('',#12399,3.5);
#12399 = AXIS2_PLACEMENT_3D('',#12400,#12401,#12402);
#12400 = CARTESIAN_POINT('',(3.,199.62393807608,-145.3009925034));
#12401 = DIRECTION('',(1.,-0.,0.));
#12402 = DIRECTION('',(0.,0.999799948982,-2.000155032663E-02));
#12403 = PCURVE('',#12349,#12404);
#12404 = DEFINITIONAL_REPRESENTATION('',(#12405),#12409);
#12405 = LINE('',#12406,#12407);
#12406 = CARTESIAN_POINT('',(-0.,0.));
#12407 = VECTOR('',#12408,1.);
#12408 = DIRECTION('',(-1.,0.));
#12409 = ( GEOMETRIC_REPRESENTATION_CONTEXT(2) 
PARAMETRIC_REPRESENTATION_CONTEXT() REPRESENTATION_CONTEXT('2D SPACE',''
  ) );
#12410 = PCURVE('',#12411,#12416);
#12411 = PLANE('',#12412);
#12412 = AXIS2_PLACEMENT_3D('',#12413,#12414,#12415);
#12413 = CARTESIAN_POINT('',(3.,199.62393807608,-145.3009925034));
#12414 = DIRECTION('',(1.,0.,0.));
#12415 = DIRECTION('',(0.,2.000155032663E-02,0.999799948982));
#12416 = DEFINITIONAL_REPRESENTATION('',(#12417),#12421);
#12417 = CIRCLE('',#12418,3.5);
#12418 = AXIS2_PLACEMENT_2D('',#12419,#12420);
#12419 = CARTESIAN_POINT('',(0.,0.));
#12420 = DIRECTION('',(0.,-1.));
#12421 = ( GEOMETRIC_REPRESENTATION_CONTEXT(2) 
PARAMETRIC_REPRESENTATION_CONTEXT() REPRESENTATION_CONTEXT('2D SPACE',''
  ) );
#12422 = ADVANCED_FACE('',(#12423,#12426),#12411,.F.);
#12423 = FACE_BOUND('',#12424,.F.);
#12424 = EDGE_LOOP('',(#12425));
#12425 = ORIENTED_EDGE('',*,*,#12396,.T.);
#12426 = FACE_BOUND('',#12427,.F.);
#12427 = EDGE_LOOP('',(#12428,#12458,#12486,#12514,#12542,#12570));
#12428 = ORIENTED_EDGE('',*,*,#12429,.T.);
#12429 = EDGE_CURVE('',#12430,#12432,#12434,.T.);
#12430 = VERTEX_POINT('',#12431);
#12431 = CARTESIAN_POINT('',(3.,198.78808824705,-143.7839707292));
#12432 = VERTEX_POINT('',#12433);
#12433 = CARTESIAN_POINT('',(3.,200.51979255609,-143.8186144306));
#12434 = SURFACE_CURVE('',#12435,(#12439,#12446),.PCURVE_S1.);
#12435 = LINE('',#12436,#12437);
#12436 = CARTESIAN_POINT('',(3.,200.08686647883,-143.8099535053));
#12437 = VECTOR('',#12438,1.);
#12438 = DIRECTION('',(0.,0.999799948982,-2.000155032663E-02));
#12439 = PCURVE('',#12411,#12440);
#12440 = DEFINITIONAL_REPRESENTATION('',(#12441),#12445);
#12441 = LINE('',#12442,#12443);
#12442 = CARTESIAN_POINT('',(1.5,-0.433012701892));
#12443 = VECTOR('',#12444,1.);
#12444 = DIRECTION('',(-1.283695372223E-16,-1.));
#12445 = ( GEOMETRIC_REPRESENTATION_CONTEXT(2) 
PARAMETRIC_REPRESENTATION_CONTEXT() REPRESENTATION_CONTEXT('2D SPACE',''
  ) );
#12446 = PCURVE('',#12447,#12452);
#12447 = PLANE('',#12448);
#12448 = AXIS2_PLACEMENT_3D('',#12449,#12450,#12451);
#12449 = CARTESIAN_POINT('',(2.,200.51979255609,-143.8186144306));
#12450 = DIRECTION('',(0.,-2.000155032663E-02,-0.999799948982));
#12451 = DIRECTION('',(0.,-0.999799948982,2.000155032663E-02));
#12452 = DEFINITIONAL_REPRESENTATION('',(#12453),#12457);
#12453 = LINE('',#12454,#12455);
#12454 = CARTESIAN_POINT('',(0.433012701892,-1.));
#12455 = VECTOR('',#12456,1.);
#12456 = DIRECTION('',(-1.,0.));
#12457 = ( GEOMETRIC_REPRESENTATION_CONTEXT(2) 
PARAMETRIC_REPRESENTATION_CONTEXT() REPRESENTATION_CONTEXT('2D SPACE',''
  ) );
#12458 = ORIENTED_EDGE('',*,*,#12459,.T.);
#12459 = EDGE_CURVE('',#12432,#12460,#12462,.T.);
#12460 = VERTEX_POINT('',#12461);
#12461 = CARTESIAN_POINT('',(3.,201.35564238513,-145.3356362048));
#12462 = SURFACE_CURVE('',#12463,(#12467,#12474),.PCURVE_S1.);
#12463 = LINE('',#12464,#12465);
#12464 = CARTESIAN_POINT('',(3.,201.14667992787,-144.9563807613));
#12465 = VECTOR('',#12466,1.);
#12466 = DIRECTION('',(0.,0.482578123793,-0.875852929684));
#12467 = PCURVE('',#12411,#12468);
#12468 = DEFINITIONAL_REPRESENTATION('',(#12469),#12473);
#12469 = LINE('',#12470,#12471);
#12470 = CARTESIAN_POINT('',(0.375,-1.515544456623));
#12471 = VECTOR('',#12472,1.);
#12472 = DIRECTION('',(-0.866025403784,-0.5));
#12473 = ( GEOMETRIC_REPRESENTATION_CONTEXT(2) 
PARAMETRIC_REPRESENTATION_CONTEXT() REPRESENTATION_CONTEXT('2D SPACE',''
  ) );
#12474 = PCURVE('',#12475,#12480);
#12475 = PLANE('',#12476);
#12476 = AXIS2_PLACEMENT_3D('',#12477,#12478,#12479);
#12477 = CARTESIAN_POINT('',(2.,201.35564238513,-145.3356362048));
#12478 = DIRECTION('',(0.,-0.875852929684,-0.482578123793));
#12479 = DIRECTION('',(0.,-0.482578123793,0.875852929684));
#12480 = DEFINITIONAL_REPRESENTATION('',(#12481),#12485);
#12481 = LINE('',#12482,#12483);
#12482 = CARTESIAN_POINT('',(0.433012701892,-1.));
#12483 = VECTOR('',#12484,1.);
#12484 = DIRECTION('',(-1.,0.));
#12485 = ( GEOMETRIC_REPRESENTATION_CONTEXT(2) 
PARAMETRIC_REPRESENTATION_CONTEXT() REPRESENTATION_CONTEXT('2D SPACE',''
  ) );
#12486 = ORIENTED_EDGE('',*,*,#12487,.T.);
#12487 = EDGE_CURVE('',#12460,#12488,#12490,.T.);
#12488 = VERTEX_POINT('',#12489);
#12489 = CARTESIAN_POINT('',(3.,200.45978790511,-146.8180142776));
#12490 = SURFACE_CURVE('',#12491,(#12495,#12502),.PCURVE_S1.);
#12491 = LINE('',#12492,#12493);
#12492 = CARTESIAN_POINT('',(3.,200.68375152512,-146.4474197594));
#12493 = VECTOR('',#12494,1.);
#12494 = DIRECTION('',(0.,-0.517221825189,-0.855851379358));
#12495 = PCURVE('',#12411,#12496);
#12496 = DEFINITIONAL_REPRESENTATION('',(#12497),#12501);
#12497 = LINE('',#12498,#12499);
#12498 = CARTESIAN_POINT('',(-1.125,-1.082531754731));
#12499 = VECTOR('',#12500,1.);
#12500 = DIRECTION('',(-0.866025403784,0.5));
#12501 = ( GEOMETRIC_REPRESENTATION_CONTEXT(2) 
PARAMETRIC_REPRESENTATION_CONTEXT() REPRESENTATION_CONTEXT('2D SPACE',''
  ) );
#12502 = PCURVE('',#12503,#12508);
#12503 = PLANE('',#12504);
#12504 = AXIS2_PLACEMENT_3D('',#12505,#12506,#12507);
#12505 = CARTESIAN_POINT('',(2.,200.45978790511,-146.8180142776));
#12506 = DIRECTION('',(0.,-0.855851379358,0.517221825189));
#12507 = DIRECTION('',(0.,0.517221825189,0.855851379358));
#12508 = DEFINITIONAL_REPRESENTATION('',(#12509),#12513);
#12509 = LINE('',#12510,#12511);
#12510 = CARTESIAN_POINT('',(0.433012701892,-1.));
#12511 = VECTOR('',#12512,1.);
#12512 = DIRECTION('',(-1.,-0.));
#12513 = ( GEOMETRIC_REPRESENTATION_CONTEXT(2) 
PARAMETRIC_REPRESENTATION_CONTEXT() REPRESENTATION_CONTEXT('2D SPACE',''
  ) );
#12514 = ORIENTED_EDGE('',*,*,#12515,.T.);
#12515 = EDGE_CURVE('',#12488,#12516,#12518,.T.);
#12516 = VERTEX_POINT('',#12517);
#12517 = CARTESIAN_POINT('',(3.,198.72808359607,-146.7833705762));
#12518 = SURFACE_CURVE('',#12519,(#12523,#12530),.PCURVE_S1.);
#12519 = LINE('',#12520,#12521);
#12520 = CARTESIAN_POINT('',(3.,199.16100967333,-146.7920315015));
#12521 = VECTOR('',#12522,1.);
#12522 = DIRECTION('',(0.,-0.999799948982,2.000155032663E-02));
#12523 = PCURVE('',#12411,#12524);
#12524 = DEFINITIONAL_REPRESENTATION('',(#12525),#12529);
#12525 = LINE('',#12526,#12527);
#12526 = CARTESIAN_POINT('',(-1.5,0.433012701892));
#12527 = VECTOR('',#12528,1.);
#12528 = DIRECTION('',(6.418476861114E-16,1.));
#12529 = ( GEOMETRIC_REPRESENTATION_CONTEXT(2) 
PARAMETRIC_REPRESENTATION_CONTEXT() REPRESENTATION_CONTEXT('2D SPACE',''
  ) );
#12530 = PCURVE('',#12531,#12536);
#12531 = PLANE('',#12532);
#12532 = AXIS2_PLACEMENT_3D('',#12533,#12534,#12535);
#12533 = CARTESIAN_POINT('',(2.,198.72808359607,-146.7833705762));
#12534 = DIRECTION('',(0.,2.000155032663E-02,0.999799948982));
#12535 = DIRECTION('',(0.,0.999799948982,-2.000155032663E-02));
#12536 = DEFINITIONAL_REPRESENTATION('',(#12537),#12541);
#12537 = LINE('',#12538,#12539);
#12538 = CARTESIAN_POINT('',(0.433012701892,-1.));
#12539 = VECTOR('',#12540,1.);
#12540 = DIRECTION('',(-1.,-0.));
#12541 = ( GEOMETRIC_REPRESENTATION_CONTEXT(2) 
PARAMETRIC_REPRESENTATION_CONTEXT() REPRESENTATION_CONTEXT('2D SPACE',''
  ) );
#12542 = ORIENTED_EDGE('',*,*,#12543,.T.);
#12543 = EDGE_CURVE('',#12516,#12544,#12546,.T.);
#12544 = VERTEX_POINT('',#12545);
#12545 = CARTESIAN_POINT('',(3.,197.89223376704,-145.266348802));
#12546 = SURFACE_CURVE('',#12547,(#12551,#12558),.PCURVE_S1.);
#12547 = LINE('',#12548,#12549);
#12548 = CARTESIAN_POINT('',(3.,198.1011962243,-145.6456042456));
#12549 = VECTOR('',#12550,1.);
#12550 = DIRECTION('',(0.,-0.482578123793,0.875852929684));
#12551 = PCURVE('',#12411,#12552);
#12552 = DEFINITIONAL_REPRESENTATION('',(#12553),#12557);
#12553 = LINE('',#12554,#12555);
#12554 = CARTESIAN_POINT('',(-0.375,1.515544456623));
#12555 = VECTOR('',#12556,1.);
#12556 = DIRECTION('',(0.866025403784,0.5));
#12557 = ( GEOMETRIC_REPRESENTATION_CONTEXT(2) 
PARAMETRIC_REPRESENTATION_CONTEXT() REPRESENTATION_CONTEXT('2D SPACE',''
  ) );
#12558 = PCURVE('',#12559,#12564);
#12559 = PLANE('',#12560);
#12560 = AXIS2_PLACEMENT_3D('',#12561,#12562,#12563);
#12561 = CARTESIAN_POINT('',(2.,197.89223376704,-145.266348802));
#12562 = DIRECTION('',(0.,0.875852929684,0.482578123793));
#12563 = DIRECTION('',(0.,0.482578123793,-0.875852929684));
#12564 = DEFINITIONAL_REPRESENTATION('',(#12565),#12569);
#12565 = LINE('',#12566,#12567);
#12566 = CARTESIAN_POINT('',(0.433012701892,-1.));
#12567 = VECTOR('',#12568,1.);
#12568 = DIRECTION('',(-1.,-0.));
#12569 = ( GEOMETRIC_REPRESENTATION_CONTEXT(2) 
PARAMETRIC_REPRESENTATION_CONTEXT() REPRESENTATION_CONTEXT('2D SPACE',''
  ) );
#12570 = ORIENTED_EDGE('',*,*,#12571,.T.);
#12571 = EDGE_CURVE('',#12544,#12430,#12572,.T.);
#12572 = SURFACE_CURVE('',#12573,(#12577,#12584),.PCURVE_S1.);
#12573 = LINE('',#12574,#12575);
#12574 = CARTESIAN_POINT('',(3.,198.56412462705,-144.1545652474));
#12575 = VECTOR('',#12576,1.);
#12576 = DIRECTION('',(0.,0.517221825189,0.855851379358));
#12577 = PCURVE('',#12411,#12578);
#12578 = DEFINITIONAL_REPRESENTATION('',(#12579),#12583);
#12579 = LINE('',#12580,#12581);
#12580 = CARTESIAN_POINT('',(1.125,1.082531754731));
#12581 = VECTOR('',#12582,1.);
#12582 = DIRECTION('',(0.866025403784,-0.5));
#12583 = ( GEOMETRIC_REPRESENTATION_CONTEXT(2) 
PARAMETRIC_REPRESENTATION_CONTEXT() REPRESENTATION_CONTEXT('2D SPACE',''
  ) );
#12584 = PCURVE('',#12585,#12590);
#12585 = PLANE('',#12586);
#12586 = AXIS2_PLACEMENT_3D('',#12587,#12588,#12589);
#12587 = CARTESIAN_POINT('',(2.,198.78808824705,-143.7839707292));
#12588 = DIRECTION('',(0.,0.855851379358,-0.517221825189));
#12589 = DIRECTION('',(0.,-0.517221825189,-0.855851379358));
#12590 = DEFINITIONAL_REPRESENTATION('',(#12591),#12595);
#12591 = LINE('',#12592,#12593);
#12592 = CARTESIAN_POINT('',(0.433012701892,-1.));
#12593 = VECTOR('',#12594,1.);
#12594 = DIRECTION('',(-1.,0.));
#12595 = ( GEOMETRIC_REPRESENTATION_CONTEXT(2) 
PARAMETRIC_REPRESENTATION_CONTEXT() REPRESENTATION_CONTEXT('2D SPACE',''
  ) );
#12596 = ADVANCED_FACE('',(#12597,#12600),#12383,.T.);
#12597 = FACE_BOUND('',#12598,.T.);
#12598 = EDGE_LOOP('',(#12599));
#12599 = ORIENTED_EDGE('',*,*,#12368,.T.);
#12600 = FACE_BOUND('',#12601,.T.);
#12601 = EDGE_LOOP('',(#12602));
#12602 = ORIENTED_EDGE('',*,*,#12603,.F.);
#12603 = EDGE_CURVE('',#12604,#12604,#12606,.T.);
#12604 = VERTEX_POINT('',#12605);
#12605 = CARTESIAN_POINT('',(7.,201.62353797405,-145.3409956041));
#12606 = SURFACE_CURVE('',#12607,(#12612,#12619),.PCURVE_S1.);
#12607 = CIRCLE('',#12608,2.);
#12608 = AXIS2_PLACEMENT_3D('',#12609,#12610,#12611);
#12609 = CARTESIAN_POINT('',(7.,199.62393807608,-145.3009925034));
#12610 = DIRECTION('',(1.,-0.,0.));
#12611 = DIRECTION('',(0.,0.999799948982,-2.000155032663E-02));
#12612 = PCURVE('',#12383,#12613);
#12613 = DEFINITIONAL_REPRESENTATION('',(#12614),#12618);
#12614 = CIRCLE('',#12615,2.);
#12615 = AXIS2_PLACEMENT_2D('',#12616,#12617);
#12616 = CARTESIAN_POINT('',(0.,0.));
#12617 = DIRECTION('',(0.,-1.));
#12618 = ( GEOMETRIC_REPRESENTATION_CONTEXT(2) 
PARAMETRIC_REPRESENTATION_CONTEXT() REPRESENTATION_CONTEXT('2D SPACE',''
  ) );
#12619 = PCURVE('',#12620,#12625);
#12620 = CYLINDRICAL_SURFACE('',#12621,2.);
#12621 = AXIS2_PLACEMENT_3D('',#12622,#12623,#12624);
#12622 = CARTESIAN_POINT('',(7.,199.62393807608,-145.3009925034));
#12623 = DIRECTION('',(-1.,-0.,0.));
#12624 = DIRECTION('',(0.,0.999799948982,-2.000155032663E-02));
#12625 = DEFINITIONAL_REPRESENTATION('',(#12626),#12630);
#12626 = LINE('',#12627,#12628);
#12627 = CARTESIAN_POINT('',(-0.,0.));
#12628 = VECTOR('',#12629,1.);
#12629 = DIRECTION('',(-1.,0.));
#12630 = ( GEOMETRIC_REPRESENTATION_CONTEXT(2) 
PARAMETRIC_REPRESENTATION_CONTEXT() REPRESENTATION_CONTEXT('2D SPACE',''
  ) );
#12631 = ADVANCED_FACE('',(#12632),#12447,.T.);
#12632 = FACE_BOUND('',#12633,.T.);
#12633 = EDGE_LOOP('',(#12634,#12635,#12658,#12686));
#12634 = ORIENTED_EDGE('',*,*,#12429,.T.);
#12635 = ORIENTED_EDGE('',*,*,#12636,.T.);
#12636 = EDGE_CURVE('',#12432,#12637,#12639,.T.);
#12637 = VERTEX_POINT('',#12638);
#12638 = CARTESIAN_POINT('',(5.5,200.51979255609,-143.8186144306));
#12639 = SURFACE_CURVE('',#12640,(#12644,#12651),.PCURVE_S1.);
#12640 = LINE('',#12641,#12642);
#12641 = CARTESIAN_POINT('',(2.,200.51979255609,-143.8186144306));
#12642 = VECTOR('',#12643,1.);
#12643 = DIRECTION('',(1.,0.,0.));
#12644 = PCURVE('',#12447,#12645);
#12645 = DEFINITIONAL_REPRESENTATION('',(#12646),#12650);
#12646 = LINE('',#12647,#12648);
#12647 = CARTESIAN_POINT('',(0.,0.));
#12648 = VECTOR('',#12649,1.);
#12649 = DIRECTION('',(0.,-1.));
#12650 = ( GEOMETRIC_REPRESENTATION_CONTEXT(2) 
PARAMETRIC_REPRESENTATION_CONTEXT() REPRESENTATION_CONTEXT('2D SPACE',''
  ) );
#12651 = PCURVE('',#12475,#12652);
#12652 = DEFINITIONAL_REPRESENTATION('',(#12653),#12657);
#12653 = LINE('',#12654,#12655);
#12654 = CARTESIAN_POINT('',(1.732050807569,0.));
#12655 = VECTOR('',#12656,1.);
#12656 = DIRECTION('',(0.,-1.));
#12657 = ( GEOMETRIC_REPRESENTATION_CONTEXT(2) 
PARAMETRIC_REPRESENTATION_CONTEXT() REPRESENTATION_CONTEXT('2D SPACE',''
  ) );
#12658 = ORIENTED_EDGE('',*,*,#12659,.T.);
#12659 = EDGE_CURVE('',#12637,#12660,#12662,.T.);
#12660 = VERTEX_POINT('',#12661);
#12661 = CARTESIAN_POINT('',(5.5,198.78808824705,-143.7839707292));
#12662 = SURFACE_CURVE('',#12663,(#12667,#12674),.PCURVE_S1.);
#12663 = LINE('',#12664,#12665);
#12664 = CARTESIAN_POINT('',(5.5,200.51979255609,-143.8186144306));
#12665 = VECTOR('',#12666,1.);
#12666 = DIRECTION('',(0.,-0.999799948982,2.000155032663E-02));
#12667 = PCURVE('',#12447,#12668);
#12668 = DEFINITIONAL_REPRESENTATION('',(#12669),#12673);
#12669 = LINE('',#12670,#12671);
#12670 = CARTESIAN_POINT('',(0.,-3.5));
#12671 = VECTOR('',#12672,1.);
#12672 = DIRECTION('',(1.,0.));
#12673 = ( GEOMETRIC_REPRESENTATION_CONTEXT(2) 
PARAMETRIC_REPRESENTATION_CONTEXT() REPRESENTATION_CONTEXT('2D SPACE',''
  ) );
#12674 = PCURVE('',#12675,#12680);
#12675 = PLANE('',#12676);
#12676 = AXIS2_PLACEMENT_3D('',#12677,#12678,#12679);
#12677 = CARTESIAN_POINT('',(5.5,199.62393807608,-145.3009925034));
#12678 = DIRECTION('',(1.,0.,0.));
#12679 = DIRECTION('',(0.,2.000155032663E-02,0.999799948982));
#12680 = DEFINITIONAL_REPRESENTATION('',(#12681),#12685);
#12681 = LINE('',#12682,#12683);
#12682 = CARTESIAN_POINT('',(1.5,-0.866025403784));
#12683 = VECTOR('',#12684,1.);
#12684 = DIRECTION('',(1.283695372223E-16,1.));
#12685 = ( GEOMETRIC_REPRESENTATION_CONTEXT(2) 
PARAMETRIC_REPRESENTATION_CONTEXT() REPRESENTATION_CONTEXT('2D SPACE',''
  ) );
#12686 = ORIENTED_EDGE('',*,*,#12687,.F.);
#12687 = EDGE_CURVE('',#12430,#12660,#12688,.T.);
#12688 = SURFACE_CURVE('',#12689,(#12693,#12700),.PCURVE_S1.);
#12689 = LINE('',#12690,#12691);
#12690 = CARTESIAN_POINT('',(2.,198.78808824705,-143.7839707292));
#12691 = VECTOR('',#12692,1.);
#12692 = DIRECTION('',(1.,0.,0.));
#12693 = PCURVE('',#12447,#12694);
#12694 = DEFINITIONAL_REPRESENTATION('',(#12695),#12699);
#12695 = LINE('',#12696,#12697);
#12696 = CARTESIAN_POINT('',(1.732050807569,0.));
#12697 = VECTOR('',#12698,1.);
#12698 = DIRECTION('',(0.,-1.));
#12699 = ( GEOMETRIC_REPRESENTATION_CONTEXT(2) 
PARAMETRIC_REPRESENTATION_CONTEXT() REPRESENTATION_CONTEXT('2D SPACE',''
  ) );
#12700 = PCURVE('',#12585,#12701);
#12701 = DEFINITIONAL_REPRESENTATION('',(#12702),#12706);
#12702 = LINE('',#12703,#12704);
#12703 = CARTESIAN_POINT('',(0.,0.));
#12704 = VECTOR('',#12705,1.);
#12705 = DIRECTION('',(0.,-1.));
#12706 = ( GEOMETRIC_REPRESENTATION_CONTEXT(2) 
PARAMETRIC_REPRESENTATION_CONTEXT() REPRESENTATION_CONTEXT('2D SPACE',''
  ) );
#12707 = ADVANCED_FACE('',(#12708),#12585,.T.);
#12708 = FACE_BOUND('',#12709,.T.);
#12709 = EDGE_LOOP('',(#12710,#12711,#12712,#12735));
#12710 = ORIENTED_EDGE('',*,*,#12571,.T.);
#12711 = ORIENTED_EDGE('',*,*,#12687,.T.);
#12712 = ORIENTED_EDGE('',*,*,#12713,.T.);
#12713 = EDGE_CURVE('',#12660,#12714,#12716,.T.);
#12714 = VERTEX_POINT('',#12715);
#12715 = CARTESIAN_POINT('',(5.5,197.89223376704,-145.266348802));
#12716 = SURFACE_CURVE('',#12717,(#12721,#12728),.PCURVE_S1.);
#12717 = LINE('',#12718,#12719);
#12718 = CARTESIAN_POINT('',(5.5,198.78808824705,-143.7839707292));
#12719 = VECTOR('',#12720,1.);
#12720 = DIRECTION('',(0.,-0.517221825189,-0.855851379358));
#12721 = PCURVE('',#12585,#12722);
#12722 = DEFINITIONAL_REPRESENTATION('',(#12723),#12727);
#12723 = LINE('',#12724,#12725);
#12724 = CARTESIAN_POINT('',(0.,-3.5));
#12725 = VECTOR('',#12726,1.);
#12726 = DIRECTION('',(1.,0.));
#12727 = ( GEOMETRIC_REPRESENTATION_CONTEXT(2) 
PARAMETRIC_REPRESENTATION_CONTEXT() REPRESENTATION_CONTEXT('2D SPACE',''
  ) );
#12728 = PCURVE('',#12675,#12729);
#12729 = DEFINITIONAL_REPRESENTATION('',(#12730),#12734);
#12730 = LINE('',#12731,#12732);
#12731 = CARTESIAN_POINT('',(1.5,0.866025403784));
#12732 = VECTOR('',#12733,1.);
#12733 = DIRECTION('',(-0.866025403784,0.5));
#12734 = ( GEOMETRIC_REPRESENTATION_CONTEXT(2) 
PARAMETRIC_REPRESENTATION_CONTEXT() REPRESENTATION_CONTEXT('2D SPACE',''
  ) );
#12735 = ORIENTED_EDGE('',*,*,#12736,.F.);
#12736 = EDGE_CURVE('',#12544,#12714,#12737,.T.);
#12737 = SURFACE_CURVE('',#12738,(#12742,#12749),.PCURVE_S1.);
#12738 = LINE('',#12739,#12740);
#12739 = CARTESIAN_POINT('',(2.,197.89223376704,-145.266348802));
#12740 = VECTOR('',#12741,1.);
#12741 = DIRECTION('',(1.,0.,0.));
#12742 = PCURVE('',#12585,#12743);
#12743 = DEFINITIONAL_REPRESENTATION('',(#12744),#12748);
#12744 = LINE('',#12745,#12746);
#12745 = CARTESIAN_POINT('',(1.732050807569,0.));
#12746 = VECTOR('',#12747,1.);
#12747 = DIRECTION('',(0.,-1.));
#12748 = ( GEOMETRIC_REPRESENTATION_CONTEXT(2) 
PARAMETRIC_REPRESENTATION_CONTEXT() REPRESENTATION_CONTEXT('2D SPACE',''
  ) );
#12749 = PCURVE('',#12559,#12750);
#12750 = DEFINITIONAL_REPRESENTATION('',(#12751),#12755);
#12751 = LINE('',#12752,#12753);
#12752 = CARTESIAN_POINT('',(0.,0.));
#12753 = VECTOR('',#12754,1.);
#12754 = DIRECTION('',(0.,-1.));
#12755 = ( GEOMETRIC_REPRESENTATION_CONTEXT(2) 
PARAMETRIC_REPRESENTATION_CONTEXT() REPRESENTATION_CONTEXT('2D SPACE',''
  ) );
#12756 = ADVANCED_FACE('',(#12757),#12559,.T.);
#12757 = FACE_BOUND('',#12758,.T.);
#12758 = EDGE_LOOP('',(#12759,#12760,#12761,#12784));
#12759 = ORIENTED_EDGE('',*,*,#12543,.T.);
#12760 = ORIENTED_EDGE('',*,*,#12736,.T.);
#12761 = ORIENTED_EDGE('',*,*,#12762,.T.);
#12762 = EDGE_CURVE('',#12714,#12763,#12765,.T.);
#12763 = VERTEX_POINT('',#12764);
#12764 = CARTESIAN_POINT('',(5.5,198.72808359607,-146.7833705762));
#12765 = SURFACE_CURVE('',#12766,(#12770,#12777),.PCURVE_S1.);
#12766 = LINE('',#12767,#12768);
#12767 = CARTESIAN_POINT('',(5.5,197.89223376704,-145.266348802));
#12768 = VECTOR('',#12769,1.);
#12769 = DIRECTION('',(0.,0.482578123793,-0.875852929684));
#12770 = PCURVE('',#12559,#12771);
#12771 = DEFINITIONAL_REPRESENTATION('',(#12772),#12776);
#12772 = LINE('',#12773,#12774);
#12773 = CARTESIAN_POINT('',(0.,-3.5));
#12774 = VECTOR('',#12775,1.);
#12775 = DIRECTION('',(1.,0.));
#12776 = ( GEOMETRIC_REPRESENTATION_CONTEXT(2) 
PARAMETRIC_REPRESENTATION_CONTEXT() REPRESENTATION_CONTEXT('2D SPACE',''
  ) );
#12777 = PCURVE('',#12675,#12778);
#12778 = DEFINITIONAL_REPRESENTATION('',(#12779),#12783);
#12779 = LINE('',#12780,#12781);
#12780 = CARTESIAN_POINT('',(8.298917109073E-15,1.732050807569));
#12781 = VECTOR('',#12782,1.);
#12782 = DIRECTION('',(-0.866025403784,-0.5));
#12783 = ( GEOMETRIC_REPRESENTATION_CONTEXT(2) 
PARAMETRIC_REPRESENTATION_CONTEXT() REPRESENTATION_CONTEXT('2D SPACE',''
  ) );
#12784 = ORIENTED_EDGE('',*,*,#12785,.F.);
#12785 = EDGE_CURVE('',#12516,#12763,#12786,.T.);
#12786 = SURFACE_CURVE('',#12787,(#12791,#12798),.PCURVE_S1.);
#12787 = LINE('',#12788,#12789);
#12788 = CARTESIAN_POINT('',(2.,198.72808359607,-146.7833705762));
#12789 = VECTOR('',#12790,1.);
#12790 = DIRECTION('',(1.,0.,0.));
#12791 = PCURVE('',#12559,#12792);
#12792 = DEFINITIONAL_REPRESENTATION('',(#12793),#12797);
#12793 = LINE('',#12794,#12795);
#12794 = CARTESIAN_POINT('',(1.732050807569,0.));
#12795 = VECTOR('',#12796,1.);
#12796 = DIRECTION('',(0.,-1.));
#12797 = ( GEOMETRIC_REPRESENTATION_CONTEXT(2) 
PARAMETRIC_REPRESENTATION_CONTEXT() REPRESENTATION_CONTEXT('2D SPACE',''
  ) );
#12798 = PCURVE('',#12531,#12799);
#12799 = DEFINITIONAL_REPRESENTATION('',(#12800),#12804);
#12800 = LINE('',#12801,#12802);
#12801 = CARTESIAN_POINT('',(0.,0.));
#12802 = VECTOR('',#12803,1.);
#12803 = DIRECTION('',(0.,-1.));
#12804 = ( GEOMETRIC_REPRESENTATION_CONTEXT(2) 
PARAMETRIC_REPRESENTATION_CONTEXT() REPRESENTATION_CONTEXT('2D SPACE',''
  ) );
#12805 = ADVANCED_FACE('',(#12806),#12531,.T.);
#12806 = FACE_BOUND('',#12807,.T.);
#12807 = EDGE_LOOP('',(#12808,#12809,#12810,#12833));
#12808 = ORIENTED_EDGE('',*,*,#12515,.T.);
#12809 = ORIENTED_EDGE('',*,*,#12785,.T.);
#12810 = ORIENTED_EDGE('',*,*,#12811,.T.);
#12811 = EDGE_CURVE('',#12763,#12812,#12814,.T.);
#12812 = VERTEX_POINT('',#12813);
#12813 = CARTESIAN_POINT('',(5.5,200.45978790511,-146.8180142776));
#12814 = SURFACE_CURVE('',#12815,(#12819,#12826),.PCURVE_S1.);
#12815 = LINE('',#12816,#12817);
#12816 = CARTESIAN_POINT('',(5.5,198.72808359607,-146.7833705762));
#12817 = VECTOR('',#12818,1.);
#12818 = DIRECTION('',(0.,0.999799948982,-2.000155032663E-02));
#12819 = PCURVE('',#12531,#12820);
#12820 = DEFINITIONAL_REPRESENTATION('',(#12821),#12825);
#12821 = LINE('',#12822,#12823);
#12822 = CARTESIAN_POINT('',(0.,-3.5));
#12823 = VECTOR('',#12824,1.);
#12824 = DIRECTION('',(1.,0.));
#12825 = ( GEOMETRIC_REPRESENTATION_CONTEXT(2) 
PARAMETRIC_REPRESENTATION_CONTEXT() REPRESENTATION_CONTEXT('2D SPACE',''
  ) );
#12826 = PCURVE('',#12675,#12827);
#12827 = DEFINITIONAL_REPRESENTATION('',(#12828),#12832);
#12828 = LINE('',#12829,#12830);
#12829 = CARTESIAN_POINT('',(-1.5,0.866025403784));
#12830 = VECTOR('',#12831,1.);
#12831 = DIRECTION('',(-6.418476861114E-16,-1.));
#12832 = ( GEOMETRIC_REPRESENTATION_CONTEXT(2) 
PARAMETRIC_REPRESENTATION_CONTEXT() REPRESENTATION_CONTEXT('2D SPACE',''
  ) );
#12833 = ORIENTED_EDGE('',*,*,#12834,.F.);
#12834 = EDGE_CURVE('',#12488,#12812,#12835,.T.);
#12835 = SURFACE_CURVE('',#12836,(#12840,#12847),.PCURVE_S1.);
#12836 = LINE('',#12837,#12838);
#12837 = CARTESIAN_POINT('',(2.,200.45978790511,-146.8180142776));
#12838 = VECTOR('',#12839,1.);
#12839 = DIRECTION('',(1.,0.,0.));
#12840 = PCURVE('',#12531,#12841);
#12841 = DEFINITIONAL_REPRESENTATION('',(#12842),#12846);
#12842 = LINE('',#12843,#12844);
#12843 = CARTESIAN_POINT('',(1.732050807569,0.));
#12844 = VECTOR('',#12845,1.);
#12845 = DIRECTION('',(0.,-1.));
#12846 = ( GEOMETRIC_REPRESENTATION_CONTEXT(2) 
PARAMETRIC_REPRESENTATION_CONTEXT() REPRESENTATION_CONTEXT('2D SPACE',''
  ) );
#12847 = PCURVE('',#12503,#12848);
#12848 = DEFINITIONAL_REPRESENTATION('',(#12849),#12853);
#12849 = LINE('',#12850,#12851);
#12850 = CARTESIAN_POINT('',(0.,0.));
#12851 = VECTOR('',#12852,1.);
#12852 = DIRECTION('',(0.,-1.));
#12853 = ( GEOMETRIC_REPRESENTATION_CONTEXT(2) 
PARAMETRIC_REPRESENTATION_CONTEXT() REPRESENTATION_CONTEXT('2D SPACE',''
  ) );
#12854 = ADVANCED_FACE('',(#12855),#12503,.T.);
#12855 = FACE_BOUND('',#12856,.T.);
#12856 = EDGE_LOOP('',(#12857,#12858,#12859,#12882));
#12857 = ORIENTED_EDGE('',*,*,#12487,.T.);
#12858 = ORIENTED_EDGE('',*,*,#12834,.T.);
#12859 = ORIENTED_EDGE('',*,*,#12860,.T.);
#12860 = EDGE_CURVE('',#12812,#12861,#12863,.T.);
#12861 = VERTEX_POINT('',#12862);
#12862 = CARTESIAN_POINT('',(5.5,201.35564238513,-145.3356362048));
#12863 = SURFACE_CURVE('',#12864,(#12868,#12875),.PCURVE_S1.);
#12864 = LINE('',#12865,#12866);
#12865 = CARTESIAN_POINT('',(5.5,200.45978790511,-146.8180142776));
#12866 = VECTOR('',#12867,1.);
#12867 = DIRECTION('',(0.,0.517221825189,0.855851379358));
#12868 = PCURVE('',#12503,#12869);
#12869 = DEFINITIONAL_REPRESENTATION('',(#12870),#12874);
#12870 = LINE('',#12871,#12872);
#12871 = CARTESIAN_POINT('',(0.,-3.5));
#12872 = VECTOR('',#12873,1.);
#12873 = DIRECTION('',(1.,0.));
#12874 = ( GEOMETRIC_REPRESENTATION_CONTEXT(2) 
PARAMETRIC_REPRESENTATION_CONTEXT() REPRESENTATION_CONTEXT('2D SPACE',''
  ) );
#12875 = PCURVE('',#12675,#12876);
#12876 = DEFINITIONAL_REPRESENTATION('',(#12877),#12881);
#12877 = LINE('',#12878,#12879);
#12878 = CARTESIAN_POINT('',(-1.5,-0.866025403784));
#12879 = VECTOR('',#12880,1.);
#12880 = DIRECTION('',(0.866025403784,-0.5));
#12881 = ( GEOMETRIC_REPRESENTATION_CONTEXT(2) 
PARAMETRIC_REPRESENTATION_CONTEXT() REPRESENTATION_CONTEXT('2D SPACE',''
  ) );
#12882 = ORIENTED_EDGE('',*,*,#12883,.F.);
#12883 = EDGE_CURVE('',#12460,#12861,#12884,.T.);
#12884 = SURFACE_CURVE('',#12885,(#12889,#12896),.PCURVE_S1.);
#12885 = LINE('',#12886,#12887);
#12886 = CARTESIAN_POINT('',(2.,201.35564238513,-145.3356362048));
#12887 = VECTOR('',#12888,1.);
#12888 = DIRECTION('',(1.,0.,0.));
#12889 = PCURVE('',#12503,#12890);
#12890 = DEFINITIONAL_REPRESENTATION('',(#12891),#12895);
#12891 = LINE('',#12892,#12893);
#12892 = CARTESIAN_POINT('',(1.732050807569,0.));
#12893 = VECTOR('',#12894,1.);
#12894 = DIRECTION('',(0.,-1.));
#12895 = ( GEOMETRIC_REPRESENTATION_CONTEXT(2) 
PARAMETRIC_REPRESENTATION_CONTEXT() REPRESENTATION_CONTEXT('2D SPACE',''
  ) );
#12896 = PCURVE('',#12475,#12897);
#12897 = DEFINITIONAL_REPRESENTATION('',(#12898),#12902);
#12898 = LINE('',#12899,#12900);
#12899 = CARTESIAN_POINT('',(0.,0.));
#12900 = VECTOR('',#12901,1.);
#12901 = DIRECTION('',(0.,-1.));
#12902 = ( GEOMETRIC_REPRESENTATION_CONTEXT(2) 
PARAMETRIC_REPRESENTATION_CONTEXT() REPRESENTATION_CONTEXT('2D SPACE',''
  ) );
#12903 = ADVANCED_FACE('',(#12904),#12475,.T.);
#12904 = FACE_BOUND('',#12905,.T.);
#12905 = EDGE_LOOP('',(#12906,#12907,#12908,#12929));
#12906 = ORIENTED_EDGE('',*,*,#12459,.T.);
#12907 = ORIENTED_EDGE('',*,*,#12883,.T.);
#12908 = ORIENTED_EDGE('',*,*,#12909,.T.);
#12909 = EDGE_CURVE('',#12861,#12637,#12910,.T.);
#12910 = SURFACE_CURVE('',#12911,(#12915,#12922),.PCURVE_S1.);
#12911 = LINE('',#12912,#12913);
#12912 = CARTESIAN_POINT('',(5.5,201.35564238513,-145.3356362048));
#12913 = VECTOR('',#12914,1.);
#12914 = DIRECTION('',(0.,-0.482578123793,0.875852929684));
#12915 = PCURVE('',#12475,#12916);
#12916 = DEFINITIONAL_REPRESENTATION('',(#12917),#12921);
#12917 = LINE('',#12918,#12919);
#12918 = CARTESIAN_POINT('',(0.,-3.5));
#12919 = VECTOR('',#12920,1.);
#12920 = DIRECTION('',(1.,0.));
#12921 = ( GEOMETRIC_REPRESENTATION_CONTEXT(2) 
PARAMETRIC_REPRESENTATION_CONTEXT() REPRESENTATION_CONTEXT('2D SPACE',''
  ) );
#12922 = PCURVE('',#12675,#12923);
#12923 = DEFINITIONAL_REPRESENTATION('',(#12924),#12928);
#12924 = LINE('',#12925,#12926);
#12925 = CARTESIAN_POINT('',(-8.298917109073E-15,-1.732050807569));
#12926 = VECTOR('',#12927,1.);
#12927 = DIRECTION('',(0.866025403784,0.5));
#12928 = ( GEOMETRIC_REPRESENTATION_CONTEXT(2) 
PARAMETRIC_REPRESENTATION_CONTEXT() REPRESENTATION_CONTEXT('2D SPACE',''
  ) );
#12929 = ORIENTED_EDGE('',*,*,#12636,.F.);
#12930 = ADVANCED_FACE('',(#12931),#12620,.T.);
#12931 = FACE_BOUND('',#12932,.F.);
#12932 = EDGE_LOOP('',(#12933,#12956,#12983,#12984));
#12933 = ORIENTED_EDGE('',*,*,#12934,.T.);
#12934 = EDGE_CURVE('',#12604,#12935,#12937,.T.);
#12935 = VERTEX_POINT('',#12936);
#12936 = CARTESIAN_POINT('',(62.,201.62353797405,-145.3409956041));
#12937 = SEAM_CURVE('',#12938,(#12942,#12949),.PCURVE_S1.);
#12938 = LINE('',#12939,#12940);
#12939 = CARTESIAN_POINT('',(7.,201.62353797405,-145.3409956041));
#12940 = VECTOR('',#12941,1.);
#12941 = DIRECTION('',(1.,0.,0.));
#12942 = PCURVE('',#12620,#12943);
#12943 = DEFINITIONAL_REPRESENTATION('',(#12944),#12948);
#12944 = LINE('',#12945,#12946);
#12945 = CARTESIAN_POINT('',(-0.,0.));
#12946 = VECTOR('',#12947,1.);
#12947 = DIRECTION('',(-0.,-1.));
#12948 = ( GEOMETRIC_REPRESENTATION_CONTEXT(2) 
PARAMETRIC_REPRESENTATION_CONTEXT() REPRESENTATION_CONTEXT('2D SPACE',''
  ) );
#12949 = PCURVE('',#12620,#12950);
#12950 = DEFINITIONAL_REPRESENTATION('',(#12951),#12955);
#12951 = LINE('',#12952,#12953);
#12952 = CARTESIAN_POINT('',(-6.28318530718,0.));
#12953 = VECTOR('',#12954,1.);
#12954 = DIRECTION('',(-0.,-1.));
#12955 = ( GEOMETRIC_REPRESENTATION_CONTEXT(2) 
PARAMETRIC_REPRESENTATION_CONTEXT() REPRESENTATION_CONTEXT('2D SPACE',''
  ) );
#12956 = ORIENTED_EDGE('',*,*,#12957,.T.);
#12957 = EDGE_CURVE('',#12935,#12935,#12958,.T.);
#12958 = SURFACE_CURVE('',#12959,(#12964,#12971),.PCURVE_S1.);
#12959 = CIRCLE('',#12960,2.);
#12960 = AXIS2_PLACEMENT_3D('',#12961,#12962,#12963);
#12961 = CARTESIAN_POINT('',(62.,199.62393807608,-145.3009925034));
#12962 = DIRECTION('',(1.,-0.,0.));
#12963 = DIRECTION('',(0.,0.999799948982,-2.000155032663E-02));
#12964 = PCURVE('',#12620,#12965);
#12965 = DEFINITIONAL_REPRESENTATION('',(#12966),#12970);
#12966 = LINE('',#12967,#12968);
#12967 = CARTESIAN_POINT('',(-0.,-55.));
#12968 = VECTOR('',#12969,1.);
#12969 = DIRECTION('',(-1.,0.));
#12970 = ( GEOMETRIC_REPRESENTATION_CONTEXT(2) 
PARAMETRIC_REPRESENTATION_CONTEXT() REPRESENTATION_CONTEXT('2D SPACE',''
  ) );
#12971 = PCURVE('',#12972,#12977);
#12972 = PLANE('',#12973);
#12973 = AXIS2_PLACEMENT_3D('',#12974,#12975,#12976);
#12974 = CARTESIAN_POINT('',(62.,199.62393807608,-145.3009925034));
#12975 = DIRECTION('',(1.,0.,0.));
#12976 = DIRECTION('',(0.,2.000155032663E-02,0.999799948982));
#12977 = DEFINITIONAL_REPRESENTATION('',(#12978),#12982);
#12978 = CIRCLE('',#12979,2.);
#12979 = AXIS2_PLACEMENT_2D('',#12980,#12981);
#12980 = CARTESIAN_POINT('',(-5.684782515411E-16,2.84160236385E-14));
#12981 = DIRECTION('',(0.,-1.));
#12982 = ( GEOMETRIC_REPRESENTATION_CONTEXT(2) 
PARAMETRIC_REPRESENTATION_CONTEXT() REPRESENTATION_CONTEXT('2D SPACE',''
  ) );
#12983 = ORIENTED_EDGE('',*,*,#12934,.F.);
#12984 = ORIENTED_EDGE('',*,*,#12603,.F.);
#12985 = ADVANCED_FACE('',(#12986),#12675,.F.);
#12986 = FACE_BOUND('',#12987,.F.);
#12987 = EDGE_LOOP('',(#12988,#12989,#12990,#12991,#12992,#12993));
#12988 = ORIENTED_EDGE('',*,*,#12909,.T.);
#12989 = ORIENTED_EDGE('',*,*,#12659,.T.);
#12990 = ORIENTED_EDGE('',*,*,#12713,.T.);
#12991 = ORIENTED_EDGE('',*,*,#12762,.T.);
#12992 = ORIENTED_EDGE('',*,*,#12811,.T.);
#12993 = ORIENTED_EDGE('',*,*,#12860,.T.);
#12994 = ADVANCED_FACE('',(#12995),#12972,.T.);
#12995 = FACE_BOUND('',#12996,.T.);
#12996 = EDGE_LOOP('',(#12997));
#12997 = ORIENTED_EDGE('',*,*,#12957,.T.);
#12998 = ( GEOMETRIC_REPRESENTATION_CONTEXT(3) 
GLOBAL_UNCERTAINTY_ASSIGNED_CONTEXT((#13002)) 
GLOBAL_UNIT_ASSIGNED_CONTEXT((#12999,#13000,#13001)) 
REPRESENTATION_CONTEXT('Context #1',
  '3D Context with UNIT and UNCERTAINTY') );
#12999 = ( LENGTH_UNIT() NAMED_UNIT(*) SI_UNIT(.MILLI.,.METRE.) );
#13000 = ( NAMED_UNIT(*) PLANE_ANGLE_UNIT() SI_UNIT($,.RADIAN.) );
#13001 = ( NAMED_UNIT(*) SI_UNIT($,.STERADIAN.) SOLID_ANGLE_UNIT() );
#13002 = UNCERTAINTY_MEASURE_WITH_UNIT(LENGTH_MEASURE(1.E-07),#12999,
  'distance_accuracy_value','confusion accuracy');
#13003 = CONTEXT_DEPENDENT_SHAPE_REPRESENTATION(#13004,#13006);
#13004 = ( REPRESENTATION_RELATIONSHIP('','',#12331,#12308) 
REPRESENTATION_RELATIONSHIP_WITH_TRANSFORMATION(#13005) 
SHAPE_REPRESENTATION_RELATIONSHIP() );
#13005 = ITEM_DEFINED_TRANSFORMATION('','',#11,#12309);
#13006 = PRODUCT_DEFINITION_SHAPE('Placement','Placement of an item',
  #13007);
#13007 = NEXT_ASSEMBLY_USAGE_OCCURRENCE('17','','',#12303,#12326,$);
#13008 = PRODUCT_RELATED_PRODUCT_CATEGORY('part',$,(#12328));
#13009 = SHAPE_DEFINITION_REPRESENTATION(#13010,#13016);
#13010 = PRODUCT_DEFINITION_SHAPE('','',#13011);
#13011 = PRODUCT_DEFINITION('design','',#13012,#13015);
#13012 = PRODUCT_DEFINITION_FORMATION('','',#13013);
#13013 = PRODUCT('nut3','nut3','',(#13014));
#13014 = PRODUCT_CONTEXT('',#2,'mechanical');
#13015 = PRODUCT_DEFINITION_CONTEXT('part definition',#2,'design');
#13016 = SHAPE_REPRESENTATION('',(#11,#13017),#13021);
#13017 = AXIS2_PLACEMENT_3D('',#13018,#13019,#13020);
#13018 = CARTESIAN_POINT('',(0.,0.,0.));
#13019 = DIRECTION('',(0.,0.,1.));
#13020 = DIRECTION('',(1.,0.,-0.));
#13021 = ( GEOMETRIC_REPRESENTATION_CONTEXT(3) 
GLOBAL_UNCERTAINTY_ASSIGNED_CONTEXT((#13025)) 
GLOBAL_UNIT_ASSIGNED_CONTEXT((#13022,#13023,#13024)) 
REPRESENTATION_CONTEXT('Context #1',
  '3D Context with UNIT and UNCERTAINTY') );
#13022 = ( LENGTH_UNIT() NAMED_UNIT(*) SI_UNIT(.MILLI.,.METRE.) );
#13023 = ( NAMED_UNIT(*) PLANE_ANGLE_UNIT() SI_UNIT($,.RADIAN.) );
#13024 = ( NAMED_UNIT(*) SI_UNIT($,.STERADIAN.) SOLID_ANGLE_UNIT() );
#13025 = UNCERTAINTY_MEASURE_WITH_UNIT(LENGTH_MEASURE(1.E-07),#13022,
  'distance_accuracy_value','confusion accuracy');
#13026 = CONTEXT_DEPENDENT_SHAPE_REPRESENTATION(#13027,#13029);
#13027 = ( REPRESENTATION_RELATIONSHIP('','',#13016,#10) 
REPRESENTATION_RELATIONSHIP_WITH_TRANSFORMATION(#13028) 
SHAPE_REPRESENTATION_RELATIONSHIP() );
#13028 = ITEM_DEFINED_TRANSFORMATION('','',#11,#51);
#13029 = PRODUCT_DEFINITION_SHAPE('Placement','Placement of an item',
  #13030);
#13030 = NEXT_ASSEMBLY_USAGE_OCCURRENCE('20','','',#5,#13011,$);
#13031 = PRODUCT_RELATED_PRODUCT_CATEGORY('part',$,(#13013));
#13032 = SHAPE_DEFINITION_REPRESENTATION(#13033,#13039);
#13033 = PRODUCT_DEFINITION_SHAPE('','',#13034);
#13034 = PRODUCT_DEFINITION('design','',#13035,#13038);
#13035 = PRODUCT_DEFINITION_FORMATION('','',#13036);
#13036 = PRODUCT('nut3_part','nut3_part','',(#13037));
#13037 = PRODUCT_CONTEXT('',#2,'mechanical');
#13038 = PRODUCT_DEFINITION_CONTEXT('part definition',#2,'design');
#13039 = ADVANCED_BREP_SHAPE_REPRESENTATION('',(#11,#13040),#13618);
#13040 = MANIFOLD_SOLID_BREP('',#13041);
#13041 = CLOSED_SHELL('',(#13042,#13162,#13238,#13314,#13427,#13530,
    #13557,#13584,#13591));
#13042 = ADVANCED_FACE('',(#13043),#13057,.F.);
#13043 = FACE_BOUND('',#13044,.F.);
#13044 = EDGE_LOOP('',(#13045,#13080,#13108,#13136));
#13045 = ORIENTED_EDGE('',*,*,#13046,.T.);
#13046 = EDGE_CURVE('',#13047,#13049,#13051,.T.);
#13047 = VERTEX_POINT('',#13048);
#13048 = CARTESIAN_POINT('',(57.,203.66458146385,-145.3818278067));
#13049 = VERTEX_POINT('',#13050);
#13050 = CARTESIAN_POINT('',(61.7,203.66458146385,-145.3818278067));
#13051 = SURFACE_CURVE('',#13052,(#13056,#13068),.PCURVE_S1.);
#13052 = LINE('',#13053,#13054);
#13053 = CARTESIAN_POINT('',(57.,203.66458146385,-145.3818278067));
#13054 = VECTOR('',#13055,1.);
#13055 = DIRECTION('',(1.,0.,0.));
#13056 = PCURVE('',#13057,#13062);
#13057 = PLANE('',#13058);
#13058 = AXIS2_PLACEMENT_3D('',#13059,#13060,#13061);
#13059 = CARTESIAN_POINT('',(57.,203.66458146385,-145.3818278067));
#13060 = DIRECTION('',(0.,-0.875852929684,-0.482578123793));
#13061 = DIRECTION('',(0.,-0.482578123793,0.875852929684));
#13062 = DEFINITIONAL_REPRESENTATION('',(#13063),#13067);
#13063 = LINE('',#13064,#13065);
#13064 = CARTESIAN_POINT('',(0.,0.));
#13065 = VECTOR('',#13066,1.);
#13066 = DIRECTION('',(0.,-1.));
#13067 = ( GEOMETRIC_REPRESENTATION_CONTEXT(2) 
PARAMETRIC_REPRESENTATION_CONTEXT() REPRESENTATION_CONTEXT('2D SPACE',''
  ) );
#13068 = PCURVE('',#13069,#13074);
#13069 = PLANE('',#13070);
#13070 = AXIS2_PLACEMENT_3D('',#13071,#13072,#13073);
#13071 = CARTESIAN_POINT('',(57.,201.57425434382,-148.8407099765));
#13072 = DIRECTION('',(0.,-0.855851379358,0.517221825189));
#13073 = DIRECTION('',(0.,0.517221825189,0.855851379358));
#13074 = DEFINITIONAL_REPRESENTATION('',(#13075),#13079);
#13075 = LINE('',#13076,#13077);
#13076 = CARTESIAN_POINT('',(4.041451884327,0.));
#13077 = VECTOR('',#13078,1.);
#13078 = DIRECTION('',(0.,-1.));
#13079 = ( GEOMETRIC_REPRESENTATION_CONTEXT(2) 
PARAMETRIC_REPRESENTATION_CONTEXT() REPRESENTATION_CONTEXT('2D SPACE',''
  ) );
#13080 = ORIENTED_EDGE('',*,*,#13081,.T.);
#13081 = EDGE_CURVE('',#13049,#13082,#13084,.T.);
#13082 = VERTEX_POINT('',#13083);
#13083 = CARTESIAN_POINT('',(61.7,201.71426519611,-141.8421103336));
#13084 = SURFACE_CURVE('',#13085,(#13089,#13096),.PCURVE_S1.);
#13085 = LINE('',#13086,#13087);
#13086 = CARTESIAN_POINT('',(61.7,203.66458146385,-145.3818278067));
#13087 = VECTOR('',#13088,1.);
#13088 = DIRECTION('',(0.,-0.482578123793,0.875852929684));
#13089 = PCURVE('',#13057,#13090);
#13090 = DEFINITIONAL_REPRESENTATION('',(#13091),#13095);
#13091 = LINE('',#13092,#13093);
#13092 = CARTESIAN_POINT('',(0.,-4.7));
#13093 = VECTOR('',#13094,1.);
#13094 = DIRECTION('',(1.,0.));
#13095 = ( GEOMETRIC_REPRESENTATION_CONTEXT(2) 
PARAMETRIC_REPRESENTATION_CONTEXT() REPRESENTATION_CONTEXT('2D SPACE',''
  ) );
#13096 = PCURVE('',#13097,#13102);
#13097 = PLANE('',#13098);
#13098 = AXIS2_PLACEMENT_3D('',#13099,#13100,#13101);
#13099 = CARTESIAN_POINT('',(61.7,199.62393807608,-145.3009925034));
#13100 = DIRECTION('',(1.,0.,0.));
#13101 = DIRECTION('',(0.,2.000155032663E-02,0.999799948982));
#13102 = DEFINITIONAL_REPRESENTATION('',(#13103),#13107);
#13103 = LINE('',#13104,#13105);
#13104 = CARTESIAN_POINT('',(-5.551115123126E-17,-4.041451884327));
#13105 = VECTOR('',#13106,1.);
#13106 = DIRECTION('',(0.866025403784,0.5));
#13107 = ( GEOMETRIC_REPRESENTATION_CONTEXT(2) 
PARAMETRIC_REPRESENTATION_CONTEXT() REPRESENTATION_CONTEXT('2D SPACE',''
  ) );
#13108 = ORIENTED_EDGE('',*,*,#13109,.F.);
#13109 = EDGE_CURVE('',#13110,#13082,#13112,.T.);
#13110 = VERTEX_POINT('',#13111);
#13111 = CARTESIAN_POINT('',(57.,201.71426519611,-141.8421103336));
#13112 = SURFACE_CURVE('',#13113,(#13117,#13124),.PCURVE_S1.);
#13113 = LINE('',#13114,#13115);
#13114 = CARTESIAN_POINT('',(57.,201.71426519611,-141.8421103336));
#13115 = VECTOR('',#13116,1.);
#13116 = DIRECTION('',(1.,0.,0.));
#13117 = PCURVE('',#13057,#13118);
#13118 = DEFINITIONAL_REPRESENTATION('',(#13119),#13123);
#13119 = LINE('',#13120,#13121);
#13120 = CARTESIAN_POINT('',(4.041451884327,0.));
#13121 = VECTOR('',#13122,1.);
#13122 = DIRECTION('',(0.,-1.));
#13123 = ( GEOMETRIC_REPRESENTATION_CONTEXT(2) 
PARAMETRIC_REPRESENTATION_CONTEXT() REPRESENTATION_CONTEXT('2D SPACE',''
  ) );
#13124 = PCURVE('',#13125,#13130);
#13125 = PLANE('',#13126);
#13126 = AXIS2_PLACEMENT_3D('',#13127,#13128,#13129);
#13127 = CARTESIAN_POINT('',(57.,201.71426519611,-141.8421103336));
#13128 = DIRECTION('',(0.,-2.000155032663E-02,-0.999799948982));
#13129 = DIRECTION('',(0.,-0.999799948982,2.000155032663E-02));
#13130 = DEFINITIONAL_REPRESENTATION('',(#13131),#13135);
#13131 = LINE('',#13132,#13133);
#13132 = CARTESIAN_POINT('',(0.,0.));
#13133 = VECTOR('',#13134,1.);
#13134 = DIRECTION('',(0.,-1.));
#13135 = ( GEOMETRIC_REPRESENTATION_CONTEXT(2) 
PARAMETRIC_REPRESENTATION_CONTEXT() REPRESENTATION_CONTEXT('2D SPACE',''
  ) );
#13136 = ORIENTED_EDGE('',*,*,#13137,.F.);
#13137 = EDGE_CURVE('',#13047,#13110,#13138,.T.);
#13138 = SURFACE_CURVE('',#13139,(#13143,#13150),.PCURVE_S1.);
#13139 = LINE('',#13140,#13141);
#13140 = CARTESIAN_POINT('',(57.,203.66458146385,-145.3818278067));
#13141 = VECTOR('',#13142,1.);
#13142 = DIRECTION('',(0.,-0.482578123793,0.875852929684));
#13143 = PCURVE('',#13057,#13144);
#13144 = DEFINITIONAL_REPRESENTATION('',(#13145),#13149);
#13145 = LINE('',#13146,#13147);
#13146 = CARTESIAN_POINT('',(0.,0.));
#13147 = VECTOR('',#13148,1.);
#13148 = DIRECTION('',(1.,0.));
#13149 = ( GEOMETRIC_REPRESENTATION_CONTEXT(2) 
PARAMETRIC_REPRESENTATION_CONTEXT() REPRESENTATION_CONTEXT('2D SPACE',''
  ) );
#13150 = PCURVE('',#13151,#13156);
#13151 = PLANE('',#13152);
#13152 = AXIS2_PLACEMENT_3D('',#13153,#13154,#13155);
#13153 = CARTESIAN_POINT('',(57.,199.62393807608,-145.3009925034));
#13154 = DIRECTION('',(1.,0.,0.));
#13155 = DIRECTION('',(0.,2.000155032663E-02,0.999799948982));
#13156 = DEFINITIONAL_REPRESENTATION('',(#13157),#13161);
#13157 = LINE('',#13158,#13159);
#13158 = CARTESIAN_POINT('',(-5.551115123126E-17,-4.041451884327));
#13159 = VECTOR('',#13160,1.);
#13160 = DIRECTION('',(0.866025403784,0.5));
#13161 = ( GEOMETRIC_REPRESENTATION_CONTEXT(2) 
PARAMETRIC_REPRESENTATION_CONTEXT() REPRESENTATION_CONTEXT('2D SPACE',''
  ) );
#13162 = ADVANCED_FACE('',(#13163),#13069,.F.);
#13163 = FACE_BOUND('',#13164,.F.);
#13164 = EDGE_LOOP('',(#13165,#13195,#13216,#13217));
#13165 = ORIENTED_EDGE('',*,*,#13166,.T.);
#13166 = EDGE_CURVE('',#13167,#13169,#13171,.T.);
#13167 = VERTEX_POINT('',#13168);
#13168 = CARTESIAN_POINT('',(57.,201.57425434382,-148.8407099765));
#13169 = VERTEX_POINT('',#13170);
#13170 = CARTESIAN_POINT('',(61.7,201.57425434382,-148.8407099765));
#13171 = SURFACE_CURVE('',#13172,(#13176,#13183),.PCURVE_S1.);
#13172 = LINE('',#13173,#13174);
#13173 = CARTESIAN_POINT('',(57.,201.57425434382,-148.8407099765));
#13174 = VECTOR('',#13175,1.);
#13175 = DIRECTION('',(1.,0.,0.));
#13176 = PCURVE('',#13069,#13177);
#13177 = DEFINITIONAL_REPRESENTATION('',(#13178),#13182);
#13178 = LINE('',#13179,#13180);
#13179 = CARTESIAN_POINT('',(0.,0.));
#13180 = VECTOR('',#13181,1.);
#13181 = DIRECTION('',(0.,-1.));
#13182 = ( GEOMETRIC_REPRESENTATION_CONTEXT(2) 
PARAMETRIC_REPRESENTATION_CONTEXT() REPRESENTATION_CONTEXT('2D SPACE',''
  ) );
#13183 = PCURVE('',#13184,#13189);
#13184 = PLANE('',#13185);
#13185 = AXIS2_PLACEMENT_3D('',#13186,#13187,#13188);
#13186 = CARTESIAN_POINT('',(57.,197.53361095606,-148.7598746732));
#13187 = DIRECTION('',(0.,2.000155032663E-02,0.999799948982));
#13188 = DIRECTION('',(0.,0.999799948982,-2.000155032663E-02));
#13189 = DEFINITIONAL_REPRESENTATION('',(#13190),#13194);
#13190 = LINE('',#13191,#13192);
#13191 = CARTESIAN_POINT('',(4.041451884327,0.));
#13192 = VECTOR('',#13193,1.);
#13193 = DIRECTION('',(0.,-1.));
#13194 = ( GEOMETRIC_REPRESENTATION_CONTEXT(2) 
PARAMETRIC_REPRESENTATION_CONTEXT() REPRESENTATION_CONTEXT('2D SPACE',''
  ) );
#13195 = ORIENTED_EDGE('',*,*,#13196,.T.);
#13196 = EDGE_CURVE('',#13169,#13049,#13197,.T.);
#13197 = SURFACE_CURVE('',#13198,(#13202,#13209),.PCURVE_S1.);
#13198 = LINE('',#13199,#13200);
#13199 = CARTESIAN_POINT('',(61.7,201.57425434382,-148.8407099765));
#13200 = VECTOR('',#13201,1.);
#13201 = DIRECTION('',(0.,0.517221825189,0.855851379358));
#13202 = PCURVE('',#13069,#13203);
#13203 = DEFINITIONAL_REPRESENTATION('',(#13204),#13208);
#13204 = LINE('',#13205,#13206);
#13205 = CARTESIAN_POINT('',(0.,-4.7));
#13206 = VECTOR('',#13207,1.);
#13207 = DIRECTION('',(1.,0.));
#13208 = ( GEOMETRIC_REPRESENTATION_CONTEXT(2) 
PARAMETRIC_REPRESENTATION_CONTEXT() REPRESENTATION_CONTEXT('2D SPACE',''
  ) );
#13209 = PCURVE('',#13097,#13210);
#13210 = DEFINITIONAL_REPRESENTATION('',(#13211),#13215);
#13211 = LINE('',#13212,#13213);
#13212 = CARTESIAN_POINT('',(-3.5,-2.020725942164));
#13213 = VECTOR('',#13214,1.);
#13214 = DIRECTION('',(0.866025403784,-0.5));
#13215 = ( GEOMETRIC_REPRESENTATION_CONTEXT(2) 
PARAMETRIC_REPRESENTATION_CONTEXT() REPRESENTATION_CONTEXT('2D SPACE',''
  ) );
#13216 = ORIENTED_EDGE('',*,*,#13046,.F.);
#13217 = ORIENTED_EDGE('',*,*,#13218,.F.);
#13218 = EDGE_CURVE('',#13167,#13047,#13219,.T.);
#13219 = SURFACE_CURVE('',#13220,(#13224,#13231),.PCURVE_S1.);
#13220 = LINE('',#13221,#13222);
#13221 = CARTESIAN_POINT('',(57.,201.57425434382,-148.8407099765));
#13222 = VECTOR('',#13223,1.);
#13223 = DIRECTION('',(0.,0.517221825189,0.855851379358));
#13224 = PCURVE('',#13069,#13225);
#13225 = DEFINITIONAL_REPRESENTATION('',(#13226),#13230);
#13226 = LINE('',#13227,#13228);
#13227 = CARTESIAN_POINT('',(0.,0.));
#13228 = VECTOR('',#13229,1.);
#13229 = DIRECTION('',(1.,0.));
#13230 = ( GEOMETRIC_REPRESENTATION_CONTEXT(2) 
PARAMETRIC_REPRESENTATION_CONTEXT() REPRESENTATION_CONTEXT('2D SPACE',''
  ) );
#13231 = PCURVE('',#13151,#13232);
#13232 = DEFINITIONAL_REPRESENTATION('',(#13233),#13237);
#13233 = LINE('',#13234,#13235);
#13234 = CARTESIAN_POINT('',(-3.5,-2.020725942164));
#13235 = VECTOR('',#13236,1.);
#13236 = DIRECTION('',(0.866025403784,-0.5));
#13237 = ( GEOMETRIC_REPRESENTATION_CONTEXT(2) 
PARAMETRIC_REPRESENTATION_CONTEXT() REPRESENTATION_CONTEXT('2D SPACE',''
  ) );
#13238 = ADVANCED_FACE('',(#13239),#13125,.F.);
#13239 = FACE_BOUND('',#13240,.F.);
#13240 = EDGE_LOOP('',(#13241,#13242,#13265,#13293));
#13241 = ORIENTED_EDGE('',*,*,#13109,.T.);
#13242 = ORIENTED_EDGE('',*,*,#13243,.T.);
#13243 = EDGE_CURVE('',#13082,#13244,#13246,.T.);
#13244 = VERTEX_POINT('',#13245);
#13245 = CARTESIAN_POINT('',(61.7,197.67362180835,-141.7612750303));
#13246 = SURFACE_CURVE('',#13247,(#13251,#13258),.PCURVE_S1.);
#13247 = LINE('',#13248,#13249);
#13248 = CARTESIAN_POINT('',(61.7,201.71426519611,-141.8421103336));
#13249 = VECTOR('',#13250,1.);
#13250 = DIRECTION('',(0.,-0.999799948982,2.000155032663E-02));
#13251 = PCURVE('',#13125,#13252);
#13252 = DEFINITIONAL_REPRESENTATION('',(#13253),#13257);
#13253 = LINE('',#13254,#13255);
#13254 = CARTESIAN_POINT('',(0.,-4.7));
#13255 = VECTOR('',#13256,1.);
#13256 = DIRECTION('',(1.,0.));
#13257 = ( GEOMETRIC_REPRESENTATION_CONTEXT(2) 
PARAMETRIC_REPRESENTATION_CONTEXT() REPRESENTATION_CONTEXT('2D SPACE',''
  ) );
#13258 = PCURVE('',#13097,#13259);
#13259 = DEFINITIONAL_REPRESENTATION('',(#13260),#13264);
#13260 = LINE('',#13261,#13262);
#13261 = CARTESIAN_POINT('',(3.5,-2.020725942164));
#13262 = VECTOR('',#13263,1.);
#13263 = DIRECTION('',(1.110223024625E-16,1.));
#13264 = ( GEOMETRIC_REPRESENTATION_CONTEXT(2) 
PARAMETRIC_REPRESENTATION_CONTEXT() REPRESENTATION_CONTEXT('2D SPACE',''
  ) );
#13265 = ORIENTED_EDGE('',*,*,#13266,.F.);
#13266 = EDGE_CURVE('',#13267,#13244,#13269,.T.);
#13267 = VERTEX_POINT('',#13268);
#13268 = CARTESIAN_POINT('',(57.,197.67362180835,-141.7612750303));
#13269 = SURFACE_CURVE('',#13270,(#13274,#13281),.PCURVE_S1.);
#13270 = LINE('',#13271,#13272);
#13271 = CARTESIAN_POINT('',(57.,197.67362180835,-141.7612750303));
#13272 = VECTOR('',#13273,1.);
#13273 = DIRECTION('',(1.,0.,0.));
#13274 = PCURVE('',#13125,#13275);
#13275 = DEFINITIONAL_REPRESENTATION('',(#13276),#13280);
#13276 = LINE('',#13277,#13278);
#13277 = CARTESIAN_POINT('',(4.041451884327,0.));
#13278 = VECTOR('',#13279,1.);
#13279 = DIRECTION('',(0.,-1.));
#13280 = ( GEOMETRIC_REPRESENTATION_CONTEXT(2) 
PARAMETRIC_REPRESENTATION_CONTEXT() REPRESENTATION_CONTEXT('2D SPACE',''
  ) );
#13281 = PCURVE('',#13282,#13287);
#13282 = PLANE('',#13283);
#13283 = AXIS2_PLACEMENT_3D('',#13284,#13285,#13286);
#13284 = CARTESIAN_POINT('',(57.,197.67362180835,-141.7612750303));
#13285 = DIRECTION('',(0.,0.855851379358,-0.517221825189));
#13286 = DIRECTION('',(0.,-0.517221825189,-0.855851379358));
#13287 = DEFINITIONAL_REPRESENTATION('',(#13288),#13292);
#13288 = LINE('',#13289,#13290);
#13289 = CARTESIAN_POINT('',(0.,0.));
#13290 = VECTOR('',#13291,1.);
#13291 = DIRECTION('',(0.,-1.));
#13292 = ( GEOMETRIC_REPRESENTATION_CONTEXT(2) 
PARAMETRIC_REPRESENTATION_CONTEXT() REPRESENTATION_CONTEXT('2D SPACE',''
  ) );
#13293 = ORIENTED_EDGE('',*,*,#13294,.F.);
#13294 = EDGE_CURVE('',#13110,#13267,#13295,.T.);
#13295 = SURFACE_CURVE('',#13296,(#13300,#13307),.PCURVE_S1.);
#13296 = LINE('',#13297,#13298);
#13297 = CARTESIAN_POINT('',(57.,201.71426519611,-141.8421103336));
#13298 = VECTOR('',#13299,1.);
#13299 = DIRECTION('',(0.,-0.999799948982,2.000155032663E-02));
#13300 = PCURVE('',#13125,#13301);
#13301 = DEFINITIONAL_REPRESENTATION('',(#13302),#13306);
#13302 = LINE('',#13303,#13304);
#13303 = CARTESIAN_POINT('',(0.,0.));
#13304 = VECTOR('',#13305,1.);
#13305 = DIRECTION('',(1.,0.));
#13306 = ( GEOMETRIC_REPRESENTATION_CONTEXT(2) 
PARAMETRIC_REPRESENTATION_CONTEXT() REPRESENTATION_CONTEXT('2D SPACE',''
  ) );
#13307 = PCURVE('',#13151,#13308);
#13308 = DEFINITIONAL_REPRESENTATION('',(#13309),#13313);
#13309 = LINE('',#13310,#13311);
#13310 = CARTESIAN_POINT('',(3.5,-2.020725942164));
#13311 = VECTOR('',#13312,1.);
#13312 = DIRECTION('',(1.110223024625E-16,1.));
#13313 = ( GEOMETRIC_REPRESENTATION_CONTEXT(2) 
PARAMETRIC_REPRESENTATION_CONTEXT() REPRESENTATION_CONTEXT('2D SPACE',''
  ) );
#13314 = ADVANCED_FACE('',(#13315,#13392),#13151,.F.);
#13315 = FACE_BOUND('',#13316,.F.);
#13316 = EDGE_LOOP('',(#13317,#13318,#13319,#13342,#13370,#13391));
#13317 = ORIENTED_EDGE('',*,*,#13137,.T.);
#13318 = ORIENTED_EDGE('',*,*,#13294,.T.);
#13319 = ORIENTED_EDGE('',*,*,#13320,.T.);
#13320 = EDGE_CURVE('',#13267,#13321,#13323,.T.);
#13321 = VERTEX_POINT('',#13322);
#13322 = CARTESIAN_POINT('',(57.,195.58329468832,-145.2201572002));
#13323 = SURFACE_CURVE('',#13324,(#13328,#13335),.PCURVE_S1.);
#13324 = LINE('',#13325,#13326);
#13325 = CARTESIAN_POINT('',(57.,197.67362180835,-141.7612750303));
#13326 = VECTOR('',#13327,1.);
#13327 = DIRECTION('',(0.,-0.517221825189,-0.855851379358));
#13328 = PCURVE('',#13151,#13329);
#13329 = DEFINITIONAL_REPRESENTATION('',(#13330),#13334);
#13330 = LINE('',#13331,#13332);
#13331 = CARTESIAN_POINT('',(3.5,2.020725942164));
#13332 = VECTOR('',#13333,1.);
#13333 = DIRECTION('',(-0.866025403784,0.5));
#13334 = ( GEOMETRIC_REPRESENTATION_CONTEXT(2) 
PARAMETRIC_REPRESENTATION_CONTEXT() REPRESENTATION_CONTEXT('2D SPACE',''
  ) );
#13335 = PCURVE('',#13282,#13336);
#13336 = DEFINITIONAL_REPRESENTATION('',(#13337),#13341);
#13337 = LINE('',#13338,#13339);
#13338 = CARTESIAN_POINT('',(0.,0.));
#13339 = VECTOR('',#13340,1.);
#13340 = DIRECTION('',(1.,0.));
#13341 = ( GEOMETRIC_REPRESENTATION_CONTEXT(2) 
PARAMETRIC_REPRESENTATION_CONTEXT() REPRESENTATION_CONTEXT('2D SPACE',''
  ) );
#13342 = ORIENTED_EDGE('',*,*,#13343,.T.);
#13343 = EDGE_CURVE('',#13321,#13344,#13346,.T.);
#13344 = VERTEX_POINT('',#13345);
#13345 = CARTESIAN_POINT('',(57.,197.53361095606,-148.7598746732));
#13346 = SURFACE_CURVE('',#13347,(#13351,#13358),.PCURVE_S1.);
#13347 = LINE('',#13348,#13349);
#13348 = CARTESIAN_POINT('',(57.,195.58329468832,-145.2201572002));
#13349 = VECTOR('',#13350,1.);
#13350 = DIRECTION('',(0.,0.482578123793,-0.875852929684));
#13351 = PCURVE('',#13151,#13352);
#13352 = DEFINITIONAL_REPRESENTATION('',(#13353),#13357);
#13353 = LINE('',#13354,#13355);
#13354 = CARTESIAN_POINT('',(6.245004513517E-16,4.041451884327));
#13355 = VECTOR('',#13356,1.);
#13356 = DIRECTION('',(-0.866025403784,-0.5));
#13357 = ( GEOMETRIC_REPRESENTATION_CONTEXT(2) 
PARAMETRIC_REPRESENTATION_CONTEXT() REPRESENTATION_CONTEXT('2D SPACE',''
  ) );
#13358 = PCURVE('',#13359,#13364);
#13359 = PLANE('',#13360);
#13360 = AXIS2_PLACEMENT_3D('',#13361,#13362,#13363);
#13361 = CARTESIAN_POINT('',(57.,195.58329468832,-145.2201572002));
#13362 = DIRECTION('',(0.,0.875852929684,0.482578123793));
#13363 = DIRECTION('',(0.,0.482578123793,-0.875852929684));
#13364 = DEFINITIONAL_REPRESENTATION('',(#13365),#13369);
#13365 = LINE('',#13366,#13367);
#13366 = CARTESIAN_POINT('',(0.,0.));
#13367 = VECTOR('',#13368,1.);
#13368 = DIRECTION('',(1.,0.));
#13369 = ( GEOMETRIC_REPRESENTATION_CONTEXT(2) 
PARAMETRIC_REPRESENTATION_CONTEXT() REPRESENTATION_CONTEXT('2D SPACE',''
  ) );
#13370 = ORIENTED_EDGE('',*,*,#13371,.T.);
#13371 = EDGE_CURVE('',#13344,#13167,#13372,.T.);
#13372 = SURFACE_CURVE('',#13373,(#13377,#13384),.PCURVE_S1.);
#13373 = LINE('',#13374,#13375);
#13374 = CARTESIAN_POINT('',(57.,197.53361095606,-148.7598746732));
#13375 = VECTOR('',#13376,1.);
#13376 = DIRECTION('',(0.,0.999799948982,-2.000155032663E-02));
#13377 = PCURVE('',#13151,#13378);
#13378 = DEFINITIONAL_REPRESENTATION('',(#13379),#13383);
#13379 = LINE('',#13380,#13381);
#13380 = CARTESIAN_POINT('',(-3.5,2.020725942164));
#13381 = VECTOR('',#13382,1.);
#13382 = DIRECTION('',(-5.481726184087E-16,-1.));
#13383 = ( GEOMETRIC_REPRESENTATION_CONTEXT(2) 
PARAMETRIC_REPRESENTATION_CONTEXT() REPRESENTATION_CONTEXT('2D SPACE',''
  ) );
#13384 = PCURVE('',#13184,#13385);
#13385 = DEFINITIONAL_REPRESENTATION('',(#13386),#13390);
#13386 = LINE('',#13387,#13388);
#13387 = CARTESIAN_POINT('',(0.,0.));
#13388 = VECTOR('',#13389,1.);
#13389 = DIRECTION('',(1.,0.));
#13390 = ( GEOMETRIC_REPRESENTATION_CONTEXT(2) 
PARAMETRIC_REPRESENTATION_CONTEXT() REPRESENTATION_CONTEXT('2D SPACE',''
  ) );
#13391 = ORIENTED_EDGE('',*,*,#13218,.T.);
#13392 = FACE_BOUND('',#13393,.F.);
#13393 = EDGE_LOOP('',(#13394));
#13394 = ORIENTED_EDGE('',*,*,#13395,.T.);
#13395 = EDGE_CURVE('',#13396,#13396,#13398,.T.);
#13396 = VERTEX_POINT('',#13397);
#13397 = CARTESIAN_POINT('',(57.,201.62353797405,-145.3409956041));
#13398 = SURFACE_CURVE('',#13399,(#13404,#13415),.PCURVE_S1.);
#13399 = CIRCLE('',#13400,2.);
#13400 = AXIS2_PLACEMENT_3D('',#13401,#13402,#13403);
#13401 = CARTESIAN_POINT('',(57.,199.62393807608,-145.3009925034));
#13402 = DIRECTION('',(-1.,0.,-0.));
#13403 = DIRECTION('',(0.,0.999799948982,-2.000155032663E-02));
#13404 = PCURVE('',#13151,#13405);
#13405 = DEFINITIONAL_REPRESENTATION('',(#13406),#13414);
#13406 = ( BOUNDED_CURVE() B_SPLINE_CURVE(2,(#13407,#13408,#13409,#13410
    ,#13411,#13412,#13413),.UNSPECIFIED.,.T.,.F.) 
B_SPLINE_CURVE_WITH_KNOTS((1,2,2,2,2,1),(-2.094395102393,0.,
    2.094395102393,4.188790204786,6.28318530718,8.377580409573),
.UNSPECIFIED.) CURVE() GEOMETRIC_REPRESENTATION_ITEM() 
RATIONAL_B_SPLINE_CURVE((1.,0.5,1.,0.5,1.,0.5,1.)) REPRESENTATION_ITEM(
  '') );
#13407 = CARTESIAN_POINT('',(5.684782515411E-16,-2.));
#13408 = CARTESIAN_POINT('',(-3.464101615138,-2.));
#13409 = CARTESIAN_POINT('',(-1.732050807569,1.));
#13410 = CARTESIAN_POINT('',(7.861953188217E-17,4.));
#13411 = CARTESIAN_POINT('',(1.732050807569,1.));
#13412 = CARTESIAN_POINT('',(3.464101615138,-2.));
#13413 = CARTESIAN_POINT('',(5.684782515411E-16,-2.));
#13414 = ( GEOMETRIC_REPRESENTATION_CONTEXT(2) 
PARAMETRIC_REPRESENTATION_CONTEXT() REPRESENTATION_CONTEXT('2D SPACE',''
  ) );
#13415 = PCURVE('',#13416,#13421);
#13416 = CYLINDRICAL_SURFACE('',#13417,2.);
#13417 = AXIS2_PLACEMENT_3D('',#13418,#13419,#13420);
#13418 = CARTESIAN_POINT('',(56.,199.62393807608,-145.3009925034));
#13419 = DIRECTION('',(-1.,-0.,0.));
#13420 = DIRECTION('',(0.,0.999799948982,-2.000155032663E-02));
#13421 = DEFINITIONAL_REPRESENTATION('',(#13422),#13426);
#13422 = LINE('',#13423,#13424);
#13423 = CARTESIAN_POINT('',(-6.28318530718,-1.));
#13424 = VECTOR('',#13425,1.);
#13425 = DIRECTION('',(1.,-0.));
#13426 = ( GEOMETRIC_REPRESENTATION_CONTEXT(2) 
PARAMETRIC_REPRESENTATION_CONTEXT() REPRESENTATION_CONTEXT('2D SPACE',''
  ) );
#13427 = ADVANCED_FACE('',(#13428,#13500),#13097,.T.);
#13428 = FACE_BOUND('',#13429,.T.);
#13429 = EDGE_LOOP('',(#13430,#13431,#13432,#13455,#13478,#13499));
#13430 = ORIENTED_EDGE('',*,*,#13081,.T.);
#13431 = ORIENTED_EDGE('',*,*,#13243,.T.);
#13432 = ORIENTED_EDGE('',*,*,#13433,.T.);
#13433 = EDGE_CURVE('',#13244,#13434,#13436,.T.);
#13434 = VERTEX_POINT('',#13435);
#13435 = CARTESIAN_POINT('',(61.7,195.58329468832,-145.2201572002));
#13436 = SURFACE_CURVE('',#13437,(#13441,#13448),.PCURVE_S1.);
#13437 = LINE('',#13438,#13439);
#13438 = CARTESIAN_POINT('',(61.7,197.67362180835,-141.7612750303));
#13439 = VECTOR('',#13440,1.);
#13440 = DIRECTION('',(0.,-0.517221825189,-0.855851379358));
#13441 = PCURVE('',#13097,#13442);
#13442 = DEFINITIONAL_REPRESENTATION('',(#13443),#13447);
#13443 = LINE('',#13444,#13445);
#13444 = CARTESIAN_POINT('',(3.5,2.020725942164));
#13445 = VECTOR('',#13446,1.);
#13446 = DIRECTION('',(-0.866025403784,0.5));
#13447 = ( GEOMETRIC_REPRESENTATION_CONTEXT(2) 
PARAMETRIC_REPRESENTATION_CONTEXT() REPRESENTATION_CONTEXT('2D SPACE',''
  ) );
#13448 = PCURVE('',#13282,#13449);
#13449 = DEFINITIONAL_REPRESENTATION('',(#13450),#13454);
#13450 = LINE('',#13451,#13452);
#13451 = CARTESIAN_POINT('',(0.,-4.7));
#13452 = VECTOR('',#13453,1.);
#13453 = DIRECTION('',(1.,0.));
#13454 = ( GEOMETRIC_REPRESENTATION_CONTEXT(2) 
PARAMETRIC_REPRESENTATION_CONTEXT() REPRESENTATION_CONTEXT('2D SPACE',''
  ) );
#13455 = ORIENTED_EDGE('',*,*,#13456,.T.);
#13456 = EDGE_CURVE('',#13434,#13457,#13459,.T.);
#13457 = VERTEX_POINT('',#13458);
#13458 = CARTESIAN_POINT('',(61.7,197.53361095606,-148.7598746732));
#13459 = SURFACE_CURVE('',#13460,(#13464,#13471),.PCURVE_S1.);
#13460 = LINE('',#13461,#13462);
#13461 = CARTESIAN_POINT('',(61.7,195.58329468832,-145.2201572002));
#13462 = VECTOR('',#13463,1.);
#13463 = DIRECTION('',(0.,0.482578123793,-0.875852929684));
#13464 = PCURVE('',#13097,#13465);
#13465 = DEFINITIONAL_REPRESENTATION('',(#13466),#13470);
#13466 = LINE('',#13467,#13468);
#13467 = CARTESIAN_POINT('',(6.245004513517E-16,4.041451884327));
#13468 = VECTOR('',#13469,1.);
#13469 = DIRECTION('',(-0.866025403784,-0.5));
#13470 = ( GEOMETRIC_REPRESENTATION_CONTEXT(2) 
PARAMETRIC_REPRESENTATION_CONTEXT() REPRESENTATION_CONTEXT('2D SPACE',''
  ) );
#13471 = PCURVE('',#13359,#13472);
#13472 = DEFINITIONAL_REPRESENTATION('',(#13473),#13477);
#13473 = LINE('',#13474,#13475);
#13474 = CARTESIAN_POINT('',(0.,-4.7));
#13475 = VECTOR('',#13476,1.);
#13476 = DIRECTION('',(1.,0.));
#13477 = ( GEOMETRIC_REPRESENTATION_CONTEXT(2) 
PARAMETRIC_REPRESENTATION_CONTEXT() REPRESENTATION_CONTEXT('2D SPACE',''
  ) );
#13478 = ORIENTED_EDGE('',*,*,#13479,.T.);
#13479 = EDGE_CURVE('',#13457,#13169,#13480,.T.);
#13480 = SURFACE_CURVE('',#13481,(#13485,#13492),.PCURVE_S1.);
#13481 = LINE('',#13482,#13483);
#13482 = CARTESIAN_POINT('',(61.7,197.53361095606,-148.7598746732));
#13483 = VECTOR('',#13484,1.);
#13484 = DIRECTION('',(0.,0.999799948982,-2.000155032663E-02));
#13485 = PCURVE('',#13097,#13486);
#13486 = DEFINITIONAL_REPRESENTATION('',(#13487),#13491);
#13487 = LINE('',#13488,#13489);
#13488 = CARTESIAN_POINT('',(-3.5,2.020725942164));
#13489 = VECTOR('',#13490,1.);
#13490 = DIRECTION('',(-5.481726184087E-16,-1.));
#13491 = ( GEOMETRIC_REPRESENTATION_CONTEXT(2) 
PARAMETRIC_REPRESENTATION_CONTEXT() REPRESENTATION_CONTEXT('2D SPACE',''
  ) );
#13492 = PCURVE('',#13184,#13493);
#13493 = DEFINITIONAL_REPRESENTATION('',(#13494),#13498);
#13494 = LINE('',#13495,#13496);
#13495 = CARTESIAN_POINT('',(0.,-4.7));
#13496 = VECTOR('',#13497,1.);
#13497 = DIRECTION('',(1.,0.));
#13498 = ( GEOMETRIC_REPRESENTATION_CONTEXT(2) 
PARAMETRIC_REPRESENTATION_CONTEXT() REPRESENTATION_CONTEXT('2D SPACE',''
  ) );
#13499 = ORIENTED_EDGE('',*,*,#13196,.T.);
#13500 = FACE_BOUND('',#13501,.T.);
#13501 = EDGE_LOOP('',(#13502));
#13502 = ORIENTED_EDGE('',*,*,#13503,.T.);
#13503 = EDGE_CURVE('',#13504,#13504,#13506,.T.);
#13504 = VERTEX_POINT('',#13505);
#13505 = CARTESIAN_POINT('',(61.7,201.62353797405,-145.3409956041));
#13506 = SURFACE_CURVE('',#13507,(#13512,#13523),.PCURVE_S1.);
#13507 = CIRCLE('',#13508,2.);
#13508 = AXIS2_PLACEMENT_3D('',#13509,#13510,#13511);
#13509 = CARTESIAN_POINT('',(61.7,199.62393807608,-145.3009925034));
#13510 = DIRECTION('',(-1.,0.,-0.));
#13511 = DIRECTION('',(0.,0.999799948982,-2.000155032663E-02));
#13512 = PCURVE('',#13097,#13513);
#13513 = DEFINITIONAL_REPRESENTATION('',(#13514),#13522);
#13514 = ( BOUNDED_CURVE() B_SPLINE_CURVE(2,(#13515,#13516,#13517,#13518
    ,#13519,#13520,#13521),.UNSPECIFIED.,.T.,.F.) 
B_SPLINE_CURVE_WITH_KNOTS((1,2,2,2,2,1),(-2.094395102393,0.,
    2.094395102393,4.188790204786,6.28318530718,8.377580409573),
.UNSPECIFIED.) CURVE() GEOMETRIC_REPRESENTATION_ITEM() 
RATIONAL_B_SPLINE_CURVE((1.,0.5,1.,0.5,1.,0.5,1.)) REPRESENTATION_ITEM(
  '') );
#13515 = CARTESIAN_POINT('',(5.684782515411E-16,-2.));
#13516 = CARTESIAN_POINT('',(-3.464101615138,-2.));
#13517 = CARTESIAN_POINT('',(-1.732050807569,1.));
#13518 = CARTESIAN_POINT('',(7.861953188217E-17,4.));
#13519 = CARTESIAN_POINT('',(1.732050807569,1.));
#13520 = CARTESIAN_POINT('',(3.464101615138,-2.));
#13521 = CARTESIAN_POINT('',(5.684782515411E-16,-2.));
#13522 = ( GEOMETRIC_REPRESENTATION_CONTEXT(2) 
PARAMETRIC_REPRESENTATION_CONTEXT() REPRESENTATION_CONTEXT('2D SPACE',''
  ) );
#13523 = PCURVE('',#13416,#13524);
#13524 = DEFINITIONAL_REPRESENTATION('',(#13525),#13529);
#13525 = LINE('',#13526,#13527);
#13526 = CARTESIAN_POINT('',(-6.28318530718,-5.7));
#13527 = VECTOR('',#13528,1.);
#13528 = DIRECTION('',(1.,-0.));
#13529 = ( GEOMETRIC_REPRESENTATION_CONTEXT(2) 
PARAMETRIC_REPRESENTATION_CONTEXT() REPRESENTATION_CONTEXT('2D SPACE',''
  ) );
#13530 = ADVANCED_FACE('',(#13531),#13184,.F.);
#13531 = FACE_BOUND('',#13532,.F.);
#13532 = EDGE_LOOP('',(#13533,#13554,#13555,#13556));
#13533 = ORIENTED_EDGE('',*,*,#13534,.T.);
#13534 = EDGE_CURVE('',#13344,#13457,#13535,.T.);
#13535 = SURFACE_CURVE('',#13536,(#13540,#13547),.PCURVE_S1.);
#13536 = LINE('',#13537,#13538);
#13537 = CARTESIAN_POINT('',(57.,197.53361095606,-148.7598746732));
#13538 = VECTOR('',#13539,1.);
#13539 = DIRECTION('',(1.,0.,0.));
#13540 = PCURVE('',#13184,#13541);
#13541 = DEFINITIONAL_REPRESENTATION('',(#13542),#13546);
#13542 = LINE('',#13543,#13544);
#13543 = CARTESIAN_POINT('',(0.,0.));
#13544 = VECTOR('',#13545,1.);
#13545 = DIRECTION('',(0.,-1.));
#13546 = ( GEOMETRIC_REPRESENTATION_CONTEXT(2) 
PARAMETRIC_REPRESENTATION_CONTEXT() REPRESENTATION_CONTEXT('2D SPACE',''
  ) );
#13547 = PCURVE('',#13359,#13548);
#13548 = DEFINITIONAL_REPRESENTATION('',(#13549),#13553);
#13549 = LINE('',#13550,#13551);
#13550 = CARTESIAN_POINT('',(4.041451884327,0.));
#13551 = VECTOR('',#13552,1.);
#13552 = DIRECTION('',(0.,-1.));
#13553 = ( GEOMETRIC_REPRESENTATION_CONTEXT(2) 
PARAMETRIC_REPRESENTATION_CONTEXT() REPRESENTATION_CONTEXT('2D SPACE',''
  ) );
#13554 = ORIENTED_EDGE('',*,*,#13479,.T.);
#13555 = ORIENTED_EDGE('',*,*,#13166,.F.);
#13556 = ORIENTED_EDGE('',*,*,#13371,.F.);
#13557 = ADVANCED_FACE('',(#13558),#13282,.F.);
#13558 = FACE_BOUND('',#13559,.F.);
#13559 = EDGE_LOOP('',(#13560,#13561,#13562,#13583));
#13560 = ORIENTED_EDGE('',*,*,#13266,.T.);
#13561 = ORIENTED_EDGE('',*,*,#13433,.T.);
#13562 = ORIENTED_EDGE('',*,*,#13563,.F.);
#13563 = EDGE_CURVE('',#13321,#13434,#13564,.T.);
#13564 = SURFACE_CURVE('',#13565,(#13569,#13576),.PCURVE_S1.);
#13565 = LINE('',#13566,#13567);
#13566 = CARTESIAN_POINT('',(57.,195.58329468832,-145.2201572002));
#13567 = VECTOR('',#13568,1.);
#13568 = DIRECTION('',(1.,0.,0.));
#13569 = PCURVE('',#13282,#13570);
#13570 = DEFINITIONAL_REPRESENTATION('',(#13571),#13575);
#13571 = LINE('',#13572,#13573);
#13572 = CARTESIAN_POINT('',(4.041451884327,0.));
#13573 = VECTOR('',#13574,1.);
#13574 = DIRECTION('',(0.,-1.));
#13575 = ( GEOMETRIC_REPRESENTATION_CONTEXT(2) 
PARAMETRIC_REPRESENTATION_CONTEXT() REPRESENTATION_CONTEXT('2D SPACE',''
  ) );
#13576 = PCURVE('',#13359,#13577);
#13577 = DEFINITIONAL_REPRESENTATION('',(#13578),#13582);
#13578 = LINE('',#13579,#13580);
#13579 = CARTESIAN_POINT('',(0.,0.));
#13580 = VECTOR('',#13581,1.);
#13581 = DIRECTION('',(0.,-1.));
#13582 = ( GEOMETRIC_REPRESENTATION_CONTEXT(2) 
PARAMETRIC_REPRESENTATION_CONTEXT() REPRESENTATION_CONTEXT('2D SPACE',''
  ) );
#13583 = ORIENTED_EDGE('',*,*,#13320,.F.);
#13584 = ADVANCED_FACE('',(#13585),#13359,.F.);
#13585 = FACE_BOUND('',#13586,.F.);
#13586 = EDGE_LOOP('',(#13587,#13588,#13589,#13590));
#13587 = ORIENTED_EDGE('',*,*,#13563,.T.);
#13588 = ORIENTED_EDGE('',*,*,#13456,.T.);
#13589 = ORIENTED_EDGE('',*,*,#13534,.F.);
#13590 = ORIENTED_EDGE('',*,*,#13343,.F.);
#13591 = ADVANCED_FACE('',(#13592),#13416,.F.);
#13592 = FACE_BOUND('',#13593,.T.);
#13593 = EDGE_LOOP('',(#13594,#13595,#13616,#13617));
#13594 = ORIENTED_EDGE('',*,*,#13395,.T.);
#13595 = ORIENTED_EDGE('',*,*,#13596,.T.);
#13596 = EDGE_CURVE('',#13396,#13504,#13597,.T.);
#13597 = SEAM_CURVE('',#13598,(#13602,#13609),.PCURVE_S1.);
#13598 = LINE('',#13599,#13600);
#13599 = CARTESIAN_POINT('',(56.,201.62353797405,-145.3409956041));
#13600 = VECTOR('',#13601,1.);
#13601 = DIRECTION('',(1.,0.,0.));
#13602 = PCURVE('',#13416,#13603);
#13603 = DEFINITIONAL_REPRESENTATION('',(#13604),#13608);
#13604 = LINE('',#13605,#13606);
#13605 = CARTESIAN_POINT('',(-6.28318530718,0.));
#13606 = VECTOR('',#13607,1.);
#13607 = DIRECTION('',(-0.,-1.));
#13608 = ( GEOMETRIC_REPRESENTATION_CONTEXT(2) 
PARAMETRIC_REPRESENTATION_CONTEXT() REPRESENTATION_CONTEXT('2D SPACE',''
  ) );
#13609 = PCURVE('',#13416,#13610);
#13610 = DEFINITIONAL_REPRESENTATION('',(#13611),#13615);
#13611 = LINE('',#13612,#13613);
#13612 = CARTESIAN_POINT('',(-0.,0.));
#13613 = VECTOR('',#13614,1.);
#13614 = DIRECTION('',(-0.,-1.));
#13615 = ( GEOMETRIC_REPRESENTATION_CONTEXT(2) 
PARAMETRIC_REPRESENTATION_CONTEXT() REPRESENTATION_CONTEXT('2D SPACE',''
  ) );
#13616 = ORIENTED_EDGE('',*,*,#13503,.F.);
#13617 = ORIENTED_EDGE('',*,*,#13596,.F.);
#13618 = ( GEOMETRIC_REPRESENTATION_CONTEXT(3) 
GLOBAL_UNCERTAINTY_ASSIGNED_CONTEXT((#13622)) 
GLOBAL_UNIT_ASSIGNED_CONTEXT((#13619,#13620,#13621)) 
REPRESENTATION_CONTEXT('Context #1',
  '3D Context with UNIT and UNCERTAINTY') );
#13619 = ( LENGTH_UNIT() NAMED_UNIT(*) SI_UNIT(.MILLI.,.METRE.) );
#13620 = ( NAMED_UNIT(*) PLANE_ANGLE_UNIT() SI_UNIT($,.RADIAN.) );
#13621 = ( NAMED_UNIT(*) SI_UNIT($,.STERADIAN.) SOLID_ANGLE_UNIT() );
#13622 = UNCERTAINTY_MEASURE_WITH_UNIT(LENGTH_MEASURE(1.E-07),#13619,
  'distance_accuracy_value','confusion accuracy');
#13623 = CONTEXT_DEPENDENT_SHAPE_REPRESENTATION(#13624,#13626);
#13624 = ( REPRESENTATION_RELATIONSHIP('','',#13039,#13016) 
REPRESENTATION_RELATIONSHIP_WITH_TRANSFORMATION(#13625) 
SHAPE_REPRESENTATION_RELATIONSHIP() );
#13625 = ITEM_DEFINED_TRANSFORMATION('','',#11,#13017);
#13626 = PRODUCT_DEFINITION_SHAPE('Placement','Placement of an item',
  #13627);
#13627 = NEXT_ASSEMBLY_USAGE_OCCURRENCE('19','','',#13011,#13034,$);
#13628 = PRODUCT_RELATED_PRODUCT_CATEGORY('part',$,(#13036));
#13629 = MECHANICAL_DESIGN_GEOMETRIC_PRESENTATION_REPRESENTATION('',(
    #13630),#11670);
#13630 = STYLED_ITEM('color',(#13631),#11004);
#13631 = PRESENTATION_STYLE_ASSIGNMENT((#13632));
#13632 = SURFACE_STYLE_USAGE(.BOTH.,#13633);
#13633 = SURFACE_SIDE_STYLE('',(#13634));
#13634 = SURFACE_STYLE_FILL_AREA(#13635);
#13635 = FILL_AREA_STYLE('',(#13636));
#13636 = FILL_AREA_STYLE_COLOUR('',#13637);
#13637 = COLOUR_RGB('',0.423582879168,0.423582879168,0.449203874658);
#13638 = MECHANICAL_DESIGN_GEOMETRIC_PRESENTATION_REPRESENTATION('',(
    #13639),#12290);
#13639 = STYLED_ITEM('color',(#13640),#11712);
#13640 = PRESENTATION_STYLE_ASSIGNMENT((#13641));
#13641 = SURFACE_STYLE_USAGE(.BOTH.,#13642);
#13642 = SURFACE_SIDE_STYLE('',(#13643));
#13643 = SURFACE_STYLE_FILL_AREA(#13644);
#13644 = FILL_AREA_STYLE('',(#13645));
#13645 = FILL_AREA_STYLE_COLOUR('',#13646);
#13646 = COLOUR_RGB('',0.906331759313,0.906331759313,0.916273552573);
#13647 = MECHANICAL_DESIGN_GEOMETRIC_PRESENTATION_REPRESENTATION('',(
    #13648),#13618);
#13648 = STYLED_ITEM('color',(#13649),#13040);
#13649 = PRESENTATION_STYLE_ASSIGNMENT((#13650));
#13650 = SURFACE_STYLE_USAGE(.BOTH.,#13651);
#13651 = SURFACE_SIDE_STYLE('',(#13652));
#13652 = SURFACE_STYLE_FILL_AREA(#13653);
#13653 = FILL_AREA_STYLE('',(#13654));
#13654 = FILL_AREA_STYLE_COLOUR('',#13646);
#13655 = MECHANICAL_DESIGN_GEOMETRIC_PRESENTATION_REPRESENTATION('',(
    #13656),#9646);
#13656 = STYLED_ITEM('color',(#13657),#7208);
#13657 = PRESENTATION_STYLE_ASSIGNMENT((#13658));
#13658 = SURFACE_STYLE_USAGE(.BOTH.,#13659);
#13659 = SURFACE_SIDE_STYLE('',(#13660));
#13660 = SURFACE_STYLE_FILL_AREA(#13661);
#13661 = FILL_AREA_STYLE('',(#13662));
#13662 = FILL_AREA_STYLE_COLOUR('',#13663);
#13663 = COLOUR_RGB('',0.527112787404,0.715240883319,0.896243869286);
#13664 = MECHANICAL_DESIGN_GEOMETRIC_PRESENTATION_REPRESENTATION('',(
    #13665),#7166);
#13665 = STYLED_ITEM('color',(#13666),#4728);
#13666 = PRESENTATION_STYLE_ASSIGNMENT((#13667));
#13667 = SURFACE_STYLE_USAGE(.BOTH.,#13668);
#13668 = SURFACE_SIDE_STYLE('',(#13669));
#13669 = SURFACE_STYLE_FILL_AREA(#13670);
#13670 = FILL_AREA_STYLE('',(#13671));
#13671 = FILL_AREA_STYLE_COLOUR('',#13672);
#13672 = COLOUR_RGB('',0.583831500637,0.854305825093,0.701410709185);
#13673 = MECHANICAL_DESIGN_GEOMETRIC_PRESENTATION_REPRESENTATION('',(
    #13674),#4686);
#13674 = STYLED_ITEM('color',(#13675),#2248);
#13675 = PRESENTATION_STYLE_ASSIGNMENT((#13676));
#13676 = SURFACE_STYLE_USAGE(.BOTH.,#13677);
#13677 = SURFACE_SIDE_STYLE('',(#13678));
#13678 = SURFACE_STYLE_FILL_AREA(#13679);
#13679 = FILL_AREA_STYLE('',(#13680));
#13680 = FILL_AREA_STYLE_COLOUR('',#13663);
#13681 = MECHANICAL_DESIGN_GEOMETRIC_PRESENTATION_REPRESENTATION('',(
    #13682),#12998);
#13682 = STYLED_ITEM('color',(#13683),#12332);
#13683 = PRESENTATION_STYLE_ASSIGNMENT((#13684));
#13684 = SURFACE_STYLE_USAGE(.BOTH.,#13685);
#13685 = SURFACE_SIDE_STYLE('',(#13686));
#13686 = SURFACE_STYLE_FILL_AREA(#13687);
#13687 = FILL_AREA_STYLE('',(#13688));
#13688 = FILL_AREA_STYLE_COLOUR('',#13637);
#13689 = MECHANICAL_DESIGN_GEOMETRIC_PRESENTATION_REPRESENTATION('',(
    #13690),#10962);
#13690 = STYLED_ITEM('color',(#13691),#10384);
#13691 = PRESENTATION_STYLE_ASSIGNMENT((#13692));
#13692 = SURFACE_STYLE_USAGE(.BOTH.,#13693);
#13693 = SURFACE_SIDE_STYLE('',(#13694));
#13694 = SURFACE_STYLE_FILL_AREA(#13695);
#13695 = FILL_AREA_STYLE('',(#13696));
#13696 = FILL_AREA_STYLE_COLOUR('',#13646);
#13697 = MECHANICAL_DESIGN_GEOMETRIC_PRESENTATION_REPRESENTATION('',(
    #13698),#2206);
#13698 = STYLED_ITEM('color',(#13699),#92);
#13699 = PRESENTATION_STYLE_ASSIGNMENT((#13700));
#13700 = SURFACE_STYLE_USAGE(.BOTH.,#13701);
#13701 = SURFACE_SIDE_STYLE('',(#13702));
#13702 = SURFACE_STYLE_FILL_AREA(#13703);
#13703 = FILL_AREA_STYLE('',(#13704));
#13704 = FILL_AREA_STYLE_COLOUR('',#13705);
#13705 = COLOUR_RGB('',0.954687160741,0.715240883319,0.381091854454);
#13706 = MECHANICAL_DESIGN_GEOMETRIC_PRESENTATION_REPRESENTATION('',(
    #13707),#10342);
#13707 = STYLED_ITEM('color',(#13708),#9688);
#13708 = PRESENTATION_STYLE_ASSIGNMENT((#13709));
#13709 = SURFACE_STYLE_USAGE(.BOTH.,#13710);
#13710 = SURFACE_SIDE_STYLE('',(#13711));
#13711 = SURFACE_STYLE_FILL_AREA(#13712);
#13712 = FILL_AREA_STYLE('',(#13713));
#13713 = FILL_AREA_STYLE_COLOUR('',#13637);
ENDSEC;
END-ISO-10303-21;
