ISO-10303-21;
HEADER;
FILE_DESCRIPTION(('Open CASCADE Model'),'2;1');
FILE_NAME('Open CASCADE Shape Model','2026-10-05T14:06:07',('Author'),(
    'Open CASCADE'),'Open CASCADE STEP processor 7.7','Open CASCADE 7.7'
  ,'Unknown');
FILE_SCHEMA(('AUTOMOTIVE_DESIGN { 1 0 10303 214 1 1 1 1 }'));
ENDSEC;
DATA;
#1 = APPLICATION_PROTOCOL_DEFINITION('international standard',
  'automotive_design',2000,#2);
#2 = APPLICATION_CONTEXT(
  'core data for automotive mechanical design processes');
#3 = SHAPE_DEFINITION_REPRESENTATION(#4,#10);
#4 = PRODUCT_DEFINITION_SHAPE('','',#5);
#5 = PRODUCT_DEFINITION('design','',#6,#9);
#6 = PRODUCT_DEFINITION_FORMATION('','',#7);
#7 = PRODUCT('7027563e-c0e7-11f1-8958-98597a8d5927',
  '7027563e-c0e7-11f1-8958-98597a8d5927','',(#8));
#8 = PRODUCT_CONTEXT('',#2,'mechanical');
#9 = PRODUCT_DEFINITION_CONTEXT('part definition',#2,'design');
#10 = SHAPE_REPRESENTATION('',(#11,#15,#19,#23,#27,#31,#35,#39,#43),#47
  );
#11 = AXIS2_PLACEMENT_3D('',#12,#13,#14);
#12 = CARTESIAN_POINT('',(0.,0.,0.));
#13 = DIRECTION('',(0.,0.,1.));
#14 = DIRECTION('',(1.,0.,-0.));
#15 = AXIS2_PLACEMENT_3D('',#16,#17,#18);
#16 = CARTESIAN_POINT('',(0.,0.,0.));
#17 = DIRECTION('',(0.,0.,1.));
#18 = DIRECTION('',(1.,0.,-0.));
#19 = AXIS2_PLACEMENT_3D('',#20,#21,#22);
#20 = CARTESIAN_POINT('',(0.,0.,0.));
#21 = DIRECTION('',(0.,0.,1.));
#22 = DIRECTION('',(1.,0.,-0.));
#23 = AXIS2_PLACEMENT_3D('',#24,#25,#26);
#24 = CARTESIAN_POINT('',(0.,0.,0.));
#25 = DIRECTION('',(0.,0.,1.));
#26 = DIRECTION('',(1.,0.,-0.));
#27 = AXIS2_PLACEMENT_3D('',#28,#29,#30);
#28 = CARTESIAN_POINT('',(0.,0.,0.));
#29 = DIRECTION('',(0.,0.,1.));
#30 = DIRECTION('',(1.,0.,-0.));
#31 = AXIS2_PLACEMENT_3D('',#32,#33,#34);
#32 = CARTESIAN_POINT('',(0.,0.,0.));
#33 = DIRECTION('',(0.,0.,1.));
#34 = DIRECTION('',(1.,0.,-0.));
#35 = AXIS2_PLACEMENT_3D('',#36,#37,#38);
#36 = CARTESIAN_POINT('',(0.,0.,0.));
#37 = DIRECTION('',(0.,0.,1.));
#38 = DIRECTION('',(1.,0.,-0.));
#39 = AXIS2_PLACEMENT_3D('',#40,#41,#42);
#40 = CARTESIAN_POINT('',(0.,0.,0.));
#41 = DIRECTION('',(0.,0.,1.));
#42 = DIRECTION('',(1.,0.,-0.));
#43 = AXIS2_PLACEMENT_3D('',#44,#45,#46);
#44 = CARTESIAN_POINT('',(0.,0.,0.));
#45 = DIRECTION('',(0.,0.,1.));
#46 = DIRECTION('',(1.,0.,-0.));
#47 = ( GEOMETRIC_REPRESENTATION_CONTEXT(3) 
GLOBAL_UNCERTAINTY_ASSIGNED_CONTEXT((#51)) GLOBAL_UNIT_ASSIGNED_CONTEXT(
(#48,#49,#50)) REPRESENTATION_CONTEXT('Context #1',
  '3D Context with UNIT and UNCERTAINTY') );
#48 = ( LENGTH_UNIT() NAMED_UNIT(*) SI_UNIT(.MILLI.,.METRE.) );
#49 = ( NAMED_UNIT(*) PLANE_ANGLE_UNIT() SI_UNIT($,.RADIAN.) );
#50 = ( NAMED_UNIT(*) SI_UNIT($,.STERADIAN.) SOLID_ANGLE_UNIT() );
#51 = UNCERTAINTY_MEASURE_WITH_UNIT(LENGTH_MEASURE(1.E-07),#48,
  'distance_accuracy_value','confusion accuracy');
#52 = PRODUCT_RELATED_PRODUCT_CATEGORY('part',$,(#7));
#53 = SHAPE_DEFINITION_REPRESENTATION(#54,#60);
#54 = PRODUCT_DEFINITION_SHAPE('','',#55);
#55 = PRODUCT_DEFINITION('design','',#56,#59);
#56 = PRODUCT_DEFINITION_FORMATION('','',#57);
#57 = PRODUCT('carriage_plate','carriage_plate','',(#58));
#58 = PRODUCT_CONTEXT('',#2,'mechanical');
#59 = PRODUCT_DEFINITION_CONTEXT('part definition',#2,'design');
#60 = SHAPE_REPRESENTATION('',(#11,#61),#65);
#61 = AXIS2_PLACEMENT_3D('',#62,#63,#64);
#62 = CARTESIAN_POINT('',(0.,0.,0.));
#63 = DIRECTION('',(0.,0.,1.));
#64 = DIRECTION('',(1.,0.,-0.));
#65 = ( GEOMETRIC_REPRESENTATION_CONTEXT(3) 
GLOBAL_UNCERTAINTY_ASSIGNED_CONTEXT((#69)) GLOBAL_UNIT_ASSIGNED_CONTEXT(
(#66,#67,#68)) REPRESENTATION_CONTEXT('Context #1',
  '3D Context with UNIT and UNCERTAINTY') );
#66 = ( LENGTH_UNIT() NAMED_UNIT(*) SI_UNIT(.MILLI.,.METRE.) );
#67 = ( NAMED_UNIT(*) PLANE_ANGLE_UNIT() SI_UNIT($,.RADIAN.) );
#68 = ( NAMED_UNIT(*) SI_UNIT($,.STERADIAN.) SOLID_ANGLE_UNIT() );
#69 = UNCERTAINTY_MEASURE_WITH_UNIT(LENGTH_MEASURE(1.E-07),#66,
  'distance_accuracy_value','confusion accuracy');
#70 = CONTEXT_DEPENDENT_SHAPE_REPRESENTATION(#71,#73);
#71 = ( REPRESENTATION_RELATIONSHIP('','',#60,#10) 
REPRESENTATION_RELATIONSHIP_WITH_TRANSFORMATION(#72) 
SHAPE_REPRESENTATION_RELATIONSHIP() );
#72 = ITEM_DEFINED_TRANSFORMATION('','',#11,#15);
#73 = PRODUCT_DEFINITION_SHAPE('Placement','Placement of an item',#74);
#74 = NEXT_ASSEMBLY_USAGE_OCCURRENCE('2','','',#5,#55,$);
#75 = PRODUCT_RELATED_PRODUCT_CATEGORY('part',$,(#57));
#76 = SHAPE_DEFINITION_REPRESENTATION(#77,#83);
#77 = PRODUCT_DEFINITION_SHAPE('','',#78);
#78 = PRODUCT_DEFINITION('design','',#79,#82);
#79 = PRODUCT_DEFINITION_FORMATION('','',#80);
#80 = PRODUCT('carriage_plate_part','carriage_plate_part','',(#81));
#81 = PRODUCT_CONTEXT('',#2,'mechanical');
#82 = PRODUCT_DEFINITION_CONTEXT('part definition',#2,'design');
#83 = ADVANCED_BREP_SHAPE_REPRESENTATION('',(#11,#84),#2198);
#84 = MANIFOLD_SOLID_BREP('',#85);
#85 = CLOSED_SHELL('',(#86,#241,#317,#618,#899,#926,#985,#1047,#1074,
    #1136,#1163,#1328,#1383,#1438,#1493,#1548,#1598,#1648,#1698,#1748,
    #1892,#1951,#2001,#2048,#2075,#2102,#2129,#2156,#2163,#2170,#2177,
    #2184,#2191));
#86 = ADVANCED_FACE('',(#87,#206),#101,.F.);
#87 = FACE_BOUND('',#88,.F.);
#88 = EDGE_LOOP('',(#89,#124,#152,#180));
#89 = ORIENTED_EDGE('',*,*,#90,.F.);
#90 = EDGE_CURVE('',#91,#93,#95,.T.);
#91 = VERTEX_POINT('',#92);
#92 = CARTESIAN_POINT('',(50.,24.,0.));
#93 = VERTEX_POINT('',#94);
#94 = CARTESIAN_POINT('',(50.,24.,10.));
#95 = SURFACE_CURVE('',#96,(#100,#112),.PCURVE_S1.);
#96 = LINE('',#97,#98);
#97 = CARTESIAN_POINT('',(50.,24.,0.));
#98 = VECTOR('',#99,1.);
#99 = DIRECTION('',(0.,0.,1.));
#100 = PCURVE('',#101,#106);
#101 = PLANE('',#102);
#102 = AXIS2_PLACEMENT_3D('',#103,#104,#105);
#103 = CARTESIAN_POINT('',(50.,24.,0.));
#104 = DIRECTION('',(1.,0.,0.));
#105 = DIRECTION('',(0.,0.,1.));
#106 = DEFINITIONAL_REPRESENTATION('',(#107),#111);
#107 = LINE('',#108,#109);
#108 = CARTESIAN_POINT('',(0.,0.));
#109 = VECTOR('',#110,1.);
#110 = DIRECTION('',(1.,0.));
#111 = ( GEOMETRIC_REPRESENTATION_CONTEXT(2) 
PARAMETRIC_REPRESENTATION_CONTEXT() REPRESENTATION_CONTEXT('2D SPACE',''
  ) );
#112 = PCURVE('',#113,#118);
#113 = PLANE('',#114);
#114 = AXIS2_PLACEMENT_3D('',#115,#116,#117);
#115 = CARTESIAN_POINT('',(0.,24.,0.));
#116 = DIRECTION('',(0.,1.,0.));
#117 = DIRECTION('',(0.,0.,1.));
#118 = DEFINITIONAL_REPRESENTATION('',(#119),#123);
#119 = LINE('',#120,#121);
#120 = CARTESIAN_POINT('',(0.,50.));
#121 = VECTOR('',#122,1.);
#122 = DIRECTION('',(1.,0.));
#123 = ( GEOMETRIC_REPRESENTATION_CONTEXT(2) 
PARAMETRIC_REPRESENTATION_CONTEXT() REPRESENTATION_CONTEXT('2D SPACE',''
  ) );
#124 = ORIENTED_EDGE('',*,*,#125,.T.);
#125 = EDGE_CURVE('',#91,#126,#128,.T.);
#126 = VERTEX_POINT('',#127);
#127 = CARTESIAN_POINT('',(50.,37.071067811865,0.));
#128 = SURFACE_CURVE('',#129,(#133,#140),.PCURVE_S1.);
#129 = LINE('',#130,#131);
#130 = CARTESIAN_POINT('',(50.,24.,0.));
#131 = VECTOR('',#132,1.);
#132 = DIRECTION('',(0.,1.,0.));
#133 = PCURVE('',#101,#134);
#134 = DEFINITIONAL_REPRESENTATION('',(#135),#139);
#135 = LINE('',#136,#137);
#136 = CARTESIAN_POINT('',(0.,0.));
#137 = VECTOR('',#138,1.);
#138 = DIRECTION('',(0.,-1.));
#139 = ( GEOMETRIC_REPRESENTATION_CONTEXT(2) 
PARAMETRIC_REPRESENTATION_CONTEXT() REPRESENTATION_CONTEXT('2D SPACE',''
  ) );
#140 = PCURVE('',#141,#146);
#141 = PLANE('',#142);
#142 = AXIS2_PLACEMENT_3D('',#143,#144,#145);
#143 = CARTESIAN_POINT('',(50.,24.,0.));
#144 = DIRECTION('',(0.,0.,1.));
#145 = DIRECTION('',(1.,0.,0.));
#146 = DEFINITIONAL_REPRESENTATION('',(#147),#151);
#147 = LINE('',#148,#149);
#148 = CARTESIAN_POINT('',(0.,0.));
#149 = VECTOR('',#150,1.);
#150 = DIRECTION('',(0.,1.));
#151 = ( GEOMETRIC_REPRESENTATION_CONTEXT(2) 
PARAMETRIC_REPRESENTATION_CONTEXT() REPRESENTATION_CONTEXT('2D SPACE',''
  ) );
#152 = ORIENTED_EDGE('',*,*,#153,.T.);
#153 = EDGE_CURVE('',#126,#154,#156,.T.);
#154 = VERTEX_POINT('',#155);
#155 = CARTESIAN_POINT('',(50.,37.071067811865,10.));
#156 = SURFACE_CURVE('',#157,(#161,#168),.PCURVE_S1.);
#157 = LINE('',#158,#159);
#158 = CARTESIAN_POINT('',(50.,37.071067811865,0.));
#159 = VECTOR('',#160,1.);
#160 = DIRECTION('',(0.,0.,1.));
#161 = PCURVE('',#101,#162);
#162 = DEFINITIONAL_REPRESENTATION('',(#163),#167);
#163 = LINE('',#164,#165);
#164 = CARTESIAN_POINT('',(0.,-13.07106781186));
#165 = VECTOR('',#166,1.);
#166 = DIRECTION('',(1.,0.));
#167 = ( GEOMETRIC_REPRESENTATION_CONTEXT(2) 
PARAMETRIC_REPRESENTATION_CONTEXT() REPRESENTATION_CONTEXT('2D SPACE',''
  ) );
#168 = PCURVE('',#169,#174);
#169 = PLANE('',#170);
#170 = AXIS2_PLACEMENT_3D('',#171,#172,#173);
#171 = CARTESIAN_POINT('',(50.,37.071067811865,0.));
#172 = DIRECTION('',(0.,1.,0.));
#173 = DIRECTION('',(0.,0.,1.));
#174 = DEFINITIONAL_REPRESENTATION('',(#175),#179);
#175 = LINE('',#176,#177);
#176 = CARTESIAN_POINT('',(0.,0.));
#177 = VECTOR('',#178,1.);
#178 = DIRECTION('',(1.,0.));
#179 = ( GEOMETRIC_REPRESENTATION_CONTEXT(2) 
PARAMETRIC_REPRESENTATION_CONTEXT() REPRESENTATION_CONTEXT('2D SPACE',''
  ) );
#180 = ORIENTED_EDGE('',*,*,#181,.F.);
#181 = EDGE_CURVE('',#93,#154,#182,.T.);
#182 = SURFACE_CURVE('',#183,(#187,#194),.PCURVE_S1.);
#183 = LINE('',#184,#185);
#184 = CARTESIAN_POINT('',(50.,24.,10.));
#185 = VECTOR('',#186,1.);
#186 = DIRECTION('',(0.,1.,0.));
#187 = PCURVE('',#101,#188);
#188 = DEFINITIONAL_REPRESENTATION('',(#189),#193);
#189 = LINE('',#190,#191);
#190 = CARTESIAN_POINT('',(10.,0.));
#191 = VECTOR('',#192,1.);
#192 = DIRECTION('',(0.,-1.));
#193 = ( GEOMETRIC_REPRESENTATION_CONTEXT(2) 
PARAMETRIC_REPRESENTATION_CONTEXT() REPRESENTATION_CONTEXT('2D SPACE',''
  ) );
#194 = PCURVE('',#195,#200);
#195 = PLANE('',#196);
#196 = AXIS2_PLACEMENT_3D('',#197,#198,#199);
#197 = CARTESIAN_POINT('',(50.,24.,10.));
#198 = DIRECTION('',(0.,0.,1.));
#199 = DIRECTION('',(1.,0.,0.));
#200 = DEFINITIONAL_REPRESENTATION('',(#201),#205);
#201 = LINE('',#202,#203);
#202 = CARTESIAN_POINT('',(0.,0.));
#203 = VECTOR('',#204,1.);
#204 = DIRECTION('',(0.,1.));
#205 = ( GEOMETRIC_REPRESENTATION_CONTEXT(2) 
PARAMETRIC_REPRESENTATION_CONTEXT() REPRESENTATION_CONTEXT('2D SPACE',''
  ) );
#206 = FACE_BOUND('',#207,.F.);
#207 = EDGE_LOOP('',(#208));
#208 = ORIENTED_EDGE('',*,*,#209,.T.);
#209 = EDGE_CURVE('',#210,#210,#212,.T.);
#210 = VERTEX_POINT('',#211);
#211 = CARTESIAN_POINT('',(50.,34.071067811865,5.));
#212 = SURFACE_CURVE('',#213,(#218,#229),.PCURVE_S1.);
#213 = CIRCLE('',#214,2.);
#214 = AXIS2_PLACEMENT_3D('',#215,#216,#217);
#215 = CARTESIAN_POINT('',(50.,32.071067811865,5.));
#216 = DIRECTION('',(-1.,0.,0.));
#217 = DIRECTION('',(0.,1.,0.));
#218 = PCURVE('',#101,#219);
#219 = DEFINITIONAL_REPRESENTATION('',(#220),#228);
#220 = ( BOUNDED_CURVE() B_SPLINE_CURVE(2,(#221,#222,#223,#224,#225,#226
,#227),.UNSPECIFIED.,.T.,.F.) B_SPLINE_CURVE_WITH_KNOTS((1,2,2,2,2,1),(
    -2.094395102393,0.,2.094395102393,4.188790204786,6.28318530718,
8.377580409573),.UNSPECIFIED.) CURVE() GEOMETRIC_REPRESENTATION_ITEM() 
RATIONAL_B_SPLINE_CURVE((1.,0.5,1.,0.5,1.,0.5,1.)) REPRESENTATION_ITEM(
  '') );
#221 = CARTESIAN_POINT('',(5.,-10.07106781186));
#222 = CARTESIAN_POINT('',(1.535898384862,-10.07106781186));
#223 = CARTESIAN_POINT('',(3.267949192431,-7.071067811865));
#224 = CARTESIAN_POINT('',(5.,-4.071067811865));
#225 = CARTESIAN_POINT('',(6.732050807569,-7.071067811865));
#226 = CARTESIAN_POINT('',(8.464101615138,-10.07106781186));
#227 = CARTESIAN_POINT('',(5.,-10.07106781186));
#228 = ( GEOMETRIC_REPRESENTATION_CONTEXT(2) 
PARAMETRIC_REPRESENTATION_CONTEXT() REPRESENTATION_CONTEXT('2D SPACE',''
  ) );
#229 = PCURVE('',#230,#235);
#230 = CYLINDRICAL_SURFACE('',#231,2.);
#231 = AXIS2_PLACEMENT_3D('',#232,#233,#234);
#232 = CARTESIAN_POINT('',(-1.,32.071067811865,5.));
#233 = DIRECTION('',(-1.,-0.,-0.));
#234 = DIRECTION('',(0.,1.,0.));
#235 = DEFINITIONAL_REPRESENTATION('',(#236),#240);
#236 = LINE('',#237,#238);
#237 = CARTESIAN_POINT('',(-6.28318530718,-51.));
#238 = VECTOR('',#239,1.);
#239 = DIRECTION('',(1.,-0.));
#240 = ( GEOMETRIC_REPRESENTATION_CONTEXT(2) 
PARAMETRIC_REPRESENTATION_CONTEXT() REPRESENTATION_CONTEXT('2D SPACE',''
  ) );
#241 = ADVANCED_FACE('',(#242),#113,.T.);
#242 = FACE_BOUND('',#243,.T.);
#243 = EDGE_LOOP('',(#244,#267,#295,#316));
#244 = ORIENTED_EDGE('',*,*,#245,.F.);
#245 = EDGE_CURVE('',#246,#91,#248,.T.);
#246 = VERTEX_POINT('',#247);
#247 = CARTESIAN_POINT('',(15.,24.,0.));
#248 = SURFACE_CURVE('',#249,(#253,#260),.PCURVE_S1.);
#249 = LINE('',#250,#251);
#250 = CARTESIAN_POINT('',(0.,24.,0.));
#251 = VECTOR('',#252,1.);
#252 = DIRECTION('',(1.,0.,0.));
#253 = PCURVE('',#113,#254);
#254 = DEFINITIONAL_REPRESENTATION('',(#255),#259);
#255 = LINE('',#256,#257);
#256 = CARTESIAN_POINT('',(0.,0.));
#257 = VECTOR('',#258,1.);
#258 = DIRECTION('',(0.,1.));
#259 = ( GEOMETRIC_REPRESENTATION_CONTEXT(2) 
PARAMETRIC_REPRESENTATION_CONTEXT() REPRESENTATION_CONTEXT('2D SPACE',''
  ) );
#260 = PCURVE('',#141,#261);
#261 = DEFINITIONAL_REPRESENTATION('',(#262),#266);
#262 = LINE('',#263,#264);
#263 = CARTESIAN_POINT('',(-50.,0.));
#264 = VECTOR('',#265,1.);
#265 = DIRECTION('',(1.,0.));
#266 = ( GEOMETRIC_REPRESENTATION_CONTEXT(2) 
PARAMETRIC_REPRESENTATION_CONTEXT() REPRESENTATION_CONTEXT('2D SPACE',''
  ) );
#267 = ORIENTED_EDGE('',*,*,#268,.T.);
#268 = EDGE_CURVE('',#246,#269,#271,.T.);
#269 = VERTEX_POINT('',#270);
#270 = CARTESIAN_POINT('',(15.,24.,10.));
#271 = SURFACE_CURVE('',#272,(#276,#283),.PCURVE_S1.);
#272 = LINE('',#273,#274);
#273 = CARTESIAN_POINT('',(15.,24.,0.));
#274 = VECTOR('',#275,1.);
#275 = DIRECTION('',(0.,0.,1.));
#276 = PCURVE('',#113,#277);
#277 = DEFINITIONAL_REPRESENTATION('',(#278),#282);
#278 = LINE('',#279,#280);
#279 = CARTESIAN_POINT('',(0.,15.));
#280 = VECTOR('',#281,1.);
#281 = DIRECTION('',(1.,0.));
#282 = ( GEOMETRIC_REPRESENTATION_CONTEXT(2) 
PARAMETRIC_REPRESENTATION_CONTEXT() REPRESENTATION_CONTEXT('2D SPACE',''
  ) );
#283 = PCURVE('',#284,#289);
#284 = PLANE('',#285);
#285 = AXIS2_PLACEMENT_3D('',#286,#287,#288);
#286 = CARTESIAN_POINT('',(15.,24.,0.));
#287 = DIRECTION('',(1.,0.,0.));
#288 = DIRECTION('',(0.,0.,1.));
#289 = DEFINITIONAL_REPRESENTATION('',(#290),#294);
#290 = LINE('',#291,#292);
#291 = CARTESIAN_POINT('',(0.,0.));
#292 = VECTOR('',#293,1.);
#293 = DIRECTION('',(1.,0.));
#294 = ( GEOMETRIC_REPRESENTATION_CONTEXT(2) 
PARAMETRIC_REPRESENTATION_CONTEXT() REPRESENTATION_CONTEXT('2D SPACE',''
  ) );
#295 = ORIENTED_EDGE('',*,*,#296,.T.);
#296 = EDGE_CURVE('',#269,#93,#297,.T.);
#297 = SURFACE_CURVE('',#298,(#302,#309),.PCURVE_S1.);
#298 = LINE('',#299,#300);
#299 = CARTESIAN_POINT('',(0.,24.,10.));
#300 = VECTOR('',#301,1.);
#301 = DIRECTION('',(1.,0.,0.));
#302 = PCURVE('',#113,#303);
#303 = DEFINITIONAL_REPRESENTATION('',(#304),#308);
#304 = LINE('',#305,#306);
#305 = CARTESIAN_POINT('',(10.,0.));
#306 = VECTOR('',#307,1.);
#307 = DIRECTION('',(0.,1.));
#308 = ( GEOMETRIC_REPRESENTATION_CONTEXT(2) 
PARAMETRIC_REPRESENTATION_CONTEXT() REPRESENTATION_CONTEXT('2D SPACE',''
  ) );
#309 = PCURVE('',#195,#310);
#310 = DEFINITIONAL_REPRESENTATION('',(#311),#315);
#311 = LINE('',#312,#313);
#312 = CARTESIAN_POINT('',(-50.,0.));
#313 = VECTOR('',#314,1.);
#314 = DIRECTION('',(1.,0.));
#315 = ( GEOMETRIC_REPRESENTATION_CONTEXT(2) 
PARAMETRIC_REPRESENTATION_CONTEXT() REPRESENTATION_CONTEXT('2D SPACE',''
  ) );
#316 = ORIENTED_EDGE('',*,*,#90,.F.);
#317 = ADVANCED_FACE('',(#318,#478,#513,#548,#583),#195,.T.);
#318 = FACE_BOUND('',#319,.T.);
#319 = EDGE_LOOP('',(#320,#321,#322,#345,#373,#401,#429,#457));
#320 = ORIENTED_EDGE('',*,*,#181,.F.);
#321 = ORIENTED_EDGE('',*,*,#296,.F.);
#322 = ORIENTED_EDGE('',*,*,#323,.T.);
#323 = EDGE_CURVE('',#269,#324,#326,.T.);
#324 = VERTEX_POINT('',#325);
#325 = CARTESIAN_POINT('',(15.,37.071067811865,10.));
#326 = SURFACE_CURVE('',#327,(#331,#338),.PCURVE_S1.);
#327 = LINE('',#328,#329);
#328 = CARTESIAN_POINT('',(15.,24.,10.));
#329 = VECTOR('',#330,1.);
#330 = DIRECTION('',(0.,1.,0.));
#331 = PCURVE('',#195,#332);
#332 = DEFINITIONAL_REPRESENTATION('',(#333),#337);
#333 = LINE('',#334,#335);
#334 = CARTESIAN_POINT('',(-35.,0.));
#335 = VECTOR('',#336,1.);
#336 = DIRECTION('',(0.,1.));
#337 = ( GEOMETRIC_REPRESENTATION_CONTEXT(2) 
PARAMETRIC_REPRESENTATION_CONTEXT() REPRESENTATION_CONTEXT('2D SPACE',''
  ) );
#338 = PCURVE('',#284,#339);
#339 = DEFINITIONAL_REPRESENTATION('',(#340),#344);
#340 = LINE('',#341,#342);
#341 = CARTESIAN_POINT('',(10.,0.));
#342 = VECTOR('',#343,1.);
#343 = DIRECTION('',(0.,-1.));
#344 = ( GEOMETRIC_REPRESENTATION_CONTEXT(2) 
PARAMETRIC_REPRESENTATION_CONTEXT() REPRESENTATION_CONTEXT('2D SPACE',''
  ) );
#345 = ORIENTED_EDGE('',*,*,#346,.F.);
#346 = EDGE_CURVE('',#347,#324,#349,.T.);
#347 = VERTEX_POINT('',#348);
#348 = CARTESIAN_POINT('',(0.,37.071067811865,10.));
#349 = SURFACE_CURVE('',#350,(#354,#361),.PCURVE_S1.);
#350 = LINE('',#351,#352);
#351 = CARTESIAN_POINT('',(0.,37.071067811865,10.));
#352 = VECTOR('',#353,1.);
#353 = DIRECTION('',(1.,0.,0.));
#354 = PCURVE('',#195,#355);
#355 = DEFINITIONAL_REPRESENTATION('',(#356),#360);
#356 = LINE('',#357,#358);
#357 = CARTESIAN_POINT('',(-50.,13.071067811865));
#358 = VECTOR('',#359,1.);
#359 = DIRECTION('',(1.,0.));
#360 = ( GEOMETRIC_REPRESENTATION_CONTEXT(2) 
PARAMETRIC_REPRESENTATION_CONTEXT() REPRESENTATION_CONTEXT('2D SPACE',''
  ) );
#361 = PCURVE('',#362,#367);
#362 = PLANE('',#363);
#363 = AXIS2_PLACEMENT_3D('',#364,#365,#366);
#364 = CARTESIAN_POINT('',(0.,37.071067811865,0.));
#365 = DIRECTION('',(0.,1.,0.));
#366 = DIRECTION('',(0.,0.,1.));
#367 = DEFINITIONAL_REPRESENTATION('',(#368),#372);
#368 = LINE('',#369,#370);
#369 = CARTESIAN_POINT('',(10.,0.));
#370 = VECTOR('',#371,1.);
#371 = DIRECTION('',(0.,1.));
#372 = ( GEOMETRIC_REPRESENTATION_CONTEXT(2) 
PARAMETRIC_REPRESENTATION_CONTEXT() REPRESENTATION_CONTEXT('2D SPACE',''
  ) );
#373 = ORIENTED_EDGE('',*,*,#374,.F.);
#374 = EDGE_CURVE('',#375,#347,#377,.T.);
#375 = VERTEX_POINT('',#376);
#376 = CARTESIAN_POINT('',(0.,-24.,10.));
#377 = SURFACE_CURVE('',#378,(#382,#389),.PCURVE_S1.);
#378 = LINE('',#379,#380);
#379 = CARTESIAN_POINT('',(0.,-24.,10.));
#380 = VECTOR('',#381,1.);
#381 = DIRECTION('',(0.,1.,0.));
#382 = PCURVE('',#195,#383);
#383 = DEFINITIONAL_REPRESENTATION('',(#384),#388);
#384 = LINE('',#385,#386);
#385 = CARTESIAN_POINT('',(-50.,-48.));
#386 = VECTOR('',#387,1.);
#387 = DIRECTION('',(0.,1.));
#388 = ( GEOMETRIC_REPRESENTATION_CONTEXT(2) 
PARAMETRIC_REPRESENTATION_CONTEXT() REPRESENTATION_CONTEXT('2D SPACE',''
  ) );
#389 = PCURVE('',#390,#395);
#390 = PLANE('',#391);
#391 = AXIS2_PLACEMENT_3D('',#392,#393,#394);
#392 = CARTESIAN_POINT('',(0.,24.,0.));
#393 = DIRECTION('',(1.,0.,0.));
#394 = DIRECTION('',(0.,0.,1.));
#395 = DEFINITIONAL_REPRESENTATION('',(#396),#400);
#396 = LINE('',#397,#398);
#397 = CARTESIAN_POINT('',(10.,48.));
#398 = VECTOR('',#399,1.);
#399 = DIRECTION('',(0.,-1.));
#400 = ( GEOMETRIC_REPRESENTATION_CONTEXT(2) 
PARAMETRIC_REPRESENTATION_CONTEXT() REPRESENTATION_CONTEXT('2D SPACE',''
  ) );
#401 = ORIENTED_EDGE('',*,*,#402,.T.);
#402 = EDGE_CURVE('',#375,#403,#405,.T.);
#403 = VERTEX_POINT('',#404);
#404 = CARTESIAN_POINT('',(65.,-24.,10.));
#405 = SURFACE_CURVE('',#406,(#410,#417),.PCURVE_S1.);
#406 = LINE('',#407,#408);
#407 = CARTESIAN_POINT('',(0.,-24.,10.));
#408 = VECTOR('',#409,1.);
#409 = DIRECTION('',(1.,0.,0.));
#410 = PCURVE('',#195,#411);
#411 = DEFINITIONAL_REPRESENTATION('',(#412),#416);
#412 = LINE('',#413,#414);
#413 = CARTESIAN_POINT('',(-50.,-48.));
#414 = VECTOR('',#415,1.);
#415 = DIRECTION('',(1.,0.));
#416 = ( GEOMETRIC_REPRESENTATION_CONTEXT(2) 
PARAMETRIC_REPRESENTATION_CONTEXT() REPRESENTATION_CONTEXT('2D SPACE',''
  ) );
#417 = PCURVE('',#418,#423);
#418 = PLANE('',#419);
#419 = AXIS2_PLACEMENT_3D('',#420,#421,#422);
#420 = CARTESIAN_POINT('',(0.,-24.,0.));
#421 = DIRECTION('',(0.,1.,0.));
#422 = DIRECTION('',(0.,0.,1.));
#423 = DEFINITIONAL_REPRESENTATION('',(#424),#428);
#424 = LINE('',#425,#426);
#425 = CARTESIAN_POINT('',(10.,0.));
#426 = VECTOR('',#427,1.);
#427 = DIRECTION('',(0.,1.));
#428 = ( GEOMETRIC_REPRESENTATION_CONTEXT(2) 
PARAMETRIC_REPRESENTATION_CONTEXT() REPRESENTATION_CONTEXT('2D SPACE',''
  ) );
#429 = ORIENTED_EDGE('',*,*,#430,.T.);
#430 = EDGE_CURVE('',#403,#431,#433,.T.);
#431 = VERTEX_POINT('',#432);
#432 = CARTESIAN_POINT('',(65.,37.071067811865,10.));
#433 = SURFACE_CURVE('',#434,(#438,#445),.PCURVE_S1.);
#434 = LINE('',#435,#436);
#435 = CARTESIAN_POINT('',(65.,-24.,10.));
#436 = VECTOR('',#437,1.);
#437 = DIRECTION('',(0.,1.,0.));
#438 = PCURVE('',#195,#439);
#439 = DEFINITIONAL_REPRESENTATION('',(#440),#444);
#440 = LINE('',#441,#442);
#441 = CARTESIAN_POINT('',(15.,-48.));
#442 = VECTOR('',#443,1.);
#443 = DIRECTION('',(0.,1.));
#444 = ( GEOMETRIC_REPRESENTATION_CONTEXT(2) 
PARAMETRIC_REPRESENTATION_CONTEXT() REPRESENTATION_CONTEXT('2D SPACE',''
  ) );
#445 = PCURVE('',#446,#451);
#446 = PLANE('',#447);
#447 = AXIS2_PLACEMENT_3D('',#448,#449,#450);
#448 = CARTESIAN_POINT('',(65.,24.,0.));
#449 = DIRECTION('',(1.,0.,0.));
#450 = DIRECTION('',(0.,0.,1.));
#451 = DEFINITIONAL_REPRESENTATION('',(#452),#456);
#452 = LINE('',#453,#454);
#453 = CARTESIAN_POINT('',(10.,48.));
#454 = VECTOR('',#455,1.);
#455 = DIRECTION('',(0.,-1.));
#456 = ( GEOMETRIC_REPRESENTATION_CONTEXT(2) 
PARAMETRIC_REPRESENTATION_CONTEXT() REPRESENTATION_CONTEXT('2D SPACE',''
  ) );
#457 = ORIENTED_EDGE('',*,*,#458,.F.);
#458 = EDGE_CURVE('',#154,#431,#459,.T.);
#459 = SURFACE_CURVE('',#460,(#464,#471),.PCURVE_S1.);
#460 = LINE('',#461,#462);
#461 = CARTESIAN_POINT('',(50.,37.071067811865,10.));
#462 = VECTOR('',#463,1.);
#463 = DIRECTION('',(1.,0.,0.));
#464 = PCURVE('',#195,#465);
#465 = DEFINITIONAL_REPRESENTATION('',(#466),#470);
#466 = LINE('',#467,#468);
#467 = CARTESIAN_POINT('',(0.,13.071067811865));
#468 = VECTOR('',#469,1.);
#469 = DIRECTION('',(1.,0.));
#470 = ( GEOMETRIC_REPRESENTATION_CONTEXT(2) 
PARAMETRIC_REPRESENTATION_CONTEXT() REPRESENTATION_CONTEXT('2D SPACE',''
  ) );
#471 = PCURVE('',#169,#472);
#472 = DEFINITIONAL_REPRESENTATION('',(#473),#477);
#473 = LINE('',#474,#475);
#474 = CARTESIAN_POINT('',(10.,0.));
#475 = VECTOR('',#476,1.);
#476 = DIRECTION('',(0.,1.));
#477 = ( GEOMETRIC_REPRESENTATION_CONTEXT(2) 
PARAMETRIC_REPRESENTATION_CONTEXT() REPRESENTATION_CONTEXT('2D SPACE',''
  ) );
#478 = FACE_BOUND('',#479,.T.);
#479 = EDGE_LOOP('',(#480));
#480 = ORIENTED_EDGE('',*,*,#481,.T.);
#481 = EDGE_CURVE('',#482,#482,#484,.T.);
#482 = VERTEX_POINT('',#483);
#483 = CARTESIAN_POINT('',(17.,12.5,10.));
#484 = SURFACE_CURVE('',#485,(#490,#501),.PCURVE_S1.);
#485 = CIRCLE('',#486,4.);
#486 = AXIS2_PLACEMENT_3D('',#487,#488,#489);
#487 = CARTESIAN_POINT('',(21.,12.5,10.));
#488 = DIRECTION('',(0.,0.,-1.));
#489 = DIRECTION('',(-1.,0.,0.));
#490 = PCURVE('',#195,#491);
#491 = DEFINITIONAL_REPRESENTATION('',(#492),#500);
#492 = ( BOUNDED_CURVE() B_SPLINE_CURVE(2,(#493,#494,#495,#496,#497,#498
,#499),.UNSPECIFIED.,.T.,.F.) B_SPLINE_CURVE_WITH_KNOTS((1,2,2,2,2,1),(
    -2.094395102393,0.,2.094395102393,4.188790204786,6.28318530718,
8.377580409573),.UNSPECIFIED.) CURVE() GEOMETRIC_REPRESENTATION_ITEM() 
RATIONAL_B_SPLINE_CURVE((1.,0.5,1.,0.5,1.,0.5,1.)) REPRESENTATION_ITEM(
  '') );
#493 = CARTESIAN_POINT('',(-33.,-11.5));
#494 = CARTESIAN_POINT('',(-33.,-4.571796769724));
#495 = CARTESIAN_POINT('',(-27.,-8.035898384862));
#496 = CARTESIAN_POINT('',(-21.,-11.5));
#497 = CARTESIAN_POINT('',(-27.,-14.96410161513));
#498 = CARTESIAN_POINT('',(-33.,-18.42820323027));
#499 = CARTESIAN_POINT('',(-33.,-11.5));
#500 = ( GEOMETRIC_REPRESENTATION_CONTEXT(2) 
PARAMETRIC_REPRESENTATION_CONTEXT() REPRESENTATION_CONTEXT('2D SPACE',''
  ) );
#501 = PCURVE('',#502,#507);
#502 = CYLINDRICAL_SURFACE('',#503,4.);
#503 = AXIS2_PLACEMENT_3D('',#504,#505,#506);
#504 = CARTESIAN_POINT('',(21.,12.5,10.));
#505 = DIRECTION('',(0.,0.,-1.));
#506 = DIRECTION('',(-1.,0.,0.));
#507 = DEFINITIONAL_REPRESENTATION('',(#508),#512);
#508 = LINE('',#509,#510);
#509 = CARTESIAN_POINT('',(0.,0.));
#510 = VECTOR('',#511,1.);
#511 = DIRECTION('',(1.,0.));
#512 = ( GEOMETRIC_REPRESENTATION_CONTEXT(2) 
PARAMETRIC_REPRESENTATION_CONTEXT() REPRESENTATION_CONTEXT('2D SPACE',''
  ) );
#513 = FACE_BOUND('',#514,.T.);
#514 = EDGE_LOOP('',(#515));
#515 = ORIENTED_EDGE('',*,*,#516,.T.);
#516 = EDGE_CURVE('',#517,#517,#519,.T.);
#517 = VERTEX_POINT('',#518);
#518 = CARTESIAN_POINT('',(42.,12.5,10.));
#519 = SURFACE_CURVE('',#520,(#525,#536),.PCURVE_S1.);
#520 = CIRCLE('',#521,4.);
#521 = AXIS2_PLACEMENT_3D('',#522,#523,#524);
#522 = CARTESIAN_POINT('',(46.,12.5,10.));
#523 = DIRECTION('',(0.,0.,-1.));
#524 = DIRECTION('',(-1.,0.,0.));
#525 = PCURVE('',#195,#526);
#526 = DEFINITIONAL_REPRESENTATION('',(#527),#535);
#527 = ( BOUNDED_CURVE() B_SPLINE_CURVE(2,(#528,#529,#530,#531,#532,#533
,#534),.UNSPECIFIED.,.T.,.F.) B_SPLINE_CURVE_WITH_KNOTS((1,2,2,2,2,1),(
    -2.094395102393,0.,2.094395102393,4.188790204786,6.28318530718,
8.377580409573),.UNSPECIFIED.) CURVE() GEOMETRIC_REPRESENTATION_ITEM() 
RATIONAL_B_SPLINE_CURVE((1.,0.5,1.,0.5,1.,0.5,1.)) REPRESENTATION_ITEM(
  '') );
#528 = CARTESIAN_POINT('',(-8.,-11.5));
#529 = CARTESIAN_POINT('',(-8.,-4.571796769724));
#530 = CARTESIAN_POINT('',(-2.,-8.035898384862));
#531 = CARTESIAN_POINT('',(4.,-11.5));
#532 = CARTESIAN_POINT('',(-2.,-14.96410161513));
#533 = CARTESIAN_POINT('',(-8.,-18.42820323027));
#534 = CARTESIAN_POINT('',(-8.,-11.5));
#535 = ( GEOMETRIC_REPRESENTATION_CONTEXT(2) 
PARAMETRIC_REPRESENTATION_CONTEXT() REPRESENTATION_CONTEXT('2D SPACE',''
  ) );
#536 = PCURVE('',#537,#542);
#537 = CYLINDRICAL_SURFACE('',#538,4.);
#538 = AXIS2_PLACEMENT_3D('',#539,#540,#541);
#539 = CARTESIAN_POINT('',(46.,12.5,10.));
#540 = DIRECTION('',(0.,0.,-1.));
#541 = DIRECTION('',(-1.,0.,0.));
#542 = DEFINITIONAL_REPRESENTATION('',(#543),#547);
#543 = LINE('',#544,#545);
#544 = CARTESIAN_POINT('',(0.,0.));
#545 = VECTOR('',#546,1.);
#546 = DIRECTION('',(1.,0.));
#547 = ( GEOMETRIC_REPRESENTATION_CONTEXT(2) 
PARAMETRIC_REPRESENTATION_CONTEXT() REPRESENTATION_CONTEXT('2D SPACE',''
  ) );
#548 = FACE_BOUND('',#549,.T.);
#549 = EDGE_LOOP('',(#550));
#550 = ORIENTED_EDGE('',*,*,#551,.T.);
#551 = EDGE_CURVE('',#552,#552,#554,.T.);
#552 = VERTEX_POINT('',#553);
#553 = CARTESIAN_POINT('',(17.,-12.5,10.));
#554 = SURFACE_CURVE('',#555,(#560,#571),.PCURVE_S1.);
#555 = CIRCLE('',#556,4.);
#556 = AXIS2_PLACEMENT_3D('',#557,#558,#559);
#557 = CARTESIAN_POINT('',(21.,-12.5,10.));
#558 = DIRECTION('',(0.,0.,-1.));
#559 = DIRECTION('',(-1.,0.,0.));
#560 = PCURVE('',#195,#561);
#561 = DEFINITIONAL_REPRESENTATION('',(#562),#570);
#562 = ( BOUNDED_CURVE() B_SPLINE_CURVE(2,(#563,#564,#565,#566,#567,#568
,#569),.UNSPECIFIED.,.T.,.F.) B_SPLINE_CURVE_WITH_KNOTS((1,2,2,2,2,1),(
    -2.094395102393,0.,2.094395102393,4.188790204786,6.28318530718,
8.377580409573),.UNSPECIFIED.) CURVE() GEOMETRIC_REPRESENTATION_ITEM() 
RATIONAL_B_SPLINE_CURVE((1.,0.5,1.,0.5,1.,0.5,1.)) REPRESENTATION_ITEM(
  '') );
#563 = CARTESIAN_POINT('',(-33.,-36.5));
#564 = CARTESIAN_POINT('',(-33.,-29.57179676972));
#565 = CARTESIAN_POINT('',(-27.,-33.03589838486));
#566 = CARTESIAN_POINT('',(-21.,-36.5));
#567 = CARTESIAN_POINT('',(-27.,-39.96410161513));
#568 = CARTESIAN_POINT('',(-33.,-43.42820323027));
#569 = CARTESIAN_POINT('',(-33.,-36.5));
#570 = ( GEOMETRIC_REPRESENTATION_CONTEXT(2) 
PARAMETRIC_REPRESENTATION_CONTEXT() REPRESENTATION_CONTEXT('2D SPACE',''
  ) );
#571 = PCURVE('',#572,#577);
#572 = CYLINDRICAL_SURFACE('',#573,4.);
#573 = AXIS2_PLACEMENT_3D('',#574,#575,#576);
#574 = CARTESIAN_POINT('',(21.,-12.5,10.));
#575 = DIRECTION('',(0.,0.,-1.));
#576 = DIRECTION('',(-1.,0.,0.));
#577 = DEFINITIONAL_REPRESENTATION('',(#578),#582);
#578 = LINE('',#579,#580);
#579 = CARTESIAN_POINT('',(0.,0.));
#580 = VECTOR('',#581,1.);
#581 = DIRECTION('',(1.,0.));
#582 = ( GEOMETRIC_REPRESENTATION_CONTEXT(2) 
PARAMETRIC_REPRESENTATION_CONTEXT() REPRESENTATION_CONTEXT('2D SPACE',''
  ) );
#583 = FACE_BOUND('',#584,.T.);
#584 = EDGE_LOOP('',(#585));
#585 = ORIENTED_EDGE('',*,*,#586,.T.);
#586 = EDGE_CURVE('',#587,#587,#589,.T.);
#587 = VERTEX_POINT('',#588);
#588 = CARTESIAN_POINT('',(42.,-12.5,10.));
#589 = SURFACE_CURVE('',#590,(#595,#606),.PCURVE_S1.);
#590 = CIRCLE('',#591,4.);
#591 = AXIS2_PLACEMENT_3D('',#592,#593,#594);
#592 = CARTESIAN_POINT('',(46.,-12.5,10.));
#593 = DIRECTION('',(0.,0.,-1.));
#594 = DIRECTION('',(-1.,0.,0.));
#595 = PCURVE('',#195,#596);
#596 = DEFINITIONAL_REPRESENTATION('',(#597),#605);
#597 = ( BOUNDED_CURVE() B_SPLINE_CURVE(2,(#598,#599,#600,#601,#602,#603
,#604),.UNSPECIFIED.,.T.,.F.) B_SPLINE_CURVE_WITH_KNOTS((1,2,2,2,2,1),(
    -2.094395102393,0.,2.094395102393,4.188790204786,6.28318530718,
8.377580409573),.UNSPECIFIED.) CURVE() GEOMETRIC_REPRESENTATION_ITEM() 
RATIONAL_B_SPLINE_CURVE((1.,0.5,1.,0.5,1.,0.5,1.)) REPRESENTATION_ITEM(
  '') );
#598 = CARTESIAN_POINT('',(-8.,-36.5));
#599 = CARTESIAN_POINT('',(-8.,-29.57179676972));
#600 = CARTESIAN_POINT('',(-2.,-33.03589838486));
#601 = CARTESIAN_POINT('',(4.,-36.5));
#602 = CARTESIAN_POINT('',(-2.,-39.96410161513));
#603 = CARTESIAN_POINT('',(-8.,-43.42820323027));
#604 = CARTESIAN_POINT('',(-8.,-36.5));
#605 = ( GEOMETRIC_REPRESENTATION_CONTEXT(2) 
PARAMETRIC_REPRESENTATION_CONTEXT() REPRESENTATION_CONTEXT('2D SPACE',''
  ) );
#606 = PCURVE('',#607,#612);
#607 = CYLINDRICAL_SURFACE('',#608,4.);
#608 = AXIS2_PLACEMENT_3D('',#609,#610,#611);
#609 = CARTESIAN_POINT('',(46.,-12.5,10.));
#610 = DIRECTION('',(0.,0.,-1.));
#611 = DIRECTION('',(-1.,0.,0.));
#612 = DEFINITIONAL_REPRESENTATION('',(#613),#617);
#613 = LINE('',#614,#615);
#614 = CARTESIAN_POINT('',(0.,0.));
#615 = VECTOR('',#616,1.);
#616 = DIRECTION('',(1.,0.));
#617 = ( GEOMETRIC_REPRESENTATION_CONTEXT(2) 
PARAMETRIC_REPRESENTATION_CONTEXT() REPRESENTATION_CONTEXT('2D SPACE',''
  ) );
#618 = ADVANCED_FACE('',(#619,#759,#794,#829,#864),#141,.F.);
#619 = FACE_BOUND('',#620,.F.);
#620 = EDGE_LOOP('',(#621,#622,#623,#646,#669,#692,#715,#738));
#621 = ORIENTED_EDGE('',*,*,#125,.F.);
#622 = ORIENTED_EDGE('',*,*,#245,.F.);
#623 = ORIENTED_EDGE('',*,*,#624,.T.);
#624 = EDGE_CURVE('',#246,#625,#627,.T.);
#625 = VERTEX_POINT('',#626);
#626 = CARTESIAN_POINT('',(15.,37.071067811865,0.));
#627 = SURFACE_CURVE('',#628,(#632,#639),.PCURVE_S1.);
#628 = LINE('',#629,#630);
#629 = CARTESIAN_POINT('',(15.,24.,0.));
#630 = VECTOR('',#631,1.);
#631 = DIRECTION('',(0.,1.,0.));
#632 = PCURVE('',#141,#633);
#633 = DEFINITIONAL_REPRESENTATION('',(#634),#638);
#634 = LINE('',#635,#636);
#635 = CARTESIAN_POINT('',(-35.,0.));
#636 = VECTOR('',#637,1.);
#637 = DIRECTION('',(0.,1.));
#638 = ( GEOMETRIC_REPRESENTATION_CONTEXT(2) 
PARAMETRIC_REPRESENTATION_CONTEXT() REPRESENTATION_CONTEXT('2D SPACE',''
  ) );
#639 = PCURVE('',#284,#640);
#640 = DEFINITIONAL_REPRESENTATION('',(#641),#645);
#641 = LINE('',#642,#643);
#642 = CARTESIAN_POINT('',(0.,0.));
#643 = VECTOR('',#644,1.);
#644 = DIRECTION('',(0.,-1.));
#645 = ( GEOMETRIC_REPRESENTATION_CONTEXT(2) 
PARAMETRIC_REPRESENTATION_CONTEXT() REPRESENTATION_CONTEXT('2D SPACE',''
  ) );
#646 = ORIENTED_EDGE('',*,*,#647,.F.);
#647 = EDGE_CURVE('',#648,#625,#650,.T.);
#648 = VERTEX_POINT('',#649);
#649 = CARTESIAN_POINT('',(0.,37.071067811865,0.));
#650 = SURFACE_CURVE('',#651,(#655,#662),.PCURVE_S1.);
#651 = LINE('',#652,#653);
#652 = CARTESIAN_POINT('',(0.,37.071067811865,0.));
#653 = VECTOR('',#654,1.);
#654 = DIRECTION('',(1.,0.,0.));
#655 = PCURVE('',#141,#656);
#656 = DEFINITIONAL_REPRESENTATION('',(#657),#661);
#657 = LINE('',#658,#659);
#658 = CARTESIAN_POINT('',(-50.,13.071067811865));
#659 = VECTOR('',#660,1.);
#660 = DIRECTION('',(1.,0.));
#661 = ( GEOMETRIC_REPRESENTATION_CONTEXT(2) 
PARAMETRIC_REPRESENTATION_CONTEXT() REPRESENTATION_CONTEXT('2D SPACE',''
  ) );
#662 = PCURVE('',#362,#663);
#663 = DEFINITIONAL_REPRESENTATION('',(#664),#668);
#664 = LINE('',#665,#666);
#665 = CARTESIAN_POINT('',(0.,0.));
#666 = VECTOR('',#667,1.);
#667 = DIRECTION('',(0.,1.));
#668 = ( GEOMETRIC_REPRESENTATION_CONTEXT(2) 
PARAMETRIC_REPRESENTATION_CONTEXT() REPRESENTATION_CONTEXT('2D SPACE',''
  ) );
#669 = ORIENTED_EDGE('',*,*,#670,.T.);
#670 = EDGE_CURVE('',#648,#671,#673,.T.);
#671 = VERTEX_POINT('',#672);
#672 = CARTESIAN_POINT('',(0.,-24.,0.));
#673 = SURFACE_CURVE('',#674,(#678,#685),.PCURVE_S1.);
#674 = LINE('',#675,#676);
#675 = CARTESIAN_POINT('',(0.,37.071067811865,0.));
#676 = VECTOR('',#677,1.);
#677 = DIRECTION('',(0.,-1.,0.));
#678 = PCURVE('',#141,#679);
#679 = DEFINITIONAL_REPRESENTATION('',(#680),#684);
#680 = LINE('',#681,#682);
#681 = CARTESIAN_POINT('',(-50.,13.071067811865));
#682 = VECTOR('',#683,1.);
#683 = DIRECTION('',(0.,-1.));
#684 = ( GEOMETRIC_REPRESENTATION_CONTEXT(2) 
PARAMETRIC_REPRESENTATION_CONTEXT() REPRESENTATION_CONTEXT('2D SPACE',''
  ) );
#685 = PCURVE('',#390,#686);
#686 = DEFINITIONAL_REPRESENTATION('',(#687),#691);
#687 = LINE('',#688,#689);
#688 = CARTESIAN_POINT('',(0.,-13.07106781186));
#689 = VECTOR('',#690,1.);
#690 = DIRECTION('',(0.,1.));
#691 = ( GEOMETRIC_REPRESENTATION_CONTEXT(2) 
PARAMETRIC_REPRESENTATION_CONTEXT() REPRESENTATION_CONTEXT('2D SPACE',''
  ) );
#692 = ORIENTED_EDGE('',*,*,#693,.T.);
#693 = EDGE_CURVE('',#671,#694,#696,.T.);
#694 = VERTEX_POINT('',#695);
#695 = CARTESIAN_POINT('',(65.,-24.,0.));
#696 = SURFACE_CURVE('',#697,(#701,#708),.PCURVE_S1.);
#697 = LINE('',#698,#699);
#698 = CARTESIAN_POINT('',(0.,-24.,0.));
#699 = VECTOR('',#700,1.);
#700 = DIRECTION('',(1.,0.,0.));
#701 = PCURVE('',#141,#702);
#702 = DEFINITIONAL_REPRESENTATION('',(#703),#707);
#703 = LINE('',#704,#705);
#704 = CARTESIAN_POINT('',(-50.,-48.));
#705 = VECTOR('',#706,1.);
#706 = DIRECTION('',(1.,0.));
#707 = ( GEOMETRIC_REPRESENTATION_CONTEXT(2) 
PARAMETRIC_REPRESENTATION_CONTEXT() REPRESENTATION_CONTEXT('2D SPACE',''
  ) );
#708 = PCURVE('',#418,#709);
#709 = DEFINITIONAL_REPRESENTATION('',(#710),#714);
#710 = LINE('',#711,#712);
#711 = CARTESIAN_POINT('',(0.,0.));
#712 = VECTOR('',#713,1.);
#713 = DIRECTION('',(0.,1.));
#714 = ( GEOMETRIC_REPRESENTATION_CONTEXT(2) 
PARAMETRIC_REPRESENTATION_CONTEXT() REPRESENTATION_CONTEXT('2D SPACE',''
  ) );
#715 = ORIENTED_EDGE('',*,*,#716,.F.);
#716 = EDGE_CURVE('',#717,#694,#719,.T.);
#717 = VERTEX_POINT('',#718);
#718 = CARTESIAN_POINT('',(65.,37.071067811865,0.));
#719 = SURFACE_CURVE('',#720,(#724,#731),.PCURVE_S1.);
#720 = LINE('',#721,#722);
#721 = CARTESIAN_POINT('',(65.,37.071067811865,0.));
#722 = VECTOR('',#723,1.);
#723 = DIRECTION('',(0.,-1.,0.));
#724 = PCURVE('',#141,#725);
#725 = DEFINITIONAL_REPRESENTATION('',(#726),#730);
#726 = LINE('',#727,#728);
#727 = CARTESIAN_POINT('',(15.,13.071067811865));
#728 = VECTOR('',#729,1.);
#729 = DIRECTION('',(0.,-1.));
#730 = ( GEOMETRIC_REPRESENTATION_CONTEXT(2) 
PARAMETRIC_REPRESENTATION_CONTEXT() REPRESENTATION_CONTEXT('2D SPACE',''
  ) );
#731 = PCURVE('',#446,#732);
#732 = DEFINITIONAL_REPRESENTATION('',(#733),#737);
#733 = LINE('',#734,#735);
#734 = CARTESIAN_POINT('',(0.,-13.07106781186));
#735 = VECTOR('',#736,1.);
#736 = DIRECTION('',(0.,1.));
#737 = ( GEOMETRIC_REPRESENTATION_CONTEXT(2) 
PARAMETRIC_REPRESENTATION_CONTEXT() REPRESENTATION_CONTEXT('2D SPACE',''
  ) );
#738 = ORIENTED_EDGE('',*,*,#739,.F.);
#739 = EDGE_CURVE('',#126,#717,#740,.T.);
#740 = SURFACE_CURVE('',#741,(#745,#752),.PCURVE_S1.);
#741 = LINE('',#742,#743);
#742 = CARTESIAN_POINT('',(50.,37.071067811865,0.));
#743 = VECTOR('',#744,1.);
#744 = DIRECTION('',(1.,0.,0.));
#745 = PCURVE('',#141,#746);
#746 = DEFINITIONAL_REPRESENTATION('',(#747),#751);
#747 = LINE('',#748,#749);
#748 = CARTESIAN_POINT('',(0.,13.071067811865));
#749 = VECTOR('',#750,1.);
#750 = DIRECTION('',(1.,0.));
#751 = ( GEOMETRIC_REPRESENTATION_CONTEXT(2) 
PARAMETRIC_REPRESENTATION_CONTEXT() REPRESENTATION_CONTEXT('2D SPACE',''
  ) );
#752 = PCURVE('',#169,#753);
#753 = DEFINITIONAL_REPRESENTATION('',(#754),#758);
#754 = LINE('',#755,#756);
#755 = CARTESIAN_POINT('',(0.,0.));
#756 = VECTOR('',#757,1.);
#757 = DIRECTION('',(0.,1.));
#758 = ( GEOMETRIC_REPRESENTATION_CONTEXT(2) 
PARAMETRIC_REPRESENTATION_CONTEXT() REPRESENTATION_CONTEXT('2D SPACE',''
  ) );
#759 = FACE_BOUND('',#760,.F.);
#760 = EDGE_LOOP('',(#761));
#761 = ORIENTED_EDGE('',*,*,#762,.T.);
#762 = EDGE_CURVE('',#763,#763,#765,.T.);
#763 = VERTEX_POINT('',#764);
#764 = CARTESIAN_POINT('',(18.75,12.5,0.));
#765 = SURFACE_CURVE('',#766,(#771,#782),.PCURVE_S1.);
#766 = CIRCLE('',#767,2.25);
#767 = AXIS2_PLACEMENT_3D('',#768,#769,#770);
#768 = CARTESIAN_POINT('',(21.,12.5,0.));
#769 = DIRECTION('',(0.,0.,-1.));
#770 = DIRECTION('',(-1.,0.,0.));
#771 = PCURVE('',#141,#772);
#772 = DEFINITIONAL_REPRESENTATION('',(#773),#781);
#773 = ( BOUNDED_CURVE() B_SPLINE_CURVE(2,(#774,#775,#776,#777,#778,#779
,#780),.UNSPECIFIED.,.T.,.F.) B_SPLINE_CURVE_WITH_KNOTS((1,2,2,2,2,1),(
    -2.094395102393,0.,2.094395102393,4.188790204786,6.28318530718,
8.377580409573),.UNSPECIFIED.) CURVE() GEOMETRIC_REPRESENTATION_ITEM() 
RATIONAL_B_SPLINE_CURVE((1.,0.5,1.,0.5,1.,0.5,1.)) REPRESENTATION_ITEM(
  '') );
#774 = CARTESIAN_POINT('',(-31.25,-11.5));
#775 = CARTESIAN_POINT('',(-31.25,-7.60288568297));
#776 = CARTESIAN_POINT('',(-27.875,-9.551442841485));
#777 = CARTESIAN_POINT('',(-24.5,-11.5));
#778 = CARTESIAN_POINT('',(-27.875,-13.44855715851));
#779 = CARTESIAN_POINT('',(-31.25,-15.39711431703));
#780 = CARTESIAN_POINT('',(-31.25,-11.5));
#781 = ( GEOMETRIC_REPRESENTATION_CONTEXT(2) 
PARAMETRIC_REPRESENTATION_CONTEXT() REPRESENTATION_CONTEXT('2D SPACE',''
  ) );
#782 = PCURVE('',#783,#788);
#783 = CYLINDRICAL_SURFACE('',#784,2.25);
#784 = AXIS2_PLACEMENT_3D('',#785,#786,#787);
#785 = CARTESIAN_POINT('',(21.,12.5,10.));
#786 = DIRECTION('',(0.,0.,-1.));
#787 = DIRECTION('',(-1.,0.,0.));
#788 = DEFINITIONAL_REPRESENTATION('',(#789),#793);
#789 = LINE('',#790,#791);
#790 = CARTESIAN_POINT('',(0.,10.));
#791 = VECTOR('',#792,1.);
#792 = DIRECTION('',(1.,0.));
#793 = ( GEOMETRIC_REPRESENTATION_CONTEXT(2) 
PARAMETRIC_REPRESENTATION_CONTEXT() REPRESENTATION_CONTEXT('2D SPACE',''
  ) );
#794 = FACE_BOUND('',#795,.F.);
#795 = EDGE_LOOP('',(#796));
#796 = ORIENTED_EDGE('',*,*,#797,.T.);
#797 = EDGE_CURVE('',#798,#798,#800,.T.);
#798 = VERTEX_POINT('',#799);
#799 = CARTESIAN_POINT('',(43.75,12.5,0.));
#800 = SURFACE_CURVE('',#801,(#806,#817),.PCURVE_S1.);
#801 = CIRCLE('',#802,2.25);
#802 = AXIS2_PLACEMENT_3D('',#803,#804,#805);
#803 = CARTESIAN_POINT('',(46.,12.5,0.));
#804 = DIRECTION('',(0.,0.,-1.));
#805 = DIRECTION('',(-1.,0.,0.));
#806 = PCURVE('',#141,#807);
#807 = DEFINITIONAL_REPRESENTATION('',(#808),#816);
#808 = ( BOUNDED_CURVE() B_SPLINE_CURVE(2,(#809,#810,#811,#812,#813,#814
,#815),.UNSPECIFIED.,.T.,.F.) B_SPLINE_CURVE_WITH_KNOTS((1,2,2,2,2,1),(
    -2.094395102393,0.,2.094395102393,4.188790204786,6.28318530718,
8.377580409573),.UNSPECIFIED.) CURVE() GEOMETRIC_REPRESENTATION_ITEM() 
RATIONAL_B_SPLINE_CURVE((1.,0.5,1.,0.5,1.,0.5,1.)) REPRESENTATION_ITEM(
  '') );
#809 = CARTESIAN_POINT('',(-6.25,-11.5));
#810 = CARTESIAN_POINT('',(-6.25,-7.60288568297));
#811 = CARTESIAN_POINT('',(-2.875,-9.551442841485));
#812 = CARTESIAN_POINT('',(0.5,-11.5));
#813 = CARTESIAN_POINT('',(-2.875,-13.44855715851));
#814 = CARTESIAN_POINT('',(-6.25,-15.39711431703));
#815 = CARTESIAN_POINT('',(-6.25,-11.5));
#816 = ( GEOMETRIC_REPRESENTATION_CONTEXT(2) 
PARAMETRIC_REPRESENTATION_CONTEXT() REPRESENTATION_CONTEXT('2D SPACE',''
  ) );
#817 = PCURVE('',#818,#823);
#818 = CYLINDRICAL_SURFACE('',#819,2.25);
#819 = AXIS2_PLACEMENT_3D('',#820,#821,#822);
#820 = CARTESIAN_POINT('',(46.,12.5,10.));
#821 = DIRECTION('',(0.,0.,-1.));
#822 = DIRECTION('',(-1.,0.,0.));
#823 = DEFINITIONAL_REPRESENTATION('',(#824),#828);
#824 = LINE('',#825,#826);
#825 = CARTESIAN_POINT('',(0.,10.));
#826 = VECTOR('',#827,1.);
#827 = DIRECTION('',(1.,0.));
#828 = ( GEOMETRIC_REPRESENTATION_CONTEXT(2) 
PARAMETRIC_REPRESENTATION_CONTEXT() REPRESENTATION_CONTEXT('2D SPACE',''
  ) );
#829 = FACE_BOUND('',#830,.F.);
#830 = EDGE_LOOP('',(#831));
#831 = ORIENTED_EDGE('',*,*,#832,.T.);
#832 = EDGE_CURVE('',#833,#833,#835,.T.);
#833 = VERTEX_POINT('',#834);
#834 = CARTESIAN_POINT('',(18.75,-12.5,0.));
#835 = SURFACE_CURVE('',#836,(#841,#852),.PCURVE_S1.);
#836 = CIRCLE('',#837,2.25);
#837 = AXIS2_PLACEMENT_3D('',#838,#839,#840);
#838 = CARTESIAN_POINT('',(21.,-12.5,0.));
#839 = DIRECTION('',(0.,0.,-1.));
#840 = DIRECTION('',(-1.,0.,0.));
#841 = PCURVE('',#141,#842);
#842 = DEFINITIONAL_REPRESENTATION('',(#843),#851);
#843 = ( BOUNDED_CURVE() B_SPLINE_CURVE(2,(#844,#845,#846,#847,#848,#849
,#850),.UNSPECIFIED.,.T.,.F.) B_SPLINE_CURVE_WITH_KNOTS((1,2,2,2,2,1),(
    -2.094395102393,0.,2.094395102393,4.188790204786,6.28318530718,
8.377580409573),.UNSPECIFIED.) CURVE() GEOMETRIC_REPRESENTATION_ITEM() 
RATIONAL_B_SPLINE_CURVE((1.,0.5,1.,0.5,1.,0.5,1.)) REPRESENTATION_ITEM(
  '') );
#844 = CARTESIAN_POINT('',(-31.25,-36.5));
#845 = CARTESIAN_POINT('',(-31.25,-32.60288568297));
#846 = CARTESIAN_POINT('',(-27.875,-34.55144284148));
#847 = CARTESIAN_POINT('',(-24.5,-36.5));
#848 = CARTESIAN_POINT('',(-27.875,-38.44855715851));
#849 = CARTESIAN_POINT('',(-31.25,-40.39711431703));
#850 = CARTESIAN_POINT('',(-31.25,-36.5));
#851 = ( GEOMETRIC_REPRESENTATION_CONTEXT(2) 
PARAMETRIC_REPRESENTATION_CONTEXT() REPRESENTATION_CONTEXT('2D SPACE',''
  ) );
#852 = PCURVE('',#853,#858);
#853 = CYLINDRICAL_SURFACE('',#854,2.25);
#854 = AXIS2_PLACEMENT_3D('',#855,#856,#857);
#855 = CARTESIAN_POINT('',(21.,-12.5,10.));
#856 = DIRECTION('',(0.,0.,-1.));
#857 = DIRECTION('',(-1.,0.,0.));
#858 = DEFINITIONAL_REPRESENTATION('',(#859),#863);
#859 = LINE('',#860,#861);
#860 = CARTESIAN_POINT('',(0.,10.));
#861 = VECTOR('',#862,1.);
#862 = DIRECTION('',(1.,0.));
#863 = ( GEOMETRIC_REPRESENTATION_CONTEXT(2) 
PARAMETRIC_REPRESENTATION_CONTEXT() REPRESENTATION_CONTEXT('2D SPACE',''
  ) );
#864 = FACE_BOUND('',#865,.F.);
#865 = EDGE_LOOP('',(#866));
#866 = ORIENTED_EDGE('',*,*,#867,.T.);
#867 = EDGE_CURVE('',#868,#868,#870,.T.);
#868 = VERTEX_POINT('',#869);
#869 = CARTESIAN_POINT('',(43.75,-12.5,0.));
#870 = SURFACE_CURVE('',#871,(#876,#887),.PCURVE_S1.);
#871 = CIRCLE('',#872,2.25);
#872 = AXIS2_PLACEMENT_3D('',#873,#874,#875);
#873 = CARTESIAN_POINT('',(46.,-12.5,0.));
#874 = DIRECTION('',(0.,0.,-1.));
#875 = DIRECTION('',(-1.,0.,0.));
#876 = PCURVE('',#141,#877);
#877 = DEFINITIONAL_REPRESENTATION('',(#878),#886);
#878 = ( BOUNDED_CURVE() B_SPLINE_CURVE(2,(#879,#880,#881,#882,#883,#884
,#885),.UNSPECIFIED.,.T.,.F.) B_SPLINE_CURVE_WITH_KNOTS((1,2,2,2,2,1),(
    -2.094395102393,0.,2.094395102393,4.188790204786,6.28318530718,
8.377580409573),.UNSPECIFIED.) CURVE() GEOMETRIC_REPRESENTATION_ITEM() 
RATIONAL_B_SPLINE_CURVE((1.,0.5,1.,0.5,1.,0.5,1.)) REPRESENTATION_ITEM(
  '') );
#879 = CARTESIAN_POINT('',(-6.25,-36.5));
#880 = CARTESIAN_POINT('',(-6.25,-32.60288568297));
#881 = CARTESIAN_POINT('',(-2.875,-34.55144284148));
#882 = CARTESIAN_POINT('',(0.5,-36.5));
#883 = CARTESIAN_POINT('',(-2.875,-38.44855715851));
#884 = CARTESIAN_POINT('',(-6.25,-40.39711431703));
#885 = CARTESIAN_POINT('',(-6.25,-36.5));
#886 = ( GEOMETRIC_REPRESENTATION_CONTEXT(2) 
PARAMETRIC_REPRESENTATION_CONTEXT() REPRESENTATION_CONTEXT('2D SPACE',''
  ) );
#887 = PCURVE('',#888,#893);
#888 = CYLINDRICAL_SURFACE('',#889,2.25);
#889 = AXIS2_PLACEMENT_3D('',#890,#891,#892);
#890 = CARTESIAN_POINT('',(46.,-12.5,10.));
#891 = DIRECTION('',(0.,0.,-1.));
#892 = DIRECTION('',(-1.,0.,0.));
#893 = DEFINITIONAL_REPRESENTATION('',(#894),#898);
#894 = LINE('',#895,#896);
#895 = CARTESIAN_POINT('',(0.,10.));
#896 = VECTOR('',#897,1.);
#897 = DIRECTION('',(1.,0.));
#898 = ( GEOMETRIC_REPRESENTATION_CONTEXT(2) 
PARAMETRIC_REPRESENTATION_CONTEXT() REPRESENTATION_CONTEXT('2D SPACE',''
  ) );
#899 = ADVANCED_FACE('',(#900),#169,.T.);
#900 = FACE_BOUND('',#901,.T.);
#901 = EDGE_LOOP('',(#902,#903,#904,#905));
#902 = ORIENTED_EDGE('',*,*,#739,.F.);
#903 = ORIENTED_EDGE('',*,*,#153,.T.);
#904 = ORIENTED_EDGE('',*,*,#458,.T.);
#905 = ORIENTED_EDGE('',*,*,#906,.F.);
#906 = EDGE_CURVE('',#717,#431,#907,.T.);
#907 = SURFACE_CURVE('',#908,(#912,#919),.PCURVE_S1.);
#908 = LINE('',#909,#910);
#909 = CARTESIAN_POINT('',(65.,37.071067811865,0.));
#910 = VECTOR('',#911,1.);
#911 = DIRECTION('',(0.,0.,1.));
#912 = PCURVE('',#169,#913);
#913 = DEFINITIONAL_REPRESENTATION('',(#914),#918);
#914 = LINE('',#915,#916);
#915 = CARTESIAN_POINT('',(0.,15.));
#916 = VECTOR('',#917,1.);
#917 = DIRECTION('',(1.,0.));
#918 = ( GEOMETRIC_REPRESENTATION_CONTEXT(2) 
PARAMETRIC_REPRESENTATION_CONTEXT() REPRESENTATION_CONTEXT('2D SPACE',''
  ) );
#919 = PCURVE('',#446,#920);
#920 = DEFINITIONAL_REPRESENTATION('',(#921),#925);
#921 = LINE('',#922,#923);
#922 = CARTESIAN_POINT('',(0.,-13.07106781186));
#923 = VECTOR('',#924,1.);
#924 = DIRECTION('',(1.,0.));
#925 = ( GEOMETRIC_REPRESENTATION_CONTEXT(2) 
PARAMETRIC_REPRESENTATION_CONTEXT() REPRESENTATION_CONTEXT('2D SPACE',''
  ) );
#926 = ADVANCED_FACE('',(#927),#230,.F.);
#927 = FACE_BOUND('',#928,.T.);
#928 = EDGE_LOOP('',(#929,#952,#953,#954));
#929 = ORIENTED_EDGE('',*,*,#930,.F.);
#930 = EDGE_CURVE('',#210,#931,#933,.T.);
#931 = VERTEX_POINT('',#932);
#932 = CARTESIAN_POINT('',(58.,34.071067811865,5.));
#933 = SEAM_CURVE('',#934,(#938,#945),.PCURVE_S1.);
#934 = LINE('',#935,#936);
#935 = CARTESIAN_POINT('',(-1.,34.071067811865,5.));
#936 = VECTOR('',#937,1.);
#937 = DIRECTION('',(1.,0.,0.));
#938 = PCURVE('',#230,#939);
#939 = DEFINITIONAL_REPRESENTATION('',(#940),#944);
#940 = LINE('',#941,#942);
#941 = CARTESIAN_POINT('',(-6.28318530718,0.));
#942 = VECTOR('',#943,1.);
#943 = DIRECTION('',(-0.,-1.));
#944 = ( GEOMETRIC_REPRESENTATION_CONTEXT(2) 
PARAMETRIC_REPRESENTATION_CONTEXT() REPRESENTATION_CONTEXT('2D SPACE',''
  ) );
#945 = PCURVE('',#230,#946);
#946 = DEFINITIONAL_REPRESENTATION('',(#947),#951);
#947 = LINE('',#948,#949);
#948 = CARTESIAN_POINT('',(-0.,0.));
#949 = VECTOR('',#950,1.);
#950 = DIRECTION('',(-0.,-1.));
#951 = ( GEOMETRIC_REPRESENTATION_CONTEXT(2) 
PARAMETRIC_REPRESENTATION_CONTEXT() REPRESENTATION_CONTEXT('2D SPACE',''
  ) );
#952 = ORIENTED_EDGE('',*,*,#209,.T.);
#953 = ORIENTED_EDGE('',*,*,#930,.T.);
#954 = ORIENTED_EDGE('',*,*,#955,.F.);
#955 = EDGE_CURVE('',#931,#931,#956,.T.);
#956 = SURFACE_CURVE('',#957,(#962,#969),.PCURVE_S1.);
#957 = CIRCLE('',#958,2.);
#958 = AXIS2_PLACEMENT_3D('',#959,#960,#961);
#959 = CARTESIAN_POINT('',(58.,32.071067811865,5.));
#960 = DIRECTION('',(-1.,0.,0.));
#961 = DIRECTION('',(0.,1.,0.));
#962 = PCURVE('',#230,#963);
#963 = DEFINITIONAL_REPRESENTATION('',(#964),#968);
#964 = LINE('',#965,#966);
#965 = CARTESIAN_POINT('',(-6.28318530718,-59.));
#966 = VECTOR('',#967,1.);
#967 = DIRECTION('',(1.,-0.));
#968 = ( GEOMETRIC_REPRESENTATION_CONTEXT(2) 
PARAMETRIC_REPRESENTATION_CONTEXT() REPRESENTATION_CONTEXT('2D SPACE',''
  ) );
#969 = PCURVE('',#970,#975);
#970 = PLANE('',#971);
#971 = AXIS2_PLACEMENT_3D('',#972,#973,#974);
#972 = CARTESIAN_POINT('',(58.,32.071067811865,5.));
#973 = DIRECTION('',(1.,0.,0.));
#974 = DIRECTION('',(-0.,0.,1.));
#975 = DEFINITIONAL_REPRESENTATION('',(#976),#984);
#976 = ( BOUNDED_CURVE() B_SPLINE_CURVE(2,(#977,#978,#979,#980,#981,#982
,#983),.UNSPECIFIED.,.T.,.F.) B_SPLINE_CURVE_WITH_KNOTS((1,2,2,2,2,1),(
    -2.094395102393,0.,2.094395102393,4.188790204786,6.28318530718,
8.377580409573),.UNSPECIFIED.) CURVE() GEOMETRIC_REPRESENTATION_ITEM() 
RATIONAL_B_SPLINE_CURVE((1.,0.5,1.,0.5,1.,0.5,1.)) REPRESENTATION_ITEM(
  '') );
#977 = CARTESIAN_POINT('',(0.,-2.));
#978 = CARTESIAN_POINT('',(-3.464101615138,-2.));
#979 = CARTESIAN_POINT('',(-1.732050807569,1.));
#980 = CARTESIAN_POINT('',(-4.898587196589E-16,4.));
#981 = CARTESIAN_POINT('',(1.732050807569,1.));
#982 = CARTESIAN_POINT('',(3.464101615138,-2.));
#983 = CARTESIAN_POINT('',(0.,-2.));
#984 = ( GEOMETRIC_REPRESENTATION_CONTEXT(2) 
PARAMETRIC_REPRESENTATION_CONTEXT() REPRESENTATION_CONTEXT('2D SPACE',''
  ) );
#985 = ADVANCED_FACE('',(#986,#1012),#284,.T.);
#986 = FACE_BOUND('',#987,.T.);
#987 = EDGE_LOOP('',(#988,#989,#990,#1011));
#988 = ORIENTED_EDGE('',*,*,#268,.F.);
#989 = ORIENTED_EDGE('',*,*,#624,.T.);
#990 = ORIENTED_EDGE('',*,*,#991,.T.);
#991 = EDGE_CURVE('',#625,#324,#992,.T.);
#992 = SURFACE_CURVE('',#993,(#997,#1004),.PCURVE_S1.);
#993 = LINE('',#994,#995);
#994 = CARTESIAN_POINT('',(15.,37.071067811865,0.));
#995 = VECTOR('',#996,1.);
#996 = DIRECTION('',(0.,0.,1.));
#997 = PCURVE('',#284,#998);
#998 = DEFINITIONAL_REPRESENTATION('',(#999),#1003);
#999 = LINE('',#1000,#1001);
#1000 = CARTESIAN_POINT('',(0.,-13.07106781186));
#1001 = VECTOR('',#1002,1.);
#1002 = DIRECTION('',(1.,0.));
#1003 = ( GEOMETRIC_REPRESENTATION_CONTEXT(2) 
PARAMETRIC_REPRESENTATION_CONTEXT() REPRESENTATION_CONTEXT('2D SPACE',''
  ) );
#1004 = PCURVE('',#362,#1005);
#1005 = DEFINITIONAL_REPRESENTATION('',(#1006),#1010);
#1006 = LINE('',#1007,#1008);
#1007 = CARTESIAN_POINT('',(0.,15.));
#1008 = VECTOR('',#1009,1.);
#1009 = DIRECTION('',(1.,0.));
#1010 = ( GEOMETRIC_REPRESENTATION_CONTEXT(2) 
PARAMETRIC_REPRESENTATION_CONTEXT() REPRESENTATION_CONTEXT('2D SPACE',''
  ) );
#1011 = ORIENTED_EDGE('',*,*,#323,.F.);
#1012 = FACE_BOUND('',#1013,.T.);
#1013 = EDGE_LOOP('',(#1014));
#1014 = ORIENTED_EDGE('',*,*,#1015,.T.);
#1015 = EDGE_CURVE('',#1016,#1016,#1018,.T.);
#1016 = VERTEX_POINT('',#1017);
#1017 = CARTESIAN_POINT('',(15.,34.071067811865,5.));
#1018 = SURFACE_CURVE('',#1019,(#1024,#1035),.PCURVE_S1.);
#1019 = CIRCLE('',#1020,2.);
#1020 = AXIS2_PLACEMENT_3D('',#1021,#1022,#1023);
#1021 = CARTESIAN_POINT('',(15.,32.071067811865,5.));
#1022 = DIRECTION('',(-1.,0.,0.));
#1023 = DIRECTION('',(0.,1.,0.));
#1024 = PCURVE('',#284,#1025);
#1025 = DEFINITIONAL_REPRESENTATION('',(#1026),#1034);
#1026 = ( BOUNDED_CURVE() B_SPLINE_CURVE(2,(#1027,#1028,#1029,#1030,
#1031,#1032,#1033),.UNSPECIFIED.,.T.,.F.) B_SPLINE_CURVE_WITH_KNOTS((1,2
    ,2,2,2,1),(-2.094395102393,0.,2.094395102393,4.188790204786,
6.28318530718,8.377580409573),.UNSPECIFIED.) CURVE() 
GEOMETRIC_REPRESENTATION_ITEM() RATIONAL_B_SPLINE_CURVE((1.,0.5,1.,0.5,
1.,0.5,1.)) REPRESENTATION_ITEM('') );
#1027 = CARTESIAN_POINT('',(5.,-10.07106781186));
#1028 = CARTESIAN_POINT('',(1.535898384862,-10.07106781186));
#1029 = CARTESIAN_POINT('',(3.267949192431,-7.071067811865));
#1030 = CARTESIAN_POINT('',(5.,-4.071067811865));
#1031 = CARTESIAN_POINT('',(6.732050807569,-7.071067811865));
#1032 = CARTESIAN_POINT('',(8.464101615138,-10.07106781186));
#1033 = CARTESIAN_POINT('',(5.,-10.07106781186));
#1034 = ( GEOMETRIC_REPRESENTATION_CONTEXT(2) 
PARAMETRIC_REPRESENTATION_CONTEXT() REPRESENTATION_CONTEXT('2D SPACE',''
  ) );
#1035 = PCURVE('',#1036,#1041);
#1036 = CYLINDRICAL_SURFACE('',#1037,2.);
#1037 = AXIS2_PLACEMENT_3D('',#1038,#1039,#1040);
#1038 = CARTESIAN_POINT('',(-1.,32.071067811865,5.));
#1039 = DIRECTION('',(-1.,-0.,-0.));
#1040 = DIRECTION('',(0.,1.,0.));
#1041 = DEFINITIONAL_REPRESENTATION('',(#1042),#1046);
#1042 = LINE('',#1043,#1044);
#1043 = CARTESIAN_POINT('',(-6.28318530718,-16.));
#1044 = VECTOR('',#1045,1.);
#1045 = DIRECTION('',(1.,-0.));
#1046 = ( GEOMETRIC_REPRESENTATION_CONTEXT(2) 
PARAMETRIC_REPRESENTATION_CONTEXT() REPRESENTATION_CONTEXT('2D SPACE',''
  ) );
#1047 = ADVANCED_FACE('',(#1048),#362,.T.);
#1048 = FACE_BOUND('',#1049,.T.);
#1049 = EDGE_LOOP('',(#1050,#1051,#1072,#1073));
#1050 = ORIENTED_EDGE('',*,*,#647,.F.);
#1051 = ORIENTED_EDGE('',*,*,#1052,.T.);
#1052 = EDGE_CURVE('',#648,#347,#1053,.T.);
#1053 = SURFACE_CURVE('',#1054,(#1058,#1065),.PCURVE_S1.);
#1054 = LINE('',#1055,#1056);
#1055 = CARTESIAN_POINT('',(0.,37.071067811865,0.));
#1056 = VECTOR('',#1057,1.);
#1057 = DIRECTION('',(0.,0.,1.));
#1058 = PCURVE('',#362,#1059);
#1059 = DEFINITIONAL_REPRESENTATION('',(#1060),#1064);
#1060 = LINE('',#1061,#1062);
#1061 = CARTESIAN_POINT('',(0.,0.));
#1062 = VECTOR('',#1063,1.);
#1063 = DIRECTION('',(1.,0.));
#1064 = ( GEOMETRIC_REPRESENTATION_CONTEXT(2) 
PARAMETRIC_REPRESENTATION_CONTEXT() REPRESENTATION_CONTEXT('2D SPACE',''
  ) );
#1065 = PCURVE('',#390,#1066);
#1066 = DEFINITIONAL_REPRESENTATION('',(#1067),#1071);
#1067 = LINE('',#1068,#1069);
#1068 = CARTESIAN_POINT('',(0.,-13.07106781186));
#1069 = VECTOR('',#1070,1.);
#1070 = DIRECTION('',(1.,0.));
#1071 = ( GEOMETRIC_REPRESENTATION_CONTEXT(2) 
PARAMETRIC_REPRESENTATION_CONTEXT() REPRESENTATION_CONTEXT('2D SPACE',''
  ) );
#1072 = ORIENTED_EDGE('',*,*,#346,.T.);
#1073 = ORIENTED_EDGE('',*,*,#991,.F.);
#1074 = ADVANCED_FACE('',(#1075,#1101),#390,.F.);
#1075 = FACE_BOUND('',#1076,.F.);
#1076 = EDGE_LOOP('',(#1077,#1078,#1099,#1100));
#1077 = ORIENTED_EDGE('',*,*,#374,.F.);
#1078 = ORIENTED_EDGE('',*,*,#1079,.F.);
#1079 = EDGE_CURVE('',#671,#375,#1080,.T.);
#1080 = SURFACE_CURVE('',#1081,(#1085,#1092),.PCURVE_S1.);
#1081 = LINE('',#1082,#1083);
#1082 = CARTESIAN_POINT('',(0.,-24.,0.));
#1083 = VECTOR('',#1084,1.);
#1084 = DIRECTION('',(0.,0.,1.));
#1085 = PCURVE('',#390,#1086);
#1086 = DEFINITIONAL_REPRESENTATION('',(#1087),#1091);
#1087 = LINE('',#1088,#1089);
#1088 = CARTESIAN_POINT('',(0.,48.));
#1089 = VECTOR('',#1090,1.);
#1090 = DIRECTION('',(1.,0.));
#1091 = ( GEOMETRIC_REPRESENTATION_CONTEXT(2) 
PARAMETRIC_REPRESENTATION_CONTEXT() REPRESENTATION_CONTEXT('2D SPACE',''
  ) );
#1092 = PCURVE('',#418,#1093);
#1093 = DEFINITIONAL_REPRESENTATION('',(#1094),#1098);
#1094 = LINE('',#1095,#1096);
#1095 = CARTESIAN_POINT('',(0.,0.));
#1096 = VECTOR('',#1097,1.);
#1097 = DIRECTION('',(1.,0.));
#1098 = ( GEOMETRIC_REPRESENTATION_CONTEXT(2) 
PARAMETRIC_REPRESENTATION_CONTEXT() REPRESENTATION_CONTEXT('2D SPACE',''
  ) );
#1099 = ORIENTED_EDGE('',*,*,#670,.F.);
#1100 = ORIENTED_EDGE('',*,*,#1052,.T.);
#1101 = FACE_BOUND('',#1102,.F.);
#1102 = EDGE_LOOP('',(#1103));
#1103 = ORIENTED_EDGE('',*,*,#1104,.T.);
#1104 = EDGE_CURVE('',#1105,#1105,#1107,.T.);
#1105 = VERTEX_POINT('',#1106);
#1106 = CARTESIAN_POINT('',(0.,36.271067811865,5.));
#1107 = SURFACE_CURVE('',#1108,(#1113,#1124),.PCURVE_S1.);
#1108 = CIRCLE('',#1109,4.2);
#1109 = AXIS2_PLACEMENT_3D('',#1110,#1111,#1112);
#1110 = CARTESIAN_POINT('',(0.,32.071067811865,5.));
#1111 = DIRECTION('',(-1.,0.,0.));
#1112 = DIRECTION('',(0.,1.,0.));
#1113 = PCURVE('',#390,#1114);
#1114 = DEFINITIONAL_REPRESENTATION('',(#1115),#1123);
#1115 = ( BOUNDED_CURVE() B_SPLINE_CURVE(2,(#1116,#1117,#1118,#1119,
#1120,#1121,#1122),.UNSPECIFIED.,.T.,.F.) B_SPLINE_CURVE_WITH_KNOTS((1,2
    ,2,2,2,1),(-2.094395102393,0.,2.094395102393,4.188790204786,
6.28318530718,8.377580409573),.UNSPECIFIED.) CURVE() 
GEOMETRIC_REPRESENTATION_ITEM() RATIONAL_B_SPLINE_CURVE((1.,0.5,1.,0.5,
1.,0.5,1.)) REPRESENTATION_ITEM('') );
#1116 = CARTESIAN_POINT('',(5.,-12.27106781186));
#1117 = CARTESIAN_POINT('',(-2.274613391789,-12.27106781186));
#1118 = CARTESIAN_POINT('',(1.362693304105,-5.971067811865));
#1119 = CARTESIAN_POINT('',(5.,0.328932188135));
#1120 = CARTESIAN_POINT('',(8.637306695895,-5.971067811865));
#1121 = CARTESIAN_POINT('',(12.274613391789,-12.27106781186));
#1122 = CARTESIAN_POINT('',(5.,-12.27106781186));
#1123 = ( GEOMETRIC_REPRESENTATION_CONTEXT(2) 
PARAMETRIC_REPRESENTATION_CONTEXT() REPRESENTATION_CONTEXT('2D SPACE',''
  ) );
#1124 = PCURVE('',#1125,#1130);
#1125 = CYLINDRICAL_SURFACE('',#1126,4.2);
#1126 = AXIS2_PLACEMENT_3D('',#1127,#1128,#1129);
#1127 = CARTESIAN_POINT('',(-1.,32.071067811865,5.));
#1128 = DIRECTION('',(-1.,-0.,-0.));
#1129 = DIRECTION('',(0.,1.,0.));
#1130 = DEFINITIONAL_REPRESENTATION('',(#1131),#1135);
#1131 = LINE('',#1132,#1133);
#1132 = CARTESIAN_POINT('',(-6.28318530718,-1.));
#1133 = VECTOR('',#1134,1.);
#1134 = DIRECTION('',(1.,-0.));
#1135 = ( GEOMETRIC_REPRESENTATION_CONTEXT(2) 
PARAMETRIC_REPRESENTATION_CONTEXT() REPRESENTATION_CONTEXT('2D SPACE',''
  ) );
#1136 = ADVANCED_FACE('',(#1137),#418,.F.);
#1137 = FACE_BOUND('',#1138,.F.);
#1138 = EDGE_LOOP('',(#1139,#1140,#1141,#1142));
#1139 = ORIENTED_EDGE('',*,*,#693,.F.);
#1140 = ORIENTED_EDGE('',*,*,#1079,.T.);
#1141 = ORIENTED_EDGE('',*,*,#402,.T.);
#1142 = ORIENTED_EDGE('',*,*,#1143,.F.);
#1143 = EDGE_CURVE('',#694,#403,#1144,.T.);
#1144 = SURFACE_CURVE('',#1145,(#1149,#1156),.PCURVE_S1.);
#1145 = LINE('',#1146,#1147);
#1146 = CARTESIAN_POINT('',(65.,-24.,0.));
#1147 = VECTOR('',#1148,1.);
#1148 = DIRECTION('',(0.,0.,1.));
#1149 = PCURVE('',#418,#1150);
#1150 = DEFINITIONAL_REPRESENTATION('',(#1151),#1155);
#1151 = LINE('',#1152,#1153);
#1152 = CARTESIAN_POINT('',(0.,65.));
#1153 = VECTOR('',#1154,1.);
#1154 = DIRECTION('',(1.,0.));
#1155 = ( GEOMETRIC_REPRESENTATION_CONTEXT(2) 
PARAMETRIC_REPRESENTATION_CONTEXT() REPRESENTATION_CONTEXT('2D SPACE',''
  ) );
#1156 = PCURVE('',#446,#1157);
#1157 = DEFINITIONAL_REPRESENTATION('',(#1158),#1162);
#1158 = LINE('',#1159,#1160);
#1159 = CARTESIAN_POINT('',(0.,48.));
#1160 = VECTOR('',#1161,1.);
#1161 = DIRECTION('',(1.,0.));
#1162 = ( GEOMETRIC_REPRESENTATION_CONTEXT(2) 
PARAMETRIC_REPRESENTATION_CONTEXT() REPRESENTATION_CONTEXT('2D SPACE',''
  ) );
#1163 = ADVANCED_FACE('',(#1164,#1170),#446,.T.);
#1164 = FACE_BOUND('',#1165,.T.);
#1165 = EDGE_LOOP('',(#1166,#1167,#1168,#1169));
#1166 = ORIENTED_EDGE('',*,*,#430,.F.);
#1167 = ORIENTED_EDGE('',*,*,#1143,.F.);
#1168 = ORIENTED_EDGE('',*,*,#716,.F.);
#1169 = ORIENTED_EDGE('',*,*,#906,.T.);
#1170 = FACE_BOUND('',#1171,.T.);
#1171 = EDGE_LOOP('',(#1172,#1200,#1226,#1252,#1278,#1304));
#1172 = ORIENTED_EDGE('',*,*,#1173,.T.);
#1173 = EDGE_CURVE('',#1174,#1176,#1178,.T.);
#1174 = VERTEX_POINT('',#1175);
#1175 = CARTESIAN_POINT('',(65.,29.963739329323,8.65));
#1176 = VERTEX_POINT('',#1177);
#1177 = CARTESIAN_POINT('',(65.,34.178396294408,8.65));
#1178 = SURFACE_CURVE('',#1179,(#1183,#1189),.PCURVE_S1.);
#1179 = LINE('',#1180,#1181);
#1180 = CARTESIAN_POINT('',(65.,29.089198147204,8.65));
#1181 = VECTOR('',#1182,1.);
#1182 = DIRECTION('',(0.,1.,-1.05367818432E-16));
#1183 = PCURVE('',#446,#1184);
#1184 = DEFINITIONAL_REPRESENTATION('',(#1185),#1188);
#1185 = B_SPLINE_CURVE_WITH_KNOTS('',1,(#1186,#1187),.UNSPECIFIED.,.F.,
  .F.,(2,2),(0.87454118212,5.089198147204),.PIECEWISE_BEZIER_KNOTS.);
#1186 = CARTESIAN_POINT('',(8.65,-5.963739329323));
#1187 = CARTESIAN_POINT('',(8.65,-10.1783962944));
#1188 = ( GEOMETRIC_REPRESENTATION_CONTEXT(2) 
PARAMETRIC_REPRESENTATION_CONTEXT() REPRESENTATION_CONTEXT('2D SPACE',''
  ) );
#1189 = PCURVE('',#1190,#1195);
#1190 = PLANE('',#1191);
#1191 = AXIS2_PLACEMENT_3D('',#1192,#1193,#1194);
#1192 = CARTESIAN_POINT('',(58.,34.178396294408,8.65));
#1193 = DIRECTION('',(0.,-1.05367818432E-16,-1.));
#1194 = DIRECTION('',(0.,-1.,1.05367818432E-16));
#1195 = DEFINITIONAL_REPRESENTATION('',(#1196),#1199);
#1196 = B_SPLINE_CURVE_WITH_KNOTS('',1,(#1197,#1198),.UNSPECIFIED.,.F.,
  .F.,(2,2),(0.87454118212,5.089198147204),.PIECEWISE_BEZIER_KNOTS.);
#1197 = CARTESIAN_POINT('',(4.214656965084,-7.));
#1198 = CARTESIAN_POINT('',(0.,-7.));
#1199 = ( GEOMETRIC_REPRESENTATION_CONTEXT(2) 
PARAMETRIC_REPRESENTATION_CONTEXT() REPRESENTATION_CONTEXT('2D SPACE',''
  ) );
#1200 = ORIENTED_EDGE('',*,*,#1201,.T.);
#1201 = EDGE_CURVE('',#1176,#1202,#1204,.T.);
#1202 = VERTEX_POINT('',#1203);
#1203 = CARTESIAN_POINT('',(65.,36.28572477695,5.));
#1204 = SURFACE_CURVE('',#1205,(#1209,#1215),.PCURVE_S1.);
#1205 = LINE('',#1206,#1207);
#1206 = CARTESIAN_POINT('',(65.,35.832540934562,5.784937440186));
#1207 = VECTOR('',#1208,1.);
#1208 = DIRECTION('',(0.,0.5,-0.866025403784));
#1209 = PCURVE('',#446,#1210);
#1210 = DEFINITIONAL_REPRESENTATION('',(#1211),#1214);
#1211 = B_SPLINE_CURVE_WITH_KNOTS('',1,(#1212,#1213),.UNSPECIFIED.,.F.,
  .F.,(2,2),(-3.308289280308,0.906367684776),.PIECEWISE_BEZIER_KNOTS.);
#1212 = CARTESIAN_POINT('',(8.65,-10.1783962944));
#1213 = CARTESIAN_POINT('',(5.,-12.28572477695));
#1214 = ( GEOMETRIC_REPRESENTATION_CONTEXT(2) 
PARAMETRIC_REPRESENTATION_CONTEXT() REPRESENTATION_CONTEXT('2D SPACE',''
  ) );
#1215 = PCURVE('',#1216,#1221);
#1216 = PLANE('',#1217);
#1217 = AXIS2_PLACEMENT_3D('',#1218,#1219,#1220);
#1218 = CARTESIAN_POINT('',(58.,36.28572477695,5.));
#1219 = DIRECTION('',(0.,-0.866025403784,-0.5));
#1220 = DIRECTION('',(0.,-0.5,0.866025403784));
#1221 = DEFINITIONAL_REPRESENTATION('',(#1222),#1225);
#1222 = B_SPLINE_CURVE_WITH_KNOTS('',1,(#1223,#1224),.UNSPECIFIED.,.F.,
  .F.,(2,2),(-3.308289280308,0.906367684776),.PIECEWISE_BEZIER_KNOTS.);
#1223 = CARTESIAN_POINT('',(4.214656965084,-7.));
#1224 = CARTESIAN_POINT('',(0.,-7.));
#1225 = ( GEOMETRIC_REPRESENTATION_CONTEXT(2) 
PARAMETRIC_REPRESENTATION_CONTEXT() REPRESENTATION_CONTEXT('2D SPACE',''
  ) );
#1226 = ORIENTED_EDGE('',*,*,#1227,.T.);
#1227 = EDGE_CURVE('',#1202,#1228,#1230,.T.);
#1228 = VERTEX_POINT('',#1229);
#1229 = CARTESIAN_POINT('',(65.,34.178396294408,1.35));
#1230 = SURFACE_CURVE('',#1231,(#1235,#1241),.PCURVE_S1.);
#1231 = LINE('',#1232,#1233);
#1232 = CARTESIAN_POINT('',(65.,32.613813183829,-1.359937440186));
#1233 = VECTOR('',#1234,1.);
#1234 = DIRECTION('',(0.,-0.5,-0.866025403784));
#1235 = PCURVE('',#446,#1236);
#1236 = DEFINITIONAL_REPRESENTATION('',(#1237),#1240);
#1237 = B_SPLINE_CURVE_WITH_KNOTS('',1,(#1238,#1239),.UNSPECIFIED.,.F.,
  .F.,(2,2),(-7.343823186241,-3.129166221156),.PIECEWISE_BEZIER_KNOTS.);
#1238 = CARTESIAN_POINT('',(5.,-12.28572477695));
#1239 = CARTESIAN_POINT('',(1.35,-10.1783962944));
#1240 = ( GEOMETRIC_REPRESENTATION_CONTEXT(2) 
PARAMETRIC_REPRESENTATION_CONTEXT() REPRESENTATION_CONTEXT('2D SPACE',''
  ) );
#1241 = PCURVE('',#1242,#1247);
#1242 = PLANE('',#1243);
#1243 = AXIS2_PLACEMENT_3D('',#1244,#1245,#1246);
#1244 = CARTESIAN_POINT('',(58.,34.178396294408,1.35));
#1245 = DIRECTION('',(0.,-0.866025403784,0.5));
#1246 = DIRECTION('',(0.,0.5,0.866025403784));
#1247 = DEFINITIONAL_REPRESENTATION('',(#1248),#1251);
#1248 = B_SPLINE_CURVE_WITH_KNOTS('',1,(#1249,#1250),.UNSPECIFIED.,.F.,
  .F.,(2,2),(-7.343823186241,-3.129166221156),.PIECEWISE_BEZIER_KNOTS.);
#1249 = CARTESIAN_POINT('',(4.214656965084,-7.));
#1250 = CARTESIAN_POINT('',(0.,-7.));
#1251 = ( GEOMETRIC_REPRESENTATION_CONTEXT(2) 
PARAMETRIC_REPRESENTATION_CONTEXT() REPRESENTATION_CONTEXT('2D SPACE',''
  ) );
#1252 = ORIENTED_EDGE('',*,*,#1253,.T.);
#1253 = EDGE_CURVE('',#1228,#1254,#1256,.T.);
#1254 = VERTEX_POINT('',#1255);
#1255 = CARTESIAN_POINT('',(65.,29.963739329323,1.35));
#1256 = SURFACE_CURVE('',#1257,(#1261,#1267),.PCURVE_S1.);
#1257 = LINE('',#1258,#1259);
#1258 = CARTESIAN_POINT('',(65.,26.981869664662,1.35));
#1259 = VECTOR('',#1260,1.);
#1260 = DIRECTION('',(0.,-1.,6.322069105919E-16));
#1261 = PCURVE('',#446,#1262);
#1262 = DEFINITIONAL_REPRESENTATION('',(#1263),#1266);
#1263 = B_SPLINE_CURVE_WITH_KNOTS('',1,(#1264,#1265),.UNSPECIFIED.,.F.,
  .F.,(2,2),(-7.196526629746,-2.981869664662),.PIECEWISE_BEZIER_KNOTS.);
#1264 = CARTESIAN_POINT('',(1.35,-10.1783962944));
#1265 = CARTESIAN_POINT('',(1.35,-5.963739329323));
#1266 = ( GEOMETRIC_REPRESENTATION_CONTEXT(2) 
PARAMETRIC_REPRESENTATION_CONTEXT() REPRESENTATION_CONTEXT('2D SPACE',''
  ) );
#1267 = PCURVE('',#1268,#1273);
#1268 = PLANE('',#1269);
#1269 = AXIS2_PLACEMENT_3D('',#1270,#1271,#1272);
#1270 = CARTESIAN_POINT('',(58.,29.963739329323,1.35));
#1271 = DIRECTION('',(-0.,6.322069105919E-16,1.));
#1272 = DIRECTION('',(0.,1.,-6.322069105919E-16));
#1273 = DEFINITIONAL_REPRESENTATION('',(#1274),#1277);
#1274 = B_SPLINE_CURVE_WITH_KNOTS('',1,(#1275,#1276),.UNSPECIFIED.,.F.,
  .F.,(2,2),(-7.196526629746,-2.981869664662),.PIECEWISE_BEZIER_KNOTS.);
#1275 = CARTESIAN_POINT('',(4.214656965084,-7.));
#1276 = CARTESIAN_POINT('',(0.,-7.));
#1277 = ( GEOMETRIC_REPRESENTATION_CONTEXT(2) 
PARAMETRIC_REPRESENTATION_CONTEXT() REPRESENTATION_CONTEXT('2D SPACE',''
  ) );
#1278 = ORIENTED_EDGE('',*,*,#1279,.T.);
#1279 = EDGE_CURVE('',#1254,#1280,#1282,.T.);
#1280 = VERTEX_POINT('',#1281);
#1281 = CARTESIAN_POINT('',(65.,27.856410846781,5.));
#1282 = SURFACE_CURVE('',#1283,(#1287,#1293),.PCURVE_S1.);
#1283 = LINE('',#1284,#1285);
#1284 = CARTESIAN_POINT('',(65.,28.456891245664,3.959937440186));
#1285 = VECTOR('',#1286,1.);
#1286 = DIRECTION('',(0.,-0.5,0.866025403784));
#1287 = PCURVE('',#446,#1288);
#1288 = DEFINITIONAL_REPRESENTATION('',(#1289),#1292);
#1289 = B_SPLINE_CURVE_WITH_KNOTS('',1,(#1290,#1291),.UNSPECIFIED.,.F.,
  .F.,(2,2),(-3.013696167318,1.200960797766),.PIECEWISE_BEZIER_KNOTS.);
#1290 = CARTESIAN_POINT('',(1.35,-5.963739329323));
#1291 = CARTESIAN_POINT('',(5.,-3.856410846781));
#1292 = ( GEOMETRIC_REPRESENTATION_CONTEXT(2) 
PARAMETRIC_REPRESENTATION_CONTEXT() REPRESENTATION_CONTEXT('2D SPACE',''
  ) );
#1293 = PCURVE('',#1294,#1299);
#1294 = PLANE('',#1295);
#1295 = AXIS2_PLACEMENT_3D('',#1296,#1297,#1298);
#1296 = CARTESIAN_POINT('',(58.,27.856410846781,5.));
#1297 = DIRECTION('',(-0.,0.866025403784,0.5));
#1298 = DIRECTION('',(0.,0.5,-0.866025403784));
#1299 = DEFINITIONAL_REPRESENTATION('',(#1300),#1303);
#1300 = B_SPLINE_CURVE_WITH_KNOTS('',1,(#1301,#1302),.UNSPECIFIED.,.F.,
  .F.,(2,2),(-3.013696167318,1.200960797766),.PIECEWISE_BEZIER_KNOTS.);
#1301 = CARTESIAN_POINT('',(4.214656965084,-7.));
#1302 = CARTESIAN_POINT('',(0.,-7.));
#1303 = ( GEOMETRIC_REPRESENTATION_CONTEXT(2) 
PARAMETRIC_REPRESENTATION_CONTEXT() REPRESENTATION_CONTEXT('2D SPACE',''
  ) );
#1304 = ORIENTED_EDGE('',*,*,#1305,.T.);
#1305 = EDGE_CURVE('',#1280,#1174,#1306,.T.);
#1306 = SURFACE_CURVE('',#1307,(#1311,#1317),.PCURVE_S1.);
#1307 = LINE('',#1308,#1309);
#1308 = CARTESIAN_POINT('',(65.,27.345491977474,4.115062559814));
#1309 = VECTOR('',#1310,1.);
#1310 = DIRECTION('',(-0.,0.5,0.866025403784));
#1311 = PCURVE('',#446,#1312);
#1312 = DEFINITIONAL_REPRESENTATION('',(#1313),#1316);
#1313 = B_SPLINE_CURVE_WITH_KNOTS('',1,(#1314,#1315),.UNSPECIFIED.,.F.,
  .F.,(2,2),(1.021837738614,5.236494703699),.PIECEWISE_BEZIER_KNOTS.);
#1314 = CARTESIAN_POINT('',(5.,-3.856410846781));
#1315 = CARTESIAN_POINT('',(8.65,-5.963739329323));
#1316 = ( GEOMETRIC_REPRESENTATION_CONTEXT(2) 
PARAMETRIC_REPRESENTATION_CONTEXT() REPRESENTATION_CONTEXT('2D SPACE',''
  ) );
#1317 = PCURVE('',#1318,#1323);
#1318 = PLANE('',#1319);
#1319 = AXIS2_PLACEMENT_3D('',#1320,#1321,#1322);
#1320 = CARTESIAN_POINT('',(58.,29.963739329323,8.65));
#1321 = DIRECTION('',(0.,0.866025403784,-0.5));
#1322 = DIRECTION('',(0.,-0.5,-0.866025403784));
#1323 = DEFINITIONAL_REPRESENTATION('',(#1324),#1327);
#1324 = B_SPLINE_CURVE_WITH_KNOTS('',1,(#1325,#1326),.UNSPECIFIED.,.F.,
  .F.,(2,2),(1.021837738614,5.236494703699),.PIECEWISE_BEZIER_KNOTS.);
#1325 = CARTESIAN_POINT('',(4.214656965084,-7.));
#1326 = CARTESIAN_POINT('',(0.,-7.));
#1327 = ( GEOMETRIC_REPRESENTATION_CONTEXT(2) 
PARAMETRIC_REPRESENTATION_CONTEXT() REPRESENTATION_CONTEXT('2D SPACE',''
  ) );
#1328 = ADVANCED_FACE('',(#1329),#502,.F.);
#1329 = FACE_BOUND('',#1330,.F.);
#1330 = EDGE_LOOP('',(#1331,#1360,#1381,#1382));
#1331 = ORIENTED_EDGE('',*,*,#1332,.F.);
#1332 = EDGE_CURVE('',#1333,#1333,#1335,.T.);
#1333 = VERTEX_POINT('',#1334);
#1334 = CARTESIAN_POINT('',(17.,12.5,5.));
#1335 = SURFACE_CURVE('',#1336,(#1341,#1348),.PCURVE_S1.);
#1336 = CIRCLE('',#1337,4.);
#1337 = AXIS2_PLACEMENT_3D('',#1338,#1339,#1340);
#1338 = CARTESIAN_POINT('',(21.,12.5,5.));
#1339 = DIRECTION('',(0.,0.,-1.));
#1340 = DIRECTION('',(-1.,0.,0.));
#1341 = PCURVE('',#502,#1342);
#1342 = DEFINITIONAL_REPRESENTATION('',(#1343),#1347);
#1343 = LINE('',#1344,#1345);
#1344 = CARTESIAN_POINT('',(0.,5.));
#1345 = VECTOR('',#1346,1.);
#1346 = DIRECTION('',(1.,0.));
#1347 = ( GEOMETRIC_REPRESENTATION_CONTEXT(2) 
PARAMETRIC_REPRESENTATION_CONTEXT() REPRESENTATION_CONTEXT('2D SPACE',''
  ) );
#1348 = PCURVE('',#1349,#1354);
#1349 = PLANE('',#1350);
#1350 = AXIS2_PLACEMENT_3D('',#1351,#1352,#1353);
#1351 = CARTESIAN_POINT('',(21.,12.5,5.));
#1352 = DIRECTION('',(0.,0.,-1.));
#1353 = DIRECTION('',(-1.,0.,0.));
#1354 = DEFINITIONAL_REPRESENTATION('',(#1355),#1359);
#1355 = CIRCLE('',#1356,4.);
#1356 = AXIS2_PLACEMENT_2D('',#1357,#1358);
#1357 = CARTESIAN_POINT('',(0.,0.));
#1358 = DIRECTION('',(1.,0.));
#1359 = ( GEOMETRIC_REPRESENTATION_CONTEXT(2) 
PARAMETRIC_REPRESENTATION_CONTEXT() REPRESENTATION_CONTEXT('2D SPACE',''
  ) );
#1360 = ORIENTED_EDGE('',*,*,#1361,.F.);
#1361 = EDGE_CURVE('',#482,#1333,#1362,.T.);
#1362 = SEAM_CURVE('',#1363,(#1367,#1374),.PCURVE_S1.);
#1363 = LINE('',#1364,#1365);
#1364 = CARTESIAN_POINT('',(17.,12.5,10.));
#1365 = VECTOR('',#1366,1.);
#1366 = DIRECTION('',(0.,0.,-1.));
#1367 = PCURVE('',#502,#1368);
#1368 = DEFINITIONAL_REPRESENTATION('',(#1369),#1373);
#1369 = LINE('',#1370,#1371);
#1370 = CARTESIAN_POINT('',(6.28318530718,-0.));
#1371 = VECTOR('',#1372,1.);
#1372 = DIRECTION('',(0.,1.));
#1373 = ( GEOMETRIC_REPRESENTATION_CONTEXT(2) 
PARAMETRIC_REPRESENTATION_CONTEXT() REPRESENTATION_CONTEXT('2D SPACE',''
  ) );
#1374 = PCURVE('',#502,#1375);
#1375 = DEFINITIONAL_REPRESENTATION('',(#1376),#1380);
#1376 = LINE('',#1377,#1378);
#1377 = CARTESIAN_POINT('',(0.,-0.));
#1378 = VECTOR('',#1379,1.);
#1379 = DIRECTION('',(0.,1.));
#1380 = ( GEOMETRIC_REPRESENTATION_CONTEXT(2) 
PARAMETRIC_REPRESENTATION_CONTEXT() REPRESENTATION_CONTEXT('2D SPACE',''
  ) );
#1381 = ORIENTED_EDGE('',*,*,#481,.T.);
#1382 = ORIENTED_EDGE('',*,*,#1361,.T.);
#1383 = ADVANCED_FACE('',(#1384),#537,.F.);
#1384 = FACE_BOUND('',#1385,.F.);
#1385 = EDGE_LOOP('',(#1386,#1415,#1436,#1437));
#1386 = ORIENTED_EDGE('',*,*,#1387,.F.);
#1387 = EDGE_CURVE('',#1388,#1388,#1390,.T.);
#1388 = VERTEX_POINT('',#1389);
#1389 = CARTESIAN_POINT('',(42.,12.5,5.));
#1390 = SURFACE_CURVE('',#1391,(#1396,#1403),.PCURVE_S1.);
#1391 = CIRCLE('',#1392,4.);
#1392 = AXIS2_PLACEMENT_3D('',#1393,#1394,#1395);
#1393 = CARTESIAN_POINT('',(46.,12.5,5.));
#1394 = DIRECTION('',(0.,0.,-1.));
#1395 = DIRECTION('',(-1.,0.,0.));
#1396 = PCURVE('',#537,#1397);
#1397 = DEFINITIONAL_REPRESENTATION('',(#1398),#1402);
#1398 = LINE('',#1399,#1400);
#1399 = CARTESIAN_POINT('',(0.,5.));
#1400 = VECTOR('',#1401,1.);
#1401 = DIRECTION('',(1.,0.));
#1402 = ( GEOMETRIC_REPRESENTATION_CONTEXT(2) 
PARAMETRIC_REPRESENTATION_CONTEXT() REPRESENTATION_CONTEXT('2D SPACE',''
  ) );
#1403 = PCURVE('',#1404,#1409);
#1404 = PLANE('',#1405);
#1405 = AXIS2_PLACEMENT_3D('',#1406,#1407,#1408);
#1406 = CARTESIAN_POINT('',(46.,12.5,5.));
#1407 = DIRECTION('',(0.,0.,-1.));
#1408 = DIRECTION('',(-1.,0.,0.));
#1409 = DEFINITIONAL_REPRESENTATION('',(#1410),#1414);
#1410 = CIRCLE('',#1411,4.);
#1411 = AXIS2_PLACEMENT_2D('',#1412,#1413);
#1412 = CARTESIAN_POINT('',(0.,0.));
#1413 = DIRECTION('',(1.,0.));
#1414 = ( GEOMETRIC_REPRESENTATION_CONTEXT(2) 
PARAMETRIC_REPRESENTATION_CONTEXT() REPRESENTATION_CONTEXT('2D SPACE',''
  ) );
#1415 = ORIENTED_EDGE('',*,*,#1416,.F.);
#1416 = EDGE_CURVE('',#517,#1388,#1417,.T.);
#1417 = SEAM_CURVE('',#1418,(#1422,#1429),.PCURVE_S1.);
#1418 = LINE('',#1419,#1420);
#1419 = CARTESIAN_POINT('',(42.,12.5,10.));
#1420 = VECTOR('',#1421,1.);
#1421 = DIRECTION('',(0.,0.,-1.));
#1422 = PCURVE('',#537,#1423);
#1423 = DEFINITIONAL_REPRESENTATION('',(#1424),#1428);
#1424 = LINE('',#1425,#1426);
#1425 = CARTESIAN_POINT('',(6.28318530718,-0.));
#1426 = VECTOR('',#1427,1.);
#1427 = DIRECTION('',(0.,1.));
#1428 = ( GEOMETRIC_REPRESENTATION_CONTEXT(2) 
PARAMETRIC_REPRESENTATION_CONTEXT() REPRESENTATION_CONTEXT('2D SPACE',''
  ) );
#1429 = PCURVE('',#537,#1430);
#1430 = DEFINITIONAL_REPRESENTATION('',(#1431),#1435);
#1431 = LINE('',#1432,#1433);
#1432 = CARTESIAN_POINT('',(0.,-0.));
#1433 = VECTOR('',#1434,1.);
#1434 = DIRECTION('',(0.,1.));
#1435 = ( GEOMETRIC_REPRESENTATION_CONTEXT(2) 
PARAMETRIC_REPRESENTATION_CONTEXT() REPRESENTATION_CONTEXT('2D SPACE',''
  ) );
#1436 = ORIENTED_EDGE('',*,*,#516,.T.);
#1437 = ORIENTED_EDGE('',*,*,#1416,.T.);
#1438 = ADVANCED_FACE('',(#1439),#572,.F.);
#1439 = FACE_BOUND('',#1440,.F.);
#1440 = EDGE_LOOP('',(#1441,#1470,#1491,#1492));
#1441 = ORIENTED_EDGE('',*,*,#1442,.F.);
#1442 = EDGE_CURVE('',#1443,#1443,#1445,.T.);
#1443 = VERTEX_POINT('',#1444);
#1444 = CARTESIAN_POINT('',(17.,-12.5,5.));
#1445 = SURFACE_CURVE('',#1446,(#1451,#1458),.PCURVE_S1.);
#1446 = CIRCLE('',#1447,4.);
#1447 = AXIS2_PLACEMENT_3D('',#1448,#1449,#1450);
#1448 = CARTESIAN_POINT('',(21.,-12.5,5.));
#1449 = DIRECTION('',(0.,0.,-1.));
#1450 = DIRECTION('',(-1.,0.,0.));
#1451 = PCURVE('',#572,#1452);
#1452 = DEFINITIONAL_REPRESENTATION('',(#1453),#1457);
#1453 = LINE('',#1454,#1455);
#1454 = CARTESIAN_POINT('',(0.,5.));
#1455 = VECTOR('',#1456,1.);
#1456 = DIRECTION('',(1.,0.));
#1457 = ( GEOMETRIC_REPRESENTATION_CONTEXT(2) 
PARAMETRIC_REPRESENTATION_CONTEXT() REPRESENTATION_CONTEXT('2D SPACE',''
  ) );
#1458 = PCURVE('',#1459,#1464);
#1459 = PLANE('',#1460);
#1460 = AXIS2_PLACEMENT_3D('',#1461,#1462,#1463);
#1461 = CARTESIAN_POINT('',(21.,-12.5,5.));
#1462 = DIRECTION('',(0.,0.,-1.));
#1463 = DIRECTION('',(-1.,0.,0.));
#1464 = DEFINITIONAL_REPRESENTATION('',(#1465),#1469);
#1465 = CIRCLE('',#1466,4.);
#1466 = AXIS2_PLACEMENT_2D('',#1467,#1468);
#1467 = CARTESIAN_POINT('',(0.,0.));
#1468 = DIRECTION('',(1.,0.));
#1469 = ( GEOMETRIC_REPRESENTATION_CONTEXT(2) 
PARAMETRIC_REPRESENTATION_CONTEXT() REPRESENTATION_CONTEXT('2D SPACE',''
  ) );
#1470 = ORIENTED_EDGE('',*,*,#1471,.F.);
#1471 = EDGE_CURVE('',#552,#1443,#1472,.T.);
#1472 = SEAM_CURVE('',#1473,(#1477,#1484),.PCURVE_S1.);
#1473 = LINE('',#1474,#1475);
#1474 = CARTESIAN_POINT('',(17.,-12.5,10.));
#1475 = VECTOR('',#1476,1.);
#1476 = DIRECTION('',(0.,0.,-1.));
#1477 = PCURVE('',#572,#1478);
#1478 = DEFINITIONAL_REPRESENTATION('',(#1479),#1483);
#1479 = LINE('',#1480,#1481);
#1480 = CARTESIAN_POINT('',(6.28318530718,-0.));
#1481 = VECTOR('',#1482,1.);
#1482 = DIRECTION('',(0.,1.));
#1483 = ( GEOMETRIC_REPRESENTATION_CONTEXT(2) 
PARAMETRIC_REPRESENTATION_CONTEXT() REPRESENTATION_CONTEXT('2D SPACE',''
  ) );
#1484 = PCURVE('',#572,#1485);
#1485 = DEFINITIONAL_REPRESENTATION('',(#1486),#1490);
#1486 = LINE('',#1487,#1488);
#1487 = CARTESIAN_POINT('',(0.,-0.));
#1488 = VECTOR('',#1489,1.);
#1489 = DIRECTION('',(0.,1.));
#1490 = ( GEOMETRIC_REPRESENTATION_CONTEXT(2) 
PARAMETRIC_REPRESENTATION_CONTEXT() REPRESENTATION_CONTEXT('2D SPACE',''
  ) );
#1491 = ORIENTED_EDGE('',*,*,#551,.T.);
#1492 = ORIENTED_EDGE('',*,*,#1471,.T.);
#1493 = ADVANCED_FACE('',(#1494),#607,.F.);
#1494 = FACE_BOUND('',#1495,.F.);
#1495 = EDGE_LOOP('',(#1496,#1525,#1546,#1547));
#1496 = ORIENTED_EDGE('',*,*,#1497,.F.);
#1497 = EDGE_CURVE('',#1498,#1498,#1500,.T.);
#1498 = VERTEX_POINT('',#1499);
#1499 = CARTESIAN_POINT('',(42.,-12.5,5.));
#1500 = SURFACE_CURVE('',#1501,(#1506,#1513),.PCURVE_S1.);
#1501 = CIRCLE('',#1502,4.);
#1502 = AXIS2_PLACEMENT_3D('',#1503,#1504,#1505);
#1503 = CARTESIAN_POINT('',(46.,-12.5,5.));
#1504 = DIRECTION('',(0.,0.,-1.));
#1505 = DIRECTION('',(-1.,0.,0.));
#1506 = PCURVE('',#607,#1507);
#1507 = DEFINITIONAL_REPRESENTATION('',(#1508),#1512);
#1508 = LINE('',#1509,#1510);
#1509 = CARTESIAN_POINT('',(0.,5.));
#1510 = VECTOR('',#1511,1.);
#1511 = DIRECTION('',(1.,0.));
#1512 = ( GEOMETRIC_REPRESENTATION_CONTEXT(2) 
PARAMETRIC_REPRESENTATION_CONTEXT() REPRESENTATION_CONTEXT('2D SPACE',''
  ) );
#1513 = PCURVE('',#1514,#1519);
#1514 = PLANE('',#1515);
#1515 = AXIS2_PLACEMENT_3D('',#1516,#1517,#1518);
#1516 = CARTESIAN_POINT('',(46.,-12.5,5.));
#1517 = DIRECTION('',(0.,0.,-1.));
#1518 = DIRECTION('',(-1.,0.,0.));
#1519 = DEFINITIONAL_REPRESENTATION('',(#1520),#1524);
#1520 = CIRCLE('',#1521,4.);
#1521 = AXIS2_PLACEMENT_2D('',#1522,#1523);
#1522 = CARTESIAN_POINT('',(0.,0.));
#1523 = DIRECTION('',(1.,0.));
#1524 = ( GEOMETRIC_REPRESENTATION_CONTEXT(2) 
PARAMETRIC_REPRESENTATION_CONTEXT() REPRESENTATION_CONTEXT('2D SPACE',''
  ) );
#1525 = ORIENTED_EDGE('',*,*,#1526,.F.);
#1526 = EDGE_CURVE('',#587,#1498,#1527,.T.);
#1527 = SEAM_CURVE('',#1528,(#1532,#1539),.PCURVE_S1.);
#1528 = LINE('',#1529,#1530);
#1529 = CARTESIAN_POINT('',(42.,-12.5,10.));
#1530 = VECTOR('',#1531,1.);
#1531 = DIRECTION('',(0.,0.,-1.));
#1532 = PCURVE('',#607,#1533);
#1533 = DEFINITIONAL_REPRESENTATION('',(#1534),#1538);
#1534 = LINE('',#1535,#1536);
#1535 = CARTESIAN_POINT('',(6.28318530718,-0.));
#1536 = VECTOR('',#1537,1.);
#1537 = DIRECTION('',(0.,1.));
#1538 = ( GEOMETRIC_REPRESENTATION_CONTEXT(2) 
PARAMETRIC_REPRESENTATION_CONTEXT() REPRESENTATION_CONTEXT('2D SPACE',''
  ) );
#1539 = PCURVE('',#607,#1540);
#1540 = DEFINITIONAL_REPRESENTATION('',(#1541),#1545);
#1541 = LINE('',#1542,#1543);
#1542 = CARTESIAN_POINT('',(0.,-0.));
#1543 = VECTOR('',#1544,1.);
#1544 = DIRECTION('',(0.,1.));
#1545 = ( GEOMETRIC_REPRESENTATION_CONTEXT(2) 
PARAMETRIC_REPRESENTATION_CONTEXT() REPRESENTATION_CONTEXT('2D SPACE',''
  ) );
#1546 = ORIENTED_EDGE('',*,*,#586,.T.);
#1547 = ORIENTED_EDGE('',*,*,#1526,.T.);
#1548 = ADVANCED_FACE('',(#1549),#783,.F.);
#1549 = FACE_BOUND('',#1550,.F.);
#1550 = EDGE_LOOP('',(#1551,#1575,#1596,#1597));
#1551 = ORIENTED_EDGE('',*,*,#1552,.T.);
#1552 = EDGE_CURVE('',#1553,#1553,#1555,.T.);
#1553 = VERTEX_POINT('',#1554);
#1554 = CARTESIAN_POINT('',(18.75,12.5,5.));
#1555 = SURFACE_CURVE('',#1556,(#1561,#1568),.PCURVE_S1.);
#1556 = CIRCLE('',#1557,2.25);
#1557 = AXIS2_PLACEMENT_3D('',#1558,#1559,#1560);
#1558 = CARTESIAN_POINT('',(21.,12.5,5.));
#1559 = DIRECTION('',(0.,0.,-1.));
#1560 = DIRECTION('',(-1.,0.,0.));
#1561 = PCURVE('',#783,#1562);
#1562 = DEFINITIONAL_REPRESENTATION('',(#1563),#1567);
#1563 = LINE('',#1564,#1565);
#1564 = CARTESIAN_POINT('',(0.,5.));
#1565 = VECTOR('',#1566,1.);
#1566 = DIRECTION('',(1.,0.));
#1567 = ( GEOMETRIC_REPRESENTATION_CONTEXT(2) 
PARAMETRIC_REPRESENTATION_CONTEXT() REPRESENTATION_CONTEXT('2D SPACE',''
  ) );
#1568 = PCURVE('',#1349,#1569);
#1569 = DEFINITIONAL_REPRESENTATION('',(#1570),#1574);
#1570 = CIRCLE('',#1571,2.25);
#1571 = AXIS2_PLACEMENT_2D('',#1572,#1573);
#1572 = CARTESIAN_POINT('',(0.,0.));
#1573 = DIRECTION('',(1.,0.));
#1574 = ( GEOMETRIC_REPRESENTATION_CONTEXT(2) 
PARAMETRIC_REPRESENTATION_CONTEXT() REPRESENTATION_CONTEXT('2D SPACE',''
  ) );
#1575 = ORIENTED_EDGE('',*,*,#1576,.T.);
#1576 = EDGE_CURVE('',#1553,#763,#1577,.T.);
#1577 = SEAM_CURVE('',#1578,(#1582,#1589),.PCURVE_S1.);
#1578 = LINE('',#1579,#1580);
#1579 = CARTESIAN_POINT('',(18.75,12.5,10.));
#1580 = VECTOR('',#1581,1.);
#1581 = DIRECTION('',(0.,0.,-1.));
#1582 = PCURVE('',#783,#1583);
#1583 = DEFINITIONAL_REPRESENTATION('',(#1584),#1588);
#1584 = LINE('',#1585,#1586);
#1585 = CARTESIAN_POINT('',(0.,-0.));
#1586 = VECTOR('',#1587,1.);
#1587 = DIRECTION('',(0.,1.));
#1588 = ( GEOMETRIC_REPRESENTATION_CONTEXT(2) 
PARAMETRIC_REPRESENTATION_CONTEXT() REPRESENTATION_CONTEXT('2D SPACE',''
  ) );
#1589 = PCURVE('',#783,#1590);
#1590 = DEFINITIONAL_REPRESENTATION('',(#1591),#1595);
#1591 = LINE('',#1592,#1593);
#1592 = CARTESIAN_POINT('',(6.28318530718,-0.));
#1593 = VECTOR('',#1594,1.);
#1594 = DIRECTION('',(0.,1.));
#1595 = ( GEOMETRIC_REPRESENTATION_CONTEXT(2) 
PARAMETRIC_REPRESENTATION_CONTEXT() REPRESENTATION_CONTEXT('2D SPACE',''
  ) );
#1596 = ORIENTED_EDGE('',*,*,#762,.F.);
#1597 = ORIENTED_EDGE('',*,*,#1576,.F.);
#1598 = ADVANCED_FACE('',(#1599),#818,.F.);
#1599 = FACE_BOUND('',#1600,.F.);
#1600 = EDGE_LOOP('',(#1601,#1625,#1646,#1647));
#1601 = ORIENTED_EDGE('',*,*,#1602,.T.);
#1602 = EDGE_CURVE('',#1603,#1603,#1605,.T.);
#1603 = VERTEX_POINT('',#1604);
#1604 = CARTESIAN_POINT('',(43.75,12.5,5.));
#1605 = SURFACE_CURVE('',#1606,(#1611,#1618),.PCURVE_S1.);
#1606 = CIRCLE('',#1607,2.25);
#1607 = AXIS2_PLACEMENT_3D('',#1608,#1609,#1610);
#1608 = CARTESIAN_POINT('',(46.,12.5,5.));
#1609 = DIRECTION('',(0.,0.,-1.));
#1610 = DIRECTION('',(-1.,0.,0.));
#1611 = PCURVE('',#818,#1612);
#1612 = DEFINITIONAL_REPRESENTATION('',(#1613),#1617);
#1613 = LINE('',#1614,#1615);
#1614 = CARTESIAN_POINT('',(0.,5.));
#1615 = VECTOR('',#1616,1.);
#1616 = DIRECTION('',(1.,0.));
#1617 = ( GEOMETRIC_REPRESENTATION_CONTEXT(2) 
PARAMETRIC_REPRESENTATION_CONTEXT() REPRESENTATION_CONTEXT('2D SPACE',''
  ) );
#1618 = PCURVE('',#1404,#1619);
#1619 = DEFINITIONAL_REPRESENTATION('',(#1620),#1624);
#1620 = CIRCLE('',#1621,2.25);
#1621 = AXIS2_PLACEMENT_2D('',#1622,#1623);
#1622 = CARTESIAN_POINT('',(0.,0.));
#1623 = DIRECTION('',(1.,0.));
#1624 = ( GEOMETRIC_REPRESENTATION_CONTEXT(2) 
PARAMETRIC_REPRESENTATION_CONTEXT() REPRESENTATION_CONTEXT('2D SPACE',''
  ) );
#1625 = ORIENTED_EDGE('',*,*,#1626,.T.);
#1626 = EDGE_CURVE('',#1603,#798,#1627,.T.);
#1627 = SEAM_CURVE('',#1628,(#1632,#1639),.PCURVE_S1.);
#1628 = LINE('',#1629,#1630);
#1629 = CARTESIAN_POINT('',(43.75,12.5,10.));
#1630 = VECTOR('',#1631,1.);
#1631 = DIRECTION('',(0.,0.,-1.));
#1632 = PCURVE('',#818,#1633);
#1633 = DEFINITIONAL_REPRESENTATION('',(#1634),#1638);
#1634 = LINE('',#1635,#1636);
#1635 = CARTESIAN_POINT('',(0.,-0.));
#1636 = VECTOR('',#1637,1.);
#1637 = DIRECTION('',(0.,1.));
#1638 = ( GEOMETRIC_REPRESENTATION_CONTEXT(2) 
PARAMETRIC_REPRESENTATION_CONTEXT() REPRESENTATION_CONTEXT('2D SPACE',''
  ) );
#1639 = PCURVE('',#818,#1640);
#1640 = DEFINITIONAL_REPRESENTATION('',(#1641),#1645);
#1641 = LINE('',#1642,#1643);
#1642 = CARTESIAN_POINT('',(6.28318530718,-0.));
#1643 = VECTOR('',#1644,1.);
#1644 = DIRECTION('',(0.,1.));
#1645 = ( GEOMETRIC_REPRESENTATION_CONTEXT(2) 
PARAMETRIC_REPRESENTATION_CONTEXT() REPRESENTATION_CONTEXT('2D SPACE',''
  ) );
#1646 = ORIENTED_EDGE('',*,*,#797,.F.);
#1647 = ORIENTED_EDGE('',*,*,#1626,.F.);
#1648 = ADVANCED_FACE('',(#1649),#853,.F.);
#1649 = FACE_BOUND('',#1650,.F.);
#1650 = EDGE_LOOP('',(#1651,#1675,#1696,#1697));
#1651 = ORIENTED_EDGE('',*,*,#1652,.T.);
#1652 = EDGE_CURVE('',#1653,#1653,#1655,.T.);
#1653 = VERTEX_POINT('',#1654);
#1654 = CARTESIAN_POINT('',(18.75,-12.5,5.));
#1655 = SURFACE_CURVE('',#1656,(#1661,#1668),.PCURVE_S1.);
#1656 = CIRCLE('',#1657,2.25);
#1657 = AXIS2_PLACEMENT_3D('',#1658,#1659,#1660);
#1658 = CARTESIAN_POINT('',(21.,-12.5,5.));
#1659 = DIRECTION('',(0.,0.,-1.));
#1660 = DIRECTION('',(-1.,0.,0.));
#1661 = PCURVE('',#853,#1662);
#1662 = DEFINITIONAL_REPRESENTATION('',(#1663),#1667);
#1663 = LINE('',#1664,#1665);
#1664 = CARTESIAN_POINT('',(0.,5.));
#1665 = VECTOR('',#1666,1.);
#1666 = DIRECTION('',(1.,0.));
#1667 = ( GEOMETRIC_REPRESENTATION_CONTEXT(2) 
PARAMETRIC_REPRESENTATION_CONTEXT() REPRESENTATION_CONTEXT('2D SPACE',''
  ) );
#1668 = PCURVE('',#1459,#1669);
#1669 = DEFINITIONAL_REPRESENTATION('',(#1670),#1674);
#1670 = CIRCLE('',#1671,2.25);
#1671 = AXIS2_PLACEMENT_2D('',#1672,#1673);
#1672 = CARTESIAN_POINT('',(0.,0.));
#1673 = DIRECTION('',(1.,0.));
#1674 = ( GEOMETRIC_REPRESENTATION_CONTEXT(2) 
PARAMETRIC_REPRESENTATION_CONTEXT() REPRESENTATION_CONTEXT('2D SPACE',''
  ) );
#1675 = ORIENTED_EDGE('',*,*,#1676,.T.);
#1676 = EDGE_CURVE('',#1653,#833,#1677,.T.);
#1677 = SEAM_CURVE('',#1678,(#1682,#1689),.PCURVE_S1.);
#1678 = LINE('',#1679,#1680);
#1679 = CARTESIAN_POINT('',(18.75,-12.5,10.));
#1680 = VECTOR('',#1681,1.);
#1681 = DIRECTION('',(0.,0.,-1.));
#1682 = PCURVE('',#853,#1683);
#1683 = DEFINITIONAL_REPRESENTATION('',(#1684),#1688);
#1684 = LINE('',#1685,#1686);
#1685 = CARTESIAN_POINT('',(0.,-0.));
#1686 = VECTOR('',#1687,1.);
#1687 = DIRECTION('',(0.,1.));
#1688 = ( GEOMETRIC_REPRESENTATION_CONTEXT(2) 
PARAMETRIC_REPRESENTATION_CONTEXT() REPRESENTATION_CONTEXT('2D SPACE',''
  ) );
#1689 = PCURVE('',#853,#1690);
#1690 = DEFINITIONAL_REPRESENTATION('',(#1691),#1695);
#1691 = LINE('',#1692,#1693);
#1692 = CARTESIAN_POINT('',(6.28318530718,-0.));
#1693 = VECTOR('',#1694,1.);
#1694 = DIRECTION('',(0.,1.));
#1695 = ( GEOMETRIC_REPRESENTATION_CONTEXT(2) 
PARAMETRIC_REPRESENTATION_CONTEXT() REPRESENTATION_CONTEXT('2D SPACE',''
  ) );
#1696 = ORIENTED_EDGE('',*,*,#832,.F.);
#1697 = ORIENTED_EDGE('',*,*,#1676,.F.);
#1698 = ADVANCED_FACE('',(#1699),#888,.F.);
#1699 = FACE_BOUND('',#1700,.F.);
#1700 = EDGE_LOOP('',(#1701,#1725,#1746,#1747));
#1701 = ORIENTED_EDGE('',*,*,#1702,.T.);
#1702 = EDGE_CURVE('',#1703,#1703,#1705,.T.);
#1703 = VERTEX_POINT('',#1704);
#1704 = CARTESIAN_POINT('',(43.75,-12.5,5.));
#1705 = SURFACE_CURVE('',#1706,(#1711,#1718),.PCURVE_S1.);
#1706 = CIRCLE('',#1707,2.25);
#1707 = AXIS2_PLACEMENT_3D('',#1708,#1709,#1710);
#1708 = CARTESIAN_POINT('',(46.,-12.5,5.));
#1709 = DIRECTION('',(0.,0.,-1.));
#1710 = DIRECTION('',(-1.,0.,0.));
#1711 = PCURVE('',#888,#1712);
#1712 = DEFINITIONAL_REPRESENTATION('',(#1713),#1717);
#1713 = LINE('',#1714,#1715);
#1714 = CARTESIAN_POINT('',(0.,5.));
#1715 = VECTOR('',#1716,1.);
#1716 = DIRECTION('',(1.,0.));
#1717 = ( GEOMETRIC_REPRESENTATION_CONTEXT(2) 
PARAMETRIC_REPRESENTATION_CONTEXT() REPRESENTATION_CONTEXT('2D SPACE',''
  ) );
#1718 = PCURVE('',#1514,#1719);
#1719 = DEFINITIONAL_REPRESENTATION('',(#1720),#1724);
#1720 = CIRCLE('',#1721,2.25);
#1721 = AXIS2_PLACEMENT_2D('',#1722,#1723);
#1722 = CARTESIAN_POINT('',(0.,0.));
#1723 = DIRECTION('',(1.,0.));
#1724 = ( GEOMETRIC_REPRESENTATION_CONTEXT(2) 
PARAMETRIC_REPRESENTATION_CONTEXT() REPRESENTATION_CONTEXT('2D SPACE',''
  ) );
#1725 = ORIENTED_EDGE('',*,*,#1726,.T.);
#1726 = EDGE_CURVE('',#1703,#868,#1727,.T.);
#1727 = SEAM_CURVE('',#1728,(#1732,#1739),.PCURVE_S1.);
#1728 = LINE('',#1729,#1730);
#1729 = CARTESIAN_POINT('',(43.75,-12.5,10.));
#1730 = VECTOR('',#1731,1.);
#1731 = DIRECTION('',(0.,0.,-1.));
#1732 = PCURVE('',#888,#1733);
#1733 = DEFINITIONAL_REPRESENTATION('',(#1734),#1738);
#1734 = LINE('',#1735,#1736);
#1735 = CARTESIAN_POINT('',(0.,-0.));
#1736 = VECTOR('',#1737,1.);
#1737 = DIRECTION('',(0.,1.));
#1738 = ( GEOMETRIC_REPRESENTATION_CONTEXT(2) 
PARAMETRIC_REPRESENTATION_CONTEXT() REPRESENTATION_CONTEXT('2D SPACE',''
  ) );
#1739 = PCURVE('',#888,#1740);
#1740 = DEFINITIONAL_REPRESENTATION('',(#1741),#1745);
#1741 = LINE('',#1742,#1743);
#1742 = CARTESIAN_POINT('',(6.28318530718,-0.));
#1743 = VECTOR('',#1744,1.);
#1744 = DIRECTION('',(0.,1.));
#1745 = ( GEOMETRIC_REPRESENTATION_CONTEXT(2) 
PARAMETRIC_REPRESENTATION_CONTEXT() REPRESENTATION_CONTEXT('2D SPACE',''
  ) );
#1746 = ORIENTED_EDGE('',*,*,#867,.F.);
#1747 = ORIENTED_EDGE('',*,*,#1726,.F.);
#1748 = ADVANCED_FACE('',(#1749,#1889),#970,.T.);
#1749 = FACE_BOUND('',#1750,.T.);
#1750 = EDGE_LOOP('',(#1751,#1776,#1799,#1822,#1845,#1868));
#1751 = ORIENTED_EDGE('',*,*,#1752,.T.);
#1752 = EDGE_CURVE('',#1753,#1755,#1757,.T.);
#1753 = VERTEX_POINT('',#1754);
#1754 = CARTESIAN_POINT('',(58.,36.28572477695,5.));
#1755 = VERTEX_POINT('',#1756);
#1756 = CARTESIAN_POINT('',(58.,34.178396294408,8.65));
#1757 = SURFACE_CURVE('',#1758,(#1762,#1769),.PCURVE_S1.);
#1758 = LINE('',#1759,#1760);
#1759 = CARTESIAN_POINT('',(58.,36.28572477695,5.));
#1760 = VECTOR('',#1761,1.);
#1761 = DIRECTION('',(0.,-0.5,0.866025403784));
#1762 = PCURVE('',#970,#1763);
#1763 = DEFINITIONAL_REPRESENTATION('',(#1764),#1768);
#1764 = LINE('',#1765,#1766);
#1765 = CARTESIAN_POINT('',(0.,-4.214656965084));
#1766 = VECTOR('',#1767,1.);
#1767 = DIRECTION('',(0.866025403784,0.5));
#1768 = ( GEOMETRIC_REPRESENTATION_CONTEXT(2) 
PARAMETRIC_REPRESENTATION_CONTEXT() REPRESENTATION_CONTEXT('2D SPACE',''
  ) );
#1769 = PCURVE('',#1216,#1770);
#1770 = DEFINITIONAL_REPRESENTATION('',(#1771),#1775);
#1771 = LINE('',#1772,#1773);
#1772 = CARTESIAN_POINT('',(0.,0.));
#1773 = VECTOR('',#1774,1.);
#1774 = DIRECTION('',(1.,0.));
#1775 = ( GEOMETRIC_REPRESENTATION_CONTEXT(2) 
PARAMETRIC_REPRESENTATION_CONTEXT() REPRESENTATION_CONTEXT('2D SPACE',''
  ) );
#1776 = ORIENTED_EDGE('',*,*,#1777,.T.);
#1777 = EDGE_CURVE('',#1755,#1778,#1780,.T.);
#1778 = VERTEX_POINT('',#1779);
#1779 = CARTESIAN_POINT('',(58.,29.963739329323,8.65));
#1780 = SURFACE_CURVE('',#1781,(#1785,#1792),.PCURVE_S1.);
#1781 = LINE('',#1782,#1783);
#1782 = CARTESIAN_POINT('',(58.,34.178396294408,8.65));
#1783 = VECTOR('',#1784,1.);
#1784 = DIRECTION('',(0.,-1.,1.05367818432E-16));
#1785 = PCURVE('',#970,#1786);
#1786 = DEFINITIONAL_REPRESENTATION('',(#1787),#1791);
#1787 = LINE('',#1788,#1789);
#1788 = CARTESIAN_POINT('',(3.65,-2.107328482542));
#1789 = VECTOR('',#1790,1.);
#1790 = DIRECTION('',(1.05367818432E-16,1.));
#1791 = ( GEOMETRIC_REPRESENTATION_CONTEXT(2) 
PARAMETRIC_REPRESENTATION_CONTEXT() REPRESENTATION_CONTEXT('2D SPACE',''
  ) );
#1792 = PCURVE('',#1190,#1793);
#1793 = DEFINITIONAL_REPRESENTATION('',(#1794),#1798);
#1794 = LINE('',#1795,#1796);
#1795 = CARTESIAN_POINT('',(0.,0.));
#1796 = VECTOR('',#1797,1.);
#1797 = DIRECTION('',(1.,0.));
#1798 = ( GEOMETRIC_REPRESENTATION_CONTEXT(2) 
PARAMETRIC_REPRESENTATION_CONTEXT() REPRESENTATION_CONTEXT('2D SPACE',''
  ) );
#1799 = ORIENTED_EDGE('',*,*,#1800,.T.);
#1800 = EDGE_CURVE('',#1778,#1801,#1803,.T.);
#1801 = VERTEX_POINT('',#1802);
#1802 = CARTESIAN_POINT('',(58.,27.856410846781,5.));
#1803 = SURFACE_CURVE('',#1804,(#1808,#1815),.PCURVE_S1.);
#1804 = LINE('',#1805,#1806);
#1805 = CARTESIAN_POINT('',(58.,29.963739329323,8.65));
#1806 = VECTOR('',#1807,1.);
#1807 = DIRECTION('',(0.,-0.5,-0.866025403784));
#1808 = PCURVE('',#970,#1809);
#1809 = DEFINITIONAL_REPRESENTATION('',(#1810),#1814);
#1810 = LINE('',#1811,#1812);
#1811 = CARTESIAN_POINT('',(3.65,2.107328482542));
#1812 = VECTOR('',#1813,1.);
#1813 = DIRECTION('',(-0.866025403784,0.5));
#1814 = ( GEOMETRIC_REPRESENTATION_CONTEXT(2) 
PARAMETRIC_REPRESENTATION_CONTEXT() REPRESENTATION_CONTEXT('2D SPACE',''
  ) );
#1815 = PCURVE('',#1318,#1816);
#1816 = DEFINITIONAL_REPRESENTATION('',(#1817),#1821);
#1817 = LINE('',#1818,#1819);
#1818 = CARTESIAN_POINT('',(0.,0.));
#1819 = VECTOR('',#1820,1.);
#1820 = DIRECTION('',(1.,0.));
#1821 = ( GEOMETRIC_REPRESENTATION_CONTEXT(2) 
PARAMETRIC_REPRESENTATION_CONTEXT() REPRESENTATION_CONTEXT('2D SPACE',''
  ) );
#1822 = ORIENTED_EDGE('',*,*,#1823,.T.);
#1823 = EDGE_CURVE('',#1801,#1824,#1826,.T.);
#1824 = VERTEX_POINT('',#1825);
#1825 = CARTESIAN_POINT('',(58.,29.963739329323,1.35));
#1826 = SURFACE_CURVE('',#1827,(#1831,#1838),.PCURVE_S1.);
#1827 = LINE('',#1828,#1829);
#1828 = CARTESIAN_POINT('',(58.,27.856410846781,5.));
#1829 = VECTOR('',#1830,1.);
#1830 = DIRECTION('',(0.,0.5,-0.866025403784));
#1831 = PCURVE('',#970,#1832);
#1832 = DEFINITIONAL_REPRESENTATION('',(#1833),#1837);
#1833 = LINE('',#1834,#1835);
#1834 = CARTESIAN_POINT('',(8.881784197001E-16,4.214656965084));
#1835 = VECTOR('',#1836,1.);
#1836 = DIRECTION('',(-0.866025403784,-0.5));
#1837 = ( GEOMETRIC_REPRESENTATION_CONTEXT(2) 
PARAMETRIC_REPRESENTATION_CONTEXT() REPRESENTATION_CONTEXT('2D SPACE',''
  ) );
#1838 = PCURVE('',#1294,#1839);
#1839 = DEFINITIONAL_REPRESENTATION('',(#1840),#1844);
#1840 = LINE('',#1841,#1842);
#1841 = CARTESIAN_POINT('',(0.,0.));
#1842 = VECTOR('',#1843,1.);
#1843 = DIRECTION('',(1.,0.));
#1844 = ( GEOMETRIC_REPRESENTATION_CONTEXT(2) 
PARAMETRIC_REPRESENTATION_CONTEXT() REPRESENTATION_CONTEXT('2D SPACE',''
  ) );
#1845 = ORIENTED_EDGE('',*,*,#1846,.T.);
#1846 = EDGE_CURVE('',#1824,#1847,#1849,.T.);
#1847 = VERTEX_POINT('',#1848);
#1848 = CARTESIAN_POINT('',(58.,34.178396294408,1.35));
#1849 = SURFACE_CURVE('',#1850,(#1854,#1861),.PCURVE_S1.);
#1850 = LINE('',#1851,#1852);
#1851 = CARTESIAN_POINT('',(58.,29.963739329323,1.35));
#1852 = VECTOR('',#1853,1.);
#1853 = DIRECTION('',(0.,1.,-6.322069105919E-16));
#1854 = PCURVE('',#970,#1855);
#1855 = DEFINITIONAL_REPRESENTATION('',(#1856),#1860);
#1856 = LINE('',#1857,#1858);
#1857 = CARTESIAN_POINT('',(-3.65,2.107328482542));
#1858 = VECTOR('',#1859,1.);
#1859 = DIRECTION('',(-6.322069105919E-16,-1.));
#1860 = ( GEOMETRIC_REPRESENTATION_CONTEXT(2) 
PARAMETRIC_REPRESENTATION_CONTEXT() REPRESENTATION_CONTEXT('2D SPACE',''
  ) );
#1861 = PCURVE('',#1268,#1862);
#1862 = DEFINITIONAL_REPRESENTATION('',(#1863),#1867);
#1863 = LINE('',#1864,#1865);
#1864 = CARTESIAN_POINT('',(0.,0.));
#1865 = VECTOR('',#1866,1.);
#1866 = DIRECTION('',(1.,0.));
#1867 = ( GEOMETRIC_REPRESENTATION_CONTEXT(2) 
PARAMETRIC_REPRESENTATION_CONTEXT() REPRESENTATION_CONTEXT('2D SPACE',''
  ) );
#1868 = ORIENTED_EDGE('',*,*,#1869,.T.);
#1869 = EDGE_CURVE('',#1847,#1753,#1870,.T.);
#1870 = SURFACE_CURVE('',#1871,(#1875,#1882),.PCURVE_S1.);
#1871 = LINE('',#1872,#1873);
#1872 = CARTESIAN_POINT('',(58.,34.178396294408,1.35));
#1873 = VECTOR('',#1874,1.);
#1874 = DIRECTION('',(0.,0.5,0.866025403784));
#1875 = PCURVE('',#970,#1876);
#1876 = DEFINITIONAL_REPRESENTATION('',(#1877),#1881);
#1877 = LINE('',#1878,#1879);
#1878 = CARTESIAN_POINT('',(-3.65,-2.107328482542));
#1879 = VECTOR('',#1880,1.);
#1880 = DIRECTION('',(0.866025403784,-0.5));
#1881 = ( GEOMETRIC_REPRESENTATION_CONTEXT(2) 
PARAMETRIC_REPRESENTATION_CONTEXT() REPRESENTATION_CONTEXT('2D SPACE',''
  ) );
#1882 = PCURVE('',#1242,#1883);
#1883 = DEFINITIONAL_REPRESENTATION('',(#1884),#1888);
#1884 = LINE('',#1885,#1886);
#1885 = CARTESIAN_POINT('',(0.,0.));
#1886 = VECTOR('',#1887,1.);
#1887 = DIRECTION('',(1.,0.));
#1888 = ( GEOMETRIC_REPRESENTATION_CONTEXT(2) 
PARAMETRIC_REPRESENTATION_CONTEXT() REPRESENTATION_CONTEXT('2D SPACE',''
  ) );
#1889 = FACE_BOUND('',#1890,.T.);
#1890 = EDGE_LOOP('',(#1891));
#1891 = ORIENTED_EDGE('',*,*,#955,.T.);
#1892 = ADVANCED_FACE('',(#1893),#1036,.F.);
#1893 = FACE_BOUND('',#1894,.T.);
#1894 = EDGE_LOOP('',(#1895,#1928,#1949,#1950));
#1895 = ORIENTED_EDGE('',*,*,#1896,.T.);
#1896 = EDGE_CURVE('',#1897,#1897,#1899,.T.);
#1897 = VERTEX_POINT('',#1898);
#1898 = CARTESIAN_POINT('',(4.,34.071067811865,5.));
#1899 = SURFACE_CURVE('',#1900,(#1905,#1912),.PCURVE_S1.);
#1900 = CIRCLE('',#1901,2.);
#1901 = AXIS2_PLACEMENT_3D('',#1902,#1903,#1904);
#1902 = CARTESIAN_POINT('',(4.,32.071067811865,5.));
#1903 = DIRECTION('',(-1.,0.,0.));
#1904 = DIRECTION('',(0.,1.,0.));
#1905 = PCURVE('',#1036,#1906);
#1906 = DEFINITIONAL_REPRESENTATION('',(#1907),#1911);
#1907 = LINE('',#1908,#1909);
#1908 = CARTESIAN_POINT('',(-6.28318530718,-5.));
#1909 = VECTOR('',#1910,1.);
#1910 = DIRECTION('',(1.,-0.));
#1911 = ( GEOMETRIC_REPRESENTATION_CONTEXT(2) 
PARAMETRIC_REPRESENTATION_CONTEXT() REPRESENTATION_CONTEXT('2D SPACE',''
  ) );
#1912 = PCURVE('',#1913,#1918);
#1913 = PLANE('',#1914);
#1914 = AXIS2_PLACEMENT_3D('',#1915,#1916,#1917);
#1915 = CARTESIAN_POINT('',(4.,32.071067811865,5.));
#1916 = DIRECTION('',(1.,0.,0.));
#1917 = DIRECTION('',(-0.,0.,1.));
#1918 = DEFINITIONAL_REPRESENTATION('',(#1919),#1927);
#1919 = ( BOUNDED_CURVE() B_SPLINE_CURVE(2,(#1920,#1921,#1922,#1923,
#1924,#1925,#1926),.UNSPECIFIED.,.T.,.F.) B_SPLINE_CURVE_WITH_KNOTS((1,2
    ,2,2,2,1),(-2.094395102393,0.,2.094395102393,4.188790204786,
6.28318530718,8.377580409573),.UNSPECIFIED.) CURVE() 
GEOMETRIC_REPRESENTATION_ITEM() RATIONAL_B_SPLINE_CURVE((1.,0.5,1.,0.5,
1.,0.5,1.)) REPRESENTATION_ITEM('') );
#1920 = CARTESIAN_POINT('',(0.,-2.));
#1921 = CARTESIAN_POINT('',(-3.464101615138,-2.));
#1922 = CARTESIAN_POINT('',(-1.732050807569,1.));
#1923 = CARTESIAN_POINT('',(-4.898587196589E-16,4.));
#1924 = CARTESIAN_POINT('',(1.732050807569,1.));
#1925 = CARTESIAN_POINT('',(3.464101615138,-2.));
#1926 = CARTESIAN_POINT('',(0.,-2.));
#1927 = ( GEOMETRIC_REPRESENTATION_CONTEXT(2) 
PARAMETRIC_REPRESENTATION_CONTEXT() REPRESENTATION_CONTEXT('2D SPACE',''
  ) );
#1928 = ORIENTED_EDGE('',*,*,#1929,.T.);
#1929 = EDGE_CURVE('',#1897,#1016,#1930,.T.);
#1930 = SEAM_CURVE('',#1931,(#1935,#1942),.PCURVE_S1.);
#1931 = LINE('',#1932,#1933);
#1932 = CARTESIAN_POINT('',(-1.,34.071067811865,5.));
#1933 = VECTOR('',#1934,1.);
#1934 = DIRECTION('',(1.,0.,0.));
#1935 = PCURVE('',#1036,#1936);
#1936 = DEFINITIONAL_REPRESENTATION('',(#1937),#1941);
#1937 = LINE('',#1938,#1939);
#1938 = CARTESIAN_POINT('',(-6.28318530718,0.));
#1939 = VECTOR('',#1940,1.);
#1940 = DIRECTION('',(-0.,-1.));
#1941 = ( GEOMETRIC_REPRESENTATION_CONTEXT(2) 
PARAMETRIC_REPRESENTATION_CONTEXT() REPRESENTATION_CONTEXT('2D SPACE',''
  ) );
#1942 = PCURVE('',#1036,#1943);
#1943 = DEFINITIONAL_REPRESENTATION('',(#1944),#1948);
#1944 = LINE('',#1945,#1946);
#1945 = CARTESIAN_POINT('',(-0.,0.));
#1946 = VECTOR('',#1947,1.);
#1947 = DIRECTION('',(-0.,-1.));
#1948 = ( GEOMETRIC_REPRESENTATION_CONTEXT(2) 
PARAMETRIC_REPRESENTATION_CONTEXT() REPRESENTATION_CONTEXT('2D SPACE',''
  ) );
#1949 = ORIENTED_EDGE('',*,*,#1015,.F.);
#1950 = ORIENTED_EDGE('',*,*,#1929,.F.);
#1951 = ADVANCED_FACE('',(#1952),#1125,.F.);
#1952 = FACE_BOUND('',#1953,.T.);
#1953 = EDGE_LOOP('',(#1954,#1955,#1978,#2000));
#1954 = ORIENTED_EDGE('',*,*,#1104,.T.);
#1955 = ORIENTED_EDGE('',*,*,#1956,.T.);
#1956 = EDGE_CURVE('',#1105,#1957,#1959,.T.);
#1957 = VERTEX_POINT('',#1958);
#1958 = CARTESIAN_POINT('',(4.,36.271067811865,5.));
#1959 = SEAM_CURVE('',#1960,(#1964,#1971),.PCURVE_S1.);
#1960 = LINE('',#1961,#1962);
#1961 = CARTESIAN_POINT('',(-1.,36.271067811865,5.));
#1962 = VECTOR('',#1963,1.);
#1963 = DIRECTION('',(1.,0.,0.));
#1964 = PCURVE('',#1125,#1965);
#1965 = DEFINITIONAL_REPRESENTATION('',(#1966),#1970);
#1966 = LINE('',#1967,#1968);
#1967 = CARTESIAN_POINT('',(-6.28318530718,0.));
#1968 = VECTOR('',#1969,1.);
#1969 = DIRECTION('',(-0.,-1.));
#1970 = ( GEOMETRIC_REPRESENTATION_CONTEXT(2) 
PARAMETRIC_REPRESENTATION_CONTEXT() REPRESENTATION_CONTEXT('2D SPACE',''
  ) );
#1971 = PCURVE('',#1125,#1972);
#1972 = DEFINITIONAL_REPRESENTATION('',(#1973),#1977);
#1973 = LINE('',#1974,#1975);
#1974 = CARTESIAN_POINT('',(-0.,0.));
#1975 = VECTOR('',#1976,1.);
#1976 = DIRECTION('',(-0.,-1.));
#1977 = ( GEOMETRIC_REPRESENTATION_CONTEXT(2) 
PARAMETRIC_REPRESENTATION_CONTEXT() REPRESENTATION_CONTEXT('2D SPACE',''
  ) );
#1978 = ORIENTED_EDGE('',*,*,#1979,.T.);
#1979 = EDGE_CURVE('',#1957,#1957,#1980,.T.);
#1980 = SURFACE_CURVE('',#1981,(#1986,#1993),.PCURVE_S1.);
#1981 = CIRCLE('',#1982,4.2);
#1982 = AXIS2_PLACEMENT_3D('',#1983,#1984,#1985);
#1983 = CARTESIAN_POINT('',(4.,32.071067811865,5.));
#1984 = DIRECTION('',(1.,0.,0.));
#1985 = DIRECTION('',(0.,1.,0.));
#1986 = PCURVE('',#1125,#1987);
#1987 = DEFINITIONAL_REPRESENTATION('',(#1988),#1992);
#1988 = LINE('',#1989,#1990);
#1989 = CARTESIAN_POINT('',(-0.,-5.));
#1990 = VECTOR('',#1991,1.);
#1991 = DIRECTION('',(-1.,0.));
#1992 = ( GEOMETRIC_REPRESENTATION_CONTEXT(2) 
PARAMETRIC_REPRESENTATION_CONTEXT() REPRESENTATION_CONTEXT('2D SPACE',''
  ) );
#1993 = PCURVE('',#1913,#1994);
#1994 = DEFINITIONAL_REPRESENTATION('',(#1995),#1999);
#1995 = CIRCLE('',#1996,4.2);
#1996 = AXIS2_PLACEMENT_2D('',#1997,#1998);
#1997 = CARTESIAN_POINT('',(0.,0.));
#1998 = DIRECTION('',(0.,-1.));
#1999 = ( GEOMETRIC_REPRESENTATION_CONTEXT(2) 
PARAMETRIC_REPRESENTATION_CONTEXT() REPRESENTATION_CONTEXT('2D SPACE',''
  ) );
#2000 = ORIENTED_EDGE('',*,*,#1956,.F.);
#2001 = ADVANCED_FACE('',(#2002),#1190,.T.);
#2002 = FACE_BOUND('',#2003,.T.);
#2003 = EDGE_LOOP('',(#2004,#2005,#2026,#2027));
#2004 = ORIENTED_EDGE('',*,*,#1777,.F.);
#2005 = ORIENTED_EDGE('',*,*,#2006,.T.);
#2006 = EDGE_CURVE('',#1755,#1176,#2007,.T.);
#2007 = SURFACE_CURVE('',#2008,(#2012,#2019),.PCURVE_S1.);
#2008 = LINE('',#2009,#2010);
#2009 = CARTESIAN_POINT('',(58.,34.178396294408,8.65));
#2010 = VECTOR('',#2011,1.);
#2011 = DIRECTION('',(1.,0.,0.));
#2012 = PCURVE('',#1190,#2013);
#2013 = DEFINITIONAL_REPRESENTATION('',(#2014),#2018);
#2014 = LINE('',#2015,#2016);
#2015 = CARTESIAN_POINT('',(0.,0.));
#2016 = VECTOR('',#2017,1.);
#2017 = DIRECTION('',(0.,-1.));
#2018 = ( GEOMETRIC_REPRESENTATION_CONTEXT(2) 
PARAMETRIC_REPRESENTATION_CONTEXT() REPRESENTATION_CONTEXT('2D SPACE',''
  ) );
#2019 = PCURVE('',#1216,#2020);
#2020 = DEFINITIONAL_REPRESENTATION('',(#2021),#2025);
#2021 = LINE('',#2022,#2023);
#2022 = CARTESIAN_POINT('',(4.214656965084,0.));
#2023 = VECTOR('',#2024,1.);
#2024 = DIRECTION('',(0.,-1.));
#2025 = ( GEOMETRIC_REPRESENTATION_CONTEXT(2) 
PARAMETRIC_REPRESENTATION_CONTEXT() REPRESENTATION_CONTEXT('2D SPACE',''
  ) );
#2026 = ORIENTED_EDGE('',*,*,#1173,.F.);
#2027 = ORIENTED_EDGE('',*,*,#2028,.F.);
#2028 = EDGE_CURVE('',#1778,#1174,#2029,.T.);
#2029 = SURFACE_CURVE('',#2030,(#2034,#2041),.PCURVE_S1.);
#2030 = LINE('',#2031,#2032);
#2031 = CARTESIAN_POINT('',(58.,29.963739329323,8.65));
#2032 = VECTOR('',#2033,1.);
#2033 = DIRECTION('',(1.,0.,0.));
#2034 = PCURVE('',#1190,#2035);
#2035 = DEFINITIONAL_REPRESENTATION('',(#2036),#2040);
#2036 = LINE('',#2037,#2038);
#2037 = CARTESIAN_POINT('',(4.214656965084,0.));
#2038 = VECTOR('',#2039,1.);
#2039 = DIRECTION('',(0.,-1.));
#2040 = ( GEOMETRIC_REPRESENTATION_CONTEXT(2) 
PARAMETRIC_REPRESENTATION_CONTEXT() REPRESENTATION_CONTEXT('2D SPACE',''
  ) );
#2041 = PCURVE('',#1318,#2042);
#2042 = DEFINITIONAL_REPRESENTATION('',(#2043),#2047);
#2043 = LINE('',#2044,#2045);
#2044 = CARTESIAN_POINT('',(0.,0.));
#2045 = VECTOR('',#2046,1.);
#2046 = DIRECTION('',(0.,-1.));
#2047 = ( GEOMETRIC_REPRESENTATION_CONTEXT(2) 
PARAMETRIC_REPRESENTATION_CONTEXT() REPRESENTATION_CONTEXT('2D SPACE',''
  ) );
#2048 = ADVANCED_FACE('',(#2049),#1318,.T.);
#2049 = FACE_BOUND('',#2050,.T.);
#2050 = EDGE_LOOP('',(#2051,#2052,#2053,#2054));
#2051 = ORIENTED_EDGE('',*,*,#1800,.F.);
#2052 = ORIENTED_EDGE('',*,*,#2028,.T.);
#2053 = ORIENTED_EDGE('',*,*,#1305,.F.);
#2054 = ORIENTED_EDGE('',*,*,#2055,.F.);
#2055 = EDGE_CURVE('',#1801,#1280,#2056,.T.);
#2056 = SURFACE_CURVE('',#2057,(#2061,#2068),.PCURVE_S1.);
#2057 = LINE('',#2058,#2059);
#2058 = CARTESIAN_POINT('',(58.,27.856410846781,5.));
#2059 = VECTOR('',#2060,1.);
#2060 = DIRECTION('',(1.,0.,0.));
#2061 = PCURVE('',#1318,#2062);
#2062 = DEFINITIONAL_REPRESENTATION('',(#2063),#2067);
#2063 = LINE('',#2064,#2065);
#2064 = CARTESIAN_POINT('',(4.214656965084,0.));
#2065 = VECTOR('',#2066,1.);
#2066 = DIRECTION('',(0.,-1.));
#2067 = ( GEOMETRIC_REPRESENTATION_CONTEXT(2) 
PARAMETRIC_REPRESENTATION_CONTEXT() REPRESENTATION_CONTEXT('2D SPACE',''
  ) );
#2068 = PCURVE('',#1294,#2069);
#2069 = DEFINITIONAL_REPRESENTATION('',(#2070),#2074);
#2070 = LINE('',#2071,#2072);
#2071 = CARTESIAN_POINT('',(0.,0.));
#2072 = VECTOR('',#2073,1.);
#2073 = DIRECTION('',(0.,-1.));
#2074 = ( GEOMETRIC_REPRESENTATION_CONTEXT(2) 
PARAMETRIC_REPRESENTATION_CONTEXT() REPRESENTATION_CONTEXT('2D SPACE',''
  ) );
#2075 = ADVANCED_FACE('',(#2076),#1294,.T.);
#2076 = FACE_BOUND('',#2077,.T.);
#2077 = EDGE_LOOP('',(#2078,#2079,#2080,#2081));
#2078 = ORIENTED_EDGE('',*,*,#1823,.F.);
#2079 = ORIENTED_EDGE('',*,*,#2055,.T.);
#2080 = ORIENTED_EDGE('',*,*,#1279,.F.);
#2081 = ORIENTED_EDGE('',*,*,#2082,.F.);
#2082 = EDGE_CURVE('',#1824,#1254,#2083,.T.);
#2083 = SURFACE_CURVE('',#2084,(#2088,#2095),.PCURVE_S1.);
#2084 = LINE('',#2085,#2086);
#2085 = CARTESIAN_POINT('',(58.,29.963739329323,1.35));
#2086 = VECTOR('',#2087,1.);
#2087 = DIRECTION('',(1.,0.,0.));
#2088 = PCURVE('',#1294,#2089);
#2089 = DEFINITIONAL_REPRESENTATION('',(#2090),#2094);
#2090 = LINE('',#2091,#2092);
#2091 = CARTESIAN_POINT('',(4.214656965084,0.));
#2092 = VECTOR('',#2093,1.);
#2093 = DIRECTION('',(0.,-1.));
#2094 = ( GEOMETRIC_REPRESENTATION_CONTEXT(2) 
PARAMETRIC_REPRESENTATION_CONTEXT() REPRESENTATION_CONTEXT('2D SPACE',''
  ) );
#2095 = PCURVE('',#1268,#2096);
#2096 = DEFINITIONAL_REPRESENTATION('',(#2097),#2101);
#2097 = LINE('',#2098,#2099);
#2098 = CARTESIAN_POINT('',(0.,0.));
#2099 = VECTOR('',#2100,1.);
#2100 = DIRECTION('',(0.,-1.));
#2101 = ( GEOMETRIC_REPRESENTATION_CONTEXT(2) 
PARAMETRIC_REPRESENTATION_CONTEXT() REPRESENTATION_CONTEXT('2D SPACE',''
  ) );
#2102 = ADVANCED_FACE('',(#2103),#1268,.T.);
#2103 = FACE_BOUND('',#2104,.T.);
#2104 = EDGE_LOOP('',(#2105,#2106,#2107,#2108));
#2105 = ORIENTED_EDGE('',*,*,#1846,.F.);
#2106 = ORIENTED_EDGE('',*,*,#2082,.T.);
#2107 = ORIENTED_EDGE('',*,*,#1253,.F.);
#2108 = ORIENTED_EDGE('',*,*,#2109,.F.);
#2109 = EDGE_CURVE('',#1847,#1228,#2110,.T.);
#2110 = SURFACE_CURVE('',#2111,(#2115,#2122),.PCURVE_S1.);
#2111 = LINE('',#2112,#2113);
#2112 = CARTESIAN_POINT('',(58.,34.178396294408,1.35));
#2113 = VECTOR('',#2114,1.);
#2114 = DIRECTION('',(1.,0.,0.));
#2115 = PCURVE('',#1268,#2116);
#2116 = DEFINITIONAL_REPRESENTATION('',(#2117),#2121);
#2117 = LINE('',#2118,#2119);
#2118 = CARTESIAN_POINT('',(4.214656965084,0.));
#2119 = VECTOR('',#2120,1.);
#2120 = DIRECTION('',(0.,-1.));
#2121 = ( GEOMETRIC_REPRESENTATION_CONTEXT(2) 
PARAMETRIC_REPRESENTATION_CONTEXT() REPRESENTATION_CONTEXT('2D SPACE',''
  ) );
#2122 = PCURVE('',#1242,#2123);
#2123 = DEFINITIONAL_REPRESENTATION('',(#2124),#2128);
#2124 = LINE('',#2125,#2126);
#2125 = CARTESIAN_POINT('',(0.,0.));
#2126 = VECTOR('',#2127,1.);
#2127 = DIRECTION('',(0.,-1.));
#2128 = ( GEOMETRIC_REPRESENTATION_CONTEXT(2) 
PARAMETRIC_REPRESENTATION_CONTEXT() REPRESENTATION_CONTEXT('2D SPACE',''
  ) );
#2129 = ADVANCED_FACE('',(#2130),#1242,.T.);
#2130 = FACE_BOUND('',#2131,.T.);
#2131 = EDGE_LOOP('',(#2132,#2133,#2134,#2135));
#2132 = ORIENTED_EDGE('',*,*,#1869,.F.);
#2133 = ORIENTED_EDGE('',*,*,#2109,.T.);
#2134 = ORIENTED_EDGE('',*,*,#1227,.F.);
#2135 = ORIENTED_EDGE('',*,*,#2136,.F.);
#2136 = EDGE_CURVE('',#1753,#1202,#2137,.T.);
#2137 = SURFACE_CURVE('',#2138,(#2142,#2149),.PCURVE_S1.);
#2138 = LINE('',#2139,#2140);
#2139 = CARTESIAN_POINT('',(58.,36.28572477695,5.));
#2140 = VECTOR('',#2141,1.);
#2141 = DIRECTION('',(1.,0.,0.));
#2142 = PCURVE('',#1242,#2143);
#2143 = DEFINITIONAL_REPRESENTATION('',(#2144),#2148);
#2144 = LINE('',#2145,#2146);
#2145 = CARTESIAN_POINT('',(4.214656965084,0.));
#2146 = VECTOR('',#2147,1.);
#2147 = DIRECTION('',(0.,-1.));
#2148 = ( GEOMETRIC_REPRESENTATION_CONTEXT(2) 
PARAMETRIC_REPRESENTATION_CONTEXT() REPRESENTATION_CONTEXT('2D SPACE',''
  ) );
#2149 = PCURVE('',#1216,#2150);
#2150 = DEFINITIONAL_REPRESENTATION('',(#2151),#2155);
#2151 = LINE('',#2152,#2153);
#2152 = CARTESIAN_POINT('',(0.,0.));
#2153 = VECTOR('',#2154,1.);
#2154 = DIRECTION('',(0.,-1.));
#2155 = ( GEOMETRIC_REPRESENTATION_CONTEXT(2) 
PARAMETRIC_REPRESENTATION_CONTEXT() REPRESENTATION_CONTEXT('2D SPACE',''
  ) );
#2156 = ADVANCED_FACE('',(#2157),#1216,.T.);
#2157 = FACE_BOUND('',#2158,.T.);
#2158 = EDGE_LOOP('',(#2159,#2160,#2161,#2162));
#2159 = ORIENTED_EDGE('',*,*,#1752,.F.);
#2160 = ORIENTED_EDGE('',*,*,#2136,.T.);
#2161 = ORIENTED_EDGE('',*,*,#1201,.F.);
#2162 = ORIENTED_EDGE('',*,*,#2006,.F.);
#2163 = ADVANCED_FACE('',(#2164,#2167),#1349,.F.);
#2164 = FACE_BOUND('',#2165,.F.);
#2165 = EDGE_LOOP('',(#2166));
#2166 = ORIENTED_EDGE('',*,*,#1332,.T.);
#2167 = FACE_BOUND('',#2168,.F.);
#2168 = EDGE_LOOP('',(#2169));
#2169 = ORIENTED_EDGE('',*,*,#1552,.F.);
#2170 = ADVANCED_FACE('',(#2171,#2174),#1404,.F.);
#2171 = FACE_BOUND('',#2172,.F.);
#2172 = EDGE_LOOP('',(#2173));
#2173 = ORIENTED_EDGE('',*,*,#1387,.T.);
#2174 = FACE_BOUND('',#2175,.F.);
#2175 = EDGE_LOOP('',(#2176));
#2176 = ORIENTED_EDGE('',*,*,#1602,.F.);
#2177 = ADVANCED_FACE('',(#2178,#2181),#1459,.F.);
#2178 = FACE_BOUND('',#2179,.F.);
#2179 = EDGE_LOOP('',(#2180));
#2180 = ORIENTED_EDGE('',*,*,#1442,.T.);
#2181 = FACE_BOUND('',#2182,.F.);
#2182 = EDGE_LOOP('',(#2183));
#2183 = ORIENTED_EDGE('',*,*,#1652,.F.);
#2184 = ADVANCED_FACE('',(#2185,#2188),#1514,.F.);
#2185 = FACE_BOUND('',#2186,.F.);
#2186 = EDGE_LOOP('',(#2187));
#2187 = ORIENTED_EDGE('',*,*,#1497,.T.);
#2188 = FACE_BOUND('',#2189,.F.);
#2189 = EDGE_LOOP('',(#2190));
#2190 = ORIENTED_EDGE('',*,*,#1702,.F.);
#2191 = ADVANCED_FACE('',(#2192,#2195),#1913,.F.);
#2192 = FACE_BOUND('',#2193,.F.);
#2193 = EDGE_LOOP('',(#2194));
#2194 = ORIENTED_EDGE('',*,*,#1979,.T.);
#2195 = FACE_BOUND('',#2196,.F.);
#2196 = EDGE_LOOP('',(#2197));
#2197 = ORIENTED_EDGE('',*,*,#1896,.T.);
#2198 = ( GEOMETRIC_REPRESENTATION_CONTEXT(3) 
GLOBAL_UNCERTAINTY_ASSIGNED_CONTEXT((#2202)) 
GLOBAL_UNIT_ASSIGNED_CONTEXT((#2199,#2200,#2201)) REPRESENTATION_CONTEXT
('Context #1','3D Context with UNIT and UNCERTAINTY') );
#2199 = ( LENGTH_UNIT() NAMED_UNIT(*) SI_UNIT(.MILLI.,.METRE.) );
#2200 = ( NAMED_UNIT(*) PLANE_ANGLE_UNIT() SI_UNIT($,.RADIAN.) );
#2201 = ( NAMED_UNIT(*) SI_UNIT($,.STERADIAN.) SOLID_ANGLE_UNIT() );
#2202 = UNCERTAINTY_MEASURE_WITH_UNIT(LENGTH_MEASURE(1.E-07),#2199,
  'distance_accuracy_value','confusion accuracy');
#2203 = CONTEXT_DEPENDENT_SHAPE_REPRESENTATION(#2204,#2206);
#2204 = ( REPRESENTATION_RELATIONSHIP('','',#83,#60) 
REPRESENTATION_RELATIONSHIP_WITH_TRANSFORMATION(#2205) 
SHAPE_REPRESENTATION_RELATIONSHIP() );
#2205 = ITEM_DEFINED_TRANSFORMATION('','',#11,#61);
#2206 = PRODUCT_DEFINITION_SHAPE('Placement','Placement of an item',
  #2207);
#2207 = NEXT_ASSEMBLY_USAGE_OCCURRENCE('1','','',#55,#78,$);
#2208 = PRODUCT_RELATED_PRODUCT_CATEGORY('part',$,(#80));
#2209 = SHAPE_DEFINITION_REPRESENTATION(#2210,#2216);
#2210 = PRODUCT_DEFINITION_SHAPE('','',#2211);
#2211 = PRODUCT_DEFINITION('design','',#2212,#2215);
#2212 = PRODUCT_DEFINITION_FORMATION('','',#2213);
#2213 = PRODUCT('link1','link1','',(#2214));
#2214 = PRODUCT_CONTEXT('',#2,'mechanical');
#2215 = PRODUCT_DEFINITION_CONTEXT('part definition',#2,'design');
#2216 = SHAPE_REPRESENTATION('',(#11,#2217),#2221);
#2217 = AXIS2_PLACEMENT_3D('',#2218,#2219,#2220);
#2218 = CARTESIAN_POINT('',(0.,0.,0.));
#2219 = DIRECTION('',(0.,0.,1.));
#2220 = DIRECTION('',(1.,0.,-0.));
#2221 = ( GEOMETRIC_REPRESENTATION_CONTEXT(3) 
GLOBAL_UNCERTAINTY_ASSIGNED_CONTEXT((#2225)) 
GLOBAL_UNIT_ASSIGNED_CONTEXT((#2222,#2223,#2224)) REPRESENTATION_CONTEXT
('Context #1','3D Context with UNIT and UNCERTAINTY') );
#2222 = ( LENGTH_UNIT() NAMED_UNIT(*) SI_UNIT(.MILLI.,.METRE.) );
#2223 = ( NAMED_UNIT(*) PLANE_ANGLE_UNIT() SI_UNIT($,.RADIAN.) );
#2224 = ( NAMED_UNIT(*) SI_UNIT($,.STERADIAN.) SOLID_ANGLE_UNIT() );
#2225 = UNCERTAINTY_MEASURE_WITH_UNIT(LENGTH_MEASURE(1.E-07),#2222,
  'distance_accuracy_value','confusion accuracy');
#2226 = CONTEXT_DEPENDENT_SHAPE_REPRESENTATION(#2227,#2229);
#2227 = ( REPRESENTATION_RELATIONSHIP('','',#2216,#10) 
REPRESENTATION_RELATIONSHIP_WITH_TRANSFORMATION(#2228) 
SHAPE_REPRESENTATION_RELATIONSHIP() );
#2228 = ITEM_DEFINED_TRANSFORMATION('','',#11,#19);
#2229 = PRODUCT_DEFINITION_SHAPE('Placement','Placement of an item',
  #2230);
#2230 = NEXT_ASSEMBLY_USAGE_OCCURRENCE('4','','',#5,#2211,$);
#2231 = PRODUCT_RELATED_PRODUCT_CATEGORY('part',$,(#2213));
#2232 = SHAPE_DEFINITION_REPRESENTATION(#2233,#2239);
#2233 = PRODUCT_DEFINITION_SHAPE('','',#2234);
#2234 = PRODUCT_DEFINITION('design','',#2235,#2238);
#2235 = PRODUCT_DEFINITION_FORMATION('','',#2236);
#2236 = PRODUCT('link1_part','link1_part','',(#2237));
#2237 = PRODUCT_CONTEXT('',#2,'mechanical');
#2238 = PRODUCT_DEFINITION_CONTEXT('part definition',#2,'design');
#2239 = ADVANCED_BREP_SHAPE_REPRESENTATION('',(#11,#2240),#4678);
#2240 = MANIFOLD_SOLID_BREP('',#2241);
#2241 = CLOSED_SHELL('',(#2242,#2397,#2473,#2976,#3399,#3426,#3485,#3547
    ,#3574,#3636,#3663,#3725,#3752,#3809,#3836,#4013,#4060,#4087,#4114,
    #4141,#4168,#4195,#4222,#4229,#4373,#4432,#4482,#4509,#4556,#4583,
    #4610,#4637,#4664,#4671));
#2242 = ADVANCED_FACE('',(#2243,#2362),#2257,.F.);
#2243 = FACE_BOUND('',#2244,.F.);
#2244 = EDGE_LOOP('',(#2245,#2280,#2308,#2336));
#2245 = ORIENTED_EDGE('',*,*,#2246,.F.);
#2246 = EDGE_CURVE('',#2247,#2249,#2251,.T.);
#2247 = VERTEX_POINT('',#2248);
#2248 = CARTESIAN_POINT('',(50.,103.13065442583,-140.5902271096));
#2249 = VERTEX_POINT('',#2250);
#2250 = CARTESIAN_POINT('',(50.,111.97771324936,-135.9287305502));
#2251 = SURFACE_CURVE('',#2252,(#2256,#2268),.PCURVE_S1.);
#2252 = LINE('',#2253,#2254);
#2253 = CARTESIAN_POINT('',(50.,103.13065442583,-140.5902271096));
#2254 = VECTOR('',#2255,1.);
#2255 = DIRECTION('',(0.,0.884705882353,0.466149655937));
#2256 = PCURVE('',#2257,#2262);
#2257 = PLANE('',#2258);
#2258 = AXIS2_PLACEMENT_3D('',#2259,#2260,#2261);
#2259 = CARTESIAN_POINT('',(50.,103.13065442583,-140.5902271096));
#2260 = DIRECTION('',(1.,0.,0.));
#2261 = DIRECTION('',(0.,0.884705882353,0.466149655937));
#2262 = DEFINITIONAL_REPRESENTATION('',(#2263),#2267);
#2263 = LINE('',#2264,#2265);
#2264 = CARTESIAN_POINT('',(0.,0.));
#2265 = VECTOR('',#2266,1.);
#2266 = DIRECTION('',(1.,0.));
#2267 = ( GEOMETRIC_REPRESENTATION_CONTEXT(2) 
PARAMETRIC_REPRESENTATION_CONTEXT() REPRESENTATION_CONTEXT('2D SPACE',''
  ) );
#2268 = PCURVE('',#2269,#2274);
#2269 = PLANE('',#2270);
#2270 = AXIS2_PLACEMENT_3D('',#2271,#2272,#2273);
#2271 = CARTESIAN_POINT('',(0.,103.13065442583,-140.5902271096));
#2272 = DIRECTION('',(0.,0.466149655937,-0.884705882353));
#2273 = DIRECTION('',(0.,0.884705882353,0.466149655937));
#2274 = DEFINITIONAL_REPRESENTATION('',(#2275),#2279);
#2275 = LINE('',#2276,#2277);
#2276 = CARTESIAN_POINT('',(0.,50.));
#2277 = VECTOR('',#2278,1.);
#2278 = DIRECTION('',(1.,0.));
#2279 = ( GEOMETRIC_REPRESENTATION_CONTEXT(2) 
PARAMETRIC_REPRESENTATION_CONTEXT() REPRESENTATION_CONTEXT('2D SPACE',''
  ) );
#2280 = ORIENTED_EDGE('',*,*,#2281,.T.);
#2281 = EDGE_CURVE('',#2247,#2282,#2284,.T.);
#2282 = VERTEX_POINT('',#2283);
#2283 = CARTESIAN_POINT('',(50.,109.22372818906,-152.1542776914));
#2284 = SURFACE_CURVE('',#2285,(#2289,#2296),.PCURVE_S1.);
#2285 = LINE('',#2286,#2287);
#2286 = CARTESIAN_POINT('',(50.,103.13065442583,-140.5902271096));
#2287 = VECTOR('',#2288,1.);
#2288 = DIRECTION('',(0.,0.466149655937,-0.884705882353));
#2289 = PCURVE('',#2257,#2290);
#2290 = DEFINITIONAL_REPRESENTATION('',(#2291),#2295);
#2291 = LINE('',#2292,#2293);
#2292 = CARTESIAN_POINT('',(0.,0.));
#2293 = VECTOR('',#2294,1.);
#2294 = DIRECTION('',(0.,-1.));
#2295 = ( GEOMETRIC_REPRESENTATION_CONTEXT(2) 
PARAMETRIC_REPRESENTATION_CONTEXT() REPRESENTATION_CONTEXT('2D SPACE',''
  ) );
#2296 = PCURVE('',#2297,#2302);
#2297 = PLANE('',#2298);
#2298 = AXIS2_PLACEMENT_3D('',#2299,#2300,#2301);
#2299 = CARTESIAN_POINT('',(50.,103.13065442583,-140.5902271096));
#2300 = DIRECTION('',(0.,0.884705882353,0.466149655937));
#2301 = DIRECTION('',(1.,0.,0.));
#2302 = DEFINITIONAL_REPRESENTATION('',(#2303),#2307);
#2303 = LINE('',#2304,#2305);
#2304 = CARTESIAN_POINT('',(0.,0.));
#2305 = VECTOR('',#2306,1.);
#2306 = DIRECTION('',(0.,1.));
#2307 = ( GEOMETRIC_REPRESENTATION_CONTEXT(2) 
PARAMETRIC_REPRESENTATION_CONTEXT() REPRESENTATION_CONTEXT('2D SPACE',''
  ) );
#2308 = ORIENTED_EDGE('',*,*,#2309,.T.);
#2309 = EDGE_CURVE('',#2282,#2310,#2312,.T.);
#2310 = VERTEX_POINT('',#2311);
#2311 = CARTESIAN_POINT('',(50.,118.07078701259,-147.492781132));
#2312 = SURFACE_CURVE('',#2313,(#2317,#2324),.PCURVE_S1.);
#2313 = LINE('',#2314,#2315);
#2314 = CARTESIAN_POINT('',(50.,109.22372818906,-152.1542776914));
#2315 = VECTOR('',#2316,1.);
#2316 = DIRECTION('',(0.,0.884705882353,0.466149655937));
#2317 = PCURVE('',#2257,#2318);
#2318 = DEFINITIONAL_REPRESENTATION('',(#2319),#2323);
#2319 = LINE('',#2320,#2321);
#2320 = CARTESIAN_POINT('',(0.,-13.07106781186));
#2321 = VECTOR('',#2322,1.);
#2322 = DIRECTION('',(1.,0.));
#2323 = ( GEOMETRIC_REPRESENTATION_CONTEXT(2) 
PARAMETRIC_REPRESENTATION_CONTEXT() REPRESENTATION_CONTEXT('2D SPACE',''
  ) );
#2324 = PCURVE('',#2325,#2330);
#2325 = PLANE('',#2326);
#2326 = AXIS2_PLACEMENT_3D('',#2327,#2328,#2329);
#2327 = CARTESIAN_POINT('',(50.,109.22372818906,-152.1542776914));
#2328 = DIRECTION('',(0.,0.466149655937,-0.884705882353));
#2329 = DIRECTION('',(0.,0.884705882353,0.466149655937));
#2330 = DEFINITIONAL_REPRESENTATION('',(#2331),#2335);
#2331 = LINE('',#2332,#2333);
#2332 = CARTESIAN_POINT('',(0.,0.));
#2333 = VECTOR('',#2334,1.);
#2334 = DIRECTION('',(1.,0.));
#2335 = ( GEOMETRIC_REPRESENTATION_CONTEXT(2) 
PARAMETRIC_REPRESENTATION_CONTEXT() REPRESENTATION_CONTEXT('2D SPACE',''
  ) );
#2336 = ORIENTED_EDGE('',*,*,#2337,.F.);
#2337 = EDGE_CURVE('',#2249,#2310,#2338,.T.);
#2338 = SURFACE_CURVE('',#2339,(#2343,#2350),.PCURVE_S1.);
#2339 = LINE('',#2340,#2341);
#2340 = CARTESIAN_POINT('',(50.,111.97771324936,-135.9287305502));
#2341 = VECTOR('',#2342,1.);
#2342 = DIRECTION('',(0.,0.466149655937,-0.884705882353));
#2343 = PCURVE('',#2257,#2344);
#2344 = DEFINITIONAL_REPRESENTATION('',(#2345),#2349);
#2345 = LINE('',#2346,#2347);
#2346 = CARTESIAN_POINT('',(10.,-1.7763568394E-15));
#2347 = VECTOR('',#2348,1.);
#2348 = DIRECTION('',(0.,-1.));
#2349 = ( GEOMETRIC_REPRESENTATION_CONTEXT(2) 
PARAMETRIC_REPRESENTATION_CONTEXT() REPRESENTATION_CONTEXT('2D SPACE',''
  ) );
#2350 = PCURVE('',#2351,#2356);
#2351 = PLANE('',#2352);
#2352 = AXIS2_PLACEMENT_3D('',#2353,#2354,#2355);
#2353 = CARTESIAN_POINT('',(50.,111.97771324936,-135.9287305502));
#2354 = DIRECTION('',(0.,0.884705882353,0.466149655937));
#2355 = DIRECTION('',(1.,0.,0.));
#2356 = DEFINITIONAL_REPRESENTATION('',(#2357),#2361);
#2357 = LINE('',#2358,#2359);
#2358 = CARTESIAN_POINT('',(0.,0.));
#2359 = VECTOR('',#2360,1.);
#2360 = DIRECTION('',(0.,1.));
#2361 = ( GEOMETRIC_REPRESENTATION_CONTEXT(2) 
PARAMETRIC_REPRESENTATION_CONTEXT() REPRESENTATION_CONTEXT('2D SPACE',''
  ) );
#2362 = FACE_BOUND('',#2363,.F.);
#2363 = EDGE_LOOP('',(#2364));
#2364 = ORIENTED_EDGE('',*,*,#2365,.T.);
#2365 = EDGE_CURVE('',#2366,#2366,#2368,.T.);
#2366 = VERTEX_POINT('',#2367);
#2367 = CARTESIAN_POINT('',(50.,112.24880863301,-147.1694117647));
#2368 = SURFACE_CURVE('',#2369,(#2374,#2385),.PCURVE_S1.);
#2369 = CIRCLE('',#2370,2.);
#2370 = AXIS2_PLACEMENT_3D('',#2371,#2372,#2373);
#2371 = CARTESIAN_POINT('',(50.,111.31650932114,-145.4));
#2372 = DIRECTION('',(-1.,0.,-0.));
#2373 = DIRECTION('',(0.,0.466149655937,-0.884705882353));
#2374 = PCURVE('',#2257,#2375);
#2375 = DEFINITIONAL_REPRESENTATION('',(#2376),#2384);
#2376 = ( BOUNDED_CURVE() B_SPLINE_CURVE(2,(#2377,#2378,#2379,#2380,
#2381,#2382,#2383),.UNSPECIFIED.,.T.,.F.) B_SPLINE_CURVE_WITH_KNOTS((1,2
    ,2,2,2,1),(-2.094395102393,0.,2.094395102393,4.188790204786,
6.28318530718,8.377580409573),.UNSPECIFIED.) CURVE() 
GEOMETRIC_REPRESENTATION_ITEM() RATIONAL_B_SPLINE_CURVE((1.,0.5,1.,0.5,
1.,0.5,1.)) REPRESENTATION_ITEM('') );
#2377 = CARTESIAN_POINT('',(5.,-10.07106781186));
#2378 = CARTESIAN_POINT('',(1.535898384862,-10.07106781186));
#2379 = CARTESIAN_POINT('',(3.267949192431,-7.071067811865));
#2380 = CARTESIAN_POINT('',(5.,-4.071067811865));
#2381 = CARTESIAN_POINT('',(6.732050807569,-7.071067811865));
#2382 = CARTESIAN_POINT('',(8.464101615138,-10.07106781186));
#2383 = CARTESIAN_POINT('',(5.,-10.07106781186));
#2384 = ( GEOMETRIC_REPRESENTATION_CONTEXT(2) 
PARAMETRIC_REPRESENTATION_CONTEXT() REPRESENTATION_CONTEXT('2D SPACE',''
  ) );
#2385 = PCURVE('',#2386,#2391);
#2386 = CYLINDRICAL_SURFACE('',#2387,2.);
#2387 = AXIS2_PLACEMENT_3D('',#2388,#2389,#2390);
#2388 = CARTESIAN_POINT('',(-1.,111.31650932114,-145.4));
#2389 = DIRECTION('',(-1.,-0.,0.));
#2390 = DIRECTION('',(0.,0.466149655937,-0.884705882353));
#2391 = DEFINITIONAL_REPRESENTATION('',(#2392),#2396);
#2392 = LINE('',#2393,#2394);
#2393 = CARTESIAN_POINT('',(-6.28318530718,-51.));
#2394 = VECTOR('',#2395,1.);
#2395 = DIRECTION('',(1.,-0.));
#2396 = ( GEOMETRIC_REPRESENTATION_CONTEXT(2) 
PARAMETRIC_REPRESENTATION_CONTEXT() REPRESENTATION_CONTEXT('2D SPACE',''
  ) );
#2397 = ADVANCED_FACE('',(#2398),#2269,.T.);
#2398 = FACE_BOUND('',#2399,.T.);
#2399 = EDGE_LOOP('',(#2400,#2423,#2451,#2472));
#2400 = ORIENTED_EDGE('',*,*,#2401,.F.);
#2401 = EDGE_CURVE('',#2402,#2247,#2404,.T.);
#2402 = VERTEX_POINT('',#2403);
#2403 = CARTESIAN_POINT('',(15.,103.13065442583,-140.5902271096));
#2404 = SURFACE_CURVE('',#2405,(#2409,#2416),.PCURVE_S1.);
#2405 = LINE('',#2406,#2407);
#2406 = CARTESIAN_POINT('',(0.,103.13065442583,-140.5902271096));
#2407 = VECTOR('',#2408,1.);
#2408 = DIRECTION('',(1.,0.,0.));
#2409 = PCURVE('',#2269,#2410);
#2410 = DEFINITIONAL_REPRESENTATION('',(#2411),#2415);
#2411 = LINE('',#2412,#2413);
#2412 = CARTESIAN_POINT('',(0.,0.));
#2413 = VECTOR('',#2414,1.);
#2414 = DIRECTION('',(0.,1.));
#2415 = ( GEOMETRIC_REPRESENTATION_CONTEXT(2) 
PARAMETRIC_REPRESENTATION_CONTEXT() REPRESENTATION_CONTEXT('2D SPACE',''
  ) );
#2416 = PCURVE('',#2297,#2417);
#2417 = DEFINITIONAL_REPRESENTATION('',(#2418),#2422);
#2418 = LINE('',#2419,#2420);
#2419 = CARTESIAN_POINT('',(-50.,0.));
#2420 = VECTOR('',#2421,1.);
#2421 = DIRECTION('',(1.,0.));
#2422 = ( GEOMETRIC_REPRESENTATION_CONTEXT(2) 
PARAMETRIC_REPRESENTATION_CONTEXT() REPRESENTATION_CONTEXT('2D SPACE',''
  ) );
#2423 = ORIENTED_EDGE('',*,*,#2424,.T.);
#2424 = EDGE_CURVE('',#2402,#2425,#2427,.T.);
#2425 = VERTEX_POINT('',#2426);
#2426 = CARTESIAN_POINT('',(15.,111.97771324936,-135.9287305502));
#2427 = SURFACE_CURVE('',#2428,(#2432,#2439),.PCURVE_S1.);
#2428 = LINE('',#2429,#2430);
#2429 = CARTESIAN_POINT('',(15.,103.13065442583,-140.5902271096));
#2430 = VECTOR('',#2431,1.);
#2431 = DIRECTION('',(0.,0.884705882353,0.466149655937));
#2432 = PCURVE('',#2269,#2433);
#2433 = DEFINITIONAL_REPRESENTATION('',(#2434),#2438);
#2434 = LINE('',#2435,#2436);
#2435 = CARTESIAN_POINT('',(0.,15.));
#2436 = VECTOR('',#2437,1.);
#2437 = DIRECTION('',(1.,0.));
#2438 = ( GEOMETRIC_REPRESENTATION_CONTEXT(2) 
PARAMETRIC_REPRESENTATION_CONTEXT() REPRESENTATION_CONTEXT('2D SPACE',''
  ) );
#2439 = PCURVE('',#2440,#2445);
#2440 = PLANE('',#2441);
#2441 = AXIS2_PLACEMENT_3D('',#2442,#2443,#2444);
#2442 = CARTESIAN_POINT('',(15.,103.13065442583,-140.5902271096));
#2443 = DIRECTION('',(1.,0.,0.));
#2444 = DIRECTION('',(0.,0.884705882353,0.466149655937));
#2445 = DEFINITIONAL_REPRESENTATION('',(#2446),#2450);
#2446 = LINE('',#2447,#2448);
#2447 = CARTESIAN_POINT('',(0.,0.));
#2448 = VECTOR('',#2449,1.);
#2449 = DIRECTION('',(1.,0.));
#2450 = ( GEOMETRIC_REPRESENTATION_CONTEXT(2) 
PARAMETRIC_REPRESENTATION_CONTEXT() REPRESENTATION_CONTEXT('2D SPACE',''
  ) );
#2451 = ORIENTED_EDGE('',*,*,#2452,.T.);
#2452 = EDGE_CURVE('',#2425,#2249,#2453,.T.);
#2453 = SURFACE_CURVE('',#2454,(#2458,#2465),.PCURVE_S1.);
#2454 = LINE('',#2455,#2456);
#2455 = CARTESIAN_POINT('',(0.,111.97771324936,-135.9287305502));
#2456 = VECTOR('',#2457,1.);
#2457 = DIRECTION('',(1.,0.,0.));
#2458 = PCURVE('',#2269,#2459);
#2459 = DEFINITIONAL_REPRESENTATION('',(#2460),#2464);
#2460 = LINE('',#2461,#2462);
#2461 = CARTESIAN_POINT('',(10.,0.));
#2462 = VECTOR('',#2463,1.);
#2463 = DIRECTION('',(0.,1.));
#2464 = ( GEOMETRIC_REPRESENTATION_CONTEXT(2) 
PARAMETRIC_REPRESENTATION_CONTEXT() REPRESENTATION_CONTEXT('2D SPACE',''
  ) );
#2465 = PCURVE('',#2351,#2466);
#2466 = DEFINITIONAL_REPRESENTATION('',(#2467),#2471);
#2467 = LINE('',#2468,#2469);
#2468 = CARTESIAN_POINT('',(-50.,0.));
#2469 = VECTOR('',#2470,1.);
#2470 = DIRECTION('',(1.,0.));
#2471 = ( GEOMETRIC_REPRESENTATION_CONTEXT(2) 
PARAMETRIC_REPRESENTATION_CONTEXT() REPRESENTATION_CONTEXT('2D SPACE',''
  ) );
#2472 = ORIENTED_EDGE('',*,*,#2246,.F.);
#2473 = ADVANCED_FACE('',(#2474,#2746),#2351,.T.);
#2474 = FACE_BOUND('',#2475,.T.);
#2475 = EDGE_LOOP('',(#2476,#2477,#2478,#2501,#2529,#2557,#2585,#2613,
    #2641,#2669,#2697,#2725));
#2476 = ORIENTED_EDGE('',*,*,#2337,.F.);
#2477 = ORIENTED_EDGE('',*,*,#2452,.F.);
#2478 = ORIENTED_EDGE('',*,*,#2479,.T.);
#2479 = EDGE_CURVE('',#2425,#2480,#2482,.T.);
#2480 = VERTEX_POINT('',#2481);
#2481 = CARTESIAN_POINT('',(15.,118.07078701259,-147.492781132));
#2482 = SURFACE_CURVE('',#2483,(#2487,#2494),.PCURVE_S1.);
#2483 = LINE('',#2484,#2485);
#2484 = CARTESIAN_POINT('',(15.,111.97771324936,-135.9287305502));
#2485 = VECTOR('',#2486,1.);
#2486 = DIRECTION('',(0.,0.466149655937,-0.884705882353));
#2487 = PCURVE('',#2351,#2488);
#2488 = DEFINITIONAL_REPRESENTATION('',(#2489),#2493);
#2489 = LINE('',#2490,#2491);
#2490 = CARTESIAN_POINT('',(-35.,0.));
#2491 = VECTOR('',#2492,1.);
#2492 = DIRECTION('',(0.,1.));
#2493 = ( GEOMETRIC_REPRESENTATION_CONTEXT(2) 
PARAMETRIC_REPRESENTATION_CONTEXT() REPRESENTATION_CONTEXT('2D SPACE',''
  ) );
#2494 = PCURVE('',#2440,#2495);
#2495 = DEFINITIONAL_REPRESENTATION('',(#2496),#2500);
#2496 = LINE('',#2497,#2498);
#2497 = CARTESIAN_POINT('',(10.,-1.7763568394E-15));
#2498 = VECTOR('',#2499,1.);
#2499 = DIRECTION('',(0.,-1.));
#2500 = ( GEOMETRIC_REPRESENTATION_CONTEXT(2) 
PARAMETRIC_REPRESENTATION_CONTEXT() REPRESENTATION_CONTEXT('2D SPACE',''
  ) );
#2501 = ORIENTED_EDGE('',*,*,#2502,.F.);
#2502 = EDGE_CURVE('',#2503,#2480,#2505,.T.);
#2503 = VERTEX_POINT('',#2504);
#2504 = CARTESIAN_POINT('',(0.,118.07078701259,-147.492781132));
#2505 = SURFACE_CURVE('',#2506,(#2510,#2517),.PCURVE_S1.);
#2506 = LINE('',#2507,#2508);
#2507 = CARTESIAN_POINT('',(0.,118.07078701259,-147.492781132));
#2508 = VECTOR('',#2509,1.);
#2509 = DIRECTION('',(1.,0.,0.));
#2510 = PCURVE('',#2351,#2511);
#2511 = DEFINITIONAL_REPRESENTATION('',(#2512),#2516);
#2512 = LINE('',#2513,#2514);
#2513 = CARTESIAN_POINT('',(-50.,13.071067811865));
#2514 = VECTOR('',#2515,1.);
#2515 = DIRECTION('',(1.,0.));
#2516 = ( GEOMETRIC_REPRESENTATION_CONTEXT(2) 
PARAMETRIC_REPRESENTATION_CONTEXT() REPRESENTATION_CONTEXT('2D SPACE',''
  ) );
#2517 = PCURVE('',#2518,#2523);
#2518 = PLANE('',#2519);
#2519 = AXIS2_PLACEMENT_3D('',#2520,#2521,#2522);
#2520 = CARTESIAN_POINT('',(0.,109.22372818906,-152.1542776914));
#2521 = DIRECTION('',(0.,0.466149655937,-0.884705882353));
#2522 = DIRECTION('',(0.,0.884705882353,0.466149655937));
#2523 = DEFINITIONAL_REPRESENTATION('',(#2524),#2528);
#2524 = LINE('',#2525,#2526);
#2525 = CARTESIAN_POINT('',(10.,0.));
#2526 = VECTOR('',#2527,1.);
#2527 = DIRECTION('',(0.,1.));
#2528 = ( GEOMETRIC_REPRESENTATION_CONTEXT(2) 
PARAMETRIC_REPRESENTATION_CONTEXT() REPRESENTATION_CONTEXT('2D SPACE',''
  ) );
#2529 = ORIENTED_EDGE('',*,*,#2530,.F.);
#2530 = EDGE_CURVE('',#2531,#2503,#2533,.T.);
#2531 = VERTEX_POINT('',#2532);
#2532 = CARTESIAN_POINT('',(0.,40.256922707175,0.190227109658));
#2533 = SURFACE_CURVE('',#2534,(#2538,#2545),.PCURVE_S1.);
#2534 = LINE('',#2535,#2536);
#2535 = CARTESIAN_POINT('',(0.,40.256922707175,0.190227109658));
#2536 = VECTOR('',#2537,1.);
#2537 = DIRECTION('',(0.,0.466149655937,-0.884705882353));
#2538 = PCURVE('',#2351,#2539);
#2539 = DEFINITIONAL_REPRESENTATION('',(#2540),#2544);
#2540 = LINE('',#2541,#2542);
#2541 = CARTESIAN_POINT('',(-50.,-153.8578643762));
#2542 = VECTOR('',#2543,1.);
#2543 = DIRECTION('',(0.,1.));
#2544 = ( GEOMETRIC_REPRESENTATION_CONTEXT(2) 
PARAMETRIC_REPRESENTATION_CONTEXT() REPRESENTATION_CONTEXT('2D SPACE',''
  ) );
#2545 = PCURVE('',#2546,#2551);
#2546 = PLANE('',#2547);
#2547 = AXIS2_PLACEMENT_3D('',#2548,#2549,#2550);
#2548 = CARTESIAN_POINT('',(0.,103.13065442583,-140.5902271096));
#2549 = DIRECTION('',(1.,0.,0.));
#2550 = DIRECTION('',(0.,0.884705882353,0.466149655937));
#2551 = DEFINITIONAL_REPRESENTATION('',(#2552),#2556);
#2552 = LINE('',#2553,#2554);
#2553 = CARTESIAN_POINT('',(10.,153.85786437626));
#2554 = VECTOR('',#2555,1.);
#2555 = DIRECTION('',(0.,-1.));
#2556 = ( GEOMETRIC_REPRESENTATION_CONTEXT(2) 
PARAMETRIC_REPRESENTATION_CONTEXT() REPRESENTATION_CONTEXT('2D SPACE',''
  ) );
#2557 = ORIENTED_EDGE('',*,*,#2558,.T.);
#2558 = EDGE_CURVE('',#2531,#2559,#2561,.T.);
#2559 = VERTEX_POINT('',#2560);
#2560 = CARTESIAN_POINT('',(15.2,40.256922707175,0.190227109658));
#2561 = SURFACE_CURVE('',#2562,(#2566,#2573),.PCURVE_S1.);
#2562 = LINE('',#2563,#2564);
#2563 = CARTESIAN_POINT('',(0.,40.256922707175,0.190227109658));
#2564 = VECTOR('',#2565,1.);
#2565 = DIRECTION('',(1.,0.,0.));
#2566 = PCURVE('',#2351,#2567);
#2567 = DEFINITIONAL_REPRESENTATION('',(#2568),#2572);
#2568 = LINE('',#2569,#2570);
#2569 = CARTESIAN_POINT('',(-50.,-153.8578643762));
#2570 = VECTOR('',#2571,1.);
#2571 = DIRECTION('',(1.,0.));
#2572 = ( GEOMETRIC_REPRESENTATION_CONTEXT(2) 
PARAMETRIC_REPRESENTATION_CONTEXT() REPRESENTATION_CONTEXT('2D SPACE',''
  ) );
#2573 = PCURVE('',#2574,#2579);
#2574 = PLANE('',#2575);
#2575 = AXIS2_PLACEMENT_3D('',#2576,#2577,#2578);
#2576 = CARTESIAN_POINT('',(0.,31.409863883645,-4.471269449711));
#2577 = DIRECTION('',(0.,0.466149655937,-0.884705882353));
#2578 = DIRECTION('',(0.,0.884705882353,0.466149655937));
#2579 = DEFINITIONAL_REPRESENTATION('',(#2580),#2584);
#2580 = LINE('',#2581,#2582);
#2581 = CARTESIAN_POINT('',(10.,0.));
#2582 = VECTOR('',#2583,1.);
#2583 = DIRECTION('',(0.,1.));
#2584 = ( GEOMETRIC_REPRESENTATION_CONTEXT(2) 
PARAMETRIC_REPRESENTATION_CONTEXT() REPRESENTATION_CONTEXT('2D SPACE',''
  ) );
#2585 = ORIENTED_EDGE('',*,*,#2586,.F.);
#2586 = EDGE_CURVE('',#2587,#2559,#2589,.T.);
#2587 = VERTEX_POINT('',#2588);
#2588 = CARTESIAN_POINT('',(15.2,34.163848943946,11.754277691449));
#2589 = SURFACE_CURVE('',#2590,(#2594,#2601),.PCURVE_S1.);
#2590 = LINE('',#2591,#2592);
#2591 = CARTESIAN_POINT('',(15.2,34.163848943946,11.754277691449));
#2592 = VECTOR('',#2593,1.);
#2593 = DIRECTION('',(0.,0.466149655937,-0.884705882353));
#2594 = PCURVE('',#2351,#2595);
#2595 = DEFINITIONAL_REPRESENTATION('',(#2596),#2600);
#2596 = LINE('',#2597,#2598);
#2597 = CARTESIAN_POINT('',(-34.8,-166.9289321881));
#2598 = VECTOR('',#2599,1.);
#2599 = DIRECTION('',(0.,1.));
#2600 = ( GEOMETRIC_REPRESENTATION_CONTEXT(2) 
PARAMETRIC_REPRESENTATION_CONTEXT() REPRESENTATION_CONTEXT('2D SPACE',''
  ) );
#2601 = PCURVE('',#2602,#2607);
#2602 = PLANE('',#2603);
#2603 = AXIS2_PLACEMENT_3D('',#2604,#2605,#2606);
#2604 = CARTESIAN_POINT('',(15.2,25.316790120416,7.09278113208));
#2605 = DIRECTION('',(1.,0.,0.));
#2606 = DIRECTION('',(0.,0.884705882353,0.466149655937));
#2607 = DEFINITIONAL_REPRESENTATION('',(#2608),#2612);
#2608 = LINE('',#2609,#2610);
#2609 = CARTESIAN_POINT('',(10.,-8.881784197001E-16));
#2610 = VECTOR('',#2611,1.);
#2611 = DIRECTION('',(0.,-1.));
#2612 = ( GEOMETRIC_REPRESENTATION_CONTEXT(2) 
PARAMETRIC_REPRESENTATION_CONTEXT() REPRESENTATION_CONTEXT('2D SPACE',''
  ) );
#2613 = ORIENTED_EDGE('',*,*,#2614,.T.);
#2614 = EDGE_CURVE('',#2587,#2615,#2617,.T.);
#2615 = VERTEX_POINT('',#2616);
#2616 = CARTESIAN_POINT('',(49.8,34.163848943946,11.754277691449));
#2617 = SURFACE_CURVE('',#2618,(#2622,#2629),.PCURVE_S1.);
#2618 = LINE('',#2619,#2620);
#2619 = CARTESIAN_POINT('',(15.2,34.163848943946,11.754277691449));
#2620 = VECTOR('',#2621,1.);
#2621 = DIRECTION('',(1.,0.,0.));
#2622 = PCURVE('',#2351,#2623);
#2623 = DEFINITIONAL_REPRESENTATION('',(#2624),#2628);
#2624 = LINE('',#2625,#2626);
#2625 = CARTESIAN_POINT('',(-34.8,-166.9289321881));
#2626 = VECTOR('',#2627,1.);
#2627 = DIRECTION('',(1.,0.));
#2628 = ( GEOMETRIC_REPRESENTATION_CONTEXT(2) 
PARAMETRIC_REPRESENTATION_CONTEXT() REPRESENTATION_CONTEXT('2D SPACE',''
  ) );
#2629 = PCURVE('',#2630,#2635);
#2630 = PLANE('',#2631);
#2631 = AXIS2_PLACEMENT_3D('',#2632,#2633,#2634);
#2632 = CARTESIAN_POINT('',(15.2,25.316790120416,7.09278113208));
#2633 = DIRECTION('',(0.,0.466149655937,-0.884705882353));
#2634 = DIRECTION('',(0.,0.884705882353,0.466149655937));
#2635 = DEFINITIONAL_REPRESENTATION('',(#2636),#2640);
#2636 = LINE('',#2637,#2638);
#2637 = CARTESIAN_POINT('',(10.,0.));
#2638 = VECTOR('',#2639,1.);
#2639 = DIRECTION('',(0.,1.));
#2640 = ( GEOMETRIC_REPRESENTATION_CONTEXT(2) 
PARAMETRIC_REPRESENTATION_CONTEXT() REPRESENTATION_CONTEXT('2D SPACE',''
  ) );
#2641 = ORIENTED_EDGE('',*,*,#2642,.T.);
#2642 = EDGE_CURVE('',#2615,#2643,#2645,.T.);
#2643 = VERTEX_POINT('',#2644);
#2644 = CARTESIAN_POINT('',(49.8,40.256922707175,0.190227109658));
#2645 = SURFACE_CURVE('',#2646,(#2650,#2657),.PCURVE_S1.);
#2646 = LINE('',#2647,#2648);
#2647 = CARTESIAN_POINT('',(49.8,34.163848943946,11.754277691449));
#2648 = VECTOR('',#2649,1.);
#2649 = DIRECTION('',(0.,0.466149655937,-0.884705882353));
#2650 = PCURVE('',#2351,#2651);
#2651 = DEFINITIONAL_REPRESENTATION('',(#2652),#2656);
#2652 = LINE('',#2653,#2654);
#2653 = CARTESIAN_POINT('',(-0.2,-166.9289321881));
#2654 = VECTOR('',#2655,1.);
#2655 = DIRECTION('',(0.,1.));
#2656 = ( GEOMETRIC_REPRESENTATION_CONTEXT(2) 
PARAMETRIC_REPRESENTATION_CONTEXT() REPRESENTATION_CONTEXT('2D SPACE',''
  ) );
#2657 = PCURVE('',#2658,#2663);
#2658 = PLANE('',#2659);
#2659 = AXIS2_PLACEMENT_3D('',#2660,#2661,#2662);
#2660 = CARTESIAN_POINT('',(49.8,25.316790120416,7.09278113208));
#2661 = DIRECTION('',(1.,0.,0.));
#2662 = DIRECTION('',(0.,0.884705882353,0.466149655937));
#2663 = DEFINITIONAL_REPRESENTATION('',(#2664),#2668);
#2664 = LINE('',#2665,#2666);
#2665 = CARTESIAN_POINT('',(10.,-8.881784197001E-16));
#2666 = VECTOR('',#2667,1.);
#2667 = DIRECTION('',(0.,-1.));
#2668 = ( GEOMETRIC_REPRESENTATION_CONTEXT(2) 
PARAMETRIC_REPRESENTATION_CONTEXT() REPRESENTATION_CONTEXT('2D SPACE',''
  ) );
#2669 = ORIENTED_EDGE('',*,*,#2670,.T.);
#2670 = EDGE_CURVE('',#2643,#2671,#2673,.T.);
#2671 = VERTEX_POINT('',#2672);
#2672 = CARTESIAN_POINT('',(65.,40.256922707175,0.190227109658));
#2673 = SURFACE_CURVE('',#2674,(#2678,#2685),.PCURVE_S1.);
#2674 = LINE('',#2675,#2676);
#2675 = CARTESIAN_POINT('',(0.,40.256922707175,0.190227109658));
#2676 = VECTOR('',#2677,1.);
#2677 = DIRECTION('',(1.,0.,0.));
#2678 = PCURVE('',#2351,#2679);
#2679 = DEFINITIONAL_REPRESENTATION('',(#2680),#2684);
#2680 = LINE('',#2681,#2682);
#2681 = CARTESIAN_POINT('',(-50.,-153.8578643762));
#2682 = VECTOR('',#2683,1.);
#2683 = DIRECTION('',(1.,0.));
#2684 = ( GEOMETRIC_REPRESENTATION_CONTEXT(2) 
PARAMETRIC_REPRESENTATION_CONTEXT() REPRESENTATION_CONTEXT('2D SPACE',''
  ) );
#2685 = PCURVE('',#2686,#2691);
#2686 = PLANE('',#2687);
#2687 = AXIS2_PLACEMENT_3D('',#2688,#2689,#2690);
#2688 = CARTESIAN_POINT('',(0.,31.409863883645,-4.471269449711));
#2689 = DIRECTION('',(0.,0.466149655937,-0.884705882353));
#2690 = DIRECTION('',(0.,0.884705882353,0.466149655937));
#2691 = DEFINITIONAL_REPRESENTATION('',(#2692),#2696);
#2692 = LINE('',#2693,#2694);
#2693 = CARTESIAN_POINT('',(10.,0.));
#2694 = VECTOR('',#2695,1.);
#2695 = DIRECTION('',(0.,1.));
#2696 = ( GEOMETRIC_REPRESENTATION_CONTEXT(2) 
PARAMETRIC_REPRESENTATION_CONTEXT() REPRESENTATION_CONTEXT('2D SPACE',''
  ) );
#2697 = ORIENTED_EDGE('',*,*,#2698,.T.);
#2698 = EDGE_CURVE('',#2671,#2699,#2701,.T.);
#2699 = VERTEX_POINT('',#2700);
#2700 = CARTESIAN_POINT('',(65.,118.07078701259,-147.492781132));
#2701 = SURFACE_CURVE('',#2702,(#2706,#2713),.PCURVE_S1.);
#2702 = LINE('',#2703,#2704);
#2703 = CARTESIAN_POINT('',(65.,40.256922707175,0.190227109658));
#2704 = VECTOR('',#2705,1.);
#2705 = DIRECTION('',(0.,0.466149655937,-0.884705882353));
#2706 = PCURVE('',#2351,#2707);
#2707 = DEFINITIONAL_REPRESENTATION('',(#2708),#2712);
#2708 = LINE('',#2709,#2710);
#2709 = CARTESIAN_POINT('',(15.,-153.8578643762));
#2710 = VECTOR('',#2711,1.);
#2711 = DIRECTION('',(0.,1.));
#2712 = ( GEOMETRIC_REPRESENTATION_CONTEXT(2) 
PARAMETRIC_REPRESENTATION_CONTEXT() REPRESENTATION_CONTEXT('2D SPACE',''
  ) );
#2713 = PCURVE('',#2714,#2719);
#2714 = PLANE('',#2715);
#2715 = AXIS2_PLACEMENT_3D('',#2716,#2717,#2718);
#2716 = CARTESIAN_POINT('',(65.,103.13065442583,-140.5902271096));
#2717 = DIRECTION('',(1.,0.,0.));
#2718 = DIRECTION('',(0.,0.884705882353,0.466149655937));
#2719 = DEFINITIONAL_REPRESENTATION('',(#2720),#2724);
#2720 = LINE('',#2721,#2722);
#2721 = CARTESIAN_POINT('',(10.,153.85786437626));
#2722 = VECTOR('',#2723,1.);
#2723 = DIRECTION('',(0.,-1.));
#2724 = ( GEOMETRIC_REPRESENTATION_CONTEXT(2) 
PARAMETRIC_REPRESENTATION_CONTEXT() REPRESENTATION_CONTEXT('2D SPACE',''
  ) );
#2725 = ORIENTED_EDGE('',*,*,#2726,.F.);
#2726 = EDGE_CURVE('',#2310,#2699,#2727,.T.);
#2727 = SURFACE_CURVE('',#2728,(#2732,#2739),.PCURVE_S1.);
#2728 = LINE('',#2729,#2730);
#2729 = CARTESIAN_POINT('',(50.,118.07078701259,-147.492781132));
#2730 = VECTOR('',#2731,1.);
#2731 = DIRECTION('',(1.,0.,0.));
#2732 = PCURVE('',#2351,#2733);
#2733 = DEFINITIONAL_REPRESENTATION('',(#2734),#2738);
#2734 = LINE('',#2735,#2736);
#2735 = CARTESIAN_POINT('',(0.,13.071067811865));
#2736 = VECTOR('',#2737,1.);
#2737 = DIRECTION('',(1.,0.));
#2738 = ( GEOMETRIC_REPRESENTATION_CONTEXT(2) 
PARAMETRIC_REPRESENTATION_CONTEXT() REPRESENTATION_CONTEXT('2D SPACE',''
  ) );
#2739 = PCURVE('',#2325,#2740);
#2740 = DEFINITIONAL_REPRESENTATION('',(#2741),#2745);
#2741 = LINE('',#2742,#2743);
#2742 = CARTESIAN_POINT('',(10.,0.));
#2743 = VECTOR('',#2744,1.);
#2744 = DIRECTION('',(0.,1.));
#2745 = ( GEOMETRIC_REPRESENTATION_CONTEXT(2) 
PARAMETRIC_REPRESENTATION_CONTEXT() REPRESENTATION_CONTEXT('2D SPACE',''
  ) );
#2746 = FACE_BOUND('',#2747,.T.);
#2747 = EDGE_LOOP('',(#2748,#2779,#2807,#2836,#2864,#2893,#2921,#2950));
#2748 = ORIENTED_EDGE('',*,*,#2749,.F.);
#2749 = EDGE_CURVE('',#2750,#2752,#2754,.T.);
#2750 = VERTEX_POINT('',#2751);
#2751 = CARTESIAN_POINT('',(49.,44.918419266544,-8.656831713872));
#2752 = VERTEX_POINT('',#2753);
#2753 = CARTESIAN_POINT('',(55.,47.715317202165,-13.96506700798));
#2754 = SURFACE_CURVE('',#2755,(#2760,#2767),.PCURVE_S1.);
#2755 = CIRCLE('',#2756,6.);
#2756 = AXIS2_PLACEMENT_3D('',#2757,#2758,#2759);
#2757 = CARTESIAN_POINT('',(49.,47.715317202165,-13.96506700798));
#2758 = DIRECTION('',(-0.,0.884705882353,0.466149655937));
#2759 = DIRECTION('',(1.,0.,0.));
#2760 = PCURVE('',#2351,#2761);
#2761 = DEFINITIONAL_REPRESENTATION('',(#2762),#2766);
#2762 = CIRCLE('',#2763,6.);
#2763 = AXIS2_PLACEMENT_2D('',#2764,#2765);
#2764 = CARTESIAN_POINT('',(-1.,-137.8578643762));
#2765 = DIRECTION('',(1.,0.));
#2766 = ( GEOMETRIC_REPRESENTATION_CONTEXT(2) 
PARAMETRIC_REPRESENTATION_CONTEXT() REPRESENTATION_CONTEXT('2D SPACE',''
  ) );
#2767 = PCURVE('',#2768,#2773);
#2768 = CYLINDRICAL_SURFACE('',#2769,6.);
#2769 = AXIS2_PLACEMENT_3D('',#2770,#2771,#2772);
#2770 = CARTESIAN_POINT('',(49.,37.983552496283,-19.09271322329));
#2771 = DIRECTION('',(0.,0.884705882353,0.466149655937));
#2772 = DIRECTION('',(1.,0.,0.));
#2773 = DEFINITIONAL_REPRESENTATION('',(#2774),#2778);
#2774 = LINE('',#2775,#2776);
#2775 = CARTESIAN_POINT('',(-6.28318530718,11.));
#2776 = VECTOR('',#2777,1.);
#2777 = DIRECTION('',(1.,-0.));
#2778 = ( GEOMETRIC_REPRESENTATION_CONTEXT(2) 
PARAMETRIC_REPRESENTATION_CONTEXT() REPRESENTATION_CONTEXT('2D SPACE',''
  ) );
#2779 = ORIENTED_EDGE('',*,*,#2780,.T.);
#2780 = EDGE_CURVE('',#2750,#2781,#2783,.T.);
#2781 = VERTEX_POINT('',#2782);
#2782 = CARTESIAN_POINT('',(16.,44.918419266544,-8.656831713872));
#2783 = SURFACE_CURVE('',#2784,(#2788,#2795),.PCURVE_S1.);
#2784 = LINE('',#2785,#2786);
#2785 = CARTESIAN_POINT('',(5.,44.918419266544,-8.656831713872));
#2786 = VECTOR('',#2787,1.);
#2787 = DIRECTION('',(-1.,0.,0.));
#2788 = PCURVE('',#2351,#2789);
#2789 = DEFINITIONAL_REPRESENTATION('',(#2790),#2794);
#2790 = LINE('',#2791,#2792);
#2791 = CARTESIAN_POINT('',(-45.,-143.8578643762));
#2792 = VECTOR('',#2793,1.);
#2793 = DIRECTION('',(-1.,0.));
#2794 = ( GEOMETRIC_REPRESENTATION_CONTEXT(2) 
PARAMETRIC_REPRESENTATION_CONTEXT() REPRESENTATION_CONTEXT('2D SPACE',''
  ) );
#2795 = PCURVE('',#2796,#2801);
#2796 = PLANE('',#2797);
#2797 = AXIS2_PLACEMENT_3D('',#2798,#2799,#2800);
#2798 = CARTESIAN_POINT('',(10.,35.186654560662,-13.78447792917));
#2799 = DIRECTION('',(0.,0.466149655937,-0.884705882353));
#2800 = DIRECTION('',(0.,0.884705882353,0.466149655937));
#2801 = DEFINITIONAL_REPRESENTATION('',(#2802),#2806);
#2802 = LINE('',#2803,#2804);
#2803 = CARTESIAN_POINT('',(11.,-5.));
#2804 = VECTOR('',#2805,1.);
#2805 = DIRECTION('',(0.,-1.));
#2806 = ( GEOMETRIC_REPRESENTATION_CONTEXT(2) 
PARAMETRIC_REPRESENTATION_CONTEXT() REPRESENTATION_CONTEXT('2D SPACE',''
  ) );
#2807 = ORIENTED_EDGE('',*,*,#2808,.F.);
#2808 = EDGE_CURVE('',#2809,#2781,#2811,.T.);
#2809 = VERTEX_POINT('',#2810);
#2810 = CARTESIAN_POINT('',(10.,47.715317202165,-13.96506700798));
#2811 = SURFACE_CURVE('',#2812,(#2817,#2824),.PCURVE_S1.);
#2812 = CIRCLE('',#2813,6.);
#2813 = AXIS2_PLACEMENT_3D('',#2814,#2815,#2816);
#2814 = CARTESIAN_POINT('',(16.,47.715317202165,-13.96506700798));
#2815 = DIRECTION('',(0.,0.884705882353,0.466149655937));
#2816 = DIRECTION('',(-1.,0.,0.));
#2817 = PCURVE('',#2351,#2818);
#2818 = DEFINITIONAL_REPRESENTATION('',(#2819),#2823);
#2819 = CIRCLE('',#2820,6.);
#2820 = AXIS2_PLACEMENT_2D('',#2821,#2822);
#2821 = CARTESIAN_POINT('',(-34.,-137.8578643762));
#2822 = DIRECTION('',(-1.,0.));
#2823 = ( GEOMETRIC_REPRESENTATION_CONTEXT(2) 
PARAMETRIC_REPRESENTATION_CONTEXT() REPRESENTATION_CONTEXT('2D SPACE',''
  ) );
#2824 = PCURVE('',#2825,#2830);
#2825 = CYLINDRICAL_SURFACE('',#2826,6.);
#2826 = AXIS2_PLACEMENT_3D('',#2827,#2828,#2829);
#2827 = CARTESIAN_POINT('',(16.,37.983552496283,-19.09271322329));
#2828 = DIRECTION('',(0.,0.884705882353,0.466149655937));
#2829 = DIRECTION('',(-1.,0.,0.));
#2830 = DEFINITIONAL_REPRESENTATION('',(#2831),#2835);
#2831 = LINE('',#2832,#2833);
#2832 = CARTESIAN_POINT('',(0.,11.));
#2833 = VECTOR('',#2834,1.);
#2834 = DIRECTION('',(1.,0.));
#2835 = ( GEOMETRIC_REPRESENTATION_CONTEXT(2) 
PARAMETRIC_REPRESENTATION_CONTEXT() REPRESENTATION_CONTEXT('2D SPACE',''
  ) );
#2836 = ORIENTED_EDGE('',*,*,#2837,.T.);
#2837 = EDGE_CURVE('',#2809,#2838,#2840,.T.);
#2838 = VERTEX_POINT('',#2839);
#2839 = CARTESIAN_POINT('',(10.,104.51931875437,-121.7734364326));
#2840 = SURFACE_CURVE('',#2841,(#2845,#2852),.PCURVE_S1.);
#2841 = LINE('',#2842,#2843);
#2842 = CARTESIAN_POINT('',(10.,42.587670986859,-4.233302302107));
#2843 = VECTOR('',#2844,1.);
#2844 = DIRECTION('',(0.,0.466149655937,-0.884705882353));
#2845 = PCURVE('',#2351,#2846);
#2846 = DEFINITIONAL_REPRESENTATION('',(#2847),#2851);
#2847 = LINE('',#2848,#2849);
#2848 = CARTESIAN_POINT('',(-40.,-148.8578643762));
#2849 = VECTOR('',#2850,1.);
#2850 = DIRECTION('',(0.,1.));
#2851 = ( GEOMETRIC_REPRESENTATION_CONTEXT(2) 
PARAMETRIC_REPRESENTATION_CONTEXT() REPRESENTATION_CONTEXT('2D SPACE',''
  ) );
#2852 = PCURVE('',#2853,#2858);
#2853 = PLANE('',#2854);
#2854 = AXIS2_PLACEMENT_3D('',#2855,#2856,#2857);
#2855 = CARTESIAN_POINT('',(10.,35.186654560662,-13.78447792917));
#2856 = DIRECTION('',(1.,0.,0.));
#2857 = DIRECTION('',(0.,0.884705882353,0.466149655937));
#2858 = DEFINITIONAL_REPRESENTATION('',(#2859),#2863);
#2859 = LINE('',#2860,#2861);
#2860 = CARTESIAN_POINT('',(11.,5.));
#2861 = VECTOR('',#2862,1.);
#2862 = DIRECTION('',(0.,-1.));
#2863 = ( GEOMETRIC_REPRESENTATION_CONTEXT(2) 
PARAMETRIC_REPRESENTATION_CONTEXT() REPRESENTATION_CONTEXT('2D SPACE',''
  ) );
#2864 = ORIENTED_EDGE('',*,*,#2865,.F.);
#2865 = EDGE_CURVE('',#2866,#2838,#2868,.T.);
#2866 = VERTEX_POINT('',#2867);
#2867 = CARTESIAN_POINT('',(16.,107.31621668999,-127.0816717267));
#2868 = SURFACE_CURVE('',#2869,(#2874,#2881),.PCURVE_S1.);
#2869 = CIRCLE('',#2870,6.);
#2870 = AXIS2_PLACEMENT_3D('',#2871,#2872,#2873);
#2871 = CARTESIAN_POINT('',(16.,104.51931875437,-121.7734364326));
#2872 = DIRECTION('',(0.,0.884705882353,0.466149655937));
#2873 = DIRECTION('',(-1.,0.,0.));
#2874 = PCURVE('',#2351,#2875);
#2875 = DEFINITIONAL_REPRESENTATION('',(#2876),#2880);
#2876 = CIRCLE('',#2877,6.);
#2877 = AXIS2_PLACEMENT_2D('',#2878,#2879);
#2878 = CARTESIAN_POINT('',(-34.,-16.));
#2879 = DIRECTION('',(-1.,0.));
#2880 = ( GEOMETRIC_REPRESENTATION_CONTEXT(2) 
PARAMETRIC_REPRESENTATION_CONTEXT() REPRESENTATION_CONTEXT('2D SPACE',''
  ) );
#2881 = PCURVE('',#2882,#2887);
#2882 = CYLINDRICAL_SURFACE('',#2883,6.);
#2883 = AXIS2_PLACEMENT_3D('',#2884,#2885,#2886);
#2884 = CARTESIAN_POINT('',(16.,94.787554048488,-126.9010826479));
#2885 = DIRECTION('',(0.,0.884705882353,0.466149655937));
#2886 = DIRECTION('',(-1.,0.,0.));
#2887 = DEFINITIONAL_REPRESENTATION('',(#2888),#2892);
#2888 = LINE('',#2889,#2890);
#2889 = CARTESIAN_POINT('',(-6.28318530718,11.));
#2890 = VECTOR('',#2891,1.);
#2891 = DIRECTION('',(1.,-0.));
#2892 = ( GEOMETRIC_REPRESENTATION_CONTEXT(2) 
PARAMETRIC_REPRESENTATION_CONTEXT() REPRESENTATION_CONTEXT('2D SPACE',''
  ) );
#2893 = ORIENTED_EDGE('',*,*,#2894,.F.);
#2894 = EDGE_CURVE('',#2895,#2866,#2897,.T.);
#2895 = VERTEX_POINT('',#2896);
#2896 = CARTESIAN_POINT('',(49.,107.31621668999,-127.0816717267));
#2897 = SURFACE_CURVE('',#2898,(#2902,#2909),.PCURVE_S1.);
#2898 = LINE('',#2899,#2900);
#2899 = CARTESIAN_POINT('',(5.,107.31621668999,-127.0816717267));
#2900 = VECTOR('',#2901,1.);
#2901 = DIRECTION('',(-1.,0.,0.));
#2902 = PCURVE('',#2351,#2903);
#2903 = DEFINITIONAL_REPRESENTATION('',(#2904),#2908);
#2904 = LINE('',#2905,#2906);
#2905 = CARTESIAN_POINT('',(-45.,-10.));
#2906 = VECTOR('',#2907,1.);
#2907 = DIRECTION('',(-1.,0.));
#2908 = ( GEOMETRIC_REPRESENTATION_CONTEXT(2) 
PARAMETRIC_REPRESENTATION_CONTEXT() REPRESENTATION_CONTEXT('2D SPACE',''
  ) );
#2909 = PCURVE('',#2910,#2915);
#2910 = PLANE('',#2911);
#2911 = AXIS2_PLACEMENT_3D('',#2912,#2913,#2914);
#2912 = CARTESIAN_POINT('',(10.,97.58445198411,-132.209317942));
#2913 = DIRECTION('',(0.,0.466149655937,-0.884705882353));
#2914 = DIRECTION('',(0.,0.884705882353,0.466149655937));
#2915 = DEFINITIONAL_REPRESENTATION('',(#2916),#2920);
#2916 = LINE('',#2917,#2918);
#2917 = CARTESIAN_POINT('',(11.,-5.));
#2918 = VECTOR('',#2919,1.);
#2919 = DIRECTION('',(0.,-1.));
#2920 = ( GEOMETRIC_REPRESENTATION_CONTEXT(2) 
PARAMETRIC_REPRESENTATION_CONTEXT() REPRESENTATION_CONTEXT('2D SPACE',''
  ) );
#2921 = ORIENTED_EDGE('',*,*,#2922,.F.);
#2922 = EDGE_CURVE('',#2923,#2895,#2925,.T.);
#2923 = VERTEX_POINT('',#2924);
#2924 = CARTESIAN_POINT('',(55.,104.51931875437,-121.7734364326));
#2925 = SURFACE_CURVE('',#2926,(#2931,#2938),.PCURVE_S1.);
#2926 = CIRCLE('',#2927,6.);
#2927 = AXIS2_PLACEMENT_3D('',#2928,#2929,#2930);
#2928 = CARTESIAN_POINT('',(49.,104.51931875437,-121.7734364326));
#2929 = DIRECTION('',(-0.,0.884705882353,0.466149655937));
#2930 = DIRECTION('',(1.,0.,0.));
#2931 = PCURVE('',#2351,#2932);
#2932 = DEFINITIONAL_REPRESENTATION('',(#2933),#2937);
#2933 = CIRCLE('',#2934,6.);
#2934 = AXIS2_PLACEMENT_2D('',#2935,#2936);
#2935 = CARTESIAN_POINT('',(-1.,-16.));
#2936 = DIRECTION('',(1.,0.));
#2937 = ( GEOMETRIC_REPRESENTATION_CONTEXT(2) 
PARAMETRIC_REPRESENTATION_CONTEXT() REPRESENTATION_CONTEXT('2D SPACE',''
  ) );
#2938 = PCURVE('',#2939,#2944);
#2939 = CYLINDRICAL_SURFACE('',#2940,6.);
#2940 = AXIS2_PLACEMENT_3D('',#2941,#2942,#2943);
#2941 = CARTESIAN_POINT('',(49.,94.787554048488,-126.9010826479));
#2942 = DIRECTION('',(0.,0.884705882353,0.466149655937));
#2943 = DIRECTION('',(1.,0.,0.));
#2944 = DEFINITIONAL_REPRESENTATION('',(#2945),#2949);
#2945 = LINE('',#2946,#2947);
#2946 = CARTESIAN_POINT('',(0.,11.));
#2947 = VECTOR('',#2948,1.);
#2948 = DIRECTION('',(1.,0.));
#2949 = ( GEOMETRIC_REPRESENTATION_CONTEXT(2) 
PARAMETRIC_REPRESENTATION_CONTEXT() REPRESENTATION_CONTEXT('2D SPACE',''
  ) );
#2950 = ORIENTED_EDGE('',*,*,#2951,.F.);
#2951 = EDGE_CURVE('',#2752,#2923,#2952,.T.);
#2952 = SURFACE_CURVE('',#2953,(#2957,#2964),.PCURVE_S1.);
#2953 = LINE('',#2954,#2955);
#2954 = CARTESIAN_POINT('',(55.,42.587670986859,-4.233302302107));
#2955 = VECTOR('',#2956,1.);
#2956 = DIRECTION('',(0.,0.466149655937,-0.884705882353));
#2957 = PCURVE('',#2351,#2958);
#2958 = DEFINITIONAL_REPRESENTATION('',(#2959),#2963);
#2959 = LINE('',#2960,#2961);
#2960 = CARTESIAN_POINT('',(5.,-148.8578643762));
#2961 = VECTOR('',#2962,1.);
#2962 = DIRECTION('',(0.,1.));
#2963 = ( GEOMETRIC_REPRESENTATION_CONTEXT(2) 
PARAMETRIC_REPRESENTATION_CONTEXT() REPRESENTATION_CONTEXT('2D SPACE',''
  ) );
#2964 = PCURVE('',#2965,#2970);
#2965 = PLANE('',#2966);
#2966 = AXIS2_PLACEMENT_3D('',#2967,#2968,#2969);
#2967 = CARTESIAN_POINT('',(55.,35.186654560662,-13.78447792917));
#2968 = DIRECTION('',(1.,0.,0.));
#2969 = DIRECTION('',(0.,0.884705882353,0.466149655937));
#2970 = DEFINITIONAL_REPRESENTATION('',(#2971),#2975);
#2971 = LINE('',#2972,#2973);
#2972 = CARTESIAN_POINT('',(11.,5.));
#2973 = VECTOR('',#2974,1.);
#2974 = DIRECTION('',(0.,-1.));
#2975 = ( GEOMETRIC_REPRESENTATION_CONTEXT(2) 
PARAMETRIC_REPRESENTATION_CONTEXT() REPRESENTATION_CONTEXT('2D SPACE',''
  ) );
#2976 = ADVANCED_FACE('',(#2977,#3209),#2297,.F.);
#2977 = FACE_BOUND('',#2978,.F.);
#2978 = EDGE_LOOP('',(#2979,#2980,#2981,#3004,#3027,#3050,#3073,#3096,
    #3119,#3142,#3165,#3188));
#2979 = ORIENTED_EDGE('',*,*,#2281,.F.);
#2980 = ORIENTED_EDGE('',*,*,#2401,.F.);
#2981 = ORIENTED_EDGE('',*,*,#2982,.T.);
#2982 = EDGE_CURVE('',#2402,#2983,#2985,.T.);
#2983 = VERTEX_POINT('',#2984);
#2984 = CARTESIAN_POINT('',(15.,109.22372818906,-152.1542776914));
#2985 = SURFACE_CURVE('',#2986,(#2990,#2997),.PCURVE_S1.);
#2986 = LINE('',#2987,#2988);
#2987 = CARTESIAN_POINT('',(15.,103.13065442583,-140.5902271096));
#2988 = VECTOR('',#2989,1.);
#2989 = DIRECTION('',(0.,0.466149655937,-0.884705882353));
#2990 = PCURVE('',#2297,#2991);
#2991 = DEFINITIONAL_REPRESENTATION('',(#2992),#2996);
#2992 = LINE('',#2993,#2994);
#2993 = CARTESIAN_POINT('',(-35.,0.));
#2994 = VECTOR('',#2995,1.);
#2995 = DIRECTION('',(0.,1.));
#2996 = ( GEOMETRIC_REPRESENTATION_CONTEXT(2) 
PARAMETRIC_REPRESENTATION_CONTEXT() REPRESENTATION_CONTEXT('2D SPACE',''
  ) );
#2997 = PCURVE('',#2440,#2998);
#2998 = DEFINITIONAL_REPRESENTATION('',(#2999),#3003);
#2999 = LINE('',#3000,#3001);
#3000 = CARTESIAN_POINT('',(0.,0.));
#3001 = VECTOR('',#3002,1.);
#3002 = DIRECTION('',(0.,-1.));
#3003 = ( GEOMETRIC_REPRESENTATION_CONTEXT(2) 
PARAMETRIC_REPRESENTATION_CONTEXT() REPRESENTATION_CONTEXT('2D SPACE',''
  ) );
#3004 = ORIENTED_EDGE('',*,*,#3005,.F.);
#3005 = EDGE_CURVE('',#3006,#2983,#3008,.T.);
#3006 = VERTEX_POINT('',#3007);
#3007 = CARTESIAN_POINT('',(0.,109.22372818906,-152.1542776914));
#3008 = SURFACE_CURVE('',#3009,(#3013,#3020),.PCURVE_S1.);
#3009 = LINE('',#3010,#3011);
#3010 = CARTESIAN_POINT('',(0.,109.22372818906,-152.1542776914));
#3011 = VECTOR('',#3012,1.);
#3012 = DIRECTION('',(1.,0.,0.));
#3013 = PCURVE('',#2297,#3014);
#3014 = DEFINITIONAL_REPRESENTATION('',(#3015),#3019);
#3015 = LINE('',#3016,#3017);
#3016 = CARTESIAN_POINT('',(-50.,13.071067811865));
#3017 = VECTOR('',#3018,1.);
#3018 = DIRECTION('',(1.,0.));
#3019 = ( GEOMETRIC_REPRESENTATION_CONTEXT(2) 
PARAMETRIC_REPRESENTATION_CONTEXT() REPRESENTATION_CONTEXT('2D SPACE',''
  ) );
#3020 = PCURVE('',#2518,#3021);
#3021 = DEFINITIONAL_REPRESENTATION('',(#3022),#3026);
#3022 = LINE('',#3023,#3024);
#3023 = CARTESIAN_POINT('',(0.,0.));
#3024 = VECTOR('',#3025,1.);
#3025 = DIRECTION('',(0.,1.));
#3026 = ( GEOMETRIC_REPRESENTATION_CONTEXT(2) 
PARAMETRIC_REPRESENTATION_CONTEXT() REPRESENTATION_CONTEXT('2D SPACE',''
  ) );
#3027 = ORIENTED_EDGE('',*,*,#3028,.T.);
#3028 = EDGE_CURVE('',#3006,#3029,#3031,.T.);
#3029 = VERTEX_POINT('',#3030);
#3030 = CARTESIAN_POINT('',(0.,31.409863883645,-4.471269449711));
#3031 = SURFACE_CURVE('',#3032,(#3036,#3043),.PCURVE_S1.);
#3032 = LINE('',#3033,#3034);
#3033 = CARTESIAN_POINT('',(0.,109.22372818906,-152.1542776914));
#3034 = VECTOR('',#3035,1.);
#3035 = DIRECTION('',(0.,-0.466149655937,0.884705882353));
#3036 = PCURVE('',#2297,#3037);
#3037 = DEFINITIONAL_REPRESENTATION('',(#3038),#3042);
#3038 = LINE('',#3039,#3040);
#3039 = CARTESIAN_POINT('',(-50.,13.071067811865));
#3040 = VECTOR('',#3041,1.);
#3041 = DIRECTION('',(0.,-1.));
#3042 = ( GEOMETRIC_REPRESENTATION_CONTEXT(2) 
PARAMETRIC_REPRESENTATION_CONTEXT() REPRESENTATION_CONTEXT('2D SPACE',''
  ) );
#3043 = PCURVE('',#2546,#3044);
#3044 = DEFINITIONAL_REPRESENTATION('',(#3045),#3049);
#3045 = LINE('',#3046,#3047);
#3046 = CARTESIAN_POINT('',(0.,-13.07106781186));
#3047 = VECTOR('',#3048,1.);
#3048 = DIRECTION('',(0.,1.));
#3049 = ( GEOMETRIC_REPRESENTATION_CONTEXT(2) 
PARAMETRIC_REPRESENTATION_CONTEXT() REPRESENTATION_CONTEXT('2D SPACE',''
  ) );
#3050 = ORIENTED_EDGE('',*,*,#3051,.T.);
#3051 = EDGE_CURVE('',#3029,#3052,#3054,.T.);
#3052 = VERTEX_POINT('',#3053);
#3053 = CARTESIAN_POINT('',(15.2,31.409863883645,-4.471269449711));
#3054 = SURFACE_CURVE('',#3055,(#3059,#3066),.PCURVE_S1.);
#3055 = LINE('',#3056,#3057);
#3056 = CARTESIAN_POINT('',(0.,31.409863883645,-4.471269449711));
#3057 = VECTOR('',#3058,1.);
#3058 = DIRECTION('',(1.,0.,0.));
#3059 = PCURVE('',#2297,#3060);
#3060 = DEFINITIONAL_REPRESENTATION('',(#3061),#3065);
#3061 = LINE('',#3062,#3063);
#3062 = CARTESIAN_POINT('',(-50.,-153.8578643762));
#3063 = VECTOR('',#3064,1.);
#3064 = DIRECTION('',(1.,0.));
#3065 = ( GEOMETRIC_REPRESENTATION_CONTEXT(2) 
PARAMETRIC_REPRESENTATION_CONTEXT() REPRESENTATION_CONTEXT('2D SPACE',''
  ) );
#3066 = PCURVE('',#2574,#3067);
#3067 = DEFINITIONAL_REPRESENTATION('',(#3068),#3072);
#3068 = LINE('',#3069,#3070);
#3069 = CARTESIAN_POINT('',(0.,0.));
#3070 = VECTOR('',#3071,1.);
#3071 = DIRECTION('',(0.,1.));
#3072 = ( GEOMETRIC_REPRESENTATION_CONTEXT(2) 
PARAMETRIC_REPRESENTATION_CONTEXT() REPRESENTATION_CONTEXT('2D SPACE',''
  ) );
#3073 = ORIENTED_EDGE('',*,*,#3074,.F.);
#3074 = EDGE_CURVE('',#3075,#3052,#3077,.T.);
#3075 = VERTEX_POINT('',#3076);
#3076 = CARTESIAN_POINT('',(15.2,25.316790120416,7.09278113208));
#3077 = SURFACE_CURVE('',#3078,(#3082,#3089),.PCURVE_S1.);
#3078 = LINE('',#3079,#3080);
#3079 = CARTESIAN_POINT('',(15.2,25.316790120416,7.09278113208));
#3080 = VECTOR('',#3081,1.);
#3081 = DIRECTION('',(0.,0.466149655937,-0.884705882353));
#3082 = PCURVE('',#2297,#3083);
#3083 = DEFINITIONAL_REPRESENTATION('',(#3084),#3088);
#3084 = LINE('',#3085,#3086);
#3085 = CARTESIAN_POINT('',(-34.8,-166.9289321881));
#3086 = VECTOR('',#3087,1.);
#3087 = DIRECTION('',(0.,1.));
#3088 = ( GEOMETRIC_REPRESENTATION_CONTEXT(2) 
PARAMETRIC_REPRESENTATION_CONTEXT() REPRESENTATION_CONTEXT('2D SPACE',''
  ) );
#3089 = PCURVE('',#2602,#3090);
#3090 = DEFINITIONAL_REPRESENTATION('',(#3091),#3095);
#3091 = LINE('',#3092,#3093);
#3092 = CARTESIAN_POINT('',(0.,0.));
#3093 = VECTOR('',#3094,1.);
#3094 = DIRECTION('',(0.,-1.));
#3095 = ( GEOMETRIC_REPRESENTATION_CONTEXT(2) 
PARAMETRIC_REPRESENTATION_CONTEXT() REPRESENTATION_CONTEXT('2D SPACE',''
  ) );
#3096 = ORIENTED_EDGE('',*,*,#3097,.T.);
#3097 = EDGE_CURVE('',#3075,#3098,#3100,.T.);
#3098 = VERTEX_POINT('',#3099);
#3099 = CARTESIAN_POINT('',(49.8,25.316790120416,7.09278113208));
#3100 = SURFACE_CURVE('',#3101,(#3105,#3112),.PCURVE_S1.);
#3101 = LINE('',#3102,#3103);
#3102 = CARTESIAN_POINT('',(15.2,25.316790120416,7.09278113208));
#3103 = VECTOR('',#3104,1.);
#3104 = DIRECTION('',(1.,0.,0.));
#3105 = PCURVE('',#2297,#3106);
#3106 = DEFINITIONAL_REPRESENTATION('',(#3107),#3111);
#3107 = LINE('',#3108,#3109);
#3108 = CARTESIAN_POINT('',(-34.8,-166.9289321881));
#3109 = VECTOR('',#3110,1.);
#3110 = DIRECTION('',(1.,0.));
#3111 = ( GEOMETRIC_REPRESENTATION_CONTEXT(2) 
PARAMETRIC_REPRESENTATION_CONTEXT() REPRESENTATION_CONTEXT('2D SPACE',''
  ) );
#3112 = PCURVE('',#2630,#3113);
#3113 = DEFINITIONAL_REPRESENTATION('',(#3114),#3118);
#3114 = LINE('',#3115,#3116);
#3115 = CARTESIAN_POINT('',(0.,0.));
#3116 = VECTOR('',#3117,1.);
#3117 = DIRECTION('',(0.,1.));
#3118 = ( GEOMETRIC_REPRESENTATION_CONTEXT(2) 
PARAMETRIC_REPRESENTATION_CONTEXT() REPRESENTATION_CONTEXT('2D SPACE',''
  ) );
#3119 = ORIENTED_EDGE('',*,*,#3120,.T.);
#3120 = EDGE_CURVE('',#3098,#3121,#3123,.T.);
#3121 = VERTEX_POINT('',#3122);
#3122 = CARTESIAN_POINT('',(49.8,31.409863883645,-4.471269449711));
#3123 = SURFACE_CURVE('',#3124,(#3128,#3135),.PCURVE_S1.);
#3124 = LINE('',#3125,#3126);
#3125 = CARTESIAN_POINT('',(49.8,25.316790120416,7.09278113208));
#3126 = VECTOR('',#3127,1.);
#3127 = DIRECTION('',(0.,0.466149655937,-0.884705882353));
#3128 = PCURVE('',#2297,#3129);
#3129 = DEFINITIONAL_REPRESENTATION('',(#3130),#3134);
#3130 = LINE('',#3131,#3132);
#3131 = CARTESIAN_POINT('',(-0.2,-166.9289321881));
#3132 = VECTOR('',#3133,1.);
#3133 = DIRECTION('',(0.,1.));
#3134 = ( GEOMETRIC_REPRESENTATION_CONTEXT(2) 
PARAMETRIC_REPRESENTATION_CONTEXT() REPRESENTATION_CONTEXT('2D SPACE',''
  ) );
#3135 = PCURVE('',#2658,#3136);
#3136 = DEFINITIONAL_REPRESENTATION('',(#3137),#3141);
#3137 = LINE('',#3138,#3139);
#3138 = CARTESIAN_POINT('',(0.,0.));
#3139 = VECTOR('',#3140,1.);
#3140 = DIRECTION('',(0.,-1.));
#3141 = ( GEOMETRIC_REPRESENTATION_CONTEXT(2) 
PARAMETRIC_REPRESENTATION_CONTEXT() REPRESENTATION_CONTEXT('2D SPACE',''
  ) );
#3142 = ORIENTED_EDGE('',*,*,#3143,.T.);
#3143 = EDGE_CURVE('',#3121,#3144,#3146,.T.);
#3144 = VERTEX_POINT('',#3145);
#3145 = CARTESIAN_POINT('',(65.,31.409863883645,-4.471269449711));
#3146 = SURFACE_CURVE('',#3147,(#3151,#3158),.PCURVE_S1.);
#3147 = LINE('',#3148,#3149);
#3148 = CARTESIAN_POINT('',(0.,31.409863883645,-4.471269449711));
#3149 = VECTOR('',#3150,1.);
#3150 = DIRECTION('',(1.,0.,0.));
#3151 = PCURVE('',#2297,#3152);
#3152 = DEFINITIONAL_REPRESENTATION('',(#3153),#3157);
#3153 = LINE('',#3154,#3155);
#3154 = CARTESIAN_POINT('',(-50.,-153.8578643762));
#3155 = VECTOR('',#3156,1.);
#3156 = DIRECTION('',(1.,0.));
#3157 = ( GEOMETRIC_REPRESENTATION_CONTEXT(2) 
PARAMETRIC_REPRESENTATION_CONTEXT() REPRESENTATION_CONTEXT('2D SPACE',''
  ) );
#3158 = PCURVE('',#2686,#3159);
#3159 = DEFINITIONAL_REPRESENTATION('',(#3160),#3164);
#3160 = LINE('',#3161,#3162);
#3161 = CARTESIAN_POINT('',(0.,0.));
#3162 = VECTOR('',#3163,1.);
#3163 = DIRECTION('',(0.,1.));
#3164 = ( GEOMETRIC_REPRESENTATION_CONTEXT(2) 
PARAMETRIC_REPRESENTATION_CONTEXT() REPRESENTATION_CONTEXT('2D SPACE',''
  ) );
#3165 = ORIENTED_EDGE('',*,*,#3166,.F.);
#3166 = EDGE_CURVE('',#3167,#3144,#3169,.T.);
#3167 = VERTEX_POINT('',#3168);
#3168 = CARTESIAN_POINT('',(65.,109.22372818906,-152.1542776914));
#3169 = SURFACE_CURVE('',#3170,(#3174,#3181),.PCURVE_S1.);
#3170 = LINE('',#3171,#3172);
#3171 = CARTESIAN_POINT('',(65.,109.22372818906,-152.1542776914));
#3172 = VECTOR('',#3173,1.);
#3173 = DIRECTION('',(0.,-0.466149655937,0.884705882353));
#3174 = PCURVE('',#2297,#3175);
#3175 = DEFINITIONAL_REPRESENTATION('',(#3176),#3180);
#3176 = LINE('',#3177,#3178);
#3177 = CARTESIAN_POINT('',(15.,13.071067811865));
#3178 = VECTOR('',#3179,1.);
#3179 = DIRECTION('',(0.,-1.));
#3180 = ( GEOMETRIC_REPRESENTATION_CONTEXT(2) 
PARAMETRIC_REPRESENTATION_CONTEXT() REPRESENTATION_CONTEXT('2D SPACE',''
  ) );
#3181 = PCURVE('',#2714,#3182);
#3182 = DEFINITIONAL_REPRESENTATION('',(#3183),#3187);
#3183 = LINE('',#3184,#3185);
#3184 = CARTESIAN_POINT('',(0.,-13.07106781186));
#3185 = VECTOR('',#3186,1.);
#3186 = DIRECTION('',(0.,1.));
#3187 = ( GEOMETRIC_REPRESENTATION_CONTEXT(2) 
PARAMETRIC_REPRESENTATION_CONTEXT() REPRESENTATION_CONTEXT('2D SPACE',''
  ) );
#3188 = ORIENTED_EDGE('',*,*,#3189,.F.);
#3189 = EDGE_CURVE('',#2282,#3167,#3190,.T.);
#3190 = SURFACE_CURVE('',#3191,(#3195,#3202),.PCURVE_S1.);
#3191 = LINE('',#3192,#3193);
#3192 = CARTESIAN_POINT('',(50.,109.22372818906,-152.1542776914));
#3193 = VECTOR('',#3194,1.);
#3194 = DIRECTION('',(1.,0.,0.));
#3195 = PCURVE('',#2297,#3196);
#3196 = DEFINITIONAL_REPRESENTATION('',(#3197),#3201);
#3197 = LINE('',#3198,#3199);
#3198 = CARTESIAN_POINT('',(0.,13.071067811865));
#3199 = VECTOR('',#3200,1.);
#3200 = DIRECTION('',(1.,0.));
#3201 = ( GEOMETRIC_REPRESENTATION_CONTEXT(2) 
PARAMETRIC_REPRESENTATION_CONTEXT() REPRESENTATION_CONTEXT('2D SPACE',''
  ) );
#3202 = PCURVE('',#2325,#3203);
#3203 = DEFINITIONAL_REPRESENTATION('',(#3204),#3208);
#3204 = LINE('',#3205,#3206);
#3205 = CARTESIAN_POINT('',(0.,0.));
#3206 = VECTOR('',#3207,1.);
#3207 = DIRECTION('',(0.,1.));
#3208 = ( GEOMETRIC_REPRESENTATION_CONTEXT(2) 
PARAMETRIC_REPRESENTATION_CONTEXT() REPRESENTATION_CONTEXT('2D SPACE',''
  ) );
#3209 = FACE_BOUND('',#3210,.F.);
#3210 = EDGE_LOOP('',(#3211,#3237,#3260,#3284,#3307,#3331,#3354,#3378));
#3211 = ORIENTED_EDGE('',*,*,#3212,.F.);
#3212 = EDGE_CURVE('',#3213,#3215,#3217,.T.);
#3213 = VERTEX_POINT('',#3214);
#3214 = CARTESIAN_POINT('',(49.,36.071360443015,-13.31832827324));
#3215 = VERTEX_POINT('',#3216);
#3216 = CARTESIAN_POINT('',(55.,38.868258378636,-18.62656356735));
#3217 = SURFACE_CURVE('',#3218,(#3223,#3230),.PCURVE_S1.);
#3218 = CIRCLE('',#3219,6.);
#3219 = AXIS2_PLACEMENT_3D('',#3220,#3221,#3222);
#3220 = CARTESIAN_POINT('',(49.,38.868258378636,-18.62656356735));
#3221 = DIRECTION('',(-0.,0.884705882353,0.466149655937));
#3222 = DIRECTION('',(1.,0.,0.));
#3223 = PCURVE('',#2297,#3224);
#3224 = DEFINITIONAL_REPRESENTATION('',(#3225),#3229);
#3225 = CIRCLE('',#3226,6.);
#3226 = AXIS2_PLACEMENT_2D('',#3227,#3228);
#3227 = CARTESIAN_POINT('',(-1.,-137.8578643762));
#3228 = DIRECTION('',(1.,0.));
#3229 = ( GEOMETRIC_REPRESENTATION_CONTEXT(2) 
PARAMETRIC_REPRESENTATION_CONTEXT() REPRESENTATION_CONTEXT('2D SPACE',''
  ) );
#3230 = PCURVE('',#2768,#3231);
#3231 = DEFINITIONAL_REPRESENTATION('',(#3232),#3236);
#3232 = LINE('',#3233,#3234);
#3233 = CARTESIAN_POINT('',(-6.28318530718,1.));
#3234 = VECTOR('',#3235,1.);
#3235 = DIRECTION('',(1.,-0.));
#3236 = ( GEOMETRIC_REPRESENTATION_CONTEXT(2) 
PARAMETRIC_REPRESENTATION_CONTEXT() REPRESENTATION_CONTEXT('2D SPACE',''
  ) );
#3237 = ORIENTED_EDGE('',*,*,#3238,.T.);
#3238 = EDGE_CURVE('',#3213,#3239,#3241,.T.);
#3239 = VERTEX_POINT('',#3240);
#3240 = CARTESIAN_POINT('',(16.,36.071360443015,-13.31832827324));
#3241 = SURFACE_CURVE('',#3242,(#3246,#3253),.PCURVE_S1.);
#3242 = LINE('',#3243,#3244);
#3243 = CARTESIAN_POINT('',(5.,36.071360443015,-13.31832827324));
#3244 = VECTOR('',#3245,1.);
#3245 = DIRECTION('',(-1.,0.,0.));
#3246 = PCURVE('',#2297,#3247);
#3247 = DEFINITIONAL_REPRESENTATION('',(#3248),#3252);
#3248 = LINE('',#3249,#3250);
#3249 = CARTESIAN_POINT('',(-45.,-143.8578643762));
#3250 = VECTOR('',#3251,1.);
#3251 = DIRECTION('',(-1.,0.));
#3252 = ( GEOMETRIC_REPRESENTATION_CONTEXT(2) 
PARAMETRIC_REPRESENTATION_CONTEXT() REPRESENTATION_CONTEXT('2D SPACE',''
  ) );
#3253 = PCURVE('',#2796,#3254);
#3254 = DEFINITIONAL_REPRESENTATION('',(#3255),#3259);
#3255 = LINE('',#3256,#3257);
#3256 = CARTESIAN_POINT('',(1.,-5.));
#3257 = VECTOR('',#3258,1.);
#3258 = DIRECTION('',(0.,-1.));
#3259 = ( GEOMETRIC_REPRESENTATION_CONTEXT(2) 
PARAMETRIC_REPRESENTATION_CONTEXT() REPRESENTATION_CONTEXT('2D SPACE',''
  ) );
#3260 = ORIENTED_EDGE('',*,*,#3261,.F.);
#3261 = EDGE_CURVE('',#3262,#3239,#3264,.T.);
#3262 = VERTEX_POINT('',#3263);
#3263 = CARTESIAN_POINT('',(10.,38.868258378636,-18.62656356735));
#3264 = SURFACE_CURVE('',#3265,(#3270,#3277),.PCURVE_S1.);
#3265 = CIRCLE('',#3266,6.);
#3266 = AXIS2_PLACEMENT_3D('',#3267,#3268,#3269);
#3267 = CARTESIAN_POINT('',(16.,38.868258378636,-18.62656356735));
#3268 = DIRECTION('',(0.,0.884705882353,0.466149655937));
#3269 = DIRECTION('',(-1.,0.,0.));
#3270 = PCURVE('',#2297,#3271);
#3271 = DEFINITIONAL_REPRESENTATION('',(#3272),#3276);
#3272 = CIRCLE('',#3273,6.);
#3273 = AXIS2_PLACEMENT_2D('',#3274,#3275);
#3274 = CARTESIAN_POINT('',(-34.,-137.8578643762));
#3275 = DIRECTION('',(-1.,0.));
#3276 = ( GEOMETRIC_REPRESENTATION_CONTEXT(2) 
PARAMETRIC_REPRESENTATION_CONTEXT() REPRESENTATION_CONTEXT('2D SPACE',''
  ) );
#3277 = PCURVE('',#2825,#3278);
#3278 = DEFINITIONAL_REPRESENTATION('',(#3279),#3283);
#3279 = LINE('',#3280,#3281);
#3280 = CARTESIAN_POINT('',(0.,1.));
#3281 = VECTOR('',#3282,1.);
#3282 = DIRECTION('',(1.,0.));
#3283 = ( GEOMETRIC_REPRESENTATION_CONTEXT(2) 
PARAMETRIC_REPRESENTATION_CONTEXT() REPRESENTATION_CONTEXT('2D SPACE',''
  ) );
#3284 = ORIENTED_EDGE('',*,*,#3285,.T.);
#3285 = EDGE_CURVE('',#3262,#3286,#3288,.T.);
#3286 = VERTEX_POINT('',#3287);
#3287 = CARTESIAN_POINT('',(10.,95.672259930841,-126.434932992));
#3288 = SURFACE_CURVE('',#3289,(#3293,#3300),.PCURVE_S1.);
#3289 = LINE('',#3290,#3291);
#3290 = CARTESIAN_POINT('',(10.,33.74061216333,-8.894798861476));
#3291 = VECTOR('',#3292,1.);
#3292 = DIRECTION('',(0.,0.466149655937,-0.884705882353));
#3293 = PCURVE('',#2297,#3294);
#3294 = DEFINITIONAL_REPRESENTATION('',(#3295),#3299);
#3295 = LINE('',#3296,#3297);
#3296 = CARTESIAN_POINT('',(-40.,-148.8578643762));
#3297 = VECTOR('',#3298,1.);
#3298 = DIRECTION('',(0.,1.));
#3299 = ( GEOMETRIC_REPRESENTATION_CONTEXT(2) 
PARAMETRIC_REPRESENTATION_CONTEXT() REPRESENTATION_CONTEXT('2D SPACE',''
  ) );
#3300 = PCURVE('',#2853,#3301);
#3301 = DEFINITIONAL_REPRESENTATION('',(#3302),#3306);
#3302 = LINE('',#3303,#3304);
#3303 = CARTESIAN_POINT('',(1.,5.));
#3304 = VECTOR('',#3305,1.);
#3305 = DIRECTION('',(0.,-1.));
#3306 = ( GEOMETRIC_REPRESENTATION_CONTEXT(2) 
PARAMETRIC_REPRESENTATION_CONTEXT() REPRESENTATION_CONTEXT('2D SPACE',''
  ) );
#3307 = ORIENTED_EDGE('',*,*,#3308,.F.);
#3308 = EDGE_CURVE('',#3309,#3286,#3311,.T.);
#3309 = VERTEX_POINT('',#3310);
#3310 = CARTESIAN_POINT('',(16.,98.469157866462,-131.7431682861));
#3311 = SURFACE_CURVE('',#3312,(#3317,#3324),.PCURVE_S1.);
#3312 = CIRCLE('',#3313,6.);
#3313 = AXIS2_PLACEMENT_3D('',#3314,#3315,#3316);
#3314 = CARTESIAN_POINT('',(16.,95.672259930841,-126.434932992));
#3315 = DIRECTION('',(0.,0.884705882353,0.466149655937));
#3316 = DIRECTION('',(-1.,0.,0.));
#3317 = PCURVE('',#2297,#3318);
#3318 = DEFINITIONAL_REPRESENTATION('',(#3319),#3323);
#3319 = CIRCLE('',#3320,6.);
#3320 = AXIS2_PLACEMENT_2D('',#3321,#3322);
#3321 = CARTESIAN_POINT('',(-34.,-16.));
#3322 = DIRECTION('',(-1.,0.));
#3323 = ( GEOMETRIC_REPRESENTATION_CONTEXT(2) 
PARAMETRIC_REPRESENTATION_CONTEXT() REPRESENTATION_CONTEXT('2D SPACE',''
  ) );
#3324 = PCURVE('',#2882,#3325);
#3325 = DEFINITIONAL_REPRESENTATION('',(#3326),#3330);
#3326 = LINE('',#3327,#3328);
#3327 = CARTESIAN_POINT('',(-6.28318530718,1.));
#3328 = VECTOR('',#3329,1.);
#3329 = DIRECTION('',(1.,-0.));
#3330 = ( GEOMETRIC_REPRESENTATION_CONTEXT(2) 
PARAMETRIC_REPRESENTATION_CONTEXT() REPRESENTATION_CONTEXT('2D SPACE',''
  ) );
#3331 = ORIENTED_EDGE('',*,*,#3332,.F.);
#3332 = EDGE_CURVE('',#3333,#3309,#3335,.T.);
#3333 = VERTEX_POINT('',#3334);
#3334 = CARTESIAN_POINT('',(49.,98.469157866462,-131.7431682861));
#3335 = SURFACE_CURVE('',#3336,(#3340,#3347),.PCURVE_S1.);
#3336 = LINE('',#3337,#3338);
#3337 = CARTESIAN_POINT('',(5.,98.469157866462,-131.7431682861));
#3338 = VECTOR('',#3339,1.);
#3339 = DIRECTION('',(-1.,0.,0.));
#3340 = PCURVE('',#2297,#3341);
#3341 = DEFINITIONAL_REPRESENTATION('',(#3342),#3346);
#3342 = LINE('',#3343,#3344);
#3343 = CARTESIAN_POINT('',(-45.,-10.));
#3344 = VECTOR('',#3345,1.);
#3345 = DIRECTION('',(-1.,0.));
#3346 = ( GEOMETRIC_REPRESENTATION_CONTEXT(2) 
PARAMETRIC_REPRESENTATION_CONTEXT() REPRESENTATION_CONTEXT('2D SPACE',''
  ) );
#3347 = PCURVE('',#2910,#3348);
#3348 = DEFINITIONAL_REPRESENTATION('',(#3349),#3353);
#3349 = LINE('',#3350,#3351);
#3350 = CARTESIAN_POINT('',(1.,-5.));
#3351 = VECTOR('',#3352,1.);
#3352 = DIRECTION('',(0.,-1.));
#3353 = ( GEOMETRIC_REPRESENTATION_CONTEXT(2) 
PARAMETRIC_REPRESENTATION_CONTEXT() REPRESENTATION_CONTEXT('2D SPACE',''
  ) );
#3354 = ORIENTED_EDGE('',*,*,#3355,.F.);
#3355 = EDGE_CURVE('',#3356,#3333,#3358,.T.);
#3356 = VERTEX_POINT('',#3357);
#3357 = CARTESIAN_POINT('',(55.,95.672259930841,-126.434932992));
#3358 = SURFACE_CURVE('',#3359,(#3364,#3371),.PCURVE_S1.);
#3359 = CIRCLE('',#3360,6.);
#3360 = AXIS2_PLACEMENT_3D('',#3361,#3362,#3363);
#3361 = CARTESIAN_POINT('',(49.,95.672259930841,-126.434932992));
#3362 = DIRECTION('',(-0.,0.884705882353,0.466149655937));
#3363 = DIRECTION('',(1.,0.,0.));
#3364 = PCURVE('',#2297,#3365);
#3365 = DEFINITIONAL_REPRESENTATION('',(#3366),#3370);
#3366 = CIRCLE('',#3367,6.);
#3367 = AXIS2_PLACEMENT_2D('',#3368,#3369);
#3368 = CARTESIAN_POINT('',(-1.,-16.));
#3369 = DIRECTION('',(1.,0.));
#3370 = ( GEOMETRIC_REPRESENTATION_CONTEXT(2) 
PARAMETRIC_REPRESENTATION_CONTEXT() REPRESENTATION_CONTEXT('2D SPACE',''
  ) );
#3371 = PCURVE('',#2939,#3372);
#3372 = DEFINITIONAL_REPRESENTATION('',(#3373),#3377);
#3373 = LINE('',#3374,#3375);
#3374 = CARTESIAN_POINT('',(0.,1.));
#3375 = VECTOR('',#3376,1.);
#3376 = DIRECTION('',(1.,0.));
#3377 = ( GEOMETRIC_REPRESENTATION_CONTEXT(2) 
PARAMETRIC_REPRESENTATION_CONTEXT() REPRESENTATION_CONTEXT('2D SPACE',''
  ) );
#3378 = ORIENTED_EDGE('',*,*,#3379,.F.);
#3379 = EDGE_CURVE('',#3215,#3356,#3380,.T.);
#3380 = SURFACE_CURVE('',#3381,(#3385,#3392),.PCURVE_S1.);
#3381 = LINE('',#3382,#3383);
#3382 = CARTESIAN_POINT('',(55.,33.74061216333,-8.894798861476));
#3383 = VECTOR('',#3384,1.);
#3384 = DIRECTION('',(0.,0.466149655937,-0.884705882353));
#3385 = PCURVE('',#2297,#3386);
#3386 = DEFINITIONAL_REPRESENTATION('',(#3387),#3391);
#3387 = LINE('',#3388,#3389);
#3388 = CARTESIAN_POINT('',(5.,-148.8578643762));
#3389 = VECTOR('',#3390,1.);
#3390 = DIRECTION('',(0.,1.));
#3391 = ( GEOMETRIC_REPRESENTATION_CONTEXT(2) 
PARAMETRIC_REPRESENTATION_CONTEXT() REPRESENTATION_CONTEXT('2D SPACE',''
  ) );
#3392 = PCURVE('',#2965,#3393);
#3393 = DEFINITIONAL_REPRESENTATION('',(#3394),#3398);
#3394 = LINE('',#3395,#3396);
#3395 = CARTESIAN_POINT('',(1.,5.));
#3396 = VECTOR('',#3397,1.);
#3397 = DIRECTION('',(0.,-1.));
#3398 = ( GEOMETRIC_REPRESENTATION_CONTEXT(2) 
PARAMETRIC_REPRESENTATION_CONTEXT() REPRESENTATION_CONTEXT('2D SPACE',''
  ) );
#3399 = ADVANCED_FACE('',(#3400),#2325,.T.);
#3400 = FACE_BOUND('',#3401,.T.);
#3401 = EDGE_LOOP('',(#3402,#3403,#3404,#3405));
#3402 = ORIENTED_EDGE('',*,*,#3189,.F.);
#3403 = ORIENTED_EDGE('',*,*,#2309,.T.);
#3404 = ORIENTED_EDGE('',*,*,#2726,.T.);
#3405 = ORIENTED_EDGE('',*,*,#3406,.F.);
#3406 = EDGE_CURVE('',#3167,#2699,#3407,.T.);
#3407 = SURFACE_CURVE('',#3408,(#3412,#3419),.PCURVE_S1.);
#3408 = LINE('',#3409,#3410);
#3409 = CARTESIAN_POINT('',(65.,109.22372818906,-152.1542776914));
#3410 = VECTOR('',#3411,1.);
#3411 = DIRECTION('',(0.,0.884705882353,0.466149655937));
#3412 = PCURVE('',#2325,#3413);
#3413 = DEFINITIONAL_REPRESENTATION('',(#3414),#3418);
#3414 = LINE('',#3415,#3416);
#3415 = CARTESIAN_POINT('',(0.,15.));
#3416 = VECTOR('',#3417,1.);
#3417 = DIRECTION('',(1.,0.));
#3418 = ( GEOMETRIC_REPRESENTATION_CONTEXT(2) 
PARAMETRIC_REPRESENTATION_CONTEXT() REPRESENTATION_CONTEXT('2D SPACE',''
  ) );
#3419 = PCURVE('',#2714,#3420);
#3420 = DEFINITIONAL_REPRESENTATION('',(#3421),#3425);
#3421 = LINE('',#3422,#3423);
#3422 = CARTESIAN_POINT('',(0.,-13.07106781186));
#3423 = VECTOR('',#3424,1.);
#3424 = DIRECTION('',(1.,0.));
#3425 = ( GEOMETRIC_REPRESENTATION_CONTEXT(2) 
PARAMETRIC_REPRESENTATION_CONTEXT() REPRESENTATION_CONTEXT('2D SPACE',''
  ) );
#3426 = ADVANCED_FACE('',(#3427),#2386,.F.);
#3427 = FACE_BOUND('',#3428,.T.);
#3428 = EDGE_LOOP('',(#3429,#3452,#3453,#3454));
#3429 = ORIENTED_EDGE('',*,*,#3430,.F.);
#3430 = EDGE_CURVE('',#2366,#3431,#3433,.T.);
#3431 = VERTEX_POINT('',#3432);
#3432 = CARTESIAN_POINT('',(58.,112.24880863301,-147.1694117647));
#3433 = SEAM_CURVE('',#3434,(#3438,#3445),.PCURVE_S1.);
#3434 = LINE('',#3435,#3436);
#3435 = CARTESIAN_POINT('',(-1.,112.24880863301,-147.1694117647));
#3436 = VECTOR('',#3437,1.);
#3437 = DIRECTION('',(1.,0.,0.));
#3438 = PCURVE('',#2386,#3439);
#3439 = DEFINITIONAL_REPRESENTATION('',(#3440),#3444);
#3440 = LINE('',#3441,#3442);
#3441 = CARTESIAN_POINT('',(-6.28318530718,0.));
#3442 = VECTOR('',#3443,1.);
#3443 = DIRECTION('',(-0.,-1.));
#3444 = ( GEOMETRIC_REPRESENTATION_CONTEXT(2) 
PARAMETRIC_REPRESENTATION_CONTEXT() REPRESENTATION_CONTEXT('2D SPACE',''
  ) );
#3445 = PCURVE('',#2386,#3446);
#3446 = DEFINITIONAL_REPRESENTATION('',(#3447),#3451);
#3447 = LINE('',#3448,#3449);
#3448 = CARTESIAN_POINT('',(-0.,0.));
#3449 = VECTOR('',#3450,1.);
#3450 = DIRECTION('',(-0.,-1.));
#3451 = ( GEOMETRIC_REPRESENTATION_CONTEXT(2) 
PARAMETRIC_REPRESENTATION_CONTEXT() REPRESENTATION_CONTEXT('2D SPACE',''
  ) );
#3452 = ORIENTED_EDGE('',*,*,#2365,.T.);
#3453 = ORIENTED_EDGE('',*,*,#3430,.T.);
#3454 = ORIENTED_EDGE('',*,*,#3455,.F.);
#3455 = EDGE_CURVE('',#3431,#3431,#3456,.T.);
#3456 = SURFACE_CURVE('',#3457,(#3462,#3469),.PCURVE_S1.);
#3457 = CIRCLE('',#3458,2.);
#3458 = AXIS2_PLACEMENT_3D('',#3459,#3460,#3461);
#3459 = CARTESIAN_POINT('',(58.,111.31650932114,-145.4));
#3460 = DIRECTION('',(-1.,0.,-0.));
#3461 = DIRECTION('',(0.,0.466149655937,-0.884705882353));
#3462 = PCURVE('',#2386,#3463);
#3463 = DEFINITIONAL_REPRESENTATION('',(#3464),#3468);
#3464 = LINE('',#3465,#3466);
#3465 = CARTESIAN_POINT('',(-6.28318530718,-59.));
#3466 = VECTOR('',#3467,1.);
#3467 = DIRECTION('',(1.,-0.));
#3468 = ( GEOMETRIC_REPRESENTATION_CONTEXT(2) 
PARAMETRIC_REPRESENTATION_CONTEXT() REPRESENTATION_CONTEXT('2D SPACE',''
  ) );
#3469 = PCURVE('',#3470,#3475);
#3470 = PLANE('',#3471);
#3471 = AXIS2_PLACEMENT_3D('',#3472,#3473,#3474);
#3472 = CARTESIAN_POINT('',(58.,111.31650932114,-145.4));
#3473 = DIRECTION('',(1.,0.,0.));
#3474 = DIRECTION('',(0.,0.884705882353,0.466149655937));
#3475 = DEFINITIONAL_REPRESENTATION('',(#3476),#3484);
#3476 = ( BOUNDED_CURVE() B_SPLINE_CURVE(2,(#3477,#3478,#3479,#3480,
#3481,#3482,#3483),.UNSPECIFIED.,.T.,.F.) B_SPLINE_CURVE_WITH_KNOTS((1,2
    ,2,2,2,1),(-2.094395102393,0.,2.094395102393,4.188790204786,
6.28318530718,8.377580409573),.UNSPECIFIED.) CURVE() 
GEOMETRIC_REPRESENTATION_ITEM() RATIONAL_B_SPLINE_CURVE((1.,0.5,1.,0.5,
1.,0.5,1.)) REPRESENTATION_ITEM('') );
#3477 = CARTESIAN_POINT('',(0.,-2.));
#3478 = CARTESIAN_POINT('',(-3.464101615138,-2.));
#3479 = CARTESIAN_POINT('',(-1.732050807569,1.));
#3480 = CARTESIAN_POINT('',(-4.898587196589E-16,4.));
#3481 = CARTESIAN_POINT('',(1.732050807569,1.));
#3482 = CARTESIAN_POINT('',(3.464101615138,-2.));
#3483 = CARTESIAN_POINT('',(0.,-2.));
#3484 = ( GEOMETRIC_REPRESENTATION_CONTEXT(2) 
PARAMETRIC_REPRESENTATION_CONTEXT() REPRESENTATION_CONTEXT('2D SPACE',''
  ) );
#3485 = ADVANCED_FACE('',(#3486,#3512),#2440,.T.);
#3486 = FACE_BOUND('',#3487,.T.);
#3487 = EDGE_LOOP('',(#3488,#3489,#3490,#3511));
#3488 = ORIENTED_EDGE('',*,*,#2424,.F.);
#3489 = ORIENTED_EDGE('',*,*,#2982,.T.);
#3490 = ORIENTED_EDGE('',*,*,#3491,.T.);
#3491 = EDGE_CURVE('',#2983,#2480,#3492,.T.);
#3492 = SURFACE_CURVE('',#3493,(#3497,#3504),.PCURVE_S1.);
#3493 = LINE('',#3494,#3495);
#3494 = CARTESIAN_POINT('',(15.,109.22372818906,-152.1542776914));
#3495 = VECTOR('',#3496,1.);
#3496 = DIRECTION('',(0.,0.884705882353,0.466149655937));
#3497 = PCURVE('',#2440,#3498);
#3498 = DEFINITIONAL_REPRESENTATION('',(#3499),#3503);
#3499 = LINE('',#3500,#3501);
#3500 = CARTESIAN_POINT('',(0.,-13.07106781186));
#3501 = VECTOR('',#3502,1.);
#3502 = DIRECTION('',(1.,0.));
#3503 = ( GEOMETRIC_REPRESENTATION_CONTEXT(2) 
PARAMETRIC_REPRESENTATION_CONTEXT() REPRESENTATION_CONTEXT('2D SPACE',''
  ) );
#3504 = PCURVE('',#2518,#3505);
#3505 = DEFINITIONAL_REPRESENTATION('',(#3506),#3510);
#3506 = LINE('',#3507,#3508);
#3507 = CARTESIAN_POINT('',(0.,15.));
#3508 = VECTOR('',#3509,1.);
#3509 = DIRECTION('',(1.,0.));
#3510 = ( GEOMETRIC_REPRESENTATION_CONTEXT(2) 
PARAMETRIC_REPRESENTATION_CONTEXT() REPRESENTATION_CONTEXT('2D SPACE',''
  ) );
#3511 = ORIENTED_EDGE('',*,*,#2479,.F.);
#3512 = FACE_BOUND('',#3513,.T.);
#3513 = EDGE_LOOP('',(#3514));
#3514 = ORIENTED_EDGE('',*,*,#3515,.T.);
#3515 = EDGE_CURVE('',#3516,#3516,#3518,.T.);
#3516 = VERTEX_POINT('',#3517);
#3517 = CARTESIAN_POINT('',(15.,112.24880863301,-147.1694117647));
#3518 = SURFACE_CURVE('',#3519,(#3524,#3535),.PCURVE_S1.);
#3519 = CIRCLE('',#3520,2.);
#3520 = AXIS2_PLACEMENT_3D('',#3521,#3522,#3523);
#3521 = CARTESIAN_POINT('',(15.,111.31650932114,-145.4));
#3522 = DIRECTION('',(-1.,0.,-0.));
#3523 = DIRECTION('',(0.,0.466149655937,-0.884705882353));
#3524 = PCURVE('',#2440,#3525);
#3525 = DEFINITIONAL_REPRESENTATION('',(#3526),#3534);
#3526 = ( BOUNDED_CURVE() B_SPLINE_CURVE(2,(#3527,#3528,#3529,#3530,
#3531,#3532,#3533),.UNSPECIFIED.,.T.,.F.) B_SPLINE_CURVE_WITH_KNOTS((1,2
    ,2,2,2,1),(-2.094395102393,0.,2.094395102393,4.188790204786,
6.28318530718,8.377580409573),.UNSPECIFIED.) CURVE() 
GEOMETRIC_REPRESENTATION_ITEM() RATIONAL_B_SPLINE_CURVE((1.,0.5,1.,0.5,
1.,0.5,1.)) REPRESENTATION_ITEM('') );
#3527 = CARTESIAN_POINT('',(5.,-10.07106781186));
#3528 = CARTESIAN_POINT('',(1.535898384862,-10.07106781186));
#3529 = CARTESIAN_POINT('',(3.267949192431,-7.071067811865));
#3530 = CARTESIAN_POINT('',(5.,-4.071067811865));
#3531 = CARTESIAN_POINT('',(6.732050807569,-7.071067811865));
#3532 = CARTESIAN_POINT('',(8.464101615138,-10.07106781186));
#3533 = CARTESIAN_POINT('',(5.,-10.07106781186));
#3534 = ( GEOMETRIC_REPRESENTATION_CONTEXT(2) 
PARAMETRIC_REPRESENTATION_CONTEXT() REPRESENTATION_CONTEXT('2D SPACE',''
  ) );
#3535 = PCURVE('',#3536,#3541);
#3536 = CYLINDRICAL_SURFACE('',#3537,2.);
#3537 = AXIS2_PLACEMENT_3D('',#3538,#3539,#3540);
#3538 = CARTESIAN_POINT('',(-1.,111.31650932114,-145.4));
#3539 = DIRECTION('',(-1.,-0.,0.));
#3540 = DIRECTION('',(0.,0.466149655937,-0.884705882353));
#3541 = DEFINITIONAL_REPRESENTATION('',(#3542),#3546);
#3542 = LINE('',#3543,#3544);
#3543 = CARTESIAN_POINT('',(-6.28318530718,-16.));
#3544 = VECTOR('',#3545,1.);
#3545 = DIRECTION('',(1.,-0.));
#3546 = ( GEOMETRIC_REPRESENTATION_CONTEXT(2) 
PARAMETRIC_REPRESENTATION_CONTEXT() REPRESENTATION_CONTEXT('2D SPACE',''
  ) );
#3547 = ADVANCED_FACE('',(#3548),#2518,.T.);
#3548 = FACE_BOUND('',#3549,.T.);
#3549 = EDGE_LOOP('',(#3550,#3551,#3572,#3573));
#3550 = ORIENTED_EDGE('',*,*,#3005,.F.);
#3551 = ORIENTED_EDGE('',*,*,#3552,.T.);
#3552 = EDGE_CURVE('',#3006,#2503,#3553,.T.);
#3553 = SURFACE_CURVE('',#3554,(#3558,#3565),.PCURVE_S1.);
#3554 = LINE('',#3555,#3556);
#3555 = CARTESIAN_POINT('',(0.,109.22372818906,-152.1542776914));
#3556 = VECTOR('',#3557,1.);
#3557 = DIRECTION('',(0.,0.884705882353,0.466149655937));
#3558 = PCURVE('',#2518,#3559);
#3559 = DEFINITIONAL_REPRESENTATION('',(#3560),#3564);
#3560 = LINE('',#3561,#3562);
#3561 = CARTESIAN_POINT('',(0.,0.));
#3562 = VECTOR('',#3563,1.);
#3563 = DIRECTION('',(1.,0.));
#3564 = ( GEOMETRIC_REPRESENTATION_CONTEXT(2) 
PARAMETRIC_REPRESENTATION_CONTEXT() REPRESENTATION_CONTEXT('2D SPACE',''
  ) );
#3565 = PCURVE('',#2546,#3566);
#3566 = DEFINITIONAL_REPRESENTATION('',(#3567),#3571);
#3567 = LINE('',#3568,#3569);
#3568 = CARTESIAN_POINT('',(0.,-13.07106781186));
#3569 = VECTOR('',#3570,1.);
#3570 = DIRECTION('',(1.,0.));
#3571 = ( GEOMETRIC_REPRESENTATION_CONTEXT(2) 
PARAMETRIC_REPRESENTATION_CONTEXT() REPRESENTATION_CONTEXT('2D SPACE',''
  ) );
#3572 = ORIENTED_EDGE('',*,*,#2502,.T.);
#3573 = ORIENTED_EDGE('',*,*,#3491,.F.);
#3574 = ADVANCED_FACE('',(#3575,#3601),#2546,.F.);
#3575 = FACE_BOUND('',#3576,.F.);
#3576 = EDGE_LOOP('',(#3577,#3578,#3599,#3600));
#3577 = ORIENTED_EDGE('',*,*,#2530,.F.);
#3578 = ORIENTED_EDGE('',*,*,#3579,.F.);
#3579 = EDGE_CURVE('',#3029,#2531,#3580,.T.);
#3580 = SURFACE_CURVE('',#3581,(#3585,#3592),.PCURVE_S1.);
#3581 = LINE('',#3582,#3583);
#3582 = CARTESIAN_POINT('',(0.,31.409863883645,-4.471269449711));
#3583 = VECTOR('',#3584,1.);
#3584 = DIRECTION('',(0.,0.884705882353,0.466149655937));
#3585 = PCURVE('',#2546,#3586);
#3586 = DEFINITIONAL_REPRESENTATION('',(#3587),#3591);
#3587 = LINE('',#3588,#3589);
#3588 = CARTESIAN_POINT('',(-7.105427357601E-15,153.85786437626));
#3589 = VECTOR('',#3590,1.);
#3590 = DIRECTION('',(1.,0.));
#3591 = ( GEOMETRIC_REPRESENTATION_CONTEXT(2) 
PARAMETRIC_REPRESENTATION_CONTEXT() REPRESENTATION_CONTEXT('2D SPACE',''
  ) );
#3592 = PCURVE('',#2574,#3593);
#3593 = DEFINITIONAL_REPRESENTATION('',(#3594),#3598);
#3594 = LINE('',#3595,#3596);
#3595 = CARTESIAN_POINT('',(0.,0.));
#3596 = VECTOR('',#3597,1.);
#3597 = DIRECTION('',(1.,0.));
#3598 = ( GEOMETRIC_REPRESENTATION_CONTEXT(2) 
PARAMETRIC_REPRESENTATION_CONTEXT() REPRESENTATION_CONTEXT('2D SPACE',''
  ) );
#3599 = ORIENTED_EDGE('',*,*,#3028,.F.);
#3600 = ORIENTED_EDGE('',*,*,#3552,.T.);
#3601 = FACE_BOUND('',#3602,.F.);
#3602 = EDGE_LOOP('',(#3603));
#3603 = ORIENTED_EDGE('',*,*,#3604,.T.);
#3604 = EDGE_CURVE('',#3605,#3605,#3607,.T.);
#3605 = VERTEX_POINT('',#3606);
#3606 = CARTESIAN_POINT('',(0.,113.27433787607,-149.1157647058));
#3607 = SURFACE_CURVE('',#3608,(#3613,#3624),.PCURVE_S1.);
#3608 = CIRCLE('',#3609,4.2);
#3609 = AXIS2_PLACEMENT_3D('',#3610,#3611,#3612);
#3610 = CARTESIAN_POINT('',(0.,111.31650932114,-145.4));
#3611 = DIRECTION('',(-1.,0.,-0.));
#3612 = DIRECTION('',(0.,0.466149655937,-0.884705882353));
#3613 = PCURVE('',#2546,#3614);
#3614 = DEFINITIONAL_REPRESENTATION('',(#3615),#3623);
#3615 = ( BOUNDED_CURVE() B_SPLINE_CURVE(2,(#3616,#3617,#3618,#3619,
#3620,#3621,#3622),.UNSPECIFIED.,.T.,.F.) B_SPLINE_CURVE_WITH_KNOTS((1,2
    ,2,2,2,1),(-2.094395102393,0.,2.094395102393,4.188790204786,
6.28318530718,8.377580409573),.UNSPECIFIED.) CURVE() 
GEOMETRIC_REPRESENTATION_ITEM() RATIONAL_B_SPLINE_CURVE((1.,0.5,1.,0.5,
1.,0.5,1.)) REPRESENTATION_ITEM('') );
#3616 = CARTESIAN_POINT('',(5.,-12.27106781186));
#3617 = CARTESIAN_POINT('',(-2.274613391789,-12.27106781186));
#3618 = CARTESIAN_POINT('',(1.362693304105,-5.971067811865));
#3619 = CARTESIAN_POINT('',(5.,0.328932188135));
#3620 = CARTESIAN_POINT('',(8.637306695895,-5.971067811865));
#3621 = CARTESIAN_POINT('',(12.274613391789,-12.27106781186));
#3622 = CARTESIAN_POINT('',(5.,-12.27106781186));
#3623 = ( GEOMETRIC_REPRESENTATION_CONTEXT(2) 
PARAMETRIC_REPRESENTATION_CONTEXT() REPRESENTATION_CONTEXT('2D SPACE',''
  ) );
#3624 = PCURVE('',#3625,#3630);
#3625 = CYLINDRICAL_SURFACE('',#3626,4.2);
#3626 = AXIS2_PLACEMENT_3D('',#3627,#3628,#3629);
#3627 = CARTESIAN_POINT('',(-1.,111.31650932114,-145.4));
#3628 = DIRECTION('',(-1.,-0.,0.));
#3629 = DIRECTION('',(0.,0.466149655937,-0.884705882353));
#3630 = DEFINITIONAL_REPRESENTATION('',(#3631),#3635);
#3631 = LINE('',#3632,#3633);
#3632 = CARTESIAN_POINT('',(-6.28318530718,-1.));
#3633 = VECTOR('',#3634,1.);
#3634 = DIRECTION('',(1.,-0.));
#3635 = ( GEOMETRIC_REPRESENTATION_CONTEXT(2) 
PARAMETRIC_REPRESENTATION_CONTEXT() REPRESENTATION_CONTEXT('2D SPACE',''
  ) );
#3636 = ADVANCED_FACE('',(#3637),#2574,.F.);
#3637 = FACE_BOUND('',#3638,.F.);
#3638 = EDGE_LOOP('',(#3639,#3640,#3641,#3642));
#3639 = ORIENTED_EDGE('',*,*,#3051,.F.);
#3640 = ORIENTED_EDGE('',*,*,#3579,.T.);
#3641 = ORIENTED_EDGE('',*,*,#2558,.T.);
#3642 = ORIENTED_EDGE('',*,*,#3643,.F.);
#3643 = EDGE_CURVE('',#3052,#2559,#3644,.T.);
#3644 = SURFACE_CURVE('',#3645,(#3649,#3656),.PCURVE_S1.);
#3645 = LINE('',#3646,#3647);
#3646 = CARTESIAN_POINT('',(15.2,31.409863883645,-4.471269449711));
#3647 = VECTOR('',#3648,1.);
#3648 = DIRECTION('',(0.,0.884705882353,0.466149655937));
#3649 = PCURVE('',#2574,#3650);
#3650 = DEFINITIONAL_REPRESENTATION('',(#3651),#3655);
#3651 = LINE('',#3652,#3653);
#3652 = CARTESIAN_POINT('',(0.,15.2));
#3653 = VECTOR('',#3654,1.);
#3654 = DIRECTION('',(1.,0.));
#3655 = ( GEOMETRIC_REPRESENTATION_CONTEXT(2) 
PARAMETRIC_REPRESENTATION_CONTEXT() REPRESENTATION_CONTEXT('2D SPACE',''
  ) );
#3656 = PCURVE('',#2602,#3657);
#3657 = DEFINITIONAL_REPRESENTATION('',(#3658),#3662);
#3658 = LINE('',#3659,#3660);
#3659 = CARTESIAN_POINT('',(-8.881784197001E-16,-13.07106781186));
#3660 = VECTOR('',#3661,1.);
#3661 = DIRECTION('',(1.,0.));
#3662 = ( GEOMETRIC_REPRESENTATION_CONTEXT(2) 
PARAMETRIC_REPRESENTATION_CONTEXT() REPRESENTATION_CONTEXT('2D SPACE',''
  ) );
#3663 = ADVANCED_FACE('',(#3664,#3690),#2602,.F.);
#3664 = FACE_BOUND('',#3665,.F.);
#3665 = EDGE_LOOP('',(#3666,#3687,#3688,#3689));
#3666 = ORIENTED_EDGE('',*,*,#3667,.F.);
#3667 = EDGE_CURVE('',#3075,#2587,#3668,.T.);
#3668 = SURFACE_CURVE('',#3669,(#3673,#3680),.PCURVE_S1.);
#3669 = LINE('',#3670,#3671);
#3670 = CARTESIAN_POINT('',(15.2,25.316790120416,7.09278113208));
#3671 = VECTOR('',#3672,1.);
#3672 = DIRECTION('',(0.,0.884705882353,0.466149655937));
#3673 = PCURVE('',#2602,#3674);
#3674 = DEFINITIONAL_REPRESENTATION('',(#3675),#3679);
#3675 = LINE('',#3676,#3677);
#3676 = CARTESIAN_POINT('',(0.,0.));
#3677 = VECTOR('',#3678,1.);
#3678 = DIRECTION('',(1.,0.));
#3679 = ( GEOMETRIC_REPRESENTATION_CONTEXT(2) 
PARAMETRIC_REPRESENTATION_CONTEXT() REPRESENTATION_CONTEXT('2D SPACE',''
  ) );
#3680 = PCURVE('',#2630,#3681);
#3681 = DEFINITIONAL_REPRESENTATION('',(#3682),#3686);
#3682 = LINE('',#3683,#3684);
#3683 = CARTESIAN_POINT('',(0.,0.));
#3684 = VECTOR('',#3685,1.);
#3685 = DIRECTION('',(1.,0.));
#3686 = ( GEOMETRIC_REPRESENTATION_CONTEXT(2) 
PARAMETRIC_REPRESENTATION_CONTEXT() REPRESENTATION_CONTEXT('2D SPACE',''
  ) );
#3687 = ORIENTED_EDGE('',*,*,#3074,.T.);
#3688 = ORIENTED_EDGE('',*,*,#3643,.T.);
#3689 = ORIENTED_EDGE('',*,*,#2586,.F.);
#3690 = FACE_BOUND('',#3691,.F.);
#3691 = EDGE_LOOP('',(#3692));
#3692 = ORIENTED_EDGE('',*,*,#3693,.T.);
#3693 = EDGE_CURVE('',#3694,#3694,#3696,.T.);
#3694 = VERTEX_POINT('',#3695);
#3695 = CARTESIAN_POINT('',(15.2,33.003367123739,3.230588235294));
#3696 = SURFACE_CURVE('',#3697,(#3702,#3713),.PCURVE_S1.);
#3697 = CIRCLE('',#3698,2.);
#3698 = AXIS2_PLACEMENT_3D('',#3699,#3700,#3701);
#3699 = CARTESIAN_POINT('',(15.2,32.071067811865,5.));
#3700 = DIRECTION('',(-1.,0.,-0.));
#3701 = DIRECTION('',(0.,0.466149655937,-0.884705882353));
#3702 = PCURVE('',#2602,#3703);
#3703 = DEFINITIONAL_REPRESENTATION('',(#3704),#3712);
#3704 = ( BOUNDED_CURVE() B_SPLINE_CURVE(2,(#3705,#3706,#3707,#3708,
#3709,#3710,#3711),.UNSPECIFIED.,.T.,.F.) B_SPLINE_CURVE_WITH_KNOTS((1,2
    ,2,2,2,1),(-2.094395102393,0.,2.094395102393,4.188790204786,
6.28318530718,8.377580409573),.UNSPECIFIED.) CURVE() 
GEOMETRIC_REPRESENTATION_ITEM() RATIONAL_B_SPLINE_CURVE((1.,0.5,1.,0.5,
1.,0.5,1.)) REPRESENTATION_ITEM('') );
#3705 = CARTESIAN_POINT('',(5.,-7.));
#3706 = CARTESIAN_POINT('',(1.535898384862,-7.));
#3707 = CARTESIAN_POINT('',(3.267949192431,-4.));
#3708 = CARTESIAN_POINT('',(5.,-1.));
#3709 = CARTESIAN_POINT('',(6.732050807569,-4.));
#3710 = CARTESIAN_POINT('',(8.464101615138,-7.));
#3711 = CARTESIAN_POINT('',(5.,-7.));
#3712 = ( GEOMETRIC_REPRESENTATION_CONTEXT(2) 
PARAMETRIC_REPRESENTATION_CONTEXT() REPRESENTATION_CONTEXT('2D SPACE',''
  ) );
#3713 = PCURVE('',#3714,#3719);
#3714 = CYLINDRICAL_SURFACE('',#3715,2.);
#3715 = AXIS2_PLACEMENT_3D('',#3716,#3717,#3718);
#3716 = CARTESIAN_POINT('',(-1.,32.071067811865,5.));
#3717 = DIRECTION('',(-1.,-0.,0.));
#3718 = DIRECTION('',(0.,0.466149655937,-0.884705882353));
#3719 = DEFINITIONAL_REPRESENTATION('',(#3720),#3724);
#3720 = LINE('',#3721,#3722);
#3721 = CARTESIAN_POINT('',(-6.28318530718,-16.2));
#3722 = VECTOR('',#3723,1.);
#3723 = DIRECTION('',(1.,-0.));
#3724 = ( GEOMETRIC_REPRESENTATION_CONTEXT(2) 
PARAMETRIC_REPRESENTATION_CONTEXT() REPRESENTATION_CONTEXT('2D SPACE',''
  ) );
#3725 = ADVANCED_FACE('',(#3726),#2630,.F.);
#3726 = FACE_BOUND('',#3727,.F.);
#3727 = EDGE_LOOP('',(#3728,#3729,#3730,#3731));
#3728 = ORIENTED_EDGE('',*,*,#3097,.F.);
#3729 = ORIENTED_EDGE('',*,*,#3667,.T.);
#3730 = ORIENTED_EDGE('',*,*,#2614,.T.);
#3731 = ORIENTED_EDGE('',*,*,#3732,.F.);
#3732 = EDGE_CURVE('',#3098,#2615,#3733,.T.);
#3733 = SURFACE_CURVE('',#3734,(#3738,#3745),.PCURVE_S1.);
#3734 = LINE('',#3735,#3736);
#3735 = CARTESIAN_POINT('',(49.8,25.316790120416,7.09278113208));
#3736 = VECTOR('',#3737,1.);
#3737 = DIRECTION('',(0.,0.884705882353,0.466149655937));
#3738 = PCURVE('',#2630,#3739);
#3739 = DEFINITIONAL_REPRESENTATION('',(#3740),#3744);
#3740 = LINE('',#3741,#3742);
#3741 = CARTESIAN_POINT('',(0.,34.6));
#3742 = VECTOR('',#3743,1.);
#3743 = DIRECTION('',(1.,0.));
#3744 = ( GEOMETRIC_REPRESENTATION_CONTEXT(2) 
PARAMETRIC_REPRESENTATION_CONTEXT() REPRESENTATION_CONTEXT('2D SPACE',''
  ) );
#3745 = PCURVE('',#2658,#3746);
#3746 = DEFINITIONAL_REPRESENTATION('',(#3747),#3751);
#3747 = LINE('',#3748,#3749);
#3748 = CARTESIAN_POINT('',(0.,0.));
#3749 = VECTOR('',#3750,1.);
#3750 = DIRECTION('',(1.,0.));
#3751 = ( GEOMETRIC_REPRESENTATION_CONTEXT(2) 
PARAMETRIC_REPRESENTATION_CONTEXT() REPRESENTATION_CONTEXT('2D SPACE',''
  ) );
#3752 = ADVANCED_FACE('',(#3753,#3779),#2658,.T.);
#3753 = FACE_BOUND('',#3754,.T.);
#3754 = EDGE_LOOP('',(#3755,#3756,#3757,#3778));
#3755 = ORIENTED_EDGE('',*,*,#3732,.F.);
#3756 = ORIENTED_EDGE('',*,*,#3120,.T.);
#3757 = ORIENTED_EDGE('',*,*,#3758,.T.);
#3758 = EDGE_CURVE('',#3121,#2643,#3759,.T.);
#3759 = SURFACE_CURVE('',#3760,(#3764,#3771),.PCURVE_S1.);
#3760 = LINE('',#3761,#3762);
#3761 = CARTESIAN_POINT('',(49.8,31.409863883645,-4.471269449711));
#3762 = VECTOR('',#3763,1.);
#3763 = DIRECTION('',(0.,0.884705882353,0.466149655937));
#3764 = PCURVE('',#2658,#3765);
#3765 = DEFINITIONAL_REPRESENTATION('',(#3766),#3770);
#3766 = LINE('',#3767,#3768);
#3767 = CARTESIAN_POINT('',(-8.881784197001E-16,-13.07106781186));
#3768 = VECTOR('',#3769,1.);
#3769 = DIRECTION('',(1.,0.));
#3770 = ( GEOMETRIC_REPRESENTATION_CONTEXT(2) 
PARAMETRIC_REPRESENTATION_CONTEXT() REPRESENTATION_CONTEXT('2D SPACE',''
  ) );
#3771 = PCURVE('',#2686,#3772);
#3772 = DEFINITIONAL_REPRESENTATION('',(#3773),#3777);
#3773 = LINE('',#3774,#3775);
#3774 = CARTESIAN_POINT('',(0.,49.8));
#3775 = VECTOR('',#3776,1.);
#3776 = DIRECTION('',(1.,0.));
#3777 = ( GEOMETRIC_REPRESENTATION_CONTEXT(2) 
PARAMETRIC_REPRESENTATION_CONTEXT() REPRESENTATION_CONTEXT('2D SPACE',''
  ) );
#3778 = ORIENTED_EDGE('',*,*,#2642,.F.);
#3779 = FACE_BOUND('',#3780,.T.);
#3780 = EDGE_LOOP('',(#3781));
#3781 = ORIENTED_EDGE('',*,*,#3782,.T.);
#3782 = EDGE_CURVE('',#3783,#3783,#3785,.T.);
#3783 = VERTEX_POINT('',#3784);
#3784 = CARTESIAN_POINT('',(49.8,33.003367123739,3.230588235294));
#3785 = SURFACE_CURVE('',#3786,(#3791,#3802),.PCURVE_S1.);
#3786 = CIRCLE('',#3787,2.);
#3787 = AXIS2_PLACEMENT_3D('',#3788,#3789,#3790);
#3788 = CARTESIAN_POINT('',(49.8,32.071067811865,5.));
#3789 = DIRECTION('',(-1.,0.,-0.));
#3790 = DIRECTION('',(0.,0.466149655937,-0.884705882353));
#3791 = PCURVE('',#2658,#3792);
#3792 = DEFINITIONAL_REPRESENTATION('',(#3793),#3801);
#3793 = ( BOUNDED_CURVE() B_SPLINE_CURVE(2,(#3794,#3795,#3796,#3797,
#3798,#3799,#3800),.UNSPECIFIED.,.T.,.F.) B_SPLINE_CURVE_WITH_KNOTS((1,2
    ,2,2,2,1),(-2.094395102393,0.,2.094395102393,4.188790204786,
6.28318530718,8.377580409573),.UNSPECIFIED.) CURVE() 
GEOMETRIC_REPRESENTATION_ITEM() RATIONAL_B_SPLINE_CURVE((1.,0.5,1.,0.5,
1.,0.5,1.)) REPRESENTATION_ITEM('') );
#3794 = CARTESIAN_POINT('',(5.,-7.));
#3795 = CARTESIAN_POINT('',(1.535898384862,-7.));
#3796 = CARTESIAN_POINT('',(3.267949192431,-4.));
#3797 = CARTESIAN_POINT('',(5.,-1.));
#3798 = CARTESIAN_POINT('',(6.732050807569,-4.));
#3799 = CARTESIAN_POINT('',(8.464101615138,-7.));
#3800 = CARTESIAN_POINT('',(5.,-7.));
#3801 = ( GEOMETRIC_REPRESENTATION_CONTEXT(2) 
PARAMETRIC_REPRESENTATION_CONTEXT() REPRESENTATION_CONTEXT('2D SPACE',''
  ) );
#3802 = PCURVE('',#3714,#3803);
#3803 = DEFINITIONAL_REPRESENTATION('',(#3804),#3808);
#3804 = LINE('',#3805,#3806);
#3805 = CARTESIAN_POINT('',(-6.28318530718,-50.8));
#3806 = VECTOR('',#3807,1.);
#3807 = DIRECTION('',(1.,-0.));
#3808 = ( GEOMETRIC_REPRESENTATION_CONTEXT(2) 
PARAMETRIC_REPRESENTATION_CONTEXT() REPRESENTATION_CONTEXT('2D SPACE',''
  ) );
#3809 = ADVANCED_FACE('',(#3810),#2686,.F.);
#3810 = FACE_BOUND('',#3811,.F.);
#3811 = EDGE_LOOP('',(#3812,#3813,#3814,#3815));
#3812 = ORIENTED_EDGE('',*,*,#3143,.F.);
#3813 = ORIENTED_EDGE('',*,*,#3758,.T.);
#3814 = ORIENTED_EDGE('',*,*,#2670,.T.);
#3815 = ORIENTED_EDGE('',*,*,#3816,.F.);
#3816 = EDGE_CURVE('',#3144,#2671,#3817,.T.);
#3817 = SURFACE_CURVE('',#3818,(#3822,#3829),.PCURVE_S1.);
#3818 = LINE('',#3819,#3820);
#3819 = CARTESIAN_POINT('',(65.,31.409863883645,-4.471269449711));
#3820 = VECTOR('',#3821,1.);
#3821 = DIRECTION('',(0.,0.884705882353,0.466149655937));
#3822 = PCURVE('',#2686,#3823);
#3823 = DEFINITIONAL_REPRESENTATION('',(#3824),#3828);
#3824 = LINE('',#3825,#3826);
#3825 = CARTESIAN_POINT('',(0.,65.));
#3826 = VECTOR('',#3827,1.);
#3827 = DIRECTION('',(1.,0.));
#3828 = ( GEOMETRIC_REPRESENTATION_CONTEXT(2) 
PARAMETRIC_REPRESENTATION_CONTEXT() REPRESENTATION_CONTEXT('2D SPACE',''
  ) );
#3829 = PCURVE('',#2714,#3830);
#3830 = DEFINITIONAL_REPRESENTATION('',(#3831),#3835);
#3831 = LINE('',#3832,#3833);
#3832 = CARTESIAN_POINT('',(-7.105427357601E-15,153.85786437626));
#3833 = VECTOR('',#3834,1.);
#3834 = DIRECTION('',(1.,0.));
#3835 = ( GEOMETRIC_REPRESENTATION_CONTEXT(2) 
PARAMETRIC_REPRESENTATION_CONTEXT() REPRESENTATION_CONTEXT('2D SPACE',''
  ) );
#3836 = ADVANCED_FACE('',(#3837,#3843),#2714,.T.);
#3837 = FACE_BOUND('',#3838,.T.);
#3838 = EDGE_LOOP('',(#3839,#3840,#3841,#3842));
#3839 = ORIENTED_EDGE('',*,*,#2698,.F.);
#3840 = ORIENTED_EDGE('',*,*,#3816,.F.);
#3841 = ORIENTED_EDGE('',*,*,#3166,.F.);
#3842 = ORIENTED_EDGE('',*,*,#3406,.T.);
#3843 = FACE_BOUND('',#3844,.T.);
#3844 = EDGE_LOOP('',(#3845,#3875,#3903,#3931,#3959,#3987));
#3845 = ORIENTED_EDGE('',*,*,#3846,.T.);
#3846 = EDGE_CURVE('',#3847,#3849,#3851,.T.);
#3847 = VERTEX_POINT('',#3848);
#3848 = CARTESIAN_POINT('',(65.,113.56335534464,-141.8341878512));
#3849 = VERTEX_POINT('',#3850);
#3850 = CARTESIAN_POINT('',(65.,115.52801623881,-145.5629196603));
#3851 = SURFACE_CURVE('',#3852,(#3856,#3863),.PCURVE_S1.);
#3852 = LINE('',#3853,#3854);
#3853 = CARTESIAN_POINT('',(65.,113.15568827349,-141.060476123));
#3854 = VECTOR('',#3855,1.);
#3855 = DIRECTION('',(0.,0.466149655937,-0.884705882353));
#3856 = PCURVE('',#2714,#3857);
#3857 = DEFINITIONAL_REPRESENTATION('',(#3858),#3862);
#3858 = LINE('',#3859,#3860);
#3859 = CARTESIAN_POINT('',(8.65,-5.089198147204));
#3860 = VECTOR('',#3861,1.);
#3861 = DIRECTION('',(-5.551115123126E-17,-1.));
#3862 = ( GEOMETRIC_REPRESENTATION_CONTEXT(2) 
PARAMETRIC_REPRESENTATION_CONTEXT() REPRESENTATION_CONTEXT('2D SPACE',''
  ) );
#3863 = PCURVE('',#3864,#3869);
#3864 = PLANE('',#3865);
#3865 = AXIS2_PLACEMENT_3D('',#3866,#3867,#3868);
#3866 = CARTESIAN_POINT('',(58.,115.52801623881,-145.5629196603));
#3867 = DIRECTION('',(0.,-0.884705882353,-0.466149655937));
#3868 = DIRECTION('',(0.,-0.466149655937,0.884705882353));
#3869 = DEFINITIONAL_REPRESENTATION('',(#3870),#3874);
#3870 = LINE('',#3871,#3872);
#3871 = CARTESIAN_POINT('',(5.089198147204,-7.));
#3872 = VECTOR('',#3873,1.);
#3873 = DIRECTION('',(-1.,0.));
#3874 = ( GEOMETRIC_REPRESENTATION_CONTEXT(2) 
PARAMETRIC_REPRESENTATION_CONTEXT() REPRESENTATION_CONTEXT('2D SPACE',''
  ) );
#3875 = ORIENTED_EDGE('',*,*,#3876,.T.);
#3876 = EDGE_CURVE('',#3849,#3877,#3879,.T.);
#3877 = VERTEX_POINT('',#3878);
#3878 = CARTESIAN_POINT('',(65.,113.2811702153,-149.1287318091));
#3879 = SURFACE_CURVE('',#3880,(#3884,#3891),.PCURVE_S1.);
#3880 = LINE('',#3881,#3882);
#3881 = CARTESIAN_POINT('',(65.,113.76435749371,-148.3618990802));
#3882 = VECTOR('',#3883,1.);
#3883 = DIRECTION('',(0.,-0.533102941027,-0.846050385183));
#3884 = PCURVE('',#2714,#3885);
#3885 = DEFINITIONAL_REPRESENTATION('',(#3886),#3890);
#3886 = LINE('',#3887,#3888);
#3887 = CARTESIAN_POINT('',(5.784937440186,-11.83254093456));
#3888 = VECTOR('',#3889,1.);
#3889 = DIRECTION('',(-0.866025403784,-0.5));
#3890 = ( GEOMETRIC_REPRESENTATION_CONTEXT(2) 
PARAMETRIC_REPRESENTATION_CONTEXT() REPRESENTATION_CONTEXT('2D SPACE',''
  ) );
#3891 = PCURVE('',#3892,#3897);
#3892 = PLANE('',#3893);
#3893 = AXIS2_PLACEMENT_3D('',#3894,#3895,#3896);
#3894 = CARTESIAN_POINT('',(58.,113.2811702153,-149.1287318091));
#3895 = DIRECTION('',(0.,-0.846050385183,0.533102941027));
#3896 = DIRECTION('',(0.,0.533102941027,0.846050385183));
#3897 = DEFINITIONAL_REPRESENTATION('',(#3898),#3902);
#3898 = LINE('',#3899,#3900);
#3899 = CARTESIAN_POINT('',(0.906367684776,-7.));
#3900 = VECTOR('',#3901,1.);
#3901 = DIRECTION('',(-1.,-0.));
#3902 = ( GEOMETRIC_REPRESENTATION_CONTEXT(2) 
PARAMETRIC_REPRESENTATION_CONTEXT() REPRESENTATION_CONTEXT('2D SPACE',''
  ) );
#3903 = ORIENTED_EDGE('',*,*,#3904,.T.);
#3904 = EDGE_CURVE('',#3877,#3905,#3907,.T.);
#3905 = VERTEX_POINT('',#3906);
#3906 = CARTESIAN_POINT('',(65.,109.06966329763,-148.9658121487));
#3907 = SURFACE_CURVE('',#3908,(#3912,#3919),.PCURVE_S1.);
#3908 = LINE('',#3909,#3910);
#3909 = CARTESIAN_POINT('',(65.,105.94283582481,-148.8448526727));
#3910 = VECTOR('',#3911,1.);
#3911 = DIRECTION('',(0.,-0.999252596964,3.865549716973E-02));
#3912 = PCURVE('',#2714,#3913);
#3913 = DEFINITIONAL_REPRESENTATION('',(#3914),#3918);
#3914 = LINE('',#3915,#3916);
#3915 = CARTESIAN_POINT('',(-1.359937440186,-8.613813183829));
#3916 = VECTOR('',#3917,1.);
#3917 = DIRECTION('',(-0.866025403784,0.5));
#3918 = ( GEOMETRIC_REPRESENTATION_CONTEXT(2) 
PARAMETRIC_REPRESENTATION_CONTEXT() REPRESENTATION_CONTEXT('2D SPACE',''
  ) );
#3919 = PCURVE('',#3920,#3925);
#3920 = PLANE('',#3921);
#3921 = AXIS2_PLACEMENT_3D('',#3922,#3923,#3924);
#3922 = CARTESIAN_POINT('',(58.,109.06966329763,-148.9658121487));
#3923 = DIRECTION('',(0.,3.865549716973E-02,0.999252596964));
#3924 = DIRECTION('',(0.,0.999252596964,-3.865549716973E-02));
#3925 = DEFINITIONAL_REPRESENTATION('',(#3926),#3930);
#3926 = LINE('',#3927,#3928);
#3927 = CARTESIAN_POINT('',(-3.129166221156,-7.));
#3928 = VECTOR('',#3929,1.);
#3929 = DIRECTION('',(-1.,0.));
#3930 = ( GEOMETRIC_REPRESENTATION_CONTEXT(2) 
PARAMETRIC_REPRESENTATION_CONTEXT() REPRESENTATION_CONTEXT('2D SPACE',''
  ) );
#3931 = ORIENTED_EDGE('',*,*,#3932,.T.);
#3932 = EDGE_CURVE('',#3905,#3933,#3935,.T.);
#3933 = VERTEX_POINT('',#3934);
#3934 = CARTESIAN_POINT('',(65.,107.10500240347,-145.2370803396));
#3935 = SURFACE_CURVE('',#3936,(#3940,#3947),.PCURVE_S1.);
#3936 = LINE('',#3937,#3938);
#3937 = CARTESIAN_POINT('',(65.,105.71500488523,-142.5990027068));
#3938 = VECTOR('',#3939,1.);
#3939 = DIRECTION('',(0.,-0.466149655937,0.884705882353));
#3940 = PCURVE('',#2714,#3941);
#3941 = DEFINITIONAL_REPRESENTATION('',(#3942),#3946);
#3942 = LINE('',#3943,#3944);
#3943 = CARTESIAN_POINT('',(1.35,-2.981869664662));
#3944 = VECTOR('',#3945,1.);
#3945 = DIRECTION('',(6.106226635438E-16,1.));
#3946 = ( GEOMETRIC_REPRESENTATION_CONTEXT(2) 
PARAMETRIC_REPRESENTATION_CONTEXT() REPRESENTATION_CONTEXT('2D SPACE',''
  ) );
#3947 = PCURVE('',#3948,#3953);
#3948 = PLANE('',#3949);
#3949 = AXIS2_PLACEMENT_3D('',#3950,#3951,#3952);
#3950 = CARTESIAN_POINT('',(58.,107.10500240347,-145.2370803396));
#3951 = DIRECTION('',(0.,0.884705882353,0.466149655937));
#3952 = DIRECTION('',(0.,0.466149655937,-0.884705882353));
#3953 = DEFINITIONAL_REPRESENTATION('',(#3954),#3958);
#3954 = LINE('',#3955,#3956);
#3955 = CARTESIAN_POINT('',(-2.981869664662,-7.));
#3956 = VECTOR('',#3957,1.);
#3957 = DIRECTION('',(-1.,-0.));
#3958 = ( GEOMETRIC_REPRESENTATION_CONTEXT(2) 
PARAMETRIC_REPRESENTATION_CONTEXT() REPRESENTATION_CONTEXT('2D SPACE',''
  ) );
#3959 = ORIENTED_EDGE('',*,*,#3960,.T.);
#3960 = EDGE_CURVE('',#3933,#3961,#3963,.T.);
#3961 = VERTEX_POINT('',#3962);
#3962 = CARTESIAN_POINT('',(65.,109.35184842697,-141.6712681908));
#3963 = SURFACE_CURVE('',#3964,(#3968,#3975),.PCURVE_S1.);
#3964 = LINE('',#3965,#3966);
#3965 = CARTESIAN_POINT('',(65.,108.71161269362,-142.6873415364));
#3966 = VECTOR('',#3967,1.);
#3967 = DIRECTION('',(0.,0.533102941027,0.846050385183));
#3968 = PCURVE('',#2714,#3969);
#3969 = DEFINITIONAL_REPRESENTATION('',(#3970),#3974);
#3970 = LINE('',#3971,#3972);
#3971 = CARTESIAN_POINT('',(3.959937440186,-4.456891245664));
#3972 = VECTOR('',#3973,1.);
#3973 = DIRECTION('',(0.866025403784,0.5));
#3974 = ( GEOMETRIC_REPRESENTATION_CONTEXT(2) 
PARAMETRIC_REPRESENTATION_CONTEXT() REPRESENTATION_CONTEXT('2D SPACE',''
  ) );
#3975 = PCURVE('',#3976,#3981);
#3976 = PLANE('',#3977);
#3977 = AXIS2_PLACEMENT_3D('',#3978,#3979,#3980);
#3978 = CARTESIAN_POINT('',(58.,109.35184842697,-141.6712681908));
#3979 = DIRECTION('',(0.,0.846050385183,-0.533102941027));
#3980 = DIRECTION('',(0.,-0.533102941027,-0.846050385183));
#3981 = DEFINITIONAL_REPRESENTATION('',(#3982),#3986);
#3982 = LINE('',#3983,#3984);
#3983 = CARTESIAN_POINT('',(1.200960797766,-7.));
#3984 = VECTOR('',#3985,1.);
#3985 = DIRECTION('',(-1.,0.));
#3986 = ( GEOMETRIC_REPRESENTATION_CONTEXT(2) 
PARAMETRIC_REPRESENTATION_CONTEXT() REPRESENTATION_CONTEXT('2D SPACE',''
  ) );
#3987 = ORIENTED_EDGE('',*,*,#3988,.T.);
#3988 = EDGE_CURVE('',#3961,#3847,#3989,.T.);
#3989 = SURFACE_CURVE('',#3990,(#3994,#4001),.PCURVE_S1.);
#3990 = LINE('',#3991,#3992);
#3991 = CARTESIAN_POINT('',(65.,108.33077441298,-141.631768545));
#3992 = VECTOR('',#3993,1.);
#3993 = DIRECTION('',(0.,0.999252596964,-3.865549716973E-02));
#3994 = PCURVE('',#2714,#3995);
#3995 = DEFINITIONAL_REPRESENTATION('',(#3996),#4000);
#3996 = LINE('',#3997,#3998);
#3997 = CARTESIAN_POINT('',(4.115062559814,-3.345491977474));
#3998 = VECTOR('',#3999,1.);
#3999 = DIRECTION('',(0.866025403784,-0.5));
#4000 = ( GEOMETRIC_REPRESENTATION_CONTEXT(2) 
PARAMETRIC_REPRESENTATION_CONTEXT() REPRESENTATION_CONTEXT('2D SPACE',''
  ) );
#4001 = PCURVE('',#4002,#4007);
#4002 = PLANE('',#4003);
#4003 = AXIS2_PLACEMENT_3D('',#4004,#4005,#4006);
#4004 = CARTESIAN_POINT('',(58.,113.56335534464,-141.8341878512));
#4005 = DIRECTION('',(0.,-3.865549716973E-02,-0.999252596964));
#4006 = DIRECTION('',(0.,-0.999252596964,3.865549716973E-02));
#4007 = DEFINITIONAL_REPRESENTATION('',(#4008),#4012);
#4008 = LINE('',#4009,#4010);
#4009 = CARTESIAN_POINT('',(5.236494703699,-7.));
#4010 = VECTOR('',#4011,1.);
#4011 = DIRECTION('',(-1.,0.));
#4012 = ( GEOMETRIC_REPRESENTATION_CONTEXT(2) 
PARAMETRIC_REPRESENTATION_CONTEXT() REPRESENTATION_CONTEXT('2D SPACE',''
  ) );
#4013 = ADVANCED_FACE('',(#4014),#2768,.F.);
#4014 = FACE_BOUND('',#4015,.T.);
#4015 = EDGE_LOOP('',(#4016,#4037,#4038,#4059));
#4016 = ORIENTED_EDGE('',*,*,#4017,.F.);
#4017 = EDGE_CURVE('',#3215,#2752,#4018,.T.);
#4018 = SURFACE_CURVE('',#4019,(#4023,#4030),.PCURVE_S1.);
#4019 = LINE('',#4020,#4021);
#4020 = CARTESIAN_POINT('',(55.,37.983552496283,-19.09271322329));
#4021 = VECTOR('',#4022,1.);
#4022 = DIRECTION('',(0.,0.884705882353,0.466149655937));
#4023 = PCURVE('',#2768,#4024);
#4024 = DEFINITIONAL_REPRESENTATION('',(#4025),#4029);
#4025 = LINE('',#4026,#4027);
#4026 = CARTESIAN_POINT('',(-0.,0.));
#4027 = VECTOR('',#4028,1.);
#4028 = DIRECTION('',(-0.,1.));
#4029 = ( GEOMETRIC_REPRESENTATION_CONTEXT(2) 
PARAMETRIC_REPRESENTATION_CONTEXT() REPRESENTATION_CONTEXT('2D SPACE',''
  ) );
#4030 = PCURVE('',#2965,#4031);
#4031 = DEFINITIONAL_REPRESENTATION('',(#4032),#4036);
#4032 = LINE('',#4033,#4034);
#4033 = CARTESIAN_POINT('',(4.440892098501E-16,-6.));
#4034 = VECTOR('',#4035,1.);
#4035 = DIRECTION('',(1.,0.));
#4036 = ( GEOMETRIC_REPRESENTATION_CONTEXT(2) 
PARAMETRIC_REPRESENTATION_CONTEXT() REPRESENTATION_CONTEXT('2D SPACE',''
  ) );
#4037 = ORIENTED_EDGE('',*,*,#3212,.F.);
#4038 = ORIENTED_EDGE('',*,*,#4039,.T.);
#4039 = EDGE_CURVE('',#3213,#2750,#4040,.T.);
#4040 = SURFACE_CURVE('',#4041,(#4045,#4052),.PCURVE_S1.);
#4041 = LINE('',#4042,#4043);
#4042 = CARTESIAN_POINT('',(49.,35.186654560662,-13.78447792917));
#4043 = VECTOR('',#4044,1.);
#4044 = DIRECTION('',(0.,0.884705882353,0.466149655937));
#4045 = PCURVE('',#2768,#4046);
#4046 = DEFINITIONAL_REPRESENTATION('',(#4047),#4051);
#4047 = LINE('',#4048,#4049);
#4048 = CARTESIAN_POINT('',(-1.570796326795,0.));
#4049 = VECTOR('',#4050,1.);
#4050 = DIRECTION('',(-0.,1.));
#4051 = ( GEOMETRIC_REPRESENTATION_CONTEXT(2) 
PARAMETRIC_REPRESENTATION_CONTEXT() REPRESENTATION_CONTEXT('2D SPACE',''
  ) );
#4052 = PCURVE('',#2796,#4053);
#4053 = DEFINITIONAL_REPRESENTATION('',(#4054),#4058);
#4054 = LINE('',#4055,#4056);
#4055 = CARTESIAN_POINT('',(0.,39.));
#4056 = VECTOR('',#4057,1.);
#4057 = DIRECTION('',(1.,0.));
#4058 = ( GEOMETRIC_REPRESENTATION_CONTEXT(2) 
PARAMETRIC_REPRESENTATION_CONTEXT() REPRESENTATION_CONTEXT('2D SPACE',''
  ) );
#4059 = ORIENTED_EDGE('',*,*,#2749,.T.);
#4060 = ADVANCED_FACE('',(#4061),#2796,.T.);
#4061 = FACE_BOUND('',#4062,.T.);
#4062 = EDGE_LOOP('',(#4063,#4064,#4085,#4086));
#4063 = ORIENTED_EDGE('',*,*,#3238,.T.);
#4064 = ORIENTED_EDGE('',*,*,#4065,.T.);
#4065 = EDGE_CURVE('',#3239,#2781,#4066,.T.);
#4066 = SURFACE_CURVE('',#4067,(#4071,#4078),.PCURVE_S1.);
#4067 = LINE('',#4068,#4069);
#4068 = CARTESIAN_POINT('',(16.,35.186654560662,-13.78447792917));
#4069 = VECTOR('',#4070,1.);
#4070 = DIRECTION('',(0.,0.884705882353,0.466149655937));
#4071 = PCURVE('',#2796,#4072);
#4072 = DEFINITIONAL_REPRESENTATION('',(#4073),#4077);
#4073 = LINE('',#4074,#4075);
#4074 = CARTESIAN_POINT('',(0.,6.));
#4075 = VECTOR('',#4076,1.);
#4076 = DIRECTION('',(1.,0.));
#4077 = ( GEOMETRIC_REPRESENTATION_CONTEXT(2) 
PARAMETRIC_REPRESENTATION_CONTEXT() REPRESENTATION_CONTEXT('2D SPACE',''
  ) );
#4078 = PCURVE('',#2825,#4079);
#4079 = DEFINITIONAL_REPRESENTATION('',(#4080),#4084);
#4080 = LINE('',#4081,#4082);
#4081 = CARTESIAN_POINT('',(1.570796326795,0.));
#4082 = VECTOR('',#4083,1.);
#4083 = DIRECTION('',(0.,1.));
#4084 = ( GEOMETRIC_REPRESENTATION_CONTEXT(2) 
PARAMETRIC_REPRESENTATION_CONTEXT() REPRESENTATION_CONTEXT('2D SPACE',''
  ) );
#4085 = ORIENTED_EDGE('',*,*,#2780,.F.);
#4086 = ORIENTED_EDGE('',*,*,#4039,.F.);
#4087 = ADVANCED_FACE('',(#4088),#2825,.F.);
#4088 = FACE_BOUND('',#4089,.F.);
#4089 = EDGE_LOOP('',(#4090,#4111,#4112,#4113));
#4090 = ORIENTED_EDGE('',*,*,#4091,.F.);
#4091 = EDGE_CURVE('',#3262,#2809,#4092,.T.);
#4092 = SURFACE_CURVE('',#4093,(#4097,#4104),.PCURVE_S1.);
#4093 = LINE('',#4094,#4095);
#4094 = CARTESIAN_POINT('',(10.,37.983552496283,-19.09271322329));
#4095 = VECTOR('',#4096,1.);
#4096 = DIRECTION('',(0.,0.884705882353,0.466149655937));
#4097 = PCURVE('',#2825,#4098);
#4098 = DEFINITIONAL_REPRESENTATION('',(#4099),#4103);
#4099 = LINE('',#4100,#4101);
#4100 = CARTESIAN_POINT('',(0.,0.));
#4101 = VECTOR('',#4102,1.);
#4102 = DIRECTION('',(0.,1.));
#4103 = ( GEOMETRIC_REPRESENTATION_CONTEXT(2) 
PARAMETRIC_REPRESENTATION_CONTEXT() REPRESENTATION_CONTEXT('2D SPACE',''
  ) );
#4104 = PCURVE('',#2853,#4105);
#4105 = DEFINITIONAL_REPRESENTATION('',(#4106),#4110);
#4106 = LINE('',#4107,#4108);
#4107 = CARTESIAN_POINT('',(4.440892098501E-16,-6.));
#4108 = VECTOR('',#4109,1.);
#4109 = DIRECTION('',(1.,0.));
#4110 = ( GEOMETRIC_REPRESENTATION_CONTEXT(2) 
PARAMETRIC_REPRESENTATION_CONTEXT() REPRESENTATION_CONTEXT('2D SPACE',''
  ) );
#4111 = ORIENTED_EDGE('',*,*,#3261,.T.);
#4112 = ORIENTED_EDGE('',*,*,#4065,.T.);
#4113 = ORIENTED_EDGE('',*,*,#2808,.F.);
#4114 = ADVANCED_FACE('',(#4115),#2853,.T.);
#4115 = FACE_BOUND('',#4116,.T.);
#4116 = EDGE_LOOP('',(#4117,#4118,#4119,#4120));
#4117 = ORIENTED_EDGE('',*,*,#2837,.F.);
#4118 = ORIENTED_EDGE('',*,*,#4091,.F.);
#4119 = ORIENTED_EDGE('',*,*,#3285,.T.);
#4120 = ORIENTED_EDGE('',*,*,#4121,.T.);
#4121 = EDGE_CURVE('',#3286,#2838,#4122,.T.);
#4122 = SURFACE_CURVE('',#4123,(#4127,#4134),.PCURVE_S1.);
#4123 = LINE('',#4124,#4125);
#4124 = CARTESIAN_POINT('',(10.,94.787554048488,-126.9010826479));
#4125 = VECTOR('',#4126,1.);
#4126 = DIRECTION('',(0.,0.884705882353,0.466149655937));
#4127 = PCURVE('',#2853,#4128);
#4128 = DEFINITIONAL_REPRESENTATION('',(#4129),#4133);
#4129 = LINE('',#4130,#4131);
#4130 = CARTESIAN_POINT('',(7.105427357601E-15,-127.8578643762));
#4131 = VECTOR('',#4132,1.);
#4132 = DIRECTION('',(1.,0.));
#4133 = ( GEOMETRIC_REPRESENTATION_CONTEXT(2) 
PARAMETRIC_REPRESENTATION_CONTEXT() REPRESENTATION_CONTEXT('2D SPACE',''
  ) );
#4134 = PCURVE('',#2882,#4135);
#4135 = DEFINITIONAL_REPRESENTATION('',(#4136),#4140);
#4136 = LINE('',#4137,#4138);
#4137 = CARTESIAN_POINT('',(-0.,0.));
#4138 = VECTOR('',#4139,1.);
#4139 = DIRECTION('',(-0.,1.));
#4140 = ( GEOMETRIC_REPRESENTATION_CONTEXT(2) 
PARAMETRIC_REPRESENTATION_CONTEXT() REPRESENTATION_CONTEXT('2D SPACE',''
  ) );
#4141 = ADVANCED_FACE('',(#4142),#2882,.F.);
#4142 = FACE_BOUND('',#4143,.T.);
#4143 = EDGE_LOOP('',(#4144,#4145,#4146,#4167));
#4144 = ORIENTED_EDGE('',*,*,#4121,.F.);
#4145 = ORIENTED_EDGE('',*,*,#3308,.F.);
#4146 = ORIENTED_EDGE('',*,*,#4147,.T.);
#4147 = EDGE_CURVE('',#3309,#2866,#4148,.T.);
#4148 = SURFACE_CURVE('',#4149,(#4153,#4160),.PCURVE_S1.);
#4149 = LINE('',#4150,#4151);
#4150 = CARTESIAN_POINT('',(16.,97.58445198411,-132.209317942));
#4151 = VECTOR('',#4152,1.);
#4152 = DIRECTION('',(0.,0.884705882353,0.466149655937));
#4153 = PCURVE('',#2882,#4154);
#4154 = DEFINITIONAL_REPRESENTATION('',(#4155),#4159);
#4155 = LINE('',#4156,#4157);
#4156 = CARTESIAN_POINT('',(-1.570796326795,0.));
#4157 = VECTOR('',#4158,1.);
#4158 = DIRECTION('',(-0.,1.));
#4159 = ( GEOMETRIC_REPRESENTATION_CONTEXT(2) 
PARAMETRIC_REPRESENTATION_CONTEXT() REPRESENTATION_CONTEXT('2D SPACE',''
  ) );
#4160 = PCURVE('',#2910,#4161);
#4161 = DEFINITIONAL_REPRESENTATION('',(#4162),#4166);
#4162 = LINE('',#4163,#4164);
#4163 = CARTESIAN_POINT('',(0.,6.));
#4164 = VECTOR('',#4165,1.);
#4165 = DIRECTION('',(1.,0.));
#4166 = ( GEOMETRIC_REPRESENTATION_CONTEXT(2) 
PARAMETRIC_REPRESENTATION_CONTEXT() REPRESENTATION_CONTEXT('2D SPACE',''
  ) );
#4167 = ORIENTED_EDGE('',*,*,#2865,.T.);
#4168 = ADVANCED_FACE('',(#4169),#2910,.F.);
#4169 = FACE_BOUND('',#4170,.F.);
#4170 = EDGE_LOOP('',(#4171,#4172,#4173,#4174));
#4171 = ORIENTED_EDGE('',*,*,#3332,.T.);
#4172 = ORIENTED_EDGE('',*,*,#4147,.T.);
#4173 = ORIENTED_EDGE('',*,*,#2894,.F.);
#4174 = ORIENTED_EDGE('',*,*,#4175,.F.);
#4175 = EDGE_CURVE('',#3333,#2895,#4176,.T.);
#4176 = SURFACE_CURVE('',#4177,(#4181,#4188),.PCURVE_S1.);
#4177 = LINE('',#4178,#4179);
#4178 = CARTESIAN_POINT('',(49.,97.58445198411,-132.209317942));
#4179 = VECTOR('',#4180,1.);
#4180 = DIRECTION('',(0.,0.884705882353,0.466149655937));
#4181 = PCURVE('',#2910,#4182);
#4182 = DEFINITIONAL_REPRESENTATION('',(#4183),#4187);
#4183 = LINE('',#4184,#4185);
#4184 = CARTESIAN_POINT('',(0.,39.));
#4185 = VECTOR('',#4186,1.);
#4186 = DIRECTION('',(1.,0.));
#4187 = ( GEOMETRIC_REPRESENTATION_CONTEXT(2) 
PARAMETRIC_REPRESENTATION_CONTEXT() REPRESENTATION_CONTEXT('2D SPACE',''
  ) );
#4188 = PCURVE('',#2939,#4189);
#4189 = DEFINITIONAL_REPRESENTATION('',(#4190),#4194);
#4190 = LINE('',#4191,#4192);
#4191 = CARTESIAN_POINT('',(1.570796326795,0.));
#4192 = VECTOR('',#4193,1.);
#4193 = DIRECTION('',(0.,1.));
#4194 = ( GEOMETRIC_REPRESENTATION_CONTEXT(2) 
PARAMETRIC_REPRESENTATION_CONTEXT() REPRESENTATION_CONTEXT('2D SPACE',''
  ) );
#4195 = ADVANCED_FACE('',(#4196),#2939,.F.);
#4196 = FACE_BOUND('',#4197,.F.);
#4197 = EDGE_LOOP('',(#4198,#4219,#4220,#4221));
#4198 = ORIENTED_EDGE('',*,*,#4199,.F.);
#4199 = EDGE_CURVE('',#3356,#2923,#4200,.T.);
#4200 = SURFACE_CURVE('',#4201,(#4205,#4212),.PCURVE_S1.);
#4201 = LINE('',#4202,#4203);
#4202 = CARTESIAN_POINT('',(55.,94.787554048488,-126.9010826479));
#4203 = VECTOR('',#4204,1.);
#4204 = DIRECTION('',(0.,0.884705882353,0.466149655937));
#4205 = PCURVE('',#2939,#4206);
#4206 = DEFINITIONAL_REPRESENTATION('',(#4207),#4211);
#4207 = LINE('',#4208,#4209);
#4208 = CARTESIAN_POINT('',(0.,0.));
#4209 = VECTOR('',#4210,1.);
#4210 = DIRECTION('',(0.,1.));
#4211 = ( GEOMETRIC_REPRESENTATION_CONTEXT(2) 
PARAMETRIC_REPRESENTATION_CONTEXT() REPRESENTATION_CONTEXT('2D SPACE',''
  ) );
#4212 = PCURVE('',#2965,#4213);
#4213 = DEFINITIONAL_REPRESENTATION('',(#4214),#4218);
#4214 = LINE('',#4215,#4216);
#4215 = CARTESIAN_POINT('',(7.105427357601E-15,-127.8578643762));
#4216 = VECTOR('',#4217,1.);
#4217 = DIRECTION('',(1.,0.));
#4218 = ( GEOMETRIC_REPRESENTATION_CONTEXT(2) 
PARAMETRIC_REPRESENTATION_CONTEXT() REPRESENTATION_CONTEXT('2D SPACE',''
  ) );
#4219 = ORIENTED_EDGE('',*,*,#3355,.T.);
#4220 = ORIENTED_EDGE('',*,*,#4175,.T.);
#4221 = ORIENTED_EDGE('',*,*,#2922,.F.);
#4222 = ADVANCED_FACE('',(#4223),#2965,.F.);
#4223 = FACE_BOUND('',#4224,.F.);
#4224 = EDGE_LOOP('',(#4225,#4226,#4227,#4228));
#4225 = ORIENTED_EDGE('',*,*,#2951,.F.);
#4226 = ORIENTED_EDGE('',*,*,#4017,.F.);
#4227 = ORIENTED_EDGE('',*,*,#3379,.T.);
#4228 = ORIENTED_EDGE('',*,*,#4199,.T.);
#4229 = ADVANCED_FACE('',(#4230,#4370),#3470,.T.);
#4230 = FACE_BOUND('',#4231,.T.);
#4231 = EDGE_LOOP('',(#4232,#4257,#4280,#4303,#4326,#4349));
#4232 = ORIENTED_EDGE('',*,*,#4233,.T.);
#4233 = EDGE_CURVE('',#4234,#4236,#4238,.T.);
#4234 = VERTEX_POINT('',#4235);
#4235 = CARTESIAN_POINT('',(58.,113.2811702153,-149.1287318091));
#4236 = VERTEX_POINT('',#4237);
#4237 = CARTESIAN_POINT('',(58.,115.52801623881,-145.5629196603));
#4238 = SURFACE_CURVE('',#4239,(#4243,#4250),.PCURVE_S1.);
#4239 = LINE('',#4240,#4241);
#4240 = CARTESIAN_POINT('',(58.,113.2811702153,-149.1287318091));
#4241 = VECTOR('',#4242,1.);
#4242 = DIRECTION('',(0.,0.533102941027,0.846050385183));
#4243 = PCURVE('',#3470,#4244);
#4244 = DEFINITIONAL_REPRESENTATION('',(#4245),#4249);
#4245 = LINE('',#4246,#4247);
#4246 = CARTESIAN_POINT('',(4.440892098501E-16,-4.214656965084));
#4247 = VECTOR('',#4248,1.);
#4248 = DIRECTION('',(0.866025403784,0.5));
#4249 = ( GEOMETRIC_REPRESENTATION_CONTEXT(2) 
PARAMETRIC_REPRESENTATION_CONTEXT() REPRESENTATION_CONTEXT('2D SPACE',''
  ) );
#4250 = PCURVE('',#3892,#4251);
#4251 = DEFINITIONAL_REPRESENTATION('',(#4252),#4256);
#4252 = LINE('',#4253,#4254);
#4253 = CARTESIAN_POINT('',(0.,0.));
#4254 = VECTOR('',#4255,1.);
#4255 = DIRECTION('',(1.,0.));
#4256 = ( GEOMETRIC_REPRESENTATION_CONTEXT(2) 
PARAMETRIC_REPRESENTATION_CONTEXT() REPRESENTATION_CONTEXT('2D SPACE',''
  ) );
#4257 = ORIENTED_EDGE('',*,*,#4258,.T.);
#4258 = EDGE_CURVE('',#4236,#4259,#4261,.T.);
#4259 = VERTEX_POINT('',#4260);
#4260 = CARTESIAN_POINT('',(58.,113.56335534464,-141.8341878512));
#4261 = SURFACE_CURVE('',#4262,(#4266,#4273),.PCURVE_S1.);
#4262 = LINE('',#4263,#4264);
#4263 = CARTESIAN_POINT('',(58.,115.52801623881,-145.5629196603));
#4264 = VECTOR('',#4265,1.);
#4265 = DIRECTION('',(0.,-0.466149655937,0.884705882353));
#4266 = PCURVE('',#3470,#4267);
#4267 = DEFINITIONAL_REPRESENTATION('',(#4268),#4272);
#4268 = LINE('',#4269,#4270);
#4269 = CARTESIAN_POINT('',(3.65,-2.107328482542));
#4270 = VECTOR('',#4271,1.);
#4271 = DIRECTION('',(5.551115123126E-17,1.));
#4272 = ( GEOMETRIC_REPRESENTATION_CONTEXT(2) 
PARAMETRIC_REPRESENTATION_CONTEXT() REPRESENTATION_CONTEXT('2D SPACE',''
  ) );
#4273 = PCURVE('',#3864,#4274);
#4274 = DEFINITIONAL_REPRESENTATION('',(#4275),#4279);
#4275 = LINE('',#4276,#4277);
#4276 = CARTESIAN_POINT('',(0.,0.));
#4277 = VECTOR('',#4278,1.);
#4278 = DIRECTION('',(1.,0.));
#4279 = ( GEOMETRIC_REPRESENTATION_CONTEXT(2) 
PARAMETRIC_REPRESENTATION_CONTEXT() REPRESENTATION_CONTEXT('2D SPACE',''
  ) );
#4280 = ORIENTED_EDGE('',*,*,#4281,.T.);
#4281 = EDGE_CURVE('',#4259,#4282,#4284,.T.);
#4282 = VERTEX_POINT('',#4283);
#4283 = CARTESIAN_POINT('',(58.,109.35184842697,-141.6712681908));
#4284 = SURFACE_CURVE('',#4285,(#4289,#4296),.PCURVE_S1.);
#4285 = LINE('',#4286,#4287);
#4286 = CARTESIAN_POINT('',(58.,113.56335534464,-141.8341878512));
#4287 = VECTOR('',#4288,1.);
#4288 = DIRECTION('',(0.,-0.999252596964,3.865549716973E-02));
#4289 = PCURVE('',#3470,#4290);
#4290 = DEFINITIONAL_REPRESENTATION('',(#4291),#4295);
#4291 = LINE('',#4292,#4293);
#4292 = CARTESIAN_POINT('',(3.65,2.107328482542));
#4293 = VECTOR('',#4294,1.);
#4294 = DIRECTION('',(-0.866025403784,0.5));
#4295 = ( GEOMETRIC_REPRESENTATION_CONTEXT(2) 
PARAMETRIC_REPRESENTATION_CONTEXT() REPRESENTATION_CONTEXT('2D SPACE',''
  ) );
#4296 = PCURVE('',#4002,#4297);
#4297 = DEFINITIONAL_REPRESENTATION('',(#4298),#4302);
#4298 = LINE('',#4299,#4300);
#4299 = CARTESIAN_POINT('',(0.,0.));
#4300 = VECTOR('',#4301,1.);
#4301 = DIRECTION('',(1.,-0.));
#4302 = ( GEOMETRIC_REPRESENTATION_CONTEXT(2) 
PARAMETRIC_REPRESENTATION_CONTEXT() REPRESENTATION_CONTEXT('2D SPACE',''
  ) );
#4303 = ORIENTED_EDGE('',*,*,#4304,.T.);
#4304 = EDGE_CURVE('',#4282,#4305,#4307,.T.);
#4305 = VERTEX_POINT('',#4306);
#4306 = CARTESIAN_POINT('',(58.,107.10500240347,-145.2370803396));
#4307 = SURFACE_CURVE('',#4308,(#4312,#4319),.PCURVE_S1.);
#4308 = LINE('',#4309,#4310);
#4309 = CARTESIAN_POINT('',(58.,109.35184842697,-141.6712681908));
#4310 = VECTOR('',#4311,1.);
#4311 = DIRECTION('',(0.,-0.533102941027,-0.846050385183));
#4312 = PCURVE('',#3470,#4313);
#4313 = DEFINITIONAL_REPRESENTATION('',(#4314),#4318);
#4314 = LINE('',#4315,#4316);
#4315 = CARTESIAN_POINT('',(-4.440892098501E-16,4.214656965084));
#4316 = VECTOR('',#4317,1.);
#4317 = DIRECTION('',(-0.866025403784,-0.5));
#4318 = ( GEOMETRIC_REPRESENTATION_CONTEXT(2) 
PARAMETRIC_REPRESENTATION_CONTEXT() REPRESENTATION_CONTEXT('2D SPACE',''
  ) );
#4319 = PCURVE('',#3976,#4320);
#4320 = DEFINITIONAL_REPRESENTATION('',(#4321),#4325);
#4321 = LINE('',#4322,#4323);
#4322 = CARTESIAN_POINT('',(0.,0.));
#4323 = VECTOR('',#4324,1.);
#4324 = DIRECTION('',(1.,0.));
#4325 = ( GEOMETRIC_REPRESENTATION_CONTEXT(2) 
PARAMETRIC_REPRESENTATION_CONTEXT() REPRESENTATION_CONTEXT('2D SPACE',''
  ) );
#4326 = ORIENTED_EDGE('',*,*,#4327,.T.);
#4327 = EDGE_CURVE('',#4305,#4328,#4330,.T.);
#4328 = VERTEX_POINT('',#4329);
#4329 = CARTESIAN_POINT('',(58.,109.06966329763,-148.9658121487));
#4330 = SURFACE_CURVE('',#4331,(#4335,#4342),.PCURVE_S1.);
#4331 = LINE('',#4332,#4333);
#4332 = CARTESIAN_POINT('',(58.,107.10500240347,-145.2370803396));
#4333 = VECTOR('',#4334,1.);
#4334 = DIRECTION('',(0.,0.466149655937,-0.884705882353));
#4335 = PCURVE('',#3470,#4336);
#4336 = DEFINITIONAL_REPRESENTATION('',(#4337),#4341);
#4337 = LINE('',#4338,#4339);
#4338 = CARTESIAN_POINT('',(-3.65,2.107328482542));
#4339 = VECTOR('',#4340,1.);
#4340 = DIRECTION('',(-6.106226635438E-16,-1.));
#4341 = ( GEOMETRIC_REPRESENTATION_CONTEXT(2) 
PARAMETRIC_REPRESENTATION_CONTEXT() REPRESENTATION_CONTEXT('2D SPACE',''
  ) );
#4342 = PCURVE('',#3948,#4343);
#4343 = DEFINITIONAL_REPRESENTATION('',(#4344),#4348);
#4344 = LINE('',#4345,#4346);
#4345 = CARTESIAN_POINT('',(0.,0.));
#4346 = VECTOR('',#4347,1.);
#4347 = DIRECTION('',(1.,0.));
#4348 = ( GEOMETRIC_REPRESENTATION_CONTEXT(2) 
PARAMETRIC_REPRESENTATION_CONTEXT() REPRESENTATION_CONTEXT('2D SPACE',''
  ) );
#4349 = ORIENTED_EDGE('',*,*,#4350,.T.);
#4350 = EDGE_CURVE('',#4328,#4234,#4351,.T.);
#4351 = SURFACE_CURVE('',#4352,(#4356,#4363),.PCURVE_S1.);
#4352 = LINE('',#4353,#4354);
#4353 = CARTESIAN_POINT('',(58.,109.06966329763,-148.9658121487));
#4354 = VECTOR('',#4355,1.);
#4355 = DIRECTION('',(0.,0.999252596964,-3.865549716973E-02));
#4356 = PCURVE('',#3470,#4357);
#4357 = DEFINITIONAL_REPRESENTATION('',(#4358),#4362);
#4358 = LINE('',#4359,#4360);
#4359 = CARTESIAN_POINT('',(-3.65,-2.107328482542));
#4360 = VECTOR('',#4361,1.);
#4361 = DIRECTION('',(0.866025403784,-0.5));
#4362 = ( GEOMETRIC_REPRESENTATION_CONTEXT(2) 
PARAMETRIC_REPRESENTATION_CONTEXT() REPRESENTATION_CONTEXT('2D SPACE',''
  ) );
#4363 = PCURVE('',#3920,#4364);
#4364 = DEFINITIONAL_REPRESENTATION('',(#4365),#4369);
#4365 = LINE('',#4366,#4367);
#4366 = CARTESIAN_POINT('',(0.,0.));
#4367 = VECTOR('',#4368,1.);
#4368 = DIRECTION('',(1.,0.));
#4369 = ( GEOMETRIC_REPRESENTATION_CONTEXT(2) 
PARAMETRIC_REPRESENTATION_CONTEXT() REPRESENTATION_CONTEXT('2D SPACE',''
  ) );
#4370 = FACE_BOUND('',#4371,.T.);
#4371 = EDGE_LOOP('',(#4372));
#4372 = ORIENTED_EDGE('',*,*,#3455,.T.);
#4373 = ADVANCED_FACE('',(#4374),#3536,.F.);
#4374 = FACE_BOUND('',#4375,.T.);
#4375 = EDGE_LOOP('',(#4376,#4409,#4430,#4431));
#4376 = ORIENTED_EDGE('',*,*,#4377,.T.);
#4377 = EDGE_CURVE('',#4378,#4378,#4380,.T.);
#4378 = VERTEX_POINT('',#4379);
#4379 = CARTESIAN_POINT('',(4.,112.24880863301,-147.1694117647));
#4380 = SURFACE_CURVE('',#4381,(#4386,#4393),.PCURVE_S1.);
#4381 = CIRCLE('',#4382,2.);
#4382 = AXIS2_PLACEMENT_3D('',#4383,#4384,#4385);
#4383 = CARTESIAN_POINT('',(4.,111.31650932114,-145.4));
#4384 = DIRECTION('',(-1.,0.,-0.));
#4385 = DIRECTION('',(0.,0.466149655937,-0.884705882353));
#4386 = PCURVE('',#3536,#4387);
#4387 = DEFINITIONAL_REPRESENTATION('',(#4388),#4392);
#4388 = LINE('',#4389,#4390);
#4389 = CARTESIAN_POINT('',(-6.28318530718,-5.));
#4390 = VECTOR('',#4391,1.);
#4391 = DIRECTION('',(1.,-0.));
#4392 = ( GEOMETRIC_REPRESENTATION_CONTEXT(2) 
PARAMETRIC_REPRESENTATION_CONTEXT() REPRESENTATION_CONTEXT('2D SPACE',''
  ) );
#4393 = PCURVE('',#4394,#4399);
#4394 = PLANE('',#4395);
#4395 = AXIS2_PLACEMENT_3D('',#4396,#4397,#4398);
#4396 = CARTESIAN_POINT('',(4.,111.31650932114,-145.4));
#4397 = DIRECTION('',(1.,0.,0.));
#4398 = DIRECTION('',(0.,0.884705882353,0.466149655937));
#4399 = DEFINITIONAL_REPRESENTATION('',(#4400),#4408);
#4400 = ( BOUNDED_CURVE() B_SPLINE_CURVE(2,(#4401,#4402,#4403,#4404,
#4405,#4406,#4407),.UNSPECIFIED.,.T.,.F.) B_SPLINE_CURVE_WITH_KNOTS((1,2
    ,2,2,2,1),(-2.094395102393,0.,2.094395102393,4.188790204786,
6.28318530718,8.377580409573),.UNSPECIFIED.) CURVE() 
GEOMETRIC_REPRESENTATION_ITEM() RATIONAL_B_SPLINE_CURVE((1.,0.5,1.,0.5,
1.,0.5,1.)) REPRESENTATION_ITEM('') );
#4401 = CARTESIAN_POINT('',(0.,-2.));
#4402 = CARTESIAN_POINT('',(-3.464101615138,-2.));
#4403 = CARTESIAN_POINT('',(-1.732050807569,1.));
#4404 = CARTESIAN_POINT('',(-4.898587196589E-16,4.));
#4405 = CARTESIAN_POINT('',(1.732050807569,1.));
#4406 = CARTESIAN_POINT('',(3.464101615138,-2.));
#4407 = CARTESIAN_POINT('',(0.,-2.));
#4408 = ( GEOMETRIC_REPRESENTATION_CONTEXT(2) 
PARAMETRIC_REPRESENTATION_CONTEXT() REPRESENTATION_CONTEXT('2D SPACE',''
  ) );
#4409 = ORIENTED_EDGE('',*,*,#4410,.T.);
#4410 = EDGE_CURVE('',#4378,#3516,#4411,.T.);
#4411 = SEAM_CURVE('',#4412,(#4416,#4423),.PCURVE_S1.);
#4412 = LINE('',#4413,#4414);
#4413 = CARTESIAN_POINT('',(-1.,112.24880863301,-147.1694117647));
#4414 = VECTOR('',#4415,1.);
#4415 = DIRECTION('',(1.,0.,0.));
#4416 = PCURVE('',#3536,#4417);
#4417 = DEFINITIONAL_REPRESENTATION('',(#4418),#4422);
#4418 = LINE('',#4419,#4420);
#4419 = CARTESIAN_POINT('',(-6.28318530718,0.));
#4420 = VECTOR('',#4421,1.);
#4421 = DIRECTION('',(-0.,-1.));
#4422 = ( GEOMETRIC_REPRESENTATION_CONTEXT(2) 
PARAMETRIC_REPRESENTATION_CONTEXT() REPRESENTATION_CONTEXT('2D SPACE',''
  ) );
#4423 = PCURVE('',#3536,#4424);
#4424 = DEFINITIONAL_REPRESENTATION('',(#4425),#4429);
#4425 = LINE('',#4426,#4427);
#4426 = CARTESIAN_POINT('',(-0.,0.));
#4427 = VECTOR('',#4428,1.);
#4428 = DIRECTION('',(-0.,-1.));
#4429 = ( GEOMETRIC_REPRESENTATION_CONTEXT(2) 
PARAMETRIC_REPRESENTATION_CONTEXT() REPRESENTATION_CONTEXT('2D SPACE',''
  ) );
#4430 = ORIENTED_EDGE('',*,*,#3515,.F.);
#4431 = ORIENTED_EDGE('',*,*,#4410,.F.);
#4432 = ADVANCED_FACE('',(#4433),#3625,.F.);
#4433 = FACE_BOUND('',#4434,.T.);
#4434 = EDGE_LOOP('',(#4435,#4436,#4459,#4481));
#4435 = ORIENTED_EDGE('',*,*,#3604,.T.);
#4436 = ORIENTED_EDGE('',*,*,#4437,.T.);
#4437 = EDGE_CURVE('',#3605,#4438,#4440,.T.);
#4438 = VERTEX_POINT('',#4439);
#4439 = CARTESIAN_POINT('',(4.,113.27433787607,-149.1157647058));
#4440 = SEAM_CURVE('',#4441,(#4445,#4452),.PCURVE_S1.);
#4441 = LINE('',#4442,#4443);
#4442 = CARTESIAN_POINT('',(-1.,113.27433787607,-149.1157647058));
#4443 = VECTOR('',#4444,1.);
#4444 = DIRECTION('',(1.,0.,0.));
#4445 = PCURVE('',#3625,#4446);
#4446 = DEFINITIONAL_REPRESENTATION('',(#4447),#4451);
#4447 = LINE('',#4448,#4449);
#4448 = CARTESIAN_POINT('',(-6.28318530718,0.));
#4449 = VECTOR('',#4450,1.);
#4450 = DIRECTION('',(-0.,-1.));
#4451 = ( GEOMETRIC_REPRESENTATION_CONTEXT(2) 
PARAMETRIC_REPRESENTATION_CONTEXT() REPRESENTATION_CONTEXT('2D SPACE',''
  ) );
#4452 = PCURVE('',#3625,#4453);
#4453 = DEFINITIONAL_REPRESENTATION('',(#4454),#4458);
#4454 = LINE('',#4455,#4456);
#4455 = CARTESIAN_POINT('',(-0.,0.));
#4456 = VECTOR('',#4457,1.);
#4457 = DIRECTION('',(-0.,-1.));
#4458 = ( GEOMETRIC_REPRESENTATION_CONTEXT(2) 
PARAMETRIC_REPRESENTATION_CONTEXT() REPRESENTATION_CONTEXT('2D SPACE',''
  ) );
#4459 = ORIENTED_EDGE('',*,*,#4460,.T.);
#4460 = EDGE_CURVE('',#4438,#4438,#4461,.T.);
#4461 = SURFACE_CURVE('',#4462,(#4467,#4474),.PCURVE_S1.);
#4462 = CIRCLE('',#4463,4.2);
#4463 = AXIS2_PLACEMENT_3D('',#4464,#4465,#4466);
#4464 = CARTESIAN_POINT('',(4.,111.31650932114,-145.4));
#4465 = DIRECTION('',(1.,-0.,0.));
#4466 = DIRECTION('',(0.,0.466149655937,-0.884705882353));
#4467 = PCURVE('',#3625,#4468);
#4468 = DEFINITIONAL_REPRESENTATION('',(#4469),#4473);
#4469 = LINE('',#4470,#4471);
#4470 = CARTESIAN_POINT('',(-0.,-5.));
#4471 = VECTOR('',#4472,1.);
#4472 = DIRECTION('',(-1.,0.));
#4473 = ( GEOMETRIC_REPRESENTATION_CONTEXT(2) 
PARAMETRIC_REPRESENTATION_CONTEXT() REPRESENTATION_CONTEXT('2D SPACE',''
  ) );
#4474 = PCURVE('',#4394,#4475);
#4475 = DEFINITIONAL_REPRESENTATION('',(#4476),#4480);
#4476 = CIRCLE('',#4477,4.2);
#4477 = AXIS2_PLACEMENT_2D('',#4478,#4479);
#4478 = CARTESIAN_POINT('',(0.,0.));
#4479 = DIRECTION('',(0.,-1.));
#4480 = ( GEOMETRIC_REPRESENTATION_CONTEXT(2) 
PARAMETRIC_REPRESENTATION_CONTEXT() REPRESENTATION_CONTEXT('2D SPACE',''
  ) );
#4481 = ORIENTED_EDGE('',*,*,#4437,.F.);
#4482 = ADVANCED_FACE('',(#4483),#3714,.F.);
#4483 = FACE_BOUND('',#4484,.T.);
#4484 = EDGE_LOOP('',(#4485,#4486,#4507,#4508));
#4485 = ORIENTED_EDGE('',*,*,#3693,.T.);
#4486 = ORIENTED_EDGE('',*,*,#4487,.T.);
#4487 = EDGE_CURVE('',#3694,#3783,#4488,.T.);
#4488 = SEAM_CURVE('',#4489,(#4493,#4500),.PCURVE_S1.);
#4489 = LINE('',#4490,#4491);
#4490 = CARTESIAN_POINT('',(-1.,33.003367123739,3.230588235294));
#4491 = VECTOR('',#4492,1.);
#4492 = DIRECTION('',(1.,0.,0.));
#4493 = PCURVE('',#3714,#4494);
#4494 = DEFINITIONAL_REPRESENTATION('',(#4495),#4499);
#4495 = LINE('',#4496,#4497);
#4496 = CARTESIAN_POINT('',(-6.28318530718,0.));
#4497 = VECTOR('',#4498,1.);
#4498 = DIRECTION('',(-0.,-1.));
#4499 = ( GEOMETRIC_REPRESENTATION_CONTEXT(2) 
PARAMETRIC_REPRESENTATION_CONTEXT() REPRESENTATION_CONTEXT('2D SPACE',''
  ) );
#4500 = PCURVE('',#3714,#4501);
#4501 = DEFINITIONAL_REPRESENTATION('',(#4502),#4506);
#4502 = LINE('',#4503,#4504);
#4503 = CARTESIAN_POINT('',(-0.,0.));
#4504 = VECTOR('',#4505,1.);
#4505 = DIRECTION('',(-0.,-1.));
#4506 = ( GEOMETRIC_REPRESENTATION_CONTEXT(2) 
PARAMETRIC_REPRESENTATION_CONTEXT() REPRESENTATION_CONTEXT('2D SPACE',''
  ) );
#4507 = ORIENTED_EDGE('',*,*,#3782,.F.);
#4508 = ORIENTED_EDGE('',*,*,#4487,.F.);
#4509 = ADVANCED_FACE('',(#4510),#3864,.T.);
#4510 = FACE_BOUND('',#4511,.T.);
#4511 = EDGE_LOOP('',(#4512,#4513,#4534,#4535));
#4512 = ORIENTED_EDGE('',*,*,#4258,.F.);
#4513 = ORIENTED_EDGE('',*,*,#4514,.T.);
#4514 = EDGE_CURVE('',#4236,#3849,#4515,.T.);
#4515 = SURFACE_CURVE('',#4516,(#4520,#4527),.PCURVE_S1.);
#4516 = LINE('',#4517,#4518);
#4517 = CARTESIAN_POINT('',(58.,115.52801623881,-145.5629196603));
#4518 = VECTOR('',#4519,1.);
#4519 = DIRECTION('',(1.,0.,0.));
#4520 = PCURVE('',#3864,#4521);
#4521 = DEFINITIONAL_REPRESENTATION('',(#4522),#4526);
#4522 = LINE('',#4523,#4524);
#4523 = CARTESIAN_POINT('',(0.,0.));
#4524 = VECTOR('',#4525,1.);
#4525 = DIRECTION('',(0.,-1.));
#4526 = ( GEOMETRIC_REPRESENTATION_CONTEXT(2) 
PARAMETRIC_REPRESENTATION_CONTEXT() REPRESENTATION_CONTEXT('2D SPACE',''
  ) );
#4527 = PCURVE('',#3892,#4528);
#4528 = DEFINITIONAL_REPRESENTATION('',(#4529),#4533);
#4529 = LINE('',#4530,#4531);
#4530 = CARTESIAN_POINT('',(4.214656965084,0.));
#4531 = VECTOR('',#4532,1.);
#4532 = DIRECTION('',(0.,-1.));
#4533 = ( GEOMETRIC_REPRESENTATION_CONTEXT(2) 
PARAMETRIC_REPRESENTATION_CONTEXT() REPRESENTATION_CONTEXT('2D SPACE',''
  ) );
#4534 = ORIENTED_EDGE('',*,*,#3846,.F.);
#4535 = ORIENTED_EDGE('',*,*,#4536,.F.);
#4536 = EDGE_CURVE('',#4259,#3847,#4537,.T.);
#4537 = SURFACE_CURVE('',#4538,(#4542,#4549),.PCURVE_S1.);
#4538 = LINE('',#4539,#4540);
#4539 = CARTESIAN_POINT('',(58.,113.56335534464,-141.8341878512));
#4540 = VECTOR('',#4541,1.);
#4541 = DIRECTION('',(1.,0.,0.));
#4542 = PCURVE('',#3864,#4543);
#4543 = DEFINITIONAL_REPRESENTATION('',(#4544),#4548);
#4544 = LINE('',#4545,#4546);
#4545 = CARTESIAN_POINT('',(4.214656965084,0.));
#4546 = VECTOR('',#4547,1.);
#4547 = DIRECTION('',(0.,-1.));
#4548 = ( GEOMETRIC_REPRESENTATION_CONTEXT(2) 
PARAMETRIC_REPRESENTATION_CONTEXT() REPRESENTATION_CONTEXT('2D SPACE',''
  ) );
#4549 = PCURVE('',#4002,#4550);
#4550 = DEFINITIONAL_REPRESENTATION('',(#4551),#4555);
#4551 = LINE('',#4552,#4553);
#4552 = CARTESIAN_POINT('',(0.,0.));
#4553 = VECTOR('',#4554,1.);
#4554 = DIRECTION('',(0.,-1.));
#4555 = ( GEOMETRIC_REPRESENTATION_CONTEXT(2) 
PARAMETRIC_REPRESENTATION_CONTEXT() REPRESENTATION_CONTEXT('2D SPACE',''
  ) );
#4556 = ADVANCED_FACE('',(#4557),#4002,.T.);
#4557 = FACE_BOUND('',#4558,.T.);
#4558 = EDGE_LOOP('',(#4559,#4560,#4561,#4562));
#4559 = ORIENTED_EDGE('',*,*,#4281,.F.);
#4560 = ORIENTED_EDGE('',*,*,#4536,.T.);
#4561 = ORIENTED_EDGE('',*,*,#3988,.F.);
#4562 = ORIENTED_EDGE('',*,*,#4563,.F.);
#4563 = EDGE_CURVE('',#4282,#3961,#4564,.T.);
#4564 = SURFACE_CURVE('',#4565,(#4569,#4576),.PCURVE_S1.);
#4565 = LINE('',#4566,#4567);
#4566 = CARTESIAN_POINT('',(58.,109.35184842697,-141.6712681908));
#4567 = VECTOR('',#4568,1.);
#4568 = DIRECTION('',(1.,0.,0.));
#4569 = PCURVE('',#4002,#4570);
#4570 = DEFINITIONAL_REPRESENTATION('',(#4571),#4575);
#4571 = LINE('',#4572,#4573);
#4572 = CARTESIAN_POINT('',(4.214656965084,-0.));
#4573 = VECTOR('',#4574,1.);
#4574 = DIRECTION('',(0.,-1.));
#4575 = ( GEOMETRIC_REPRESENTATION_CONTEXT(2) 
PARAMETRIC_REPRESENTATION_CONTEXT() REPRESENTATION_CONTEXT('2D SPACE',''
  ) );
#4576 = PCURVE('',#3976,#4577);
#4577 = DEFINITIONAL_REPRESENTATION('',(#4578),#4582);
#4578 = LINE('',#4579,#4580);
#4579 = CARTESIAN_POINT('',(0.,0.));
#4580 = VECTOR('',#4581,1.);
#4581 = DIRECTION('',(0.,-1.));
#4582 = ( GEOMETRIC_REPRESENTATION_CONTEXT(2) 
PARAMETRIC_REPRESENTATION_CONTEXT() REPRESENTATION_CONTEXT('2D SPACE',''
  ) );
#4583 = ADVANCED_FACE('',(#4584),#3976,.T.);
#4584 = FACE_BOUND('',#4585,.T.);
#4585 = EDGE_LOOP('',(#4586,#4587,#4588,#4589));
#4586 = ORIENTED_EDGE('',*,*,#4304,.F.);
#4587 = ORIENTED_EDGE('',*,*,#4563,.T.);
#4588 = ORIENTED_EDGE('',*,*,#3960,.F.);
#4589 = ORIENTED_EDGE('',*,*,#4590,.F.);
#4590 = EDGE_CURVE('',#4305,#3933,#4591,.T.);
#4591 = SURFACE_CURVE('',#4592,(#4596,#4603),.PCURVE_S1.);
#4592 = LINE('',#4593,#4594);
#4593 = CARTESIAN_POINT('',(58.,107.10500240347,-145.2370803396));
#4594 = VECTOR('',#4595,1.);
#4595 = DIRECTION('',(1.,0.,0.));
#4596 = PCURVE('',#3976,#4597);
#4597 = DEFINITIONAL_REPRESENTATION('',(#4598),#4602);
#4598 = LINE('',#4599,#4600);
#4599 = CARTESIAN_POINT('',(4.214656965084,0.));
#4600 = VECTOR('',#4601,1.);
#4601 = DIRECTION('',(0.,-1.));
#4602 = ( GEOMETRIC_REPRESENTATION_CONTEXT(2) 
PARAMETRIC_REPRESENTATION_CONTEXT() REPRESENTATION_CONTEXT('2D SPACE',''
  ) );
#4603 = PCURVE('',#3948,#4604);
#4604 = DEFINITIONAL_REPRESENTATION('',(#4605),#4609);
#4605 = LINE('',#4606,#4607);
#4606 = CARTESIAN_POINT('',(0.,0.));
#4607 = VECTOR('',#4608,1.);
#4608 = DIRECTION('',(0.,-1.));
#4609 = ( GEOMETRIC_REPRESENTATION_CONTEXT(2) 
PARAMETRIC_REPRESENTATION_CONTEXT() REPRESENTATION_CONTEXT('2D SPACE',''
  ) );
#4610 = ADVANCED_FACE('',(#4611),#3948,.T.);
#4611 = FACE_BOUND('',#4612,.T.);
#4612 = EDGE_LOOP('',(#4613,#4614,#4615,#4616));
#4613 = ORIENTED_EDGE('',*,*,#4327,.F.);
#4614 = ORIENTED_EDGE('',*,*,#4590,.T.);
#4615 = ORIENTED_EDGE('',*,*,#3932,.F.);
#4616 = ORIENTED_EDGE('',*,*,#4617,.F.);
#4617 = EDGE_CURVE('',#4328,#3905,#4618,.T.);
#4618 = SURFACE_CURVE('',#4619,(#4623,#4630),.PCURVE_S1.);
#4619 = LINE('',#4620,#4621);
#4620 = CARTESIAN_POINT('',(58.,109.06966329763,-148.9658121487));
#4621 = VECTOR('',#4622,1.);
#4622 = DIRECTION('',(1.,0.,0.));
#4623 = PCURVE('',#3948,#4624);
#4624 = DEFINITIONAL_REPRESENTATION('',(#4625),#4629);
#4625 = LINE('',#4626,#4627);
#4626 = CARTESIAN_POINT('',(4.214656965084,0.));
#4627 = VECTOR('',#4628,1.);
#4628 = DIRECTION('',(0.,-1.));
#4629 = ( GEOMETRIC_REPRESENTATION_CONTEXT(2) 
PARAMETRIC_REPRESENTATION_CONTEXT() REPRESENTATION_CONTEXT('2D SPACE',''
  ) );
#4630 = PCURVE('',#3920,#4631);
#4631 = DEFINITIONAL_REPRESENTATION('',(#4632),#4636);
#4632 = LINE('',#4633,#4634);
#4633 = CARTESIAN_POINT('',(0.,0.));
#4634 = VECTOR('',#4635,1.);
#4635 = DIRECTION('',(0.,-1.));
#4636 = ( GEOMETRIC_REPRESENTATION_CONTEXT(2) 
PARAMETRIC_REPRESENTATION_CONTEXT() REPRESENTATION_CONTEXT('2D SPACE',''
  ) );
#4637 = ADVANCED_FACE('',(#4638),#3920,.T.);
#4638 = FACE_BOUND('',#4639,.T.);
#4639 = EDGE_LOOP('',(#4640,#4641,#4642,#4643));
#4640 = ORIENTED_EDGE('',*,*,#4350,.F.);
#4641 = ORIENTED_EDGE('',*,*,#4617,.T.);
#4642 = ORIENTED_EDGE('',*,*,#3904,.F.);
#4643 = ORIENTED_EDGE('',*,*,#4644,.F.);
#4644 = EDGE_CURVE('',#4234,#3877,#4645,.T.);
#4645 = SURFACE_CURVE('',#4646,(#4650,#4657),.PCURVE_S1.);
#4646 = LINE('',#4647,#4648);
#4647 = CARTESIAN_POINT('',(58.,113.2811702153,-149.1287318091));
#4648 = VECTOR('',#4649,1.);
#4649 = DIRECTION('',(1.,0.,0.));
#4650 = PCURVE('',#3920,#4651);
#4651 = DEFINITIONAL_REPRESENTATION('',(#4652),#4656);
#4652 = LINE('',#4653,#4654);
#4653 = CARTESIAN_POINT('',(4.214656965084,0.));
#4654 = VECTOR('',#4655,1.);
#4655 = DIRECTION('',(0.,-1.));
#4656 = ( GEOMETRIC_REPRESENTATION_CONTEXT(2) 
PARAMETRIC_REPRESENTATION_CONTEXT() REPRESENTATION_CONTEXT('2D SPACE',''
  ) );
#4657 = PCURVE('',#3892,#4658);
#4658 = DEFINITIONAL_REPRESENTATION('',(#4659),#4663);
#4659 = LINE('',#4660,#4661);
#4660 = CARTESIAN_POINT('',(0.,0.));
#4661 = VECTOR('',#4662,1.);
#4662 = DIRECTION('',(0.,-1.));
#4663 = ( GEOMETRIC_REPRESENTATION_CONTEXT(2) 
PARAMETRIC_REPRESENTATION_CONTEXT() REPRESENTATION_CONTEXT('2D SPACE',''
  ) );
#4664 = ADVANCED_FACE('',(#4665),#3892,.T.);
#4665 = FACE_BOUND('',#4666,.T.);
#4666 = EDGE_LOOP('',(#4667,#4668,#4669,#4670));
#4667 = ORIENTED_EDGE('',*,*,#4233,.F.);
#4668 = ORIENTED_EDGE('',*,*,#4644,.T.);
#4669 = ORIENTED_EDGE('',*,*,#3876,.F.);
#4670 = ORIENTED_EDGE('',*,*,#4514,.F.);
#4671 = ADVANCED_FACE('',(#4672,#4675),#4394,.F.);
#4672 = FACE_BOUND('',#4673,.F.);
#4673 = EDGE_LOOP('',(#4674));
#4674 = ORIENTED_EDGE('',*,*,#4460,.T.);
#4675 = FACE_BOUND('',#4676,.F.);
#4676 = EDGE_LOOP('',(#4677));
#4677 = ORIENTED_EDGE('',*,*,#4377,.T.);
#4678 = ( GEOMETRIC_REPRESENTATION_CONTEXT(3) 
GLOBAL_UNCERTAINTY_ASSIGNED_CONTEXT((#4682)) 
GLOBAL_UNIT_ASSIGNED_CONTEXT((#4679,#4680,#4681)) REPRESENTATION_CONTEXT
('Context #1','3D Context with UNIT and UNCERTAINTY') );
#4679 = ( LENGTH_UNIT() NAMED_UNIT(*) SI_UNIT(.MILLI.,.METRE.) );
#4680 = ( NAMED_UNIT(*) PLANE_ANGLE_UNIT() SI_UNIT($,.RADIAN.) );
#4681 = ( NAMED_UNIT(*) SI_UNIT($,.STERADIAN.) SOLID_ANGLE_UNIT() );
#4682 = UNCERTAINTY_MEASURE_WITH_UNIT(LENGTH_MEASURE(1.E-07),#4679,
  'distance_accuracy_value','confusion accuracy');
#4683 = CONTEXT_DEPENDENT_SHAPE_REPRESENTATION(#4684,#4686);
#4684 = ( REPRESENTATION_RELATIONSHIP('','',#2239,#2216) 
REPRESENTATION_RELATIONSHIP_WITH_TRANSFORMATION(#4685) 
SHAPE_REPRESENTATION_RELATIONSHIP() );
#4685 = ITEM_DEFINED_TRANSFORMATION('','',#11,#2217);
#4686 = PRODUCT_DEFINITION_SHAPE('Placement','Placement of an item',
  #4687);
#4687 = NEXT_ASSEMBLY_USAGE_OCCURRENCE('3','','',#2211,#2234,$);
#4688 = PRODUCT_RELATED_PRODUCT_CATEGORY('part',$,(#2236));
#4689 = SHAPE_DEFINITION_REPRESENTATION(#4690,#4696);
#4690 = PRODUCT_DEFINITION_SHAPE('','',#4691);
#4691 = PRODUCT_DEFINITION('design','',#4692,#4695);
#4692 = PRODUCT_DEFINITION_FORMATION('','',#4693);
#4693 = PRODUCT('screw1','screw1','',(#4694));
#4694 = PRODUCT_CONTEXT('',#2,'mechanical');
#4695 = PRODUCT_DEFINITION_CONTEXT('part definition',#2,'design');
#4696 = SHAPE_REPRESENTATION('',(#11,#4697),#4701);
#4697 = AXIS2_PLACEMENT_3D('',#4698,#4699,#4700);
#4698 = CARTESIAN_POINT('',(0.,0.,0.));
#4699 = DIRECTION('',(0.,0.,1.));
#4700 = DIRECTION('',(1.,0.,-0.));
#4701 = ( GEOMETRIC_REPRESENTATION_CONTEXT(3) 
GLOBAL_UNCERTAINTY_ASSIGNED_CONTEXT((#4705)) 
GLOBAL_UNIT_ASSIGNED_CONTEXT((#4702,#4703,#4704)) REPRESENTATION_CONTEXT
('Context #1','3D Context with UNIT and UNCERTAINTY') );
#4702 = ( LENGTH_UNIT() NAMED_UNIT(*) SI_UNIT(.MILLI.,.METRE.) );
#4703 = ( NAMED_UNIT(*) PLANE_ANGLE_UNIT() SI_UNIT($,.RADIAN.) );
#4704 = ( NAMED_UNIT(*) SI_UNIT($,.STERADIAN.) SOLID_ANGLE_UNIT() );
#4705 = UNCERTAINTY_MEASURE_WITH_UNIT(LENGTH_MEASURE(1.E-07),#4702,
  'distance_accuracy_value','confusion accuracy');
#4706 = CONTEXT_DEPENDENT_SHAPE_REPRESENTATION(#4707,#4709);
#4707 = ( REPRESENTATION_RELATIONSHIP('','',#4696,#10) 
REPRESENTATION_RELATIONSHIP_WITH_TRANSFORMATION(#4708) 
SHAPE_REPRESENTATION_RELATIONSHIP() );
#4708 = ITEM_DEFINED_TRANSFORMATION('','',#11,#23);
#4709 = PRODUCT_DEFINITION_SHAPE('Placement','Placement of an item',
  #4710);
#4710 = NEXT_ASSEMBLY_USAGE_OCCURRENCE('6','','',#5,#4691,$);
#4711 = PRODUCT_RELATED_PRODUCT_CATEGORY('part',$,(#4693));
#4712 = SHAPE_DEFINITION_REPRESENTATION(#4713,#4719);
#4713 = PRODUCT_DEFINITION_SHAPE('','',#4714);
#4714 = PRODUCT_DEFINITION('design','',#4715,#4718);
#4715 = PRODUCT_DEFINITION_FORMATION('','',#4716);
#4716 = PRODUCT('screw1_part','screw1_part','',(#4717));
#4717 = PRODUCT_CONTEXT('',#2,'mechanical');
#4718 = PRODUCT_DEFINITION_CONTEXT('part definition',#2,'design');
#4719 = ADVANCED_BREP_SHAPE_REPRESENTATION('',(#11,#4720),#5822);
#4720 = MANIFOLD_SOLID_BREP('',#4721);
#4721 = CLOSED_SHELL('',(#4722,#4810,#5128,#5163,#5237,#5286,#5335,#5382
    ,#5431,#5480,#5527,#5576,#5625,#5672,#5721,#5748,#5803,#5818));
#4722 = ADVANCED_FACE('',(#4723),#4737,.T.);
#4723 = FACE_BOUND('',#4724,.F.);
#4724 = EDGE_LOOP('',(#4725,#4755,#4782,#4783));
#4725 = ORIENTED_EDGE('',*,*,#4726,.T.);
#4726 = EDGE_CURVE('',#4727,#4729,#4731,.T.);
#4727 = VERTEX_POINT('',#4728);
#4728 = CARTESIAN_POINT('',(0.9,36.071067811865,5.));
#4729 = VERTEX_POINT('',#4730);
#4730 = CARTESIAN_POINT('',(4.,36.071067811865,5.));
#4731 = SEAM_CURVE('',#4732,(#4736,#4748),.PCURVE_S1.);
#4732 = LINE('',#4733,#4734);
#4733 = CARTESIAN_POINT('',(0.9,36.071067811865,5.));
#4734 = VECTOR('',#4735,1.);
#4735 = DIRECTION('',(1.,0.,0.));
#4736 = PCURVE('',#4737,#4742);
#4737 = CYLINDRICAL_SURFACE('',#4738,4.);
#4738 = AXIS2_PLACEMENT_3D('',#4739,#4740,#4741);
#4739 = CARTESIAN_POINT('',(0.9,32.071067811865,5.));
#4740 = DIRECTION('',(-1.,-0.,-0.));
#4741 = DIRECTION('',(0.,1.,0.));
#4742 = DEFINITIONAL_REPRESENTATION('',(#4743),#4747);
#4743 = LINE('',#4744,#4745);
#4744 = CARTESIAN_POINT('',(-0.,0.));
#4745 = VECTOR('',#4746,1.);
#4746 = DIRECTION('',(-0.,-1.));
#4747 = ( GEOMETRIC_REPRESENTATION_CONTEXT(2) 
PARAMETRIC_REPRESENTATION_CONTEXT() REPRESENTATION_CONTEXT('2D SPACE',''
  ) );
#4748 = PCURVE('',#4737,#4749);
#4749 = DEFINITIONAL_REPRESENTATION('',(#4750),#4754);
#4750 = LINE('',#4751,#4752);
#4751 = CARTESIAN_POINT('',(-6.28318530718,0.));
#4752 = VECTOR('',#4753,1.);
#4753 = DIRECTION('',(-0.,-1.));
#4754 = ( GEOMETRIC_REPRESENTATION_CONTEXT(2) 
PARAMETRIC_REPRESENTATION_CONTEXT() REPRESENTATION_CONTEXT('2D SPACE',''
  ) );
#4755 = ORIENTED_EDGE('',*,*,#4756,.T.);
#4756 = EDGE_CURVE('',#4729,#4729,#4757,.T.);
#4757 = SURFACE_CURVE('',#4758,(#4763,#4770),.PCURVE_S1.);
#4758 = CIRCLE('',#4759,4.);
#4759 = AXIS2_PLACEMENT_3D('',#4760,#4761,#4762);
#4760 = CARTESIAN_POINT('',(4.,32.071067811865,5.));
#4761 = DIRECTION('',(1.,0.,0.));
#4762 = DIRECTION('',(0.,1.,0.));
#4763 = PCURVE('',#4737,#4764);
#4764 = DEFINITIONAL_REPRESENTATION('',(#4765),#4769);
#4765 = LINE('',#4766,#4767);
#4766 = CARTESIAN_POINT('',(-0.,-3.1));
#4767 = VECTOR('',#4768,1.);
#4768 = DIRECTION('',(-1.,0.));
#4769 = ( GEOMETRIC_REPRESENTATION_CONTEXT(2) 
PARAMETRIC_REPRESENTATION_CONTEXT() REPRESENTATION_CONTEXT('2D SPACE',''
  ) );
#4770 = PCURVE('',#4771,#4776);
#4771 = PLANE('',#4772);
#4772 = AXIS2_PLACEMENT_3D('',#4773,#4774,#4775);
#4773 = CARTESIAN_POINT('',(4.,32.071067811865,5.));
#4774 = DIRECTION('',(1.,0.,0.));
#4775 = DIRECTION('',(-0.,0.,1.));
#4776 = DEFINITIONAL_REPRESENTATION('',(#4777),#4781);
#4777 = CIRCLE('',#4778,4.);
#4778 = AXIS2_PLACEMENT_2D('',#4779,#4780);
#4779 = CARTESIAN_POINT('',(-8.881784197001E-16,7.105427357601E-15));
#4780 = DIRECTION('',(0.,-1.));
#4781 = ( GEOMETRIC_REPRESENTATION_CONTEXT(2) 
PARAMETRIC_REPRESENTATION_CONTEXT() REPRESENTATION_CONTEXT('2D SPACE',''
  ) );
#4782 = ORIENTED_EDGE('',*,*,#4726,.F.);
#4783 = ORIENTED_EDGE('',*,*,#4784,.F.);
#4784 = EDGE_CURVE('',#4727,#4727,#4785,.T.);
#4785 = SURFACE_CURVE('',#4786,(#4791,#4798),.PCURVE_S1.);
#4786 = CIRCLE('',#4787,4.);
#4787 = AXIS2_PLACEMENT_3D('',#4788,#4789,#4790);
#4788 = CARTESIAN_POINT('',(0.9,32.071067811865,5.));
#4789 = DIRECTION('',(1.,0.,0.));
#4790 = DIRECTION('',(0.,1.,0.));
#4791 = PCURVE('',#4737,#4792);
#4792 = DEFINITIONAL_REPRESENTATION('',(#4793),#4797);
#4793 = LINE('',#4794,#4795);
#4794 = CARTESIAN_POINT('',(-0.,0.));
#4795 = VECTOR('',#4796,1.);
#4796 = DIRECTION('',(-1.,0.));
#4797 = ( GEOMETRIC_REPRESENTATION_CONTEXT(2) 
PARAMETRIC_REPRESENTATION_CONTEXT() REPRESENTATION_CONTEXT('2D SPACE',''
  ) );
#4798 = PCURVE('',#4799,#4804);
#4799 = PLANE('',#4800);
#4800 = AXIS2_PLACEMENT_3D('',#4801,#4802,#4803);
#4801 = CARTESIAN_POINT('',(0.9,32.071067811865,5.));
#4802 = DIRECTION('',(1.,0.,0.));
#4803 = DIRECTION('',(-0.,0.,1.));
#4804 = DEFINITIONAL_REPRESENTATION('',(#4805),#4809);
#4805 = CIRCLE('',#4806,4.);
#4806 = AXIS2_PLACEMENT_2D('',#4807,#4808);
#4807 = CARTESIAN_POINT('',(-8.881784197001E-16,7.105427357601E-15));
#4808 = DIRECTION('',(0.,-1.));
#4809 = ( GEOMETRIC_REPRESENTATION_CONTEXT(2) 
PARAMETRIC_REPRESENTATION_CONTEXT() REPRESENTATION_CONTEXT('2D SPACE',''
  ) );
#4810 = ADVANCED_FACE('',(#4811,#4814),#4799,.F.);
#4811 = FACE_BOUND('',#4812,.F.);
#4812 = EDGE_LOOP('',(#4813));
#4813 = ORIENTED_EDGE('',*,*,#4784,.T.);
#4814 = FACE_BOUND('',#4815,.F.);
#4815 = EDGE_LOOP('',(#4816,#4844,#4870,#4896,#4922,#4948,#4974,#5000,
    #5026,#5052,#5078,#5104));
#4816 = ORIENTED_EDGE('',*,*,#4817,.T.);
#4817 = EDGE_CURVE('',#4818,#4820,#4822,.T.);
#4818 = VERTEX_POINT('',#4819);
#4819 = CARTESIAN_POINT('',(0.9,32.571067811865,5.5));
#4820 = VERTEX_POINT('',#4821);
#4821 = CARTESIAN_POINT('',(0.9,34.271067811865,5.5));
#4822 = SURFACE_CURVE('',#4823,(#4827,#4833),.PCURVE_S1.);
#4823 = LINE('',#4824,#4825);
#4824 = CARTESIAN_POINT('',(0.9,33.171067811865,5.5));
#4825 = VECTOR('',#4826,1.);
#4826 = DIRECTION('',(-0.,1.,0.));
#4827 = PCURVE('',#4799,#4828);
#4828 = DEFINITIONAL_REPRESENTATION('',(#4829),#4832);
#4829 = B_SPLINE_CURVE_WITH_KNOTS('',1,(#4830,#4831),.UNSPECIFIED.,.F.,
  .F.,(2,2),(-3.3,1.1),.PIECEWISE_BEZIER_KNOTS.);
#4830 = CARTESIAN_POINT('',(0.5,2.2));
#4831 = CARTESIAN_POINT('',(0.5,-2.2));
#4832 = ( GEOMETRIC_REPRESENTATION_CONTEXT(2) 
PARAMETRIC_REPRESENTATION_CONTEXT() REPRESENTATION_CONTEXT('2D SPACE',''
  ) );
#4833 = PCURVE('',#4834,#4839);
#4834 = PLANE('',#4835);
#4835 = AXIS2_PLACEMENT_3D('',#4836,#4837,#4838);
#4836 = CARTESIAN_POINT('',(-0.1,34.271067811865,5.5));
#4837 = DIRECTION('',(0.,0.,-1.));
#4838 = DIRECTION('',(0.,-1.,0.));
#4839 = DEFINITIONAL_REPRESENTATION('',(#4840),#4843);
#4840 = B_SPLINE_CURVE_WITH_KNOTS('',1,(#4841,#4842),.UNSPECIFIED.,.F.,
  .F.,(2,2),(-3.3,1.1),.PIECEWISE_BEZIER_KNOTS.);
#4841 = CARTESIAN_POINT('',(4.4,-1.));
#4842 = CARTESIAN_POINT('',(0.,-1.));
#4843 = ( GEOMETRIC_REPRESENTATION_CONTEXT(2) 
PARAMETRIC_REPRESENTATION_CONTEXT() REPRESENTATION_CONTEXT('2D SPACE',''
  ) );
#4844 = ORIENTED_EDGE('',*,*,#4845,.T.);
#4845 = EDGE_CURVE('',#4820,#4846,#4848,.T.);
#4846 = VERTEX_POINT('',#4847);
#4847 = CARTESIAN_POINT('',(0.9,34.271067811865,4.5));
#4848 = SURFACE_CURVE('',#4849,(#4853,#4859),.PCURVE_S1.);
#4849 = LINE('',#4850,#4851);
#4850 = CARTESIAN_POINT('',(0.9,34.271067811865,4.75));
#4851 = VECTOR('',#4852,1.);
#4852 = DIRECTION('',(0.,0.,-1.));
#4853 = PCURVE('',#4799,#4854);
#4854 = DEFINITIONAL_REPRESENTATION('',(#4855),#4858);
#4855 = B_SPLINE_CURVE_WITH_KNOTS('',1,(#4856,#4857),.UNSPECIFIED.,.F.,
  .F.,(2,2),(-0.75,0.25),.PIECEWISE_BEZIER_KNOTS.);
#4856 = CARTESIAN_POINT('',(0.5,-2.2));
#4857 = CARTESIAN_POINT('',(-0.5,-2.2));
#4858 = ( GEOMETRIC_REPRESENTATION_CONTEXT(2) 
PARAMETRIC_REPRESENTATION_CONTEXT() REPRESENTATION_CONTEXT('2D SPACE',''
  ) );
#4859 = PCURVE('',#4860,#4865);
#4860 = PLANE('',#4861);
#4861 = AXIS2_PLACEMENT_3D('',#4862,#4863,#4864);
#4862 = CARTESIAN_POINT('',(-0.1,34.271067811865,4.5));
#4863 = DIRECTION('',(0.,-1.,0.));
#4864 = DIRECTION('',(0.,0.,1.));
#4865 = DEFINITIONAL_REPRESENTATION('',(#4866),#4869);
#4866 = B_SPLINE_CURVE_WITH_KNOTS('',1,(#4867,#4868),.UNSPECIFIED.,.F.,
  .F.,(2,2),(-0.75,0.25),.PIECEWISE_BEZIER_KNOTS.);
#4867 = CARTESIAN_POINT('',(1.,-1.));
#4868 = CARTESIAN_POINT('',(0.,-1.));
#4869 = ( GEOMETRIC_REPRESENTATION_CONTEXT(2) 
PARAMETRIC_REPRESENTATION_CONTEXT() REPRESENTATION_CONTEXT('2D SPACE',''
  ) );
#4870 = ORIENTED_EDGE('',*,*,#4871,.T.);
#4871 = EDGE_CURVE('',#4846,#4872,#4874,.T.);
#4872 = VERTEX_POINT('',#4873);
#4873 = CARTESIAN_POINT('',(0.9,32.571067811865,4.5));
#4874 = SURFACE_CURVE('',#4875,(#4879,#4885),.PCURVE_S1.);
#4875 = LINE('',#4876,#4877);
#4876 = CARTESIAN_POINT('',(0.9,30.971067811865,4.5));
#4877 = VECTOR('',#4878,1.);
#4878 = DIRECTION('',(0.,-1.,0.));
#4879 = PCURVE('',#4799,#4880);
#4880 = DEFINITIONAL_REPRESENTATION('',(#4881),#4884);
#4881 = B_SPLINE_CURVE_WITH_KNOTS('',1,(#4882,#4883),.UNSPECIFIED.,.F.,
  .F.,(2,2),(-3.3,1.1),.PIECEWISE_BEZIER_KNOTS.);
#4882 = CARTESIAN_POINT('',(-0.5,-2.2));
#4883 = CARTESIAN_POINT('',(-0.5,2.2));
#4884 = ( GEOMETRIC_REPRESENTATION_CONTEXT(2) 
PARAMETRIC_REPRESENTATION_CONTEXT() REPRESENTATION_CONTEXT('2D SPACE',''
  ) );
#4885 = PCURVE('',#4886,#4891);
#4886 = PLANE('',#4887);
#4887 = AXIS2_PLACEMENT_3D('',#4888,#4889,#4890);
#4888 = CARTESIAN_POINT('',(-0.1,29.871067811865,4.5));
#4889 = DIRECTION('',(0.,0.,1.));
#4890 = DIRECTION('',(0.,1.,0.));
#4891 = DEFINITIONAL_REPRESENTATION('',(#4892),#4895);
#4892 = B_SPLINE_CURVE_WITH_KNOTS('',1,(#4893,#4894),.UNSPECIFIED.,.F.,
  .F.,(2,2),(-3.3,1.1),.PIECEWISE_BEZIER_KNOTS.);
#4893 = CARTESIAN_POINT('',(4.4,-1.));
#4894 = CARTESIAN_POINT('',(0.,-1.));
#4895 = ( GEOMETRIC_REPRESENTATION_CONTEXT(2) 
PARAMETRIC_REPRESENTATION_CONTEXT() REPRESENTATION_CONTEXT('2D SPACE',''
  ) );
#4896 = ORIENTED_EDGE('',*,*,#4897,.T.);
#4897 = EDGE_CURVE('',#4872,#4898,#4900,.T.);
#4898 = VERTEX_POINT('',#4899);
#4899 = CARTESIAN_POINT('',(0.9,32.571067811865,2.8));
#4900 = SURFACE_CURVE('',#4901,(#4905,#4911),.PCURVE_S1.);
#4901 = LINE('',#4902,#4903);
#4902 = CARTESIAN_POINT('',(0.9,32.571067811865,3.9));
#4903 = VECTOR('',#4904,1.);
#4904 = DIRECTION('',(0.,0.,-1.));
#4905 = PCURVE('',#4799,#4906);
#4906 = DEFINITIONAL_REPRESENTATION('',(#4907),#4910);
#4907 = B_SPLINE_CURVE_WITH_KNOTS('',1,(#4908,#4909),.UNSPECIFIED.,.F.,
  .F.,(2,2),(-3.3,1.1),.PIECEWISE_BEZIER_KNOTS.);
#4908 = CARTESIAN_POINT('',(2.2,-0.5));
#4909 = CARTESIAN_POINT('',(-2.2,-0.5));
#4910 = ( GEOMETRIC_REPRESENTATION_CONTEXT(2) 
PARAMETRIC_REPRESENTATION_CONTEXT() REPRESENTATION_CONTEXT('2D SPACE',''
  ) );
#4911 = PCURVE('',#4912,#4917);
#4912 = PLANE('',#4913);
#4913 = AXIS2_PLACEMENT_3D('',#4914,#4915,#4916);
#4914 = CARTESIAN_POINT('',(-0.1,32.571067811865,2.8));
#4915 = DIRECTION('',(0.,-1.,0.));
#4916 = DIRECTION('',(0.,0.,1.));
#4917 = DEFINITIONAL_REPRESENTATION('',(#4918),#4921);
#4918 = B_SPLINE_CURVE_WITH_KNOTS('',1,(#4919,#4920),.UNSPECIFIED.,.F.,
  .F.,(2,2),(-3.3,1.1),.PIECEWISE_BEZIER_KNOTS.);
#4919 = CARTESIAN_POINT('',(4.4,-1.));
#4920 = CARTESIAN_POINT('',(0.,-1.));
#4921 = ( GEOMETRIC_REPRESENTATION_CONTEXT(2) 
PARAMETRIC_REPRESENTATION_CONTEXT() REPRESENTATION_CONTEXT('2D SPACE',''
  ) );
#4922 = ORIENTED_EDGE('',*,*,#4923,.T.);
#4923 = EDGE_CURVE('',#4898,#4924,#4926,.T.);
#4924 = VERTEX_POINT('',#4925);
#4925 = CARTESIAN_POINT('',(0.9,31.571067811865,2.8));
#4926 = SURFACE_CURVE('',#4927,(#4931,#4937),.PCURVE_S1.);
#4927 = LINE('',#4928,#4929);
#4928 = CARTESIAN_POINT('',(0.9,31.821067811865,2.8));
#4929 = VECTOR('',#4930,1.);
#4930 = DIRECTION('',(0.,-1.,0.));
#4931 = PCURVE('',#4799,#4932);
#4932 = DEFINITIONAL_REPRESENTATION('',(#4933),#4936);
#4933 = B_SPLINE_CURVE_WITH_KNOTS('',1,(#4934,#4935),.UNSPECIFIED.,.F.,
  .F.,(2,2),(-0.75,0.25),.PIECEWISE_BEZIER_KNOTS.);
#4934 = CARTESIAN_POINT('',(-2.2,-0.5));
#4935 = CARTESIAN_POINT('',(-2.2,0.5));
#4936 = ( GEOMETRIC_REPRESENTATION_CONTEXT(2) 
PARAMETRIC_REPRESENTATION_CONTEXT() REPRESENTATION_CONTEXT('2D SPACE',''
  ) );
#4937 = PCURVE('',#4938,#4943);
#4938 = PLANE('',#4939);
#4939 = AXIS2_PLACEMENT_3D('',#4940,#4941,#4942);
#4940 = CARTESIAN_POINT('',(-0.1,31.571067811865,2.8));
#4941 = DIRECTION('',(0.,0.,1.));
#4942 = DIRECTION('',(0.,1.,0.));
#4943 = DEFINITIONAL_REPRESENTATION('',(#4944),#4947);
#4944 = B_SPLINE_CURVE_WITH_KNOTS('',1,(#4945,#4946),.UNSPECIFIED.,.F.,
  .F.,(2,2),(-0.75,0.25),.PIECEWISE_BEZIER_KNOTS.);
#4945 = CARTESIAN_POINT('',(1.,-1.));
#4946 = CARTESIAN_POINT('',(0.,-1.));
#4947 = ( GEOMETRIC_REPRESENTATION_CONTEXT(2) 
PARAMETRIC_REPRESENTATION_CONTEXT() REPRESENTATION_CONTEXT('2D SPACE',''
  ) );
#4948 = ORIENTED_EDGE('',*,*,#4949,.T.);
#4949 = EDGE_CURVE('',#4924,#4950,#4952,.T.);
#4950 = VERTEX_POINT('',#4951);
#4951 = CARTESIAN_POINT('',(0.9,31.571067811865,4.5));
#4952 = SURFACE_CURVE('',#4953,(#4957,#4963),.PCURVE_S1.);
#4953 = LINE('',#4954,#4955);
#4954 = CARTESIAN_POINT('',(0.9,31.571067811865,6.1));
#4955 = VECTOR('',#4956,1.);
#4956 = DIRECTION('',(0.,-0.,1.));
#4957 = PCURVE('',#4799,#4958);
#4958 = DEFINITIONAL_REPRESENTATION('',(#4959),#4962);
#4959 = B_SPLINE_CURVE_WITH_KNOTS('',1,(#4960,#4961),.UNSPECIFIED.,.F.,
  .F.,(2,2),(-3.3,1.1),.PIECEWISE_BEZIER_KNOTS.);
#4960 = CARTESIAN_POINT('',(-2.2,0.5));
#4961 = CARTESIAN_POINT('',(2.2,0.5));
#4962 = ( GEOMETRIC_REPRESENTATION_CONTEXT(2) 
PARAMETRIC_REPRESENTATION_CONTEXT() REPRESENTATION_CONTEXT('2D SPACE',''
  ) );
#4963 = PCURVE('',#4964,#4969);
#4964 = PLANE('',#4965);
#4965 = AXIS2_PLACEMENT_3D('',#4966,#4967,#4968);
#4966 = CARTESIAN_POINT('',(-0.1,31.571067811865,7.2));
#4967 = DIRECTION('',(-0.,1.,0.));
#4968 = DIRECTION('',(0.,0.,-1.));
#4969 = DEFINITIONAL_REPRESENTATION('',(#4970),#4973);
#4970 = B_SPLINE_CURVE_WITH_KNOTS('',1,(#4971,#4972),.UNSPECIFIED.,.F.,
  .F.,(2,2),(-3.3,1.1),.PIECEWISE_BEZIER_KNOTS.);
#4971 = CARTESIAN_POINT('',(4.4,-1.));
#4972 = CARTESIAN_POINT('',(0.,-1.));
#4973 = ( GEOMETRIC_REPRESENTATION_CONTEXT(2) 
PARAMETRIC_REPRESENTATION_CONTEXT() REPRESENTATION_CONTEXT('2D SPACE',''
  ) );
#4974 = ORIENTED_EDGE('',*,*,#4975,.T.);
#4975 = EDGE_CURVE('',#4950,#4976,#4978,.T.);
#4976 = VERTEX_POINT('',#4977);
#4977 = CARTESIAN_POINT('',(0.9,29.871067811865,4.5));
#4978 = SURFACE_CURVE('',#4979,(#4983,#4989),.PCURVE_S1.);
#4979 = LINE('',#4980,#4981);
#4980 = CARTESIAN_POINT('',(0.9,30.971067811865,4.5));
#4981 = VECTOR('',#4982,1.);
#4982 = DIRECTION('',(0.,-1.,0.));
#4983 = PCURVE('',#4799,#4984);
#4984 = DEFINITIONAL_REPRESENTATION('',(#4985),#4988);
#4985 = B_SPLINE_CURVE_WITH_KNOTS('',1,(#4986,#4987),.UNSPECIFIED.,.F.,
  .F.,(2,2),(-3.3,1.1),.PIECEWISE_BEZIER_KNOTS.);
#4986 = CARTESIAN_POINT('',(-0.5,-2.2));
#4987 = CARTESIAN_POINT('',(-0.5,2.2));
#4988 = ( GEOMETRIC_REPRESENTATION_CONTEXT(2) 
PARAMETRIC_REPRESENTATION_CONTEXT() REPRESENTATION_CONTEXT('2D SPACE',''
  ) );
#4989 = PCURVE('',#4990,#4995);
#4990 = PLANE('',#4991);
#4991 = AXIS2_PLACEMENT_3D('',#4992,#4993,#4994);
#4992 = CARTESIAN_POINT('',(-0.1,29.871067811865,4.5));
#4993 = DIRECTION('',(0.,0.,1.));
#4994 = DIRECTION('',(0.,1.,0.));
#4995 = DEFINITIONAL_REPRESENTATION('',(#4996),#4999);
#4996 = B_SPLINE_CURVE_WITH_KNOTS('',1,(#4997,#4998),.UNSPECIFIED.,.F.,
  .F.,(2,2),(-3.3,1.1),.PIECEWISE_BEZIER_KNOTS.);
#4997 = CARTESIAN_POINT('',(4.4,-1.));
#4998 = CARTESIAN_POINT('',(0.,-1.));
#4999 = ( GEOMETRIC_REPRESENTATION_CONTEXT(2) 
PARAMETRIC_REPRESENTATION_CONTEXT() REPRESENTATION_CONTEXT('2D SPACE',''
  ) );
#5000 = ORIENTED_EDGE('',*,*,#5001,.T.);
#5001 = EDGE_CURVE('',#4976,#5002,#5004,.T.);
#5002 = VERTEX_POINT('',#5003);
#5003 = CARTESIAN_POINT('',(0.9,29.871067811865,5.5));
#5004 = SURFACE_CURVE('',#5005,(#5009,#5015),.PCURVE_S1.);
#5005 = LINE('',#5006,#5007);
#5006 = CARTESIAN_POINT('',(0.9,29.871067811865,5.25));
#5007 = VECTOR('',#5008,1.);
#5008 = DIRECTION('',(0.,-0.,1.));
#5009 = PCURVE('',#4799,#5010);
#5010 = DEFINITIONAL_REPRESENTATION('',(#5011),#5014);
#5011 = B_SPLINE_CURVE_WITH_KNOTS('',1,(#5012,#5013),.UNSPECIFIED.,.F.,
  .F.,(2,2),(-0.75,0.25),.PIECEWISE_BEZIER_KNOTS.);
#5012 = CARTESIAN_POINT('',(-0.5,2.2));
#5013 = CARTESIAN_POINT('',(0.5,2.2));
#5014 = ( GEOMETRIC_REPRESENTATION_CONTEXT(2) 
PARAMETRIC_REPRESENTATION_CONTEXT() REPRESENTATION_CONTEXT('2D SPACE',''
  ) );
#5015 = PCURVE('',#5016,#5021);
#5016 = PLANE('',#5017);
#5017 = AXIS2_PLACEMENT_3D('',#5018,#5019,#5020);
#5018 = CARTESIAN_POINT('',(-0.1,29.871067811865,5.5));
#5019 = DIRECTION('',(-0.,1.,0.));
#5020 = DIRECTION('',(0.,0.,-1.));
#5021 = DEFINITIONAL_REPRESENTATION('',(#5022),#5025);
#5022 = B_SPLINE_CURVE_WITH_KNOTS('',1,(#5023,#5024),.UNSPECIFIED.,.F.,
  .F.,(2,2),(-0.75,0.25),.PIECEWISE_BEZIER_KNOTS.);
#5023 = CARTESIAN_POINT('',(1.,-1.));
#5024 = CARTESIAN_POINT('',(0.,-1.));
#5025 = ( GEOMETRIC_REPRESENTATION_CONTEXT(2) 
PARAMETRIC_REPRESENTATION_CONTEXT() REPRESENTATION_CONTEXT('2D SPACE',''
  ) );
#5026 = ORIENTED_EDGE('',*,*,#5027,.T.);
#5027 = EDGE_CURVE('',#5002,#5028,#5030,.T.);
#5028 = VERTEX_POINT('',#5029);
#5029 = CARTESIAN_POINT('',(0.9,31.571067811865,5.5));
#5030 = SURFACE_CURVE('',#5031,(#5035,#5041),.PCURVE_S1.);
#5031 = LINE('',#5032,#5033);
#5032 = CARTESIAN_POINT('',(0.9,33.171067811865,5.5));
#5033 = VECTOR('',#5034,1.);
#5034 = DIRECTION('',(-0.,1.,0.));
#5035 = PCURVE('',#4799,#5036);
#5036 = DEFINITIONAL_REPRESENTATION('',(#5037),#5040);
#5037 = B_SPLINE_CURVE_WITH_KNOTS('',1,(#5038,#5039),.UNSPECIFIED.,.F.,
  .F.,(2,2),(-3.3,1.1),.PIECEWISE_BEZIER_KNOTS.);
#5038 = CARTESIAN_POINT('',(0.5,2.2));
#5039 = CARTESIAN_POINT('',(0.5,-2.2));
#5040 = ( GEOMETRIC_REPRESENTATION_CONTEXT(2) 
PARAMETRIC_REPRESENTATION_CONTEXT() REPRESENTATION_CONTEXT('2D SPACE',''
  ) );
#5041 = PCURVE('',#5042,#5047);
#5042 = PLANE('',#5043);
#5043 = AXIS2_PLACEMENT_3D('',#5044,#5045,#5046);
#5044 = CARTESIAN_POINT('',(-0.1,34.271067811865,5.5));
#5045 = DIRECTION('',(0.,0.,-1.));
#5046 = DIRECTION('',(0.,-1.,0.));
#5047 = DEFINITIONAL_REPRESENTATION('',(#5048),#5051);
#5048 = B_SPLINE_CURVE_WITH_KNOTS('',1,(#5049,#5050),.UNSPECIFIED.,.F.,
  .F.,(2,2),(-3.3,1.1),.PIECEWISE_BEZIER_KNOTS.);
#5049 = CARTESIAN_POINT('',(4.4,-1.));
#5050 = CARTESIAN_POINT('',(0.,-1.));
#5051 = ( GEOMETRIC_REPRESENTATION_CONTEXT(2) 
PARAMETRIC_REPRESENTATION_CONTEXT() REPRESENTATION_CONTEXT('2D SPACE',''
  ) );
#5052 = ORIENTED_EDGE('',*,*,#5053,.T.);
#5053 = EDGE_CURVE('',#5028,#5054,#5056,.T.);
#5054 = VERTEX_POINT('',#5055);
#5055 = CARTESIAN_POINT('',(0.9,31.571067811865,7.2));
#5056 = SURFACE_CURVE('',#5057,(#5061,#5067),.PCURVE_S1.);
#5057 = LINE('',#5058,#5059);
#5058 = CARTESIAN_POINT('',(0.9,31.571067811865,6.1));
#5059 = VECTOR('',#5060,1.);
#5060 = DIRECTION('',(0.,-0.,1.));
#5061 = PCURVE('',#4799,#5062);
#5062 = DEFINITIONAL_REPRESENTATION('',(#5063),#5066);
#5063 = B_SPLINE_CURVE_WITH_KNOTS('',1,(#5064,#5065),.UNSPECIFIED.,.F.,
  .F.,(2,2),(-3.3,1.1),.PIECEWISE_BEZIER_KNOTS.);
#5064 = CARTESIAN_POINT('',(-2.2,0.5));
#5065 = CARTESIAN_POINT('',(2.2,0.5));
#5066 = ( GEOMETRIC_REPRESENTATION_CONTEXT(2) 
PARAMETRIC_REPRESENTATION_CONTEXT() REPRESENTATION_CONTEXT('2D SPACE',''
  ) );
#5067 = PCURVE('',#5068,#5073);
#5068 = PLANE('',#5069);
#5069 = AXIS2_PLACEMENT_3D('',#5070,#5071,#5072);
#5070 = CARTESIAN_POINT('',(-0.1,31.571067811865,7.2));
#5071 = DIRECTION('',(-0.,1.,0.));
#5072 = DIRECTION('',(0.,0.,-1.));
#5073 = DEFINITIONAL_REPRESENTATION('',(#5074),#5077);
#5074 = B_SPLINE_CURVE_WITH_KNOTS('',1,(#5075,#5076),.UNSPECIFIED.,.F.,
  .F.,(2,2),(-3.3,1.1),.PIECEWISE_BEZIER_KNOTS.);
#5075 = CARTESIAN_POINT('',(4.4,-1.));
#5076 = CARTESIAN_POINT('',(0.,-1.));
#5077 = ( GEOMETRIC_REPRESENTATION_CONTEXT(2) 
PARAMETRIC_REPRESENTATION_CONTEXT() REPRESENTATION_CONTEXT('2D SPACE',''
  ) );
#5078 = ORIENTED_EDGE('',*,*,#5079,.T.);
#5079 = EDGE_CURVE('',#5054,#5080,#5082,.T.);
#5080 = VERTEX_POINT('',#5081);
#5081 = CARTESIAN_POINT('',(0.9,32.571067811865,7.2));
#5082 = SURFACE_CURVE('',#5083,(#5087,#5093),.PCURVE_S1.);
#5083 = LINE('',#5084,#5085);
#5084 = CARTESIAN_POINT('',(0.9,32.321067811865,7.2));
#5085 = VECTOR('',#5086,1.);
#5086 = DIRECTION('',(-0.,1.,0.));
#5087 = PCURVE('',#4799,#5088);
#5088 = DEFINITIONAL_REPRESENTATION('',(#5089),#5092);
#5089 = B_SPLINE_CURVE_WITH_KNOTS('',1,(#5090,#5091),.UNSPECIFIED.,.F.,
  .F.,(2,2),(-0.75,0.25),.PIECEWISE_BEZIER_KNOTS.);
#5090 = CARTESIAN_POINT('',(2.2,0.5));
#5091 = CARTESIAN_POINT('',(2.2,-0.5));
#5092 = ( GEOMETRIC_REPRESENTATION_CONTEXT(2) 
PARAMETRIC_REPRESENTATION_CONTEXT() REPRESENTATION_CONTEXT('2D SPACE',''
  ) );
#5093 = PCURVE('',#5094,#5099);
#5094 = PLANE('',#5095);
#5095 = AXIS2_PLACEMENT_3D('',#5096,#5097,#5098);
#5096 = CARTESIAN_POINT('',(-0.1,32.571067811865,7.2));
#5097 = DIRECTION('',(0.,0.,-1.));
#5098 = DIRECTION('',(0.,-1.,0.));
#5099 = DEFINITIONAL_REPRESENTATION('',(#5100),#5103);
#5100 = B_SPLINE_CURVE_WITH_KNOTS('',1,(#5101,#5102),.UNSPECIFIED.,.F.,
  .F.,(2,2),(-0.75,0.25),.PIECEWISE_BEZIER_KNOTS.);
#5101 = CARTESIAN_POINT('',(1.,-1.));
#5102 = CARTESIAN_POINT('',(0.,-1.));
#5103 = ( GEOMETRIC_REPRESENTATION_CONTEXT(2) 
PARAMETRIC_REPRESENTATION_CONTEXT() REPRESENTATION_CONTEXT('2D SPACE',''
  ) );
#5104 = ORIENTED_EDGE('',*,*,#5105,.T.);
#5105 = EDGE_CURVE('',#5080,#4818,#5106,.T.);
#5106 = SURFACE_CURVE('',#5107,(#5111,#5117),.PCURVE_S1.);
#5107 = LINE('',#5108,#5109);
#5108 = CARTESIAN_POINT('',(0.9,32.571067811865,3.9));
#5109 = VECTOR('',#5110,1.);
#5110 = DIRECTION('',(0.,0.,-1.));
#5111 = PCURVE('',#4799,#5112);
#5112 = DEFINITIONAL_REPRESENTATION('',(#5113),#5116);
#5113 = B_SPLINE_CURVE_WITH_KNOTS('',1,(#5114,#5115),.UNSPECIFIED.,.F.,
  .F.,(2,2),(-3.3,1.1),.PIECEWISE_BEZIER_KNOTS.);
#5114 = CARTESIAN_POINT('',(2.2,-0.5));
#5115 = CARTESIAN_POINT('',(-2.2,-0.5));
#5116 = ( GEOMETRIC_REPRESENTATION_CONTEXT(2) 
PARAMETRIC_REPRESENTATION_CONTEXT() REPRESENTATION_CONTEXT('2D SPACE',''
  ) );
#5117 = PCURVE('',#5118,#5123);
#5118 = PLANE('',#5119);
#5119 = AXIS2_PLACEMENT_3D('',#5120,#5121,#5122);
#5120 = CARTESIAN_POINT('',(-0.1,32.571067811865,2.8));
#5121 = DIRECTION('',(0.,-1.,0.));
#5122 = DIRECTION('',(0.,0.,1.));
#5123 = DEFINITIONAL_REPRESENTATION('',(#5124),#5127);
#5124 = B_SPLINE_CURVE_WITH_KNOTS('',1,(#5125,#5126),.UNSPECIFIED.,.F.,
  .F.,(2,2),(-3.3,1.1),.PIECEWISE_BEZIER_KNOTS.);
#5125 = CARTESIAN_POINT('',(4.4,-1.));
#5126 = CARTESIAN_POINT('',(0.,-1.));
#5127 = ( GEOMETRIC_REPRESENTATION_CONTEXT(2) 
PARAMETRIC_REPRESENTATION_CONTEXT() REPRESENTATION_CONTEXT('2D SPACE',''
  ) );
#5128 = ADVANCED_FACE('',(#5129,#5132),#4771,.T.);
#5129 = FACE_BOUND('',#5130,.T.);
#5130 = EDGE_LOOP('',(#5131));
#5131 = ORIENTED_EDGE('',*,*,#4756,.T.);
#5132 = FACE_BOUND('',#5133,.T.);
#5133 = EDGE_LOOP('',(#5134));
#5134 = ORIENTED_EDGE('',*,*,#5135,.F.);
#5135 = EDGE_CURVE('',#5136,#5136,#5138,.T.);
#5136 = VERTEX_POINT('',#5137);
#5137 = CARTESIAN_POINT('',(4.,34.071067811865,5.));
#5138 = SURFACE_CURVE('',#5139,(#5144,#5151),.PCURVE_S1.);
#5139 = CIRCLE('',#5140,2.);
#5140 = AXIS2_PLACEMENT_3D('',#5141,#5142,#5143);
#5141 = CARTESIAN_POINT('',(4.,32.071067811865,5.));
#5142 = DIRECTION('',(1.,0.,0.));
#5143 = DIRECTION('',(0.,1.,0.));
#5144 = PCURVE('',#4771,#5145);
#5145 = DEFINITIONAL_REPRESENTATION('',(#5146),#5150);
#5146 = CIRCLE('',#5147,2.);
#5147 = AXIS2_PLACEMENT_2D('',#5148,#5149);
#5148 = CARTESIAN_POINT('',(-8.881784197001E-16,7.105427357601E-15));
#5149 = DIRECTION('',(0.,-1.));
#5150 = ( GEOMETRIC_REPRESENTATION_CONTEXT(2) 
PARAMETRIC_REPRESENTATION_CONTEXT() REPRESENTATION_CONTEXT('2D SPACE',''
  ) );
#5151 = PCURVE('',#5152,#5157);
#5152 = CYLINDRICAL_SURFACE('',#5153,2.);
#5153 = AXIS2_PLACEMENT_3D('',#5154,#5155,#5156);
#5154 = CARTESIAN_POINT('',(4.,32.071067811865,5.));
#5155 = DIRECTION('',(-1.,-0.,-0.));
#5156 = DIRECTION('',(0.,1.,0.));
#5157 = DEFINITIONAL_REPRESENTATION('',(#5158),#5162);
#5158 = LINE('',#5159,#5160);
#5159 = CARTESIAN_POINT('',(-0.,0.));
#5160 = VECTOR('',#5161,1.);
#5161 = DIRECTION('',(-1.,0.));
#5162 = ( GEOMETRIC_REPRESENTATION_CONTEXT(2) 
PARAMETRIC_REPRESENTATION_CONTEXT() REPRESENTATION_CONTEXT('2D SPACE',''
  ) );
#5163 = ADVANCED_FACE('',(#5164),#4834,.T.);
#5164 = FACE_BOUND('',#5165,.T.);
#5165 = EDGE_LOOP('',(#5166,#5187,#5188,#5211));
#5166 = ORIENTED_EDGE('',*,*,#5167,.T.);
#5167 = EDGE_CURVE('',#5168,#4818,#5170,.T.);
#5168 = VERTEX_POINT('',#5169);
#5169 = CARTESIAN_POINT('',(2.7,32.571067811865,5.5));
#5170 = SURFACE_CURVE('',#5171,(#5175,#5181),.PCURVE_S1.);
#5171 = LINE('',#5172,#5173);
#5172 = CARTESIAN_POINT('',(-0.1,32.571067811865,5.5));
#5173 = VECTOR('',#5174,1.);
#5174 = DIRECTION('',(-1.,-0.,-0.));
#5175 = PCURVE('',#4834,#5176);
#5176 = DEFINITIONAL_REPRESENTATION('',(#5177),#5180);
#5177 = B_SPLINE_CURVE_WITH_KNOTS('',1,(#5178,#5179),.UNSPECIFIED.,.F.,
  .F.,(2,2),(-2.8,-1.),.PIECEWISE_BEZIER_KNOTS.);
#5178 = CARTESIAN_POINT('',(1.7,-2.8));
#5179 = CARTESIAN_POINT('',(1.7,-1.));
#5180 = ( GEOMETRIC_REPRESENTATION_CONTEXT(2) 
PARAMETRIC_REPRESENTATION_CONTEXT() REPRESENTATION_CONTEXT('2D SPACE',''
  ) );
#5181 = PCURVE('',#5118,#5182);
#5182 = DEFINITIONAL_REPRESENTATION('',(#5183),#5186);
#5183 = B_SPLINE_CURVE_WITH_KNOTS('',1,(#5184,#5185),.UNSPECIFIED.,.F.,
  .F.,(2,2),(-2.8,-1.),.PIECEWISE_BEZIER_KNOTS.);
#5184 = CARTESIAN_POINT('',(2.7,-2.8));
#5185 = CARTESIAN_POINT('',(2.7,-1.));
#5186 = ( GEOMETRIC_REPRESENTATION_CONTEXT(2) 
PARAMETRIC_REPRESENTATION_CONTEXT() REPRESENTATION_CONTEXT('2D SPACE',''
  ) );
#5187 = ORIENTED_EDGE('',*,*,#4817,.T.);
#5188 = ORIENTED_EDGE('',*,*,#5189,.T.);
#5189 = EDGE_CURVE('',#4820,#5190,#5192,.T.);
#5190 = VERTEX_POINT('',#5191);
#5191 = CARTESIAN_POINT('',(2.7,34.271067811865,5.5));
#5192 = SURFACE_CURVE('',#5193,(#5197,#5204),.PCURVE_S1.);
#5193 = LINE('',#5194,#5195);
#5194 = CARTESIAN_POINT('',(-0.1,34.271067811865,5.5));
#5195 = VECTOR('',#5196,1.);
#5196 = DIRECTION('',(1.,0.,0.));
#5197 = PCURVE('',#4834,#5198);
#5198 = DEFINITIONAL_REPRESENTATION('',(#5199),#5203);
#5199 = LINE('',#5200,#5201);
#5200 = CARTESIAN_POINT('',(0.,-0.));
#5201 = VECTOR('',#5202,1.);
#5202 = DIRECTION('',(0.,-1.));
#5203 = ( GEOMETRIC_REPRESENTATION_CONTEXT(2) 
PARAMETRIC_REPRESENTATION_CONTEXT() REPRESENTATION_CONTEXT('2D SPACE',''
  ) );
#5204 = PCURVE('',#4860,#5205);
#5205 = DEFINITIONAL_REPRESENTATION('',(#5206),#5210);
#5206 = LINE('',#5207,#5208);
#5207 = CARTESIAN_POINT('',(1.,0.));
#5208 = VECTOR('',#5209,1.);
#5209 = DIRECTION('',(0.,-1.));
#5210 = ( GEOMETRIC_REPRESENTATION_CONTEXT(2) 
PARAMETRIC_REPRESENTATION_CONTEXT() REPRESENTATION_CONTEXT('2D SPACE',''
  ) );
#5211 = ORIENTED_EDGE('',*,*,#5212,.T.);
#5212 = EDGE_CURVE('',#5190,#5168,#5213,.T.);
#5213 = SURFACE_CURVE('',#5214,(#5218,#5225),.PCURVE_S1.);
#5214 = LINE('',#5215,#5216);
#5215 = CARTESIAN_POINT('',(2.7,34.271067811865,5.5));
#5216 = VECTOR('',#5217,1.);
#5217 = DIRECTION('',(0.,-1.,0.));
#5218 = PCURVE('',#4834,#5219);
#5219 = DEFINITIONAL_REPRESENTATION('',(#5220),#5224);
#5220 = LINE('',#5221,#5222);
#5221 = CARTESIAN_POINT('',(0.,-2.8));
#5222 = VECTOR('',#5223,1.);
#5223 = DIRECTION('',(1.,0.));
#5224 = ( GEOMETRIC_REPRESENTATION_CONTEXT(2) 
PARAMETRIC_REPRESENTATION_CONTEXT() REPRESENTATION_CONTEXT('2D SPACE',''
  ) );
#5225 = PCURVE('',#5226,#5231);
#5226 = PLANE('',#5227);
#5227 = AXIS2_PLACEMENT_3D('',#5228,#5229,#5230);
#5228 = CARTESIAN_POINT('',(2.7,32.071067811865,5.));
#5229 = DIRECTION('',(1.,0.,0.));
#5230 = DIRECTION('',(-0.,0.,1.));
#5231 = DEFINITIONAL_REPRESENTATION('',(#5232),#5236);
#5232 = LINE('',#5233,#5234);
#5233 = CARTESIAN_POINT('',(0.5,-2.2));
#5234 = VECTOR('',#5235,1.);
#5235 = DIRECTION('',(0.,1.));
#5236 = ( GEOMETRIC_REPRESENTATION_CONTEXT(2) 
PARAMETRIC_REPRESENTATION_CONTEXT() REPRESENTATION_CONTEXT('2D SPACE',''
  ) );
#5237 = ADVANCED_FACE('',(#5238),#5118,.T.);
#5238 = FACE_BOUND('',#5239,.T.);
#5239 = EDGE_LOOP('',(#5240,#5263,#5264,#5265));
#5240 = ORIENTED_EDGE('',*,*,#5241,.F.);
#5241 = EDGE_CURVE('',#5080,#5242,#5244,.T.);
#5242 = VERTEX_POINT('',#5243);
#5243 = CARTESIAN_POINT('',(2.7,32.571067811865,7.2));
#5244 = SURFACE_CURVE('',#5245,(#5249,#5256),.PCURVE_S1.);
#5245 = LINE('',#5246,#5247);
#5246 = CARTESIAN_POINT('',(-0.1,32.571067811865,7.2));
#5247 = VECTOR('',#5248,1.);
#5248 = DIRECTION('',(1.,0.,0.));
#5249 = PCURVE('',#5118,#5250);
#5250 = DEFINITIONAL_REPRESENTATION('',(#5251),#5255);
#5251 = LINE('',#5252,#5253);
#5252 = CARTESIAN_POINT('',(4.4,0.));
#5253 = VECTOR('',#5254,1.);
#5254 = DIRECTION('',(0.,-1.));
#5255 = ( GEOMETRIC_REPRESENTATION_CONTEXT(2) 
PARAMETRIC_REPRESENTATION_CONTEXT() REPRESENTATION_CONTEXT('2D SPACE',''
  ) );
#5256 = PCURVE('',#5094,#5257);
#5257 = DEFINITIONAL_REPRESENTATION('',(#5258),#5262);
#5258 = LINE('',#5259,#5260);
#5259 = CARTESIAN_POINT('',(0.,-0.));
#5260 = VECTOR('',#5261,1.);
#5261 = DIRECTION('',(0.,-1.));
#5262 = ( GEOMETRIC_REPRESENTATION_CONTEXT(2) 
PARAMETRIC_REPRESENTATION_CONTEXT() REPRESENTATION_CONTEXT('2D SPACE',''
  ) );
#5263 = ORIENTED_EDGE('',*,*,#5105,.T.);
#5264 = ORIENTED_EDGE('',*,*,#5167,.F.);
#5265 = ORIENTED_EDGE('',*,*,#5266,.T.);
#5266 = EDGE_CURVE('',#5168,#5242,#5267,.T.);
#5267 = SURFACE_CURVE('',#5268,(#5272,#5279),.PCURVE_S1.);
#5268 = LINE('',#5269,#5270);
#5269 = CARTESIAN_POINT('',(2.7,32.571067811865,2.8));
#5270 = VECTOR('',#5271,1.);
#5271 = DIRECTION('',(0.,0.,1.));
#5272 = PCURVE('',#5118,#5273);
#5273 = DEFINITIONAL_REPRESENTATION('',(#5274),#5278);
#5274 = LINE('',#5275,#5276);
#5275 = CARTESIAN_POINT('',(0.,-2.8));
#5276 = VECTOR('',#5277,1.);
#5277 = DIRECTION('',(1.,0.));
#5278 = ( GEOMETRIC_REPRESENTATION_CONTEXT(2) 
PARAMETRIC_REPRESENTATION_CONTEXT() REPRESENTATION_CONTEXT('2D SPACE',''
  ) );
#5279 = PCURVE('',#5226,#5280);
#5280 = DEFINITIONAL_REPRESENTATION('',(#5281),#5285);
#5281 = LINE('',#5282,#5283);
#5282 = CARTESIAN_POINT('',(-2.2,-0.5));
#5283 = VECTOR('',#5284,1.);
#5284 = DIRECTION('',(1.,0.));
#5285 = ( GEOMETRIC_REPRESENTATION_CONTEXT(2) 
PARAMETRIC_REPRESENTATION_CONTEXT() REPRESENTATION_CONTEXT('2D SPACE',''
  ) );
#5286 = ADVANCED_FACE('',(#5287),#5094,.T.);
#5287 = FACE_BOUND('',#5288,.T.);
#5288 = EDGE_LOOP('',(#5289,#5290,#5291,#5314));
#5289 = ORIENTED_EDGE('',*,*,#5079,.T.);
#5290 = ORIENTED_EDGE('',*,*,#5241,.T.);
#5291 = ORIENTED_EDGE('',*,*,#5292,.T.);
#5292 = EDGE_CURVE('',#5242,#5293,#5295,.T.);
#5293 = VERTEX_POINT('',#5294);
#5294 = CARTESIAN_POINT('',(2.7,31.571067811865,7.2));
#5295 = SURFACE_CURVE('',#5296,(#5300,#5307),.PCURVE_S1.);
#5296 = LINE('',#5297,#5298);
#5297 = CARTESIAN_POINT('',(2.7,32.571067811865,7.2));
#5298 = VECTOR('',#5299,1.);
#5299 = DIRECTION('',(0.,-1.,0.));
#5300 = PCURVE('',#5094,#5301);
#5301 = DEFINITIONAL_REPRESENTATION('',(#5302),#5306);
#5302 = LINE('',#5303,#5304);
#5303 = CARTESIAN_POINT('',(0.,-2.8));
#5304 = VECTOR('',#5305,1.);
#5305 = DIRECTION('',(1.,0.));
#5306 = ( GEOMETRIC_REPRESENTATION_CONTEXT(2) 
PARAMETRIC_REPRESENTATION_CONTEXT() REPRESENTATION_CONTEXT('2D SPACE',''
  ) );
#5307 = PCURVE('',#5226,#5308);
#5308 = DEFINITIONAL_REPRESENTATION('',(#5309),#5313);
#5309 = LINE('',#5310,#5311);
#5310 = CARTESIAN_POINT('',(2.2,-0.5));
#5311 = VECTOR('',#5312,1.);
#5312 = DIRECTION('',(0.,1.));
#5313 = ( GEOMETRIC_REPRESENTATION_CONTEXT(2) 
PARAMETRIC_REPRESENTATION_CONTEXT() REPRESENTATION_CONTEXT('2D SPACE',''
  ) );
#5314 = ORIENTED_EDGE('',*,*,#5315,.F.);
#5315 = EDGE_CURVE('',#5054,#5293,#5316,.T.);
#5316 = SURFACE_CURVE('',#5317,(#5321,#5328),.PCURVE_S1.);
#5317 = LINE('',#5318,#5319);
#5318 = CARTESIAN_POINT('',(-0.1,31.571067811865,7.2));
#5319 = VECTOR('',#5320,1.);
#5320 = DIRECTION('',(1.,0.,0.));
#5321 = PCURVE('',#5094,#5322);
#5322 = DEFINITIONAL_REPRESENTATION('',(#5323),#5327);
#5323 = LINE('',#5324,#5325);
#5324 = CARTESIAN_POINT('',(1.,0.));
#5325 = VECTOR('',#5326,1.);
#5326 = DIRECTION('',(0.,-1.));
#5327 = ( GEOMETRIC_REPRESENTATION_CONTEXT(2) 
PARAMETRIC_REPRESENTATION_CONTEXT() REPRESENTATION_CONTEXT('2D SPACE',''
  ) );
#5328 = PCURVE('',#5068,#5329);
#5329 = DEFINITIONAL_REPRESENTATION('',(#5330),#5334);
#5330 = LINE('',#5331,#5332);
#5331 = CARTESIAN_POINT('',(0.,0.));
#5332 = VECTOR('',#5333,1.);
#5333 = DIRECTION('',(0.,-1.));
#5334 = ( GEOMETRIC_REPRESENTATION_CONTEXT(2) 
PARAMETRIC_REPRESENTATION_CONTEXT() REPRESENTATION_CONTEXT('2D SPACE',''
  ) );
#5335 = ADVANCED_FACE('',(#5336),#5068,.T.);
#5336 = FACE_BOUND('',#5337,.T.);
#5337 = EDGE_LOOP('',(#5338,#5339,#5340,#5363));
#5338 = ORIENTED_EDGE('',*,*,#5053,.T.);
#5339 = ORIENTED_EDGE('',*,*,#5315,.T.);
#5340 = ORIENTED_EDGE('',*,*,#5341,.T.);
#5341 = EDGE_CURVE('',#5293,#5342,#5344,.T.);
#5342 = VERTEX_POINT('',#5343);
#5343 = CARTESIAN_POINT('',(2.7,31.571067811865,5.5));
#5344 = SURFACE_CURVE('',#5345,(#5349,#5356),.PCURVE_S1.);
#5345 = LINE('',#5346,#5347);
#5346 = CARTESIAN_POINT('',(2.7,31.571067811865,7.2));
#5347 = VECTOR('',#5348,1.);
#5348 = DIRECTION('',(0.,0.,-1.));
#5349 = PCURVE('',#5068,#5350);
#5350 = DEFINITIONAL_REPRESENTATION('',(#5351),#5355);
#5351 = LINE('',#5352,#5353);
#5352 = CARTESIAN_POINT('',(0.,-2.8));
#5353 = VECTOR('',#5354,1.);
#5354 = DIRECTION('',(1.,0.));
#5355 = ( GEOMETRIC_REPRESENTATION_CONTEXT(2) 
PARAMETRIC_REPRESENTATION_CONTEXT() REPRESENTATION_CONTEXT('2D SPACE',''
  ) );
#5356 = PCURVE('',#5226,#5357);
#5357 = DEFINITIONAL_REPRESENTATION('',(#5358),#5362);
#5358 = LINE('',#5359,#5360);
#5359 = CARTESIAN_POINT('',(2.2,0.5));
#5360 = VECTOR('',#5361,1.);
#5361 = DIRECTION('',(-1.,0.));
#5362 = ( GEOMETRIC_REPRESENTATION_CONTEXT(2) 
PARAMETRIC_REPRESENTATION_CONTEXT() REPRESENTATION_CONTEXT('2D SPACE',''
  ) );
#5363 = ORIENTED_EDGE('',*,*,#5364,.F.);
#5364 = EDGE_CURVE('',#5028,#5342,#5365,.T.);
#5365 = SURFACE_CURVE('',#5366,(#5370,#5376),.PCURVE_S1.);
#5366 = LINE('',#5367,#5368);
#5367 = CARTESIAN_POINT('',(-0.1,31.571067811865,5.5));
#5368 = VECTOR('',#5369,1.);
#5369 = DIRECTION('',(1.,0.,0.));
#5370 = PCURVE('',#5068,#5371);
#5371 = DEFINITIONAL_REPRESENTATION('',(#5372),#5375);
#5372 = B_SPLINE_CURVE_WITH_KNOTS('',1,(#5373,#5374),.UNSPECIFIED.,.F.,
  .F.,(2,2),(1.,2.8),.PIECEWISE_BEZIER_KNOTS.);
#5373 = CARTESIAN_POINT('',(1.7,-1.));
#5374 = CARTESIAN_POINT('',(1.7,-2.8));
#5375 = ( GEOMETRIC_REPRESENTATION_CONTEXT(2) 
PARAMETRIC_REPRESENTATION_CONTEXT() REPRESENTATION_CONTEXT('2D SPACE',''
  ) );
#5376 = PCURVE('',#5042,#5377);
#5377 = DEFINITIONAL_REPRESENTATION('',(#5378),#5381);
#5378 = B_SPLINE_CURVE_WITH_KNOTS('',1,(#5379,#5380),.UNSPECIFIED.,.F.,
  .F.,(2,2),(1.,2.8),.PIECEWISE_BEZIER_KNOTS.);
#5379 = CARTESIAN_POINT('',(2.7,-1.));
#5380 = CARTESIAN_POINT('',(2.7,-2.8));
#5381 = ( GEOMETRIC_REPRESENTATION_CONTEXT(2) 
PARAMETRIC_REPRESENTATION_CONTEXT() REPRESENTATION_CONTEXT('2D SPACE',''
  ) );
#5382 = ADVANCED_FACE('',(#5383),#5042,.T.);
#5383 = FACE_BOUND('',#5384,.T.);
#5384 = EDGE_LOOP('',(#5385,#5408,#5409,#5410));
#5385 = ORIENTED_EDGE('',*,*,#5386,.F.);
#5386 = EDGE_CURVE('',#5002,#5387,#5389,.T.);
#5387 = VERTEX_POINT('',#5388);
#5388 = CARTESIAN_POINT('',(2.7,29.871067811865,5.5));
#5389 = SURFACE_CURVE('',#5390,(#5394,#5401),.PCURVE_S1.);
#5390 = LINE('',#5391,#5392);
#5391 = CARTESIAN_POINT('',(-0.1,29.871067811865,5.5));
#5392 = VECTOR('',#5393,1.);
#5393 = DIRECTION('',(1.,0.,0.));
#5394 = PCURVE('',#5042,#5395);
#5395 = DEFINITIONAL_REPRESENTATION('',(#5396),#5400);
#5396 = LINE('',#5397,#5398);
#5397 = CARTESIAN_POINT('',(4.4,0.));
#5398 = VECTOR('',#5399,1.);
#5399 = DIRECTION('',(0.,-1.));
#5400 = ( GEOMETRIC_REPRESENTATION_CONTEXT(2) 
PARAMETRIC_REPRESENTATION_CONTEXT() REPRESENTATION_CONTEXT('2D SPACE',''
  ) );
#5401 = PCURVE('',#5016,#5402);
#5402 = DEFINITIONAL_REPRESENTATION('',(#5403),#5407);
#5403 = LINE('',#5404,#5405);
#5404 = CARTESIAN_POINT('',(0.,0.));
#5405 = VECTOR('',#5406,1.);
#5406 = DIRECTION('',(0.,-1.));
#5407 = ( GEOMETRIC_REPRESENTATION_CONTEXT(2) 
PARAMETRIC_REPRESENTATION_CONTEXT() REPRESENTATION_CONTEXT('2D SPACE',''
  ) );
#5408 = ORIENTED_EDGE('',*,*,#5027,.T.);
#5409 = ORIENTED_EDGE('',*,*,#5364,.T.);
#5410 = ORIENTED_EDGE('',*,*,#5411,.T.);
#5411 = EDGE_CURVE('',#5342,#5387,#5412,.T.);
#5412 = SURFACE_CURVE('',#5413,(#5417,#5424),.PCURVE_S1.);
#5413 = LINE('',#5414,#5415);
#5414 = CARTESIAN_POINT('',(2.7,34.271067811865,5.5));
#5415 = VECTOR('',#5416,1.);
#5416 = DIRECTION('',(0.,-1.,0.));
#5417 = PCURVE('',#5042,#5418);
#5418 = DEFINITIONAL_REPRESENTATION('',(#5419),#5423);
#5419 = LINE('',#5420,#5421);
#5420 = CARTESIAN_POINT('',(0.,-2.8));
#5421 = VECTOR('',#5422,1.);
#5422 = DIRECTION('',(1.,0.));
#5423 = ( GEOMETRIC_REPRESENTATION_CONTEXT(2) 
PARAMETRIC_REPRESENTATION_CONTEXT() REPRESENTATION_CONTEXT('2D SPACE',''
  ) );
#5424 = PCURVE('',#5226,#5425);
#5425 = DEFINITIONAL_REPRESENTATION('',(#5426),#5430);
#5426 = LINE('',#5427,#5428);
#5427 = CARTESIAN_POINT('',(0.5,-2.2));
#5428 = VECTOR('',#5429,1.);
#5429 = DIRECTION('',(0.,1.));
#5430 = ( GEOMETRIC_REPRESENTATION_CONTEXT(2) 
PARAMETRIC_REPRESENTATION_CONTEXT() REPRESENTATION_CONTEXT('2D SPACE',''
  ) );
#5431 = ADVANCED_FACE('',(#5432),#5016,.T.);
#5432 = FACE_BOUND('',#5433,.T.);
#5433 = EDGE_LOOP('',(#5434,#5435,#5436,#5459));
#5434 = ORIENTED_EDGE('',*,*,#5001,.T.);
#5435 = ORIENTED_EDGE('',*,*,#5386,.T.);
#5436 = ORIENTED_EDGE('',*,*,#5437,.T.);
#5437 = EDGE_CURVE('',#5387,#5438,#5440,.T.);
#5438 = VERTEX_POINT('',#5439);
#5439 = CARTESIAN_POINT('',(2.7,29.871067811865,4.5));
#5440 = SURFACE_CURVE('',#5441,(#5445,#5452),.PCURVE_S1.);
#5441 = LINE('',#5442,#5443);
#5442 = CARTESIAN_POINT('',(2.7,29.871067811865,5.5));
#5443 = VECTOR('',#5444,1.);
#5444 = DIRECTION('',(0.,0.,-1.));
#5445 = PCURVE('',#5016,#5446);
#5446 = DEFINITIONAL_REPRESENTATION('',(#5447),#5451);
#5447 = LINE('',#5448,#5449);
#5448 = CARTESIAN_POINT('',(0.,-2.8));
#5449 = VECTOR('',#5450,1.);
#5450 = DIRECTION('',(1.,0.));
#5451 = ( GEOMETRIC_REPRESENTATION_CONTEXT(2) 
PARAMETRIC_REPRESENTATION_CONTEXT() REPRESENTATION_CONTEXT('2D SPACE',''
  ) );
#5452 = PCURVE('',#5226,#5453);
#5453 = DEFINITIONAL_REPRESENTATION('',(#5454),#5458);
#5454 = LINE('',#5455,#5456);
#5455 = CARTESIAN_POINT('',(0.5,2.2));
#5456 = VECTOR('',#5457,1.);
#5457 = DIRECTION('',(-1.,0.));
#5458 = ( GEOMETRIC_REPRESENTATION_CONTEXT(2) 
PARAMETRIC_REPRESENTATION_CONTEXT() REPRESENTATION_CONTEXT('2D SPACE',''
  ) );
#5459 = ORIENTED_EDGE('',*,*,#5460,.F.);
#5460 = EDGE_CURVE('',#4976,#5438,#5461,.T.);
#5461 = SURFACE_CURVE('',#5462,(#5466,#5473),.PCURVE_S1.);
#5462 = LINE('',#5463,#5464);
#5463 = CARTESIAN_POINT('',(-0.1,29.871067811865,4.5));
#5464 = VECTOR('',#5465,1.);
#5465 = DIRECTION('',(1.,0.,0.));
#5466 = PCURVE('',#5016,#5467);
#5467 = DEFINITIONAL_REPRESENTATION('',(#5468),#5472);
#5468 = LINE('',#5469,#5470);
#5469 = CARTESIAN_POINT('',(1.,0.));
#5470 = VECTOR('',#5471,1.);
#5471 = DIRECTION('',(0.,-1.));
#5472 = ( GEOMETRIC_REPRESENTATION_CONTEXT(2) 
PARAMETRIC_REPRESENTATION_CONTEXT() REPRESENTATION_CONTEXT('2D SPACE',''
  ) );
#5473 = PCURVE('',#4990,#5474);
#5474 = DEFINITIONAL_REPRESENTATION('',(#5475),#5479);
#5475 = LINE('',#5476,#5477);
#5476 = CARTESIAN_POINT('',(0.,0.));
#5477 = VECTOR('',#5478,1.);
#5478 = DIRECTION('',(0.,-1.));
#5479 = ( GEOMETRIC_REPRESENTATION_CONTEXT(2) 
PARAMETRIC_REPRESENTATION_CONTEXT() REPRESENTATION_CONTEXT('2D SPACE',''
  ) );
#5480 = ADVANCED_FACE('',(#5481),#4990,.T.);
#5481 = FACE_BOUND('',#5482,.T.);
#5482 = EDGE_LOOP('',(#5483,#5504,#5505,#5506));
#5483 = ORIENTED_EDGE('',*,*,#5484,.T.);
#5484 = EDGE_CURVE('',#5485,#4950,#5487,.T.);
#5485 = VERTEX_POINT('',#5486);
#5486 = CARTESIAN_POINT('',(2.7,31.571067811865,4.5));
#5487 = SURFACE_CURVE('',#5488,(#5492,#5498),.PCURVE_S1.);
#5488 = LINE('',#5489,#5490);
#5489 = CARTESIAN_POINT('',(-0.1,31.571067811865,4.5));
#5490 = VECTOR('',#5491,1.);
#5491 = DIRECTION('',(-1.,-0.,0.));
#5492 = PCURVE('',#4990,#5493);
#5493 = DEFINITIONAL_REPRESENTATION('',(#5494),#5497);
#5494 = B_SPLINE_CURVE_WITH_KNOTS('',1,(#5495,#5496),.UNSPECIFIED.,.F.,
  .F.,(2,2),(-2.8,-1.),.PIECEWISE_BEZIER_KNOTS.);
#5495 = CARTESIAN_POINT('',(1.7,-2.8));
#5496 = CARTESIAN_POINT('',(1.7,-1.));
#5497 = ( GEOMETRIC_REPRESENTATION_CONTEXT(2) 
PARAMETRIC_REPRESENTATION_CONTEXT() REPRESENTATION_CONTEXT('2D SPACE',''
  ) );
#5498 = PCURVE('',#4964,#5499);
#5499 = DEFINITIONAL_REPRESENTATION('',(#5500),#5503);
#5500 = B_SPLINE_CURVE_WITH_KNOTS('',1,(#5501,#5502),.UNSPECIFIED.,.F.,
  .F.,(2,2),(-2.8,-1.),.PIECEWISE_BEZIER_KNOTS.);
#5501 = CARTESIAN_POINT('',(2.7,-2.8));
#5502 = CARTESIAN_POINT('',(2.7,-1.));
#5503 = ( GEOMETRIC_REPRESENTATION_CONTEXT(2) 
PARAMETRIC_REPRESENTATION_CONTEXT() REPRESENTATION_CONTEXT('2D SPACE',''
  ) );
#5504 = ORIENTED_EDGE('',*,*,#4975,.T.);
#5505 = ORIENTED_EDGE('',*,*,#5460,.T.);
#5506 = ORIENTED_EDGE('',*,*,#5507,.T.);
#5507 = EDGE_CURVE('',#5438,#5485,#5508,.T.);
#5508 = SURFACE_CURVE('',#5509,(#5513,#5520),.PCURVE_S1.);
#5509 = LINE('',#5510,#5511);
#5510 = CARTESIAN_POINT('',(2.7,29.871067811865,4.5));
#5511 = VECTOR('',#5512,1.);
#5512 = DIRECTION('',(0.,1.,0.));
#5513 = PCURVE('',#4990,#5514);
#5514 = DEFINITIONAL_REPRESENTATION('',(#5515),#5519);
#5515 = LINE('',#5516,#5517);
#5516 = CARTESIAN_POINT('',(0.,-2.8));
#5517 = VECTOR('',#5518,1.);
#5518 = DIRECTION('',(1.,0.));
#5519 = ( GEOMETRIC_REPRESENTATION_CONTEXT(2) 
PARAMETRIC_REPRESENTATION_CONTEXT() REPRESENTATION_CONTEXT('2D SPACE',''
  ) );
#5520 = PCURVE('',#5226,#5521);
#5521 = DEFINITIONAL_REPRESENTATION('',(#5522),#5526);
#5522 = LINE('',#5523,#5524);
#5523 = CARTESIAN_POINT('',(-0.5,2.2));
#5524 = VECTOR('',#5525,1.);
#5525 = DIRECTION('',(0.,-1.));
#5526 = ( GEOMETRIC_REPRESENTATION_CONTEXT(2) 
PARAMETRIC_REPRESENTATION_CONTEXT() REPRESENTATION_CONTEXT('2D SPACE',''
  ) );
#5527 = ADVANCED_FACE('',(#5528),#4964,.T.);
#5528 = FACE_BOUND('',#5529,.T.);
#5529 = EDGE_LOOP('',(#5530,#5553,#5554,#5555));
#5530 = ORIENTED_EDGE('',*,*,#5531,.F.);
#5531 = EDGE_CURVE('',#4924,#5532,#5534,.T.);
#5532 = VERTEX_POINT('',#5533);
#5533 = CARTESIAN_POINT('',(2.7,31.571067811865,2.8));
#5534 = SURFACE_CURVE('',#5535,(#5539,#5546),.PCURVE_S1.);
#5535 = LINE('',#5536,#5537);
#5536 = CARTESIAN_POINT('',(-0.1,31.571067811865,2.8));
#5537 = VECTOR('',#5538,1.);
#5538 = DIRECTION('',(1.,0.,0.));
#5539 = PCURVE('',#4964,#5540);
#5540 = DEFINITIONAL_REPRESENTATION('',(#5541),#5545);
#5541 = LINE('',#5542,#5543);
#5542 = CARTESIAN_POINT('',(4.4,0.));
#5543 = VECTOR('',#5544,1.);
#5544 = DIRECTION('',(0.,-1.));
#5545 = ( GEOMETRIC_REPRESENTATION_CONTEXT(2) 
PARAMETRIC_REPRESENTATION_CONTEXT() REPRESENTATION_CONTEXT('2D SPACE',''
  ) );
#5546 = PCURVE('',#4938,#5547);
#5547 = DEFINITIONAL_REPRESENTATION('',(#5548),#5552);
#5548 = LINE('',#5549,#5550);
#5549 = CARTESIAN_POINT('',(0.,0.));
#5550 = VECTOR('',#5551,1.);
#5551 = DIRECTION('',(0.,-1.));
#5552 = ( GEOMETRIC_REPRESENTATION_CONTEXT(2) 
PARAMETRIC_REPRESENTATION_CONTEXT() REPRESENTATION_CONTEXT('2D SPACE',''
  ) );
#5553 = ORIENTED_EDGE('',*,*,#4949,.T.);
#5554 = ORIENTED_EDGE('',*,*,#5484,.F.);
#5555 = ORIENTED_EDGE('',*,*,#5556,.T.);
#5556 = EDGE_CURVE('',#5485,#5532,#5557,.T.);
#5557 = SURFACE_CURVE('',#5558,(#5562,#5569),.PCURVE_S1.);
#5558 = LINE('',#5559,#5560);
#5559 = CARTESIAN_POINT('',(2.7,31.571067811865,7.2));
#5560 = VECTOR('',#5561,1.);
#5561 = DIRECTION('',(0.,0.,-1.));
#5562 = PCURVE('',#4964,#5563);
#5563 = DEFINITIONAL_REPRESENTATION('',(#5564),#5568);
#5564 = LINE('',#5565,#5566);
#5565 = CARTESIAN_POINT('',(0.,-2.8));
#5566 = VECTOR('',#5567,1.);
#5567 = DIRECTION('',(1.,0.));
#5568 = ( GEOMETRIC_REPRESENTATION_CONTEXT(2) 
PARAMETRIC_REPRESENTATION_CONTEXT() REPRESENTATION_CONTEXT('2D SPACE',''
  ) );
#5569 = PCURVE('',#5226,#5570);
#5570 = DEFINITIONAL_REPRESENTATION('',(#5571),#5575);
#5571 = LINE('',#5572,#5573);
#5572 = CARTESIAN_POINT('',(2.2,0.5));
#5573 = VECTOR('',#5574,1.);
#5574 = DIRECTION('',(-1.,0.));
#5575 = ( GEOMETRIC_REPRESENTATION_CONTEXT(2) 
PARAMETRIC_REPRESENTATION_CONTEXT() REPRESENTATION_CONTEXT('2D SPACE',''
  ) );
#5576 = ADVANCED_FACE('',(#5577),#4938,.T.);
#5577 = FACE_BOUND('',#5578,.T.);
#5578 = EDGE_LOOP('',(#5579,#5580,#5581,#5604));
#5579 = ORIENTED_EDGE('',*,*,#4923,.T.);
#5580 = ORIENTED_EDGE('',*,*,#5531,.T.);
#5581 = ORIENTED_EDGE('',*,*,#5582,.T.);
#5582 = EDGE_CURVE('',#5532,#5583,#5585,.T.);
#5583 = VERTEX_POINT('',#5584);
#5584 = CARTESIAN_POINT('',(2.7,32.571067811865,2.8));
#5585 = SURFACE_CURVE('',#5586,(#5590,#5597),.PCURVE_S1.);
#5586 = LINE('',#5587,#5588);
#5587 = CARTESIAN_POINT('',(2.7,31.571067811865,2.8));
#5588 = VECTOR('',#5589,1.);
#5589 = DIRECTION('',(0.,1.,0.));
#5590 = PCURVE('',#4938,#5591);
#5591 = DEFINITIONAL_REPRESENTATION('',(#5592),#5596);
#5592 = LINE('',#5593,#5594);
#5593 = CARTESIAN_POINT('',(0.,-2.8));
#5594 = VECTOR('',#5595,1.);
#5595 = DIRECTION('',(1.,0.));
#5596 = ( GEOMETRIC_REPRESENTATION_CONTEXT(2) 
PARAMETRIC_REPRESENTATION_CONTEXT() REPRESENTATION_CONTEXT('2D SPACE',''
  ) );
#5597 = PCURVE('',#5226,#5598);
#5598 = DEFINITIONAL_REPRESENTATION('',(#5599),#5603);
#5599 = LINE('',#5600,#5601);
#5600 = CARTESIAN_POINT('',(-2.2,0.5));
#5601 = VECTOR('',#5602,1.);
#5602 = DIRECTION('',(0.,-1.));
#5603 = ( GEOMETRIC_REPRESENTATION_CONTEXT(2) 
PARAMETRIC_REPRESENTATION_CONTEXT() REPRESENTATION_CONTEXT('2D SPACE',''
  ) );
#5604 = ORIENTED_EDGE('',*,*,#5605,.F.);
#5605 = EDGE_CURVE('',#4898,#5583,#5606,.T.);
#5606 = SURFACE_CURVE('',#5607,(#5611,#5618),.PCURVE_S1.);
#5607 = LINE('',#5608,#5609);
#5608 = CARTESIAN_POINT('',(-0.1,32.571067811865,2.8));
#5609 = VECTOR('',#5610,1.);
#5610 = DIRECTION('',(1.,0.,0.));
#5611 = PCURVE('',#4938,#5612);
#5612 = DEFINITIONAL_REPRESENTATION('',(#5613),#5617);
#5613 = LINE('',#5614,#5615);
#5614 = CARTESIAN_POINT('',(1.,0.));
#5615 = VECTOR('',#5616,1.);
#5616 = DIRECTION('',(0.,-1.));
#5617 = ( GEOMETRIC_REPRESENTATION_CONTEXT(2) 
PARAMETRIC_REPRESENTATION_CONTEXT() REPRESENTATION_CONTEXT('2D SPACE',''
  ) );
#5618 = PCURVE('',#4912,#5619);
#5619 = DEFINITIONAL_REPRESENTATION('',(#5620),#5624);
#5620 = LINE('',#5621,#5622);
#5621 = CARTESIAN_POINT('',(0.,0.));
#5622 = VECTOR('',#5623,1.);
#5623 = DIRECTION('',(0.,-1.));
#5624 = ( GEOMETRIC_REPRESENTATION_CONTEXT(2) 
PARAMETRIC_REPRESENTATION_CONTEXT() REPRESENTATION_CONTEXT('2D SPACE',''
  ) );
#5625 = ADVANCED_FACE('',(#5626),#4912,.T.);
#5626 = FACE_BOUND('',#5627,.T.);
#5627 = EDGE_LOOP('',(#5628,#5629,#5630,#5653));
#5628 = ORIENTED_EDGE('',*,*,#4897,.T.);
#5629 = ORIENTED_EDGE('',*,*,#5605,.T.);
#5630 = ORIENTED_EDGE('',*,*,#5631,.T.);
#5631 = EDGE_CURVE('',#5583,#5632,#5634,.T.);
#5632 = VERTEX_POINT('',#5633);
#5633 = CARTESIAN_POINT('',(2.7,32.571067811865,4.5));
#5634 = SURFACE_CURVE('',#5635,(#5639,#5646),.PCURVE_S1.);
#5635 = LINE('',#5636,#5637);
#5636 = CARTESIAN_POINT('',(2.7,32.571067811865,2.8));
#5637 = VECTOR('',#5638,1.);
#5638 = DIRECTION('',(0.,0.,1.));
#5639 = PCURVE('',#4912,#5640);
#5640 = DEFINITIONAL_REPRESENTATION('',(#5641),#5645);
#5641 = LINE('',#5642,#5643);
#5642 = CARTESIAN_POINT('',(0.,-2.8));
#5643 = VECTOR('',#5644,1.);
#5644 = DIRECTION('',(1.,0.));
#5645 = ( GEOMETRIC_REPRESENTATION_CONTEXT(2) 
PARAMETRIC_REPRESENTATION_CONTEXT() REPRESENTATION_CONTEXT('2D SPACE',''
  ) );
#5646 = PCURVE('',#5226,#5647);
#5647 = DEFINITIONAL_REPRESENTATION('',(#5648),#5652);
#5648 = LINE('',#5649,#5650);
#5649 = CARTESIAN_POINT('',(-2.2,-0.5));
#5650 = VECTOR('',#5651,1.);
#5651 = DIRECTION('',(1.,0.));
#5652 = ( GEOMETRIC_REPRESENTATION_CONTEXT(2) 
PARAMETRIC_REPRESENTATION_CONTEXT() REPRESENTATION_CONTEXT('2D SPACE',''
  ) );
#5653 = ORIENTED_EDGE('',*,*,#5654,.F.);
#5654 = EDGE_CURVE('',#4872,#5632,#5655,.T.);
#5655 = SURFACE_CURVE('',#5656,(#5660,#5666),.PCURVE_S1.);
#5656 = LINE('',#5657,#5658);
#5657 = CARTESIAN_POINT('',(-0.1,32.571067811865,4.5));
#5658 = VECTOR('',#5659,1.);
#5659 = DIRECTION('',(1.,0.,-0.));
#5660 = PCURVE('',#4912,#5661);
#5661 = DEFINITIONAL_REPRESENTATION('',(#5662),#5665);
#5662 = B_SPLINE_CURVE_WITH_KNOTS('',1,(#5663,#5664),.UNSPECIFIED.,.F.,
  .F.,(2,2),(1.,2.8),.PIECEWISE_BEZIER_KNOTS.);
#5663 = CARTESIAN_POINT('',(1.7,-1.));
#5664 = CARTESIAN_POINT('',(1.7,-2.8));
#5665 = ( GEOMETRIC_REPRESENTATION_CONTEXT(2) 
PARAMETRIC_REPRESENTATION_CONTEXT() REPRESENTATION_CONTEXT('2D SPACE',''
  ) );
#5666 = PCURVE('',#4886,#5667);
#5667 = DEFINITIONAL_REPRESENTATION('',(#5668),#5671);
#5668 = B_SPLINE_CURVE_WITH_KNOTS('',1,(#5669,#5670),.UNSPECIFIED.,.F.,
  .F.,(2,2),(1.,2.8),.PIECEWISE_BEZIER_KNOTS.);
#5669 = CARTESIAN_POINT('',(2.7,-1.));
#5670 = CARTESIAN_POINT('',(2.7,-2.8));
#5671 = ( GEOMETRIC_REPRESENTATION_CONTEXT(2) 
PARAMETRIC_REPRESENTATION_CONTEXT() REPRESENTATION_CONTEXT('2D SPACE',''
  ) );
#5672 = ADVANCED_FACE('',(#5673),#4886,.T.);
#5673 = FACE_BOUND('',#5674,.T.);
#5674 = EDGE_LOOP('',(#5675,#5698,#5699,#5700));
#5675 = ORIENTED_EDGE('',*,*,#5676,.F.);
#5676 = EDGE_CURVE('',#4846,#5677,#5679,.T.);
#5677 = VERTEX_POINT('',#5678);
#5678 = CARTESIAN_POINT('',(2.7,34.271067811865,4.5));
#5679 = SURFACE_CURVE('',#5680,(#5684,#5691),.PCURVE_S1.);
#5680 = LINE('',#5681,#5682);
#5681 = CARTESIAN_POINT('',(-0.1,34.271067811865,4.5));
#5682 = VECTOR('',#5683,1.);
#5683 = DIRECTION('',(1.,0.,0.));
#5684 = PCURVE('',#4886,#5685);
#5685 = DEFINITIONAL_REPRESENTATION('',(#5686),#5690);
#5686 = LINE('',#5687,#5688);
#5687 = CARTESIAN_POINT('',(4.4,0.));
#5688 = VECTOR('',#5689,1.);
#5689 = DIRECTION('',(0.,-1.));
#5690 = ( GEOMETRIC_REPRESENTATION_CONTEXT(2) 
PARAMETRIC_REPRESENTATION_CONTEXT() REPRESENTATION_CONTEXT('2D SPACE',''
  ) );
#5691 = PCURVE('',#4860,#5692);
#5692 = DEFINITIONAL_REPRESENTATION('',(#5693),#5697);
#5693 = LINE('',#5694,#5695);
#5694 = CARTESIAN_POINT('',(0.,0.));
#5695 = VECTOR('',#5696,1.);
#5696 = DIRECTION('',(0.,-1.));
#5697 = ( GEOMETRIC_REPRESENTATION_CONTEXT(2) 
PARAMETRIC_REPRESENTATION_CONTEXT() REPRESENTATION_CONTEXT('2D SPACE',''
  ) );
#5698 = ORIENTED_EDGE('',*,*,#4871,.T.);
#5699 = ORIENTED_EDGE('',*,*,#5654,.T.);
#5700 = ORIENTED_EDGE('',*,*,#5701,.T.);
#5701 = EDGE_CURVE('',#5632,#5677,#5702,.T.);
#5702 = SURFACE_CURVE('',#5703,(#5707,#5714),.PCURVE_S1.);
#5703 = LINE('',#5704,#5705);
#5704 = CARTESIAN_POINT('',(2.7,29.871067811865,4.5));
#5705 = VECTOR('',#5706,1.);
#5706 = DIRECTION('',(0.,1.,0.));
#5707 = PCURVE('',#4886,#5708);
#5708 = DEFINITIONAL_REPRESENTATION('',(#5709),#5713);
#5709 = LINE('',#5710,#5711);
#5710 = CARTESIAN_POINT('',(0.,-2.8));
#5711 = VECTOR('',#5712,1.);
#5712 = DIRECTION('',(1.,0.));
#5713 = ( GEOMETRIC_REPRESENTATION_CONTEXT(2) 
PARAMETRIC_REPRESENTATION_CONTEXT() REPRESENTATION_CONTEXT('2D SPACE',''
  ) );
#5714 = PCURVE('',#5226,#5715);
#5715 = DEFINITIONAL_REPRESENTATION('',(#5716),#5720);
#5716 = LINE('',#5717,#5718);
#5717 = CARTESIAN_POINT('',(-0.5,2.2));
#5718 = VECTOR('',#5719,1.);
#5719 = DIRECTION('',(0.,-1.));
#5720 = ( GEOMETRIC_REPRESENTATION_CONTEXT(2) 
PARAMETRIC_REPRESENTATION_CONTEXT() REPRESENTATION_CONTEXT('2D SPACE',''
  ) );
#5721 = ADVANCED_FACE('',(#5722),#4860,.T.);
#5722 = FACE_BOUND('',#5723,.T.);
#5723 = EDGE_LOOP('',(#5724,#5725,#5726,#5747));
#5724 = ORIENTED_EDGE('',*,*,#4845,.T.);
#5725 = ORIENTED_EDGE('',*,*,#5676,.T.);
#5726 = ORIENTED_EDGE('',*,*,#5727,.T.);
#5727 = EDGE_CURVE('',#5677,#5190,#5728,.T.);
#5728 = SURFACE_CURVE('',#5729,(#5733,#5740),.PCURVE_S1.);
#5729 = LINE('',#5730,#5731);
#5730 = CARTESIAN_POINT('',(2.7,34.271067811865,4.5));
#5731 = VECTOR('',#5732,1.);
#5732 = DIRECTION('',(0.,0.,1.));
#5733 = PCURVE('',#4860,#5734);
#5734 = DEFINITIONAL_REPRESENTATION('',(#5735),#5739);
#5735 = LINE('',#5736,#5737);
#5736 = CARTESIAN_POINT('',(0.,-2.8));
#5737 = VECTOR('',#5738,1.);
#5738 = DIRECTION('',(1.,0.));
#5739 = ( GEOMETRIC_REPRESENTATION_CONTEXT(2) 
PARAMETRIC_REPRESENTATION_CONTEXT() REPRESENTATION_CONTEXT('2D SPACE',''
  ) );
#5740 = PCURVE('',#5226,#5741);
#5741 = DEFINITIONAL_REPRESENTATION('',(#5742),#5746);
#5742 = LINE('',#5743,#5744);
#5743 = CARTESIAN_POINT('',(-0.5,-2.2));
#5744 = VECTOR('',#5745,1.);
#5745 = DIRECTION('',(1.,0.));
#5746 = ( GEOMETRIC_REPRESENTATION_CONTEXT(2) 
PARAMETRIC_REPRESENTATION_CONTEXT() REPRESENTATION_CONTEXT('2D SPACE',''
  ) );
#5747 = ORIENTED_EDGE('',*,*,#5189,.F.);
#5748 = ADVANCED_FACE('',(#5749),#5152,.T.);
#5749 = FACE_BOUND('',#5750,.F.);
#5750 = EDGE_LOOP('',(#5751,#5774,#5801,#5802));
#5751 = ORIENTED_EDGE('',*,*,#5752,.T.);
#5752 = EDGE_CURVE('',#5136,#5753,#5755,.T.);
#5753 = VERTEX_POINT('',#5754);
#5754 = CARTESIAN_POINT('',(64.,34.071067811865,5.));
#5755 = SEAM_CURVE('',#5756,(#5760,#5767),.PCURVE_S1.);
#5756 = LINE('',#5757,#5758);
#5757 = CARTESIAN_POINT('',(4.,34.071067811865,5.));
#5758 = VECTOR('',#5759,1.);
#5759 = DIRECTION('',(1.,0.,0.));
#5760 = PCURVE('',#5152,#5761);
#5761 = DEFINITIONAL_REPRESENTATION('',(#5762),#5766);
#5762 = LINE('',#5763,#5764);
#5763 = CARTESIAN_POINT('',(-0.,0.));
#5764 = VECTOR('',#5765,1.);
#5765 = DIRECTION('',(-0.,-1.));
#5766 = ( GEOMETRIC_REPRESENTATION_CONTEXT(2) 
PARAMETRIC_REPRESENTATION_CONTEXT() REPRESENTATION_CONTEXT('2D SPACE',''
  ) );
#5767 = PCURVE('',#5152,#5768);
#5768 = DEFINITIONAL_REPRESENTATION('',(#5769),#5773);
#5769 = LINE('',#5770,#5771);
#5770 = CARTESIAN_POINT('',(-6.28318530718,0.));
#5771 = VECTOR('',#5772,1.);
#5772 = DIRECTION('',(-0.,-1.));
#5773 = ( GEOMETRIC_REPRESENTATION_CONTEXT(2) 
PARAMETRIC_REPRESENTATION_CONTEXT() REPRESENTATION_CONTEXT('2D SPACE',''
  ) );
#5774 = ORIENTED_EDGE('',*,*,#5775,.T.);
#5775 = EDGE_CURVE('',#5753,#5753,#5776,.T.);
#5776 = SURFACE_CURVE('',#5777,(#5782,#5789),.PCURVE_S1.);
#5777 = CIRCLE('',#5778,2.);
#5778 = AXIS2_PLACEMENT_3D('',#5779,#5780,#5781);
#5779 = CARTESIAN_POINT('',(64.,32.071067811865,5.));
#5780 = DIRECTION('',(1.,0.,0.));
#5781 = DIRECTION('',(0.,1.,0.));
#5782 = PCURVE('',#5152,#5783);
#5783 = DEFINITIONAL_REPRESENTATION('',(#5784),#5788);
#5784 = LINE('',#5785,#5786);
#5785 = CARTESIAN_POINT('',(-0.,-60.));
#5786 = VECTOR('',#5787,1.);
#5787 = DIRECTION('',(-1.,0.));
#5788 = ( GEOMETRIC_REPRESENTATION_CONTEXT(2) 
PARAMETRIC_REPRESENTATION_CONTEXT() REPRESENTATION_CONTEXT('2D SPACE',''
  ) );
#5789 = PCURVE('',#5790,#5795);
#5790 = PLANE('',#5791);
#5791 = AXIS2_PLACEMENT_3D('',#5792,#5793,#5794);
#5792 = CARTESIAN_POINT('',(64.,32.071067811865,5.));
#5793 = DIRECTION('',(1.,0.,0.));
#5794 = DIRECTION('',(-0.,0.,1.));
#5795 = DEFINITIONAL_REPRESENTATION('',(#5796),#5800);
#5796 = CIRCLE('',#5797,2.);
#5797 = AXIS2_PLACEMENT_2D('',#5798,#5799);
#5798 = CARTESIAN_POINT('',(-8.881784197001E-16,7.105427357601E-15));
#5799 = DIRECTION('',(0.,-1.));
#5800 = ( GEOMETRIC_REPRESENTATION_CONTEXT(2) 
PARAMETRIC_REPRESENTATION_CONTEXT() REPRESENTATION_CONTEXT('2D SPACE',''
  ) );
#5801 = ORIENTED_EDGE('',*,*,#5752,.F.);
#5802 = ORIENTED_EDGE('',*,*,#5135,.F.);
#5803 = ADVANCED_FACE('',(#5804),#5226,.F.);
#5804 = FACE_BOUND('',#5805,.F.);
#5805 = EDGE_LOOP('',(#5806,#5807,#5808,#5809,#5810,#5811,#5812,#5813,
    #5814,#5815,#5816,#5817));
#5806 = ORIENTED_EDGE('',*,*,#5212,.T.);
#5807 = ORIENTED_EDGE('',*,*,#5266,.T.);
#5808 = ORIENTED_EDGE('',*,*,#5292,.T.);
#5809 = ORIENTED_EDGE('',*,*,#5341,.T.);
#5810 = ORIENTED_EDGE('',*,*,#5411,.T.);
#5811 = ORIENTED_EDGE('',*,*,#5437,.T.);
#5812 = ORIENTED_EDGE('',*,*,#5507,.T.);
#5813 = ORIENTED_EDGE('',*,*,#5556,.T.);
#5814 = ORIENTED_EDGE('',*,*,#5582,.T.);
#5815 = ORIENTED_EDGE('',*,*,#5631,.T.);
#5816 = ORIENTED_EDGE('',*,*,#5701,.T.);
#5817 = ORIENTED_EDGE('',*,*,#5727,.T.);
#5818 = ADVANCED_FACE('',(#5819),#5790,.T.);
#5819 = FACE_BOUND('',#5820,.T.);
#5820 = EDGE_LOOP('',(#5821));
#5821 = ORIENTED_EDGE('',*,*,#5775,.T.);
#5822 = ( GEOMETRIC_REPRESENTATION_CONTEXT(3) 
GLOBAL_UNCERTAINTY_ASSIGNED_CONTEXT((#5826)) 
GLOBAL_UNIT_ASSIGNED_CONTEXT((#5823,#5824,#5825)) REPRESENTATION_CONTEXT
('Context #1','3D Context with UNIT and UNCERTAINTY') );
#5823 = ( LENGTH_UNIT() NAMED_UNIT(*) SI_UNIT(.MILLI.,.METRE.) );
#5824 = ( NAMED_UNIT(*) PLANE_ANGLE_UNIT() SI_UNIT($,.RADIAN.) );
#5825 = ( NAMED_UNIT(*) SI_UNIT($,.STERADIAN.) SOLID_ANGLE_UNIT() );
#5826 = UNCERTAINTY_MEASURE_WITH_UNIT(LENGTH_MEASURE(1.E-07),#5823,
  'distance_accuracy_value','confusion accuracy');
#5827 = CONTEXT_DEPENDENT_SHAPE_REPRESENTATION(#5828,#5830);
#5828 = ( REPRESENTATION_RELATIONSHIP('','',#4719,#4696) 
REPRESENTATION_RELATIONSHIP_WITH_TRANSFORMATION(#5829) 
SHAPE_REPRESENTATION_RELATIONSHIP() );
#5829 = ITEM_DEFINED_TRANSFORMATION('','',#11,#4697);
#5830 = PRODUCT_DEFINITION_SHAPE('Placement','Placement of an item',
  #5831);
#5831 = NEXT_ASSEMBLY_USAGE_OCCURRENCE('5','','',#4691,#4714,$);
#5832 = PRODUCT_RELATED_PRODUCT_CATEGORY('part',$,(#4716));
#5833 = SHAPE_DEFINITION_REPRESENTATION(#5834,#5840);
#5834 = PRODUCT_DEFINITION_SHAPE('','',#5835);
#5835 = PRODUCT_DEFINITION('design','',#5836,#5839);
#5836 = PRODUCT_DEFINITION_FORMATION('','',#5837);
#5837 = PRODUCT('nut1','nut1','',(#5838));
#5838 = PRODUCT_CONTEXT('',#2,'mechanical');
#5839 = PRODUCT_DEFINITION_CONTEXT('part definition',#2,'design');
#5840 = SHAPE_REPRESENTATION('',(#11,#5841),#5845);
#5841 = AXIS2_PLACEMENT_3D('',#5842,#5843,#5844);
#5842 = CARTESIAN_POINT('',(0.,0.,0.));
#5843 = DIRECTION('',(0.,0.,1.));
#5844 = DIRECTION('',(1.,0.,-0.));
#5845 = ( GEOMETRIC_REPRESENTATION_CONTEXT(3) 
GLOBAL_UNCERTAINTY_ASSIGNED_CONTEXT((#5849)) 
GLOBAL_UNIT_ASSIGNED_CONTEXT((#5846,#5847,#5848)) REPRESENTATION_CONTEXT
('Context #1','3D Context with UNIT and UNCERTAINTY') );
#5846 = ( LENGTH_UNIT() NAMED_UNIT(*) SI_UNIT(.MILLI.,.METRE.) );
#5847 = ( NAMED_UNIT(*) PLANE_ANGLE_UNIT() SI_UNIT($,.RADIAN.) );
#5848 = ( NAMED_UNIT(*) SI_UNIT($,.STERADIAN.) SOLID_ANGLE_UNIT() );
#5849 = UNCERTAINTY_MEASURE_WITH_UNIT(LENGTH_MEASURE(1.E-07),#5846,
  'distance_accuracy_value','confusion accuracy');
#5850 = CONTEXT_DEPENDENT_SHAPE_REPRESENTATION(#5851,#5853);
#5851 = ( REPRESENTATION_RELATIONSHIP('','',#5840,#10) 
REPRESENTATION_RELATIONSHIP_WITH_TRANSFORMATION(#5852) 
SHAPE_REPRESENTATION_RELATIONSHIP() );
#5852 = ITEM_DEFINED_TRANSFORMATION('','',#11,#27);
#5853 = PRODUCT_DEFINITION_SHAPE('Placement','Placement of an item',
  #5854);
#5854 = NEXT_ASSEMBLY_USAGE_OCCURRENCE('8','','',#5,#5835,$);
#5855 = PRODUCT_RELATED_PRODUCT_CATEGORY('part',$,(#5837));
#5856 = SHAPE_DEFINITION_REPRESENTATION(#5857,#5863);
#5857 = PRODUCT_DEFINITION_SHAPE('','',#5858);
#5858 = PRODUCT_DEFINITION('design','',#5859,#5862);
#5859 = PRODUCT_DEFINITION_FORMATION('','',#5860);
#5860 = PRODUCT('nut1_part','nut1_part','',(#5861));
#5861 = PRODUCT_CONTEXT('',#2,'mechanical');
#5862 = PRODUCT_DEFINITION_CONTEXT('part definition',#2,'design');
#5863 = ADVANCED_BREP_SHAPE_REPRESENTATION('',(#11,#5864),#6442);
#5864 = MANIFOLD_SOLID_BREP('',#5865);
#5865 = CLOSED_SHELL('',(#5866,#5986,#6062,#6138,#6251,#6354,#6381,#6408
    ,#6415));
#5866 = ADVANCED_FACE('',(#5867),#5881,.F.);
#5867 = FACE_BOUND('',#5868,.F.);
#5868 = EDGE_LOOP('',(#5869,#5904,#5932,#5960));
#5869 = ORIENTED_EDGE('',*,*,#5870,.T.);
#5870 = EDGE_CURVE('',#5871,#5873,#5875,.T.);
#5871 = VERTEX_POINT('',#5872);
#5872 = CARTESIAN_POINT('',(58.,36.112519696193,5.));
#5873 = VERTEX_POINT('',#5874);
#5874 = CARTESIAN_POINT('',(63.,36.112519696193,5.));
#5875 = SURFACE_CURVE('',#5876,(#5880,#5892),.PCURVE_S1.);
#5876 = LINE('',#5877,#5878);
#5877 = CARTESIAN_POINT('',(58.,36.112519696193,5.));
#5878 = VECTOR('',#5879,1.);
#5879 = DIRECTION('',(1.,0.,0.));
#5880 = PCURVE('',#5881,#5886);
#5881 = PLANE('',#5882);
#5882 = AXIS2_PLACEMENT_3D('',#5883,#5884,#5885);
#5883 = CARTESIAN_POINT('',(58.,36.112519696193,5.));
#5884 = DIRECTION('',(0.,-0.866025403784,-0.5));
#5885 = DIRECTION('',(0.,-0.5,0.866025403784));
#5886 = DEFINITIONAL_REPRESENTATION('',(#5887),#5891);
#5887 = LINE('',#5888,#5889);
#5888 = CARTESIAN_POINT('',(0.,0.));
#5889 = VECTOR('',#5890,1.);
#5890 = DIRECTION('',(0.,-1.));
#5891 = ( GEOMETRIC_REPRESENTATION_CONTEXT(2) 
PARAMETRIC_REPRESENTATION_CONTEXT() REPRESENTATION_CONTEXT('2D SPACE',''
  ) );
#5892 = PCURVE('',#5893,#5898);
#5893 = PLANE('',#5894);
#5894 = AXIS2_PLACEMENT_3D('',#5895,#5896,#5897);
#5895 = CARTESIAN_POINT('',(58.,34.091793754029,1.5));
#5896 = DIRECTION('',(0.,-0.866025403784,0.5));
#5897 = DIRECTION('',(0.,0.5,0.866025403784));
#5898 = DEFINITIONAL_REPRESENTATION('',(#5899),#5903);
#5899 = LINE('',#5900,#5901);
#5900 = CARTESIAN_POINT('',(4.041451884327,0.));
#5901 = VECTOR('',#5902,1.);
#5902 = DIRECTION('',(0.,-1.));
#5903 = ( GEOMETRIC_REPRESENTATION_CONTEXT(2) 
PARAMETRIC_REPRESENTATION_CONTEXT() REPRESENTATION_CONTEXT('2D SPACE',''
  ) );
#5904 = ORIENTED_EDGE('',*,*,#5905,.T.);
#5905 = EDGE_CURVE('',#5873,#5906,#5908,.T.);
#5906 = VERTEX_POINT('',#5907);
#5907 = CARTESIAN_POINT('',(63.,34.091793754029,8.5));
#5908 = SURFACE_CURVE('',#5909,(#5913,#5920),.PCURVE_S1.);
#5909 = LINE('',#5910,#5911);
#5910 = CARTESIAN_POINT('',(63.,36.112519696193,5.));
#5911 = VECTOR('',#5912,1.);
#5912 = DIRECTION('',(0.,-0.5,0.866025403784));
#5913 = PCURVE('',#5881,#5914);
#5914 = DEFINITIONAL_REPRESENTATION('',(#5915),#5919);
#5915 = LINE('',#5916,#5917);
#5916 = CARTESIAN_POINT('',(0.,-5.));
#5917 = VECTOR('',#5918,1.);
#5918 = DIRECTION('',(1.,0.));
#5919 = ( GEOMETRIC_REPRESENTATION_CONTEXT(2) 
PARAMETRIC_REPRESENTATION_CONTEXT() REPRESENTATION_CONTEXT('2D SPACE',''
  ) );
#5920 = PCURVE('',#5921,#5926);
#5921 = PLANE('',#5922);
#5922 = AXIS2_PLACEMENT_3D('',#5923,#5924,#5925);
#5923 = CARTESIAN_POINT('',(63.,32.071067811865,5.));
#5924 = DIRECTION('',(1.,0.,0.));
#5925 = DIRECTION('',(-0.,0.,1.));
#5926 = DEFINITIONAL_REPRESENTATION('',(#5927),#5931);
#5927 = LINE('',#5928,#5929);
#5928 = CARTESIAN_POINT('',(0.,-4.041451884327));
#5929 = VECTOR('',#5930,1.);
#5930 = DIRECTION('',(0.866025403784,0.5));
#5931 = ( GEOMETRIC_REPRESENTATION_CONTEXT(2) 
PARAMETRIC_REPRESENTATION_CONTEXT() REPRESENTATION_CONTEXT('2D SPACE',''
  ) );
#5932 = ORIENTED_EDGE('',*,*,#5933,.F.);
#5933 = EDGE_CURVE('',#5934,#5906,#5936,.T.);
#5934 = VERTEX_POINT('',#5935);
#5935 = CARTESIAN_POINT('',(58.,34.091793754029,8.5));
#5936 = SURFACE_CURVE('',#5937,(#5941,#5948),.PCURVE_S1.);
#5937 = LINE('',#5938,#5939);
#5938 = CARTESIAN_POINT('',(58.,34.091793754029,8.5));
#5939 = VECTOR('',#5940,1.);
#5940 = DIRECTION('',(1.,0.,0.));
#5941 = PCURVE('',#5881,#5942);
#5942 = DEFINITIONAL_REPRESENTATION('',(#5943),#5947);
#5943 = LINE('',#5944,#5945);
#5944 = CARTESIAN_POINT('',(4.041451884327,0.));
#5945 = VECTOR('',#5946,1.);
#5946 = DIRECTION('',(0.,-1.));
#5947 = ( GEOMETRIC_REPRESENTATION_CONTEXT(2) 
PARAMETRIC_REPRESENTATION_CONTEXT() REPRESENTATION_CONTEXT('2D SPACE',''
  ) );
#5948 = PCURVE('',#5949,#5954);
#5949 = PLANE('',#5950);
#5950 = AXIS2_PLACEMENT_3D('',#5951,#5952,#5953);
#5951 = CARTESIAN_POINT('',(58.,34.091793754029,8.5));
#5952 = DIRECTION('',(0.,-1.098835820791E-16,-1.));
#5953 = DIRECTION('',(0.,-1.,1.098835820791E-16));
#5954 = DEFINITIONAL_REPRESENTATION('',(#5955),#5959);
#5955 = LINE('',#5956,#5957);
#5956 = CARTESIAN_POINT('',(0.,0.));
#5957 = VECTOR('',#5958,1.);
#5958 = DIRECTION('',(0.,-1.));
#5959 = ( GEOMETRIC_REPRESENTATION_CONTEXT(2) 
PARAMETRIC_REPRESENTATION_CONTEXT() REPRESENTATION_CONTEXT('2D SPACE',''
  ) );
#5960 = ORIENTED_EDGE('',*,*,#5961,.F.);
#5961 = EDGE_CURVE('',#5871,#5934,#5962,.T.);
#5962 = SURFACE_CURVE('',#5963,(#5967,#5974),.PCURVE_S1.);
#5963 = LINE('',#5964,#5965);
#5964 = CARTESIAN_POINT('',(58.,36.112519696193,5.));
#5965 = VECTOR('',#5966,1.);
#5966 = DIRECTION('',(0.,-0.5,0.866025403784));
#5967 = PCURVE('',#5881,#5968);
#5968 = DEFINITIONAL_REPRESENTATION('',(#5969),#5973);
#5969 = LINE('',#5970,#5971);
#5970 = CARTESIAN_POINT('',(0.,0.));
#5971 = VECTOR('',#5972,1.);
#5972 = DIRECTION('',(1.,0.));
#5973 = ( GEOMETRIC_REPRESENTATION_CONTEXT(2) 
PARAMETRIC_REPRESENTATION_CONTEXT() REPRESENTATION_CONTEXT('2D SPACE',''
  ) );
#5974 = PCURVE('',#5975,#5980);
#5975 = PLANE('',#5976);
#5976 = AXIS2_PLACEMENT_3D('',#5977,#5978,#5979);
#5977 = CARTESIAN_POINT('',(58.,32.071067811865,5.));
#5978 = DIRECTION('',(1.,0.,0.));
#5979 = DIRECTION('',(-0.,0.,1.));
#5980 = DEFINITIONAL_REPRESENTATION('',(#5981),#5985);
#5981 = LINE('',#5982,#5983);
#5982 = CARTESIAN_POINT('',(0.,-4.041451884327));
#5983 = VECTOR('',#5984,1.);
#5984 = DIRECTION('',(0.866025403784,0.5));
#5985 = ( GEOMETRIC_REPRESENTATION_CONTEXT(2) 
PARAMETRIC_REPRESENTATION_CONTEXT() REPRESENTATION_CONTEXT('2D SPACE',''
  ) );
#5986 = ADVANCED_FACE('',(#5987),#5893,.F.);
#5987 = FACE_BOUND('',#5988,.F.);
#5988 = EDGE_LOOP('',(#5989,#6019,#6040,#6041));
#5989 = ORIENTED_EDGE('',*,*,#5990,.T.);
#5990 = EDGE_CURVE('',#5991,#5993,#5995,.T.);
#5991 = VERTEX_POINT('',#5992);
#5992 = CARTESIAN_POINT('',(58.,34.091793754029,1.5));
#5993 = VERTEX_POINT('',#5994);
#5994 = CARTESIAN_POINT('',(63.,34.091793754029,1.5));
#5995 = SURFACE_CURVE('',#5996,(#6000,#6007),.PCURVE_S1.);
#5996 = LINE('',#5997,#5998);
#5997 = CARTESIAN_POINT('',(58.,34.091793754029,1.5));
#5998 = VECTOR('',#5999,1.);
#5999 = DIRECTION('',(1.,0.,0.));
#6000 = PCURVE('',#5893,#6001);
#6001 = DEFINITIONAL_REPRESENTATION('',(#6002),#6006);
#6002 = LINE('',#6003,#6004);
#6003 = CARTESIAN_POINT('',(0.,0.));
#6004 = VECTOR('',#6005,1.);
#6005 = DIRECTION('',(0.,-1.));
#6006 = ( GEOMETRIC_REPRESENTATION_CONTEXT(2) 
PARAMETRIC_REPRESENTATION_CONTEXT() REPRESENTATION_CONTEXT('2D SPACE',''
  ) );
#6007 = PCURVE('',#6008,#6013);
#6008 = PLANE('',#6009);
#6009 = AXIS2_PLACEMENT_3D('',#6010,#6011,#6012);
#6010 = CARTESIAN_POINT('',(58.,30.050341869702,1.5));
#6011 = DIRECTION('',(-0.,5.494179103953E-16,1.));
#6012 = DIRECTION('',(0.,1.,-5.494179103953E-16));
#6013 = DEFINITIONAL_REPRESENTATION('',(#6014),#6018);
#6014 = LINE('',#6015,#6016);
#6015 = CARTESIAN_POINT('',(4.041451884327,0.));
#6016 = VECTOR('',#6017,1.);
#6017 = DIRECTION('',(0.,-1.));
#6018 = ( GEOMETRIC_REPRESENTATION_CONTEXT(2) 
PARAMETRIC_REPRESENTATION_CONTEXT() REPRESENTATION_CONTEXT('2D SPACE',''
  ) );
#6019 = ORIENTED_EDGE('',*,*,#6020,.T.);
#6020 = EDGE_CURVE('',#5993,#5873,#6021,.T.);
#6021 = SURFACE_CURVE('',#6022,(#6026,#6033),.PCURVE_S1.);
#6022 = LINE('',#6023,#6024);
#6023 = CARTESIAN_POINT('',(63.,34.091793754029,1.5));
#6024 = VECTOR('',#6025,1.);
#6025 = DIRECTION('',(0.,0.5,0.866025403784));
#6026 = PCURVE('',#5893,#6027);
#6027 = DEFINITIONAL_REPRESENTATION('',(#6028),#6032);
#6028 = LINE('',#6029,#6030);
#6029 = CARTESIAN_POINT('',(0.,-5.));
#6030 = VECTOR('',#6031,1.);
#6031 = DIRECTION('',(1.,0.));
#6032 = ( GEOMETRIC_REPRESENTATION_CONTEXT(2) 
PARAMETRIC_REPRESENTATION_CONTEXT() REPRESENTATION_CONTEXT('2D SPACE',''
  ) );
#6033 = PCURVE('',#5921,#6034);
#6034 = DEFINITIONAL_REPRESENTATION('',(#6035),#6039);
#6035 = LINE('',#6036,#6037);
#6036 = CARTESIAN_POINT('',(-3.5,-2.020725942164));
#6037 = VECTOR('',#6038,1.);
#6038 = DIRECTION('',(0.866025403784,-0.5));
#6039 = ( GEOMETRIC_REPRESENTATION_CONTEXT(2) 
PARAMETRIC_REPRESENTATION_CONTEXT() REPRESENTATION_CONTEXT('2D SPACE',''
  ) );
#6040 = ORIENTED_EDGE('',*,*,#5870,.F.);
#6041 = ORIENTED_EDGE('',*,*,#6042,.F.);
#6042 = EDGE_CURVE('',#5991,#5871,#6043,.T.);
#6043 = SURFACE_CURVE('',#6044,(#6048,#6055),.PCURVE_S1.);
#6044 = LINE('',#6045,#6046);
#6045 = CARTESIAN_POINT('',(58.,34.091793754029,1.5));
#6046 = VECTOR('',#6047,1.);
#6047 = DIRECTION('',(0.,0.5,0.866025403784));
#6048 = PCURVE('',#5893,#6049);
#6049 = DEFINITIONAL_REPRESENTATION('',(#6050),#6054);
#6050 = LINE('',#6051,#6052);
#6051 = CARTESIAN_POINT('',(0.,0.));
#6052 = VECTOR('',#6053,1.);
#6053 = DIRECTION('',(1.,0.));
#6054 = ( GEOMETRIC_REPRESENTATION_CONTEXT(2) 
PARAMETRIC_REPRESENTATION_CONTEXT() REPRESENTATION_CONTEXT('2D SPACE',''
  ) );
#6055 = PCURVE('',#5975,#6056);
#6056 = DEFINITIONAL_REPRESENTATION('',(#6057),#6061);
#6057 = LINE('',#6058,#6059);
#6058 = CARTESIAN_POINT('',(-3.5,-2.020725942164));
#6059 = VECTOR('',#6060,1.);
#6060 = DIRECTION('',(0.866025403784,-0.5));
#6061 = ( GEOMETRIC_REPRESENTATION_CONTEXT(2) 
PARAMETRIC_REPRESENTATION_CONTEXT() REPRESENTATION_CONTEXT('2D SPACE',''
  ) );
#6062 = ADVANCED_FACE('',(#6063),#5949,.F.);
#6063 = FACE_BOUND('',#6064,.F.);
#6064 = EDGE_LOOP('',(#6065,#6066,#6089,#6117));
#6065 = ORIENTED_EDGE('',*,*,#5933,.T.);
#6066 = ORIENTED_EDGE('',*,*,#6067,.T.);
#6067 = EDGE_CURVE('',#5906,#6068,#6070,.T.);
#6068 = VERTEX_POINT('',#6069);
#6069 = CARTESIAN_POINT('',(63.,30.050341869702,8.5));
#6070 = SURFACE_CURVE('',#6071,(#6075,#6082),.PCURVE_S1.);
#6071 = LINE('',#6072,#6073);
#6072 = CARTESIAN_POINT('',(63.,34.091793754029,8.5));
#6073 = VECTOR('',#6074,1.);
#6074 = DIRECTION('',(0.,-1.,1.098835820791E-16));
#6075 = PCURVE('',#5949,#6076);
#6076 = DEFINITIONAL_REPRESENTATION('',(#6077),#6081);
#6077 = LINE('',#6078,#6079);
#6078 = CARTESIAN_POINT('',(0.,-5.));
#6079 = VECTOR('',#6080,1.);
#6080 = DIRECTION('',(1.,0.));
#6081 = ( GEOMETRIC_REPRESENTATION_CONTEXT(2) 
PARAMETRIC_REPRESENTATION_CONTEXT() REPRESENTATION_CONTEXT('2D SPACE',''
  ) );
#6082 = PCURVE('',#5921,#6083);
#6083 = DEFINITIONAL_REPRESENTATION('',(#6084),#6088);
#6084 = LINE('',#6085,#6086);
#6085 = CARTESIAN_POINT('',(3.5,-2.020725942164));
#6086 = VECTOR('',#6087,1.);
#6087 = DIRECTION('',(1.098835820791E-16,1.));
#6088 = ( GEOMETRIC_REPRESENTATION_CONTEXT(2) 
PARAMETRIC_REPRESENTATION_CONTEXT() REPRESENTATION_CONTEXT('2D SPACE',''
  ) );
#6089 = ORIENTED_EDGE('',*,*,#6090,.F.);
#6090 = EDGE_CURVE('',#6091,#6068,#6093,.T.);
#6091 = VERTEX_POINT('',#6092);
#6092 = CARTESIAN_POINT('',(58.,30.050341869702,8.5));
#6093 = SURFACE_CURVE('',#6094,(#6098,#6105),.PCURVE_S1.);
#6094 = LINE('',#6095,#6096);
#6095 = CARTESIAN_POINT('',(58.,30.050341869702,8.5));
#6096 = VECTOR('',#6097,1.);
#6097 = DIRECTION('',(1.,0.,0.));
#6098 = PCURVE('',#5949,#6099);
#6099 = DEFINITIONAL_REPRESENTATION('',(#6100),#6104);
#6100 = LINE('',#6101,#6102);
#6101 = CARTESIAN_POINT('',(4.041451884327,0.));
#6102 = VECTOR('',#6103,1.);
#6103 = DIRECTION('',(0.,-1.));
#6104 = ( GEOMETRIC_REPRESENTATION_CONTEXT(2) 
PARAMETRIC_REPRESENTATION_CONTEXT() REPRESENTATION_CONTEXT('2D SPACE',''
  ) );
#6105 = PCURVE('',#6106,#6111);
#6106 = PLANE('',#6107);
#6107 = AXIS2_PLACEMENT_3D('',#6108,#6109,#6110);
#6108 = CARTESIAN_POINT('',(58.,30.050341869702,8.5));
#6109 = DIRECTION('',(0.,0.866025403784,-0.5));
#6110 = DIRECTION('',(0.,-0.5,-0.866025403784));
#6111 = DEFINITIONAL_REPRESENTATION('',(#6112),#6116);
#6112 = LINE('',#6113,#6114);
#6113 = CARTESIAN_POINT('',(0.,0.));
#6114 = VECTOR('',#6115,1.);
#6115 = DIRECTION('',(0.,-1.));
#6116 = ( GEOMETRIC_REPRESENTATION_CONTEXT(2) 
PARAMETRIC_REPRESENTATION_CONTEXT() REPRESENTATION_CONTEXT('2D SPACE',''
  ) );
#6117 = ORIENTED_EDGE('',*,*,#6118,.F.);
#6118 = EDGE_CURVE('',#5934,#6091,#6119,.T.);
#6119 = SURFACE_CURVE('',#6120,(#6124,#6131),.PCURVE_S1.);
#6120 = LINE('',#6121,#6122);
#6121 = CARTESIAN_POINT('',(58.,34.091793754029,8.5));
#6122 = VECTOR('',#6123,1.);
#6123 = DIRECTION('',(0.,-1.,1.098835820791E-16));
#6124 = PCURVE('',#5949,#6125);
#6125 = DEFINITIONAL_REPRESENTATION('',(#6126),#6130);
#6126 = LINE('',#6127,#6128);
#6127 = CARTESIAN_POINT('',(0.,0.));
#6128 = VECTOR('',#6129,1.);
#6129 = DIRECTION('',(1.,0.));
#6130 = ( GEOMETRIC_REPRESENTATION_CONTEXT(2) 
PARAMETRIC_REPRESENTATION_CONTEXT() REPRESENTATION_CONTEXT('2D SPACE',''
  ) );
#6131 = PCURVE('',#5975,#6132);
#6132 = DEFINITIONAL_REPRESENTATION('',(#6133),#6137);
#6133 = LINE('',#6134,#6135);
#6134 = CARTESIAN_POINT('',(3.5,-2.020725942164));
#6135 = VECTOR('',#6136,1.);
#6136 = DIRECTION('',(1.098835820791E-16,1.));
#6137 = ( GEOMETRIC_REPRESENTATION_CONTEXT(2) 
PARAMETRIC_REPRESENTATION_CONTEXT() REPRESENTATION_CONTEXT('2D SPACE',''
  ) );
#6138 = ADVANCED_FACE('',(#6139,#6216),#5975,.F.);
#6139 = FACE_BOUND('',#6140,.F.);
#6140 = EDGE_LOOP('',(#6141,#6142,#6143,#6166,#6194,#6215));
#6141 = ORIENTED_EDGE('',*,*,#5961,.T.);
#6142 = ORIENTED_EDGE('',*,*,#6118,.T.);
#6143 = ORIENTED_EDGE('',*,*,#6144,.T.);
#6144 = EDGE_CURVE('',#6091,#6145,#6147,.T.);
#6145 = VERTEX_POINT('',#6146);
#6146 = CARTESIAN_POINT('',(58.,28.029615927538,5.));
#6147 = SURFACE_CURVE('',#6148,(#6152,#6159),.PCURVE_S1.);
#6148 = LINE('',#6149,#6150);
#6149 = CARTESIAN_POINT('',(58.,30.050341869702,8.5));
#6150 = VECTOR('',#6151,1.);
#6151 = DIRECTION('',(0.,-0.5,-0.866025403784));
#6152 = PCURVE('',#5975,#6153);
#6153 = DEFINITIONAL_REPRESENTATION('',(#6154),#6158);
#6154 = LINE('',#6155,#6156);
#6155 = CARTESIAN_POINT('',(3.5,2.020725942164));
#6156 = VECTOR('',#6157,1.);
#6157 = DIRECTION('',(-0.866025403784,0.5));
#6158 = ( GEOMETRIC_REPRESENTATION_CONTEXT(2) 
PARAMETRIC_REPRESENTATION_CONTEXT() REPRESENTATION_CONTEXT('2D SPACE',''
  ) );
#6159 = PCURVE('',#6106,#6160);
#6160 = DEFINITIONAL_REPRESENTATION('',(#6161),#6165);
#6161 = LINE('',#6162,#6163);
#6162 = CARTESIAN_POINT('',(0.,0.));
#6163 = VECTOR('',#6164,1.);
#6164 = DIRECTION('',(1.,0.));
#6165 = ( GEOMETRIC_REPRESENTATION_CONTEXT(2) 
PARAMETRIC_REPRESENTATION_CONTEXT() REPRESENTATION_CONTEXT('2D SPACE',''
  ) );
#6166 = ORIENTED_EDGE('',*,*,#6167,.T.);
#6167 = EDGE_CURVE('',#6145,#6168,#6170,.T.);
#6168 = VERTEX_POINT('',#6169);
#6169 = CARTESIAN_POINT('',(58.,30.050341869702,1.5));
#6170 = SURFACE_CURVE('',#6171,(#6175,#6182),.PCURVE_S1.);
#6171 = LINE('',#6172,#6173);
#6172 = CARTESIAN_POINT('',(58.,28.029615927538,5.));
#6173 = VECTOR('',#6174,1.);
#6174 = DIRECTION('',(0.,0.5,-0.866025403784));
#6175 = PCURVE('',#5975,#6176);
#6176 = DEFINITIONAL_REPRESENTATION('',(#6177),#6181);
#6177 = LINE('',#6178,#6179);
#6178 = CARTESIAN_POINT('',(8.881784197001E-16,4.041451884327));
#6179 = VECTOR('',#6180,1.);
#6180 = DIRECTION('',(-0.866025403784,-0.5));
#6181 = ( GEOMETRIC_REPRESENTATION_CONTEXT(2) 
PARAMETRIC_REPRESENTATION_CONTEXT() REPRESENTATION_CONTEXT('2D SPACE',''
  ) );
#6182 = PCURVE('',#6183,#6188);
#6183 = PLANE('',#6184);
#6184 = AXIS2_PLACEMENT_3D('',#6185,#6186,#6187);
#6185 = CARTESIAN_POINT('',(58.,28.029615927538,5.));
#6186 = DIRECTION('',(-0.,0.866025403784,0.5));
#6187 = DIRECTION('',(0.,0.5,-0.866025403784));
#6188 = DEFINITIONAL_REPRESENTATION('',(#6189),#6193);
#6189 = LINE('',#6190,#6191);
#6190 = CARTESIAN_POINT('',(0.,0.));
#6191 = VECTOR('',#6192,1.);
#6192 = DIRECTION('',(1.,0.));
#6193 = ( GEOMETRIC_REPRESENTATION_CONTEXT(2) 
PARAMETRIC_REPRESENTATION_CONTEXT() REPRESENTATION_CONTEXT('2D SPACE',''
  ) );
#6194 = ORIENTED_EDGE('',*,*,#6195,.T.);
#6195 = EDGE_CURVE('',#6168,#5991,#6196,.T.);
#6196 = SURFACE_CURVE('',#6197,(#6201,#6208),.PCURVE_S1.);
#6197 = LINE('',#6198,#6199);
#6198 = CARTESIAN_POINT('',(58.,30.050341869702,1.5));
#6199 = VECTOR('',#6200,1.);
#6200 = DIRECTION('',(0.,1.,-5.494179103953E-16));
#6201 = PCURVE('',#5975,#6202);
#6202 = DEFINITIONAL_REPRESENTATION('',(#6203),#6207);
#6203 = LINE('',#6204,#6205);
#6204 = CARTESIAN_POINT('',(-3.5,2.020725942164));
#6205 = VECTOR('',#6206,1.);
#6206 = DIRECTION('',(-5.494179103953E-16,-1.));
#6207 = ( GEOMETRIC_REPRESENTATION_CONTEXT(2) 
PARAMETRIC_REPRESENTATION_CONTEXT() REPRESENTATION_CONTEXT('2D SPACE',''
  ) );
#6208 = PCURVE('',#6008,#6209);
#6209 = DEFINITIONAL_REPRESENTATION('',(#6210),#6214);
#6210 = LINE('',#6211,#6212);
#6211 = CARTESIAN_POINT('',(0.,0.));
#6212 = VECTOR('',#6213,1.);
#6213 = DIRECTION('',(1.,0.));
#6214 = ( GEOMETRIC_REPRESENTATION_CONTEXT(2) 
PARAMETRIC_REPRESENTATION_CONTEXT() REPRESENTATION_CONTEXT('2D SPACE',''
  ) );
#6215 = ORIENTED_EDGE('',*,*,#6042,.T.);
#6216 = FACE_BOUND('',#6217,.F.);
#6217 = EDGE_LOOP('',(#6218));
#6218 = ORIENTED_EDGE('',*,*,#6219,.T.);
#6219 = EDGE_CURVE('',#6220,#6220,#6222,.T.);
#6220 = VERTEX_POINT('',#6221);
#6221 = CARTESIAN_POINT('',(58.,34.071067811865,5.));
#6222 = SURFACE_CURVE('',#6223,(#6228,#6239),.PCURVE_S1.);
#6223 = CIRCLE('',#6224,2.);
#6224 = AXIS2_PLACEMENT_3D('',#6225,#6226,#6227);
#6225 = CARTESIAN_POINT('',(58.,32.071067811865,5.));
#6226 = DIRECTION('',(-1.,0.,0.));
#6227 = DIRECTION('',(0.,1.,0.));
#6228 = PCURVE('',#5975,#6229);
#6229 = DEFINITIONAL_REPRESENTATION('',(#6230),#6238);
#6230 = ( BOUNDED_CURVE() B_SPLINE_CURVE(2,(#6231,#6232,#6233,#6234,
#6235,#6236,#6237),.UNSPECIFIED.,.T.,.F.) B_SPLINE_CURVE_WITH_KNOTS((1,2
    ,2,2,2,1),(-2.094395102393,0.,2.094395102393,4.188790204786,
6.28318530718,8.377580409573),.UNSPECIFIED.) CURVE() 
GEOMETRIC_REPRESENTATION_ITEM() RATIONAL_B_SPLINE_CURVE((1.,0.5,1.,0.5,
1.,0.5,1.)) REPRESENTATION_ITEM('') );
#6231 = CARTESIAN_POINT('',(0.,-2.));
#6232 = CARTESIAN_POINT('',(-3.464101615138,-2.));
#6233 = CARTESIAN_POINT('',(-1.732050807569,1.));
#6234 = CARTESIAN_POINT('',(-4.898587196589E-16,4.));
#6235 = CARTESIAN_POINT('',(1.732050807569,1.));
#6236 = CARTESIAN_POINT('',(3.464101615138,-2.));
#6237 = CARTESIAN_POINT('',(0.,-2.));
#6238 = ( GEOMETRIC_REPRESENTATION_CONTEXT(2) 
PARAMETRIC_REPRESENTATION_CONTEXT() REPRESENTATION_CONTEXT('2D SPACE',''
  ) );
#6239 = PCURVE('',#6240,#6245);
#6240 = CYLINDRICAL_SURFACE('',#6241,2.);
#6241 = AXIS2_PLACEMENT_3D('',#6242,#6243,#6244);
#6242 = CARTESIAN_POINT('',(57.,32.071067811865,5.));
#6243 = DIRECTION('',(-1.,-0.,-0.));
#6244 = DIRECTION('',(0.,1.,0.));
#6245 = DEFINITIONAL_REPRESENTATION('',(#6246),#6250);
#6246 = LINE('',#6247,#6248);
#6247 = CARTESIAN_POINT('',(-6.28318530718,-1.));
#6248 = VECTOR('',#6249,1.);
#6249 = DIRECTION('',(1.,-0.));
#6250 = ( GEOMETRIC_REPRESENTATION_CONTEXT(2) 
PARAMETRIC_REPRESENTATION_CONTEXT() REPRESENTATION_CONTEXT('2D SPACE',''
  ) );
#6251 = ADVANCED_FACE('',(#6252,#6324),#5921,.T.);
#6252 = FACE_BOUND('',#6253,.T.);
#6253 = EDGE_LOOP('',(#6254,#6255,#6256,#6279,#6302,#6323));
#6254 = ORIENTED_EDGE('',*,*,#5905,.T.);
#6255 = ORIENTED_EDGE('',*,*,#6067,.T.);
#6256 = ORIENTED_EDGE('',*,*,#6257,.T.);
#6257 = EDGE_CURVE('',#6068,#6258,#6260,.T.);
#6258 = VERTEX_POINT('',#6259);
#6259 = CARTESIAN_POINT('',(63.,28.029615927538,5.));
#6260 = SURFACE_CURVE('',#6261,(#6265,#6272),.PCURVE_S1.);
#6261 = LINE('',#6262,#6263);
#6262 = CARTESIAN_POINT('',(63.,30.050341869702,8.5));
#6263 = VECTOR('',#6264,1.);
#6264 = DIRECTION('',(0.,-0.5,-0.866025403784));
#6265 = PCURVE('',#5921,#6266);
#6266 = DEFINITIONAL_REPRESENTATION('',(#6267),#6271);
#6267 = LINE('',#6268,#6269);
#6268 = CARTESIAN_POINT('',(3.5,2.020725942164));
#6269 = VECTOR('',#6270,1.);
#6270 = DIRECTION('',(-0.866025403784,0.5));
#6271 = ( GEOMETRIC_REPRESENTATION_CONTEXT(2) 
PARAMETRIC_REPRESENTATION_CONTEXT() REPRESENTATION_CONTEXT('2D SPACE',''
  ) );
#6272 = PCURVE('',#6106,#6273);
#6273 = DEFINITIONAL_REPRESENTATION('',(#6274),#6278);
#6274 = LINE('',#6275,#6276);
#6275 = CARTESIAN_POINT('',(0.,-5.));
#6276 = VECTOR('',#6277,1.);
#6277 = DIRECTION('',(1.,0.));
#6278 = ( GEOMETRIC_REPRESENTATION_CONTEXT(2) 
PARAMETRIC_REPRESENTATION_CONTEXT() REPRESENTATION_CONTEXT('2D SPACE',''
  ) );
#6279 = ORIENTED_EDGE('',*,*,#6280,.T.);
#6280 = EDGE_CURVE('',#6258,#6281,#6283,.T.);
#6281 = VERTEX_POINT('',#6282);
#6282 = CARTESIAN_POINT('',(63.,30.050341869702,1.5));
#6283 = SURFACE_CURVE('',#6284,(#6288,#6295),.PCURVE_S1.);
#6284 = LINE('',#6285,#6286);
#6285 = CARTESIAN_POINT('',(63.,28.029615927538,5.));
#6286 = VECTOR('',#6287,1.);
#6287 = DIRECTION('',(0.,0.5,-0.866025403784));
#6288 = PCURVE('',#5921,#6289);
#6289 = DEFINITIONAL_REPRESENTATION('',(#6290),#6294);
#6290 = LINE('',#6291,#6292);
#6291 = CARTESIAN_POINT('',(8.881784197001E-16,4.041451884327));
#6292 = VECTOR('',#6293,1.);
#6293 = DIRECTION('',(-0.866025403784,-0.5));
#6294 = ( GEOMETRIC_REPRESENTATION_CONTEXT(2) 
PARAMETRIC_REPRESENTATION_CONTEXT() REPRESENTATION_CONTEXT('2D SPACE',''
  ) );
#6295 = PCURVE('',#6183,#6296);
#6296 = DEFINITIONAL_REPRESENTATION('',(#6297),#6301);
#6297 = LINE('',#6298,#6299);
#6298 = CARTESIAN_POINT('',(0.,-5.));
#6299 = VECTOR('',#6300,1.);
#6300 = DIRECTION('',(1.,0.));
#6301 = ( GEOMETRIC_REPRESENTATION_CONTEXT(2) 
PARAMETRIC_REPRESENTATION_CONTEXT() REPRESENTATION_CONTEXT('2D SPACE',''
  ) );
#6302 = ORIENTED_EDGE('',*,*,#6303,.T.);
#6303 = EDGE_CURVE('',#6281,#5993,#6304,.T.);
#6304 = SURFACE_CURVE('',#6305,(#6309,#6316),.PCURVE_S1.);
#6305 = LINE('',#6306,#6307);
#6306 = CARTESIAN_POINT('',(63.,30.050341869702,1.5));
#6307 = VECTOR('',#6308,1.);
#6308 = DIRECTION('',(0.,1.,-5.494179103953E-16));
#6309 = PCURVE('',#5921,#6310);
#6310 = DEFINITIONAL_REPRESENTATION('',(#6311),#6315);
#6311 = LINE('',#6312,#6313);
#6312 = CARTESIAN_POINT('',(-3.5,2.020725942164));
#6313 = VECTOR('',#6314,1.);
#6314 = DIRECTION('',(-5.494179103953E-16,-1.));
#6315 = ( GEOMETRIC_REPRESENTATION_CONTEXT(2) 
PARAMETRIC_REPRESENTATION_CONTEXT() REPRESENTATION_CONTEXT('2D SPACE',''
  ) );
#6316 = PCURVE('',#6008,#6317);
#6317 = DEFINITIONAL_REPRESENTATION('',(#6318),#6322);
#6318 = LINE('',#6319,#6320);
#6319 = CARTESIAN_POINT('',(0.,-5.));
#6320 = VECTOR('',#6321,1.);
#6321 = DIRECTION('',(1.,0.));
#6322 = ( GEOMETRIC_REPRESENTATION_CONTEXT(2) 
PARAMETRIC_REPRESENTATION_CONTEXT() REPRESENTATION_CONTEXT('2D SPACE',''
  ) );
#6323 = ORIENTED_EDGE('',*,*,#6020,.T.);
#6324 = FACE_BOUND('',#6325,.T.);
#6325 = EDGE_LOOP('',(#6326));
#6326 = ORIENTED_EDGE('',*,*,#6327,.T.);
#6327 = EDGE_CURVE('',#6328,#6328,#6330,.T.);
#6328 = VERTEX_POINT('',#6329);
#6329 = CARTESIAN_POINT('',(63.,34.071067811865,5.));
#6330 = SURFACE_CURVE('',#6331,(#6336,#6347),.PCURVE_S1.);
#6331 = CIRCLE('',#6332,2.);
#6332 = AXIS2_PLACEMENT_3D('',#6333,#6334,#6335);
#6333 = CARTESIAN_POINT('',(63.,32.071067811865,5.));
#6334 = DIRECTION('',(-1.,0.,0.));
#6335 = DIRECTION('',(0.,1.,0.));
#6336 = PCURVE('',#5921,#6337);
#6337 = DEFINITIONAL_REPRESENTATION('',(#6338),#6346);
#6338 = ( BOUNDED_CURVE() B_SPLINE_CURVE(2,(#6339,#6340,#6341,#6342,
#6343,#6344,#6345),.UNSPECIFIED.,.T.,.F.) B_SPLINE_CURVE_WITH_KNOTS((1,2
    ,2,2,2,1),(-2.094395102393,0.,2.094395102393,4.188790204786,
6.28318530718,8.377580409573),.UNSPECIFIED.) CURVE() 
GEOMETRIC_REPRESENTATION_ITEM() RATIONAL_B_SPLINE_CURVE((1.,0.5,1.,0.5,
1.,0.5,1.)) REPRESENTATION_ITEM('') );
#6339 = CARTESIAN_POINT('',(0.,-2.));
#6340 = CARTESIAN_POINT('',(-3.464101615138,-2.));
#6341 = CARTESIAN_POINT('',(-1.732050807569,1.));
#6342 = CARTESIAN_POINT('',(-4.898587196589E-16,4.));
#6343 = CARTESIAN_POINT('',(1.732050807569,1.));
#6344 = CARTESIAN_POINT('',(3.464101615138,-2.));
#6345 = CARTESIAN_POINT('',(0.,-2.));
#6346 = ( GEOMETRIC_REPRESENTATION_CONTEXT(2) 
PARAMETRIC_REPRESENTATION_CONTEXT() REPRESENTATION_CONTEXT('2D SPACE',''
  ) );
#6347 = PCURVE('',#6240,#6348);
#6348 = DEFINITIONAL_REPRESENTATION('',(#6349),#6353);
#6349 = LINE('',#6350,#6351);
#6350 = CARTESIAN_POINT('',(-6.28318530718,-6.));
#6351 = VECTOR('',#6352,1.);
#6352 = DIRECTION('',(1.,-0.));
#6353 = ( GEOMETRIC_REPRESENTATION_CONTEXT(2) 
PARAMETRIC_REPRESENTATION_CONTEXT() REPRESENTATION_CONTEXT('2D SPACE',''
  ) );
#6354 = ADVANCED_FACE('',(#6355),#6008,.F.);
#6355 = FACE_BOUND('',#6356,.F.);
#6356 = EDGE_LOOP('',(#6357,#6378,#6379,#6380));
#6357 = ORIENTED_EDGE('',*,*,#6358,.T.);
#6358 = EDGE_CURVE('',#6168,#6281,#6359,.T.);
#6359 = SURFACE_CURVE('',#6360,(#6364,#6371),.PCURVE_S1.);
#6360 = LINE('',#6361,#6362);
#6361 = CARTESIAN_POINT('',(58.,30.050341869702,1.5));
#6362 = VECTOR('',#6363,1.);
#6363 = DIRECTION('',(1.,0.,0.));
#6364 = PCURVE('',#6008,#6365);
#6365 = DEFINITIONAL_REPRESENTATION('',(#6366),#6370);
#6366 = LINE('',#6367,#6368);
#6367 = CARTESIAN_POINT('',(0.,0.));
#6368 = VECTOR('',#6369,1.);
#6369 = DIRECTION('',(0.,-1.));
#6370 = ( GEOMETRIC_REPRESENTATION_CONTEXT(2) 
PARAMETRIC_REPRESENTATION_CONTEXT() REPRESENTATION_CONTEXT('2D SPACE',''
  ) );
#6371 = PCURVE('',#6183,#6372);
#6372 = DEFINITIONAL_REPRESENTATION('',(#6373),#6377);
#6373 = LINE('',#6374,#6375);
#6374 = CARTESIAN_POINT('',(4.041451884327,0.));
#6375 = VECTOR('',#6376,1.);
#6376 = DIRECTION('',(0.,-1.));
#6377 = ( GEOMETRIC_REPRESENTATION_CONTEXT(2) 
PARAMETRIC_REPRESENTATION_CONTEXT() REPRESENTATION_CONTEXT('2D SPACE',''
  ) );
#6378 = ORIENTED_EDGE('',*,*,#6303,.T.);
#6379 = ORIENTED_EDGE('',*,*,#5990,.F.);
#6380 = ORIENTED_EDGE('',*,*,#6195,.F.);
#6381 = ADVANCED_FACE('',(#6382),#6106,.F.);
#6382 = FACE_BOUND('',#6383,.F.);
#6383 = EDGE_LOOP('',(#6384,#6385,#6386,#6407));
#6384 = ORIENTED_EDGE('',*,*,#6090,.T.);
#6385 = ORIENTED_EDGE('',*,*,#6257,.T.);
#6386 = ORIENTED_EDGE('',*,*,#6387,.F.);
#6387 = EDGE_CURVE('',#6145,#6258,#6388,.T.);
#6388 = SURFACE_CURVE('',#6389,(#6393,#6400),.PCURVE_S1.);
#6389 = LINE('',#6390,#6391);
#6390 = CARTESIAN_POINT('',(58.,28.029615927538,5.));
#6391 = VECTOR('',#6392,1.);
#6392 = DIRECTION('',(1.,0.,0.));
#6393 = PCURVE('',#6106,#6394);
#6394 = DEFINITIONAL_REPRESENTATION('',(#6395),#6399);
#6395 = LINE('',#6396,#6397);
#6396 = CARTESIAN_POINT('',(4.041451884327,0.));
#6397 = VECTOR('',#6398,1.);
#6398 = DIRECTION('',(0.,-1.));
#6399 = ( GEOMETRIC_REPRESENTATION_CONTEXT(2) 
PARAMETRIC_REPRESENTATION_CONTEXT() REPRESENTATION_CONTEXT('2D SPACE',''
  ) );
#6400 = PCURVE('',#6183,#6401);
#6401 = DEFINITIONAL_REPRESENTATION('',(#6402),#6406);
#6402 = LINE('',#6403,#6404);
#6403 = CARTESIAN_POINT('',(0.,0.));
#6404 = VECTOR('',#6405,1.);
#6405 = DIRECTION('',(0.,-1.));
#6406 = ( GEOMETRIC_REPRESENTATION_CONTEXT(2) 
PARAMETRIC_REPRESENTATION_CONTEXT() REPRESENTATION_CONTEXT('2D SPACE',''
  ) );
#6407 = ORIENTED_EDGE('',*,*,#6144,.F.);
#6408 = ADVANCED_FACE('',(#6409),#6183,.F.);
#6409 = FACE_BOUND('',#6410,.F.);
#6410 = EDGE_LOOP('',(#6411,#6412,#6413,#6414));
#6411 = ORIENTED_EDGE('',*,*,#6387,.T.);
#6412 = ORIENTED_EDGE('',*,*,#6280,.T.);
#6413 = ORIENTED_EDGE('',*,*,#6358,.F.);
#6414 = ORIENTED_EDGE('',*,*,#6167,.F.);
#6415 = ADVANCED_FACE('',(#6416),#6240,.F.);
#6416 = FACE_BOUND('',#6417,.T.);
#6417 = EDGE_LOOP('',(#6418,#6419,#6440,#6441));
#6418 = ORIENTED_EDGE('',*,*,#6219,.T.);
#6419 = ORIENTED_EDGE('',*,*,#6420,.T.);
#6420 = EDGE_CURVE('',#6220,#6328,#6421,.T.);
#6421 = SEAM_CURVE('',#6422,(#6426,#6433),.PCURVE_S1.);
#6422 = LINE('',#6423,#6424);
#6423 = CARTESIAN_POINT('',(57.,34.071067811865,5.));
#6424 = VECTOR('',#6425,1.);
#6425 = DIRECTION('',(1.,0.,0.));
#6426 = PCURVE('',#6240,#6427);
#6427 = DEFINITIONAL_REPRESENTATION('',(#6428),#6432);
#6428 = LINE('',#6429,#6430);
#6429 = CARTESIAN_POINT('',(-6.28318530718,0.));
#6430 = VECTOR('',#6431,1.);
#6431 = DIRECTION('',(-0.,-1.));
#6432 = ( GEOMETRIC_REPRESENTATION_CONTEXT(2) 
PARAMETRIC_REPRESENTATION_CONTEXT() REPRESENTATION_CONTEXT('2D SPACE',''
  ) );
#6433 = PCURVE('',#6240,#6434);
#6434 = DEFINITIONAL_REPRESENTATION('',(#6435),#6439);
#6435 = LINE('',#6436,#6437);
#6436 = CARTESIAN_POINT('',(-0.,0.));
#6437 = VECTOR('',#6438,1.);
#6438 = DIRECTION('',(-0.,-1.));
#6439 = ( GEOMETRIC_REPRESENTATION_CONTEXT(2) 
PARAMETRIC_REPRESENTATION_CONTEXT() REPRESENTATION_CONTEXT('2D SPACE',''
  ) );
#6440 = ORIENTED_EDGE('',*,*,#6327,.F.);
#6441 = ORIENTED_EDGE('',*,*,#6420,.F.);
#6442 = ( GEOMETRIC_REPRESENTATION_CONTEXT(3) 
GLOBAL_UNCERTAINTY_ASSIGNED_CONTEXT((#6446)) 
GLOBAL_UNIT_ASSIGNED_CONTEXT((#6443,#6444,#6445)) REPRESENTATION_CONTEXT
('Context #1','3D Context with UNIT and UNCERTAINTY') );
#6443 = ( LENGTH_UNIT() NAMED_UNIT(*) SI_UNIT(.MILLI.,.METRE.) );
#6444 = ( NAMED_UNIT(*) PLANE_ANGLE_UNIT() SI_UNIT($,.RADIAN.) );
#6445 = ( NAMED_UNIT(*) SI_UNIT($,.STERADIAN.) SOLID_ANGLE_UNIT() );
#6446 = UNCERTAINTY_MEASURE_WITH_UNIT(LENGTH_MEASURE(1.E-07),#6443,
  'distance_accuracy_value','confusion accuracy');
#6447 = CONTEXT_DEPENDENT_SHAPE_REPRESENTATION(#6448,#6450);
#6448 = ( REPRESENTATION_RELATIONSHIP('','',#5863,#5840) 
REPRESENTATION_RELATIONSHIP_WITH_TRANSFORMATION(#6449) 
SHAPE_REPRESENTATION_RELATIONSHIP() );
#6449 = ITEM_DEFINED_TRANSFORMATION('','',#11,#5841);
#6450 = PRODUCT_DEFINITION_SHAPE('Placement','Placement of an item',
  #6451);
#6451 = NEXT_ASSEMBLY_USAGE_OCCURRENCE('7','','',#5835,#5858,$);
#6452 = PRODUCT_RELATED_PRODUCT_CATEGORY('part',$,(#5860));
#6453 = SHAPE_DEFINITION_REPRESENTATION(#6454,#6460);
#6454 = PRODUCT_DEFINITION_SHAPE('','',#6455);
#6455 = PRODUCT_DEFINITION('design','',#6456,#6459);
#6456 = PRODUCT_DEFINITION_FORMATION('','',#6457);
#6457 = PRODUCT('screw2','screw2','',(#6458));
#6458 = PRODUCT_CONTEXT('',#2,'mechanical');
#6459 = PRODUCT_DEFINITION_CONTEXT('part definition',#2,'design');
#6460 = SHAPE_REPRESENTATION('',(#11,#6461),#6465);
#6461 = AXIS2_PLACEMENT_3D('',#6462,#6463,#6464);
#6462 = CARTESIAN_POINT('',(0.,0.,0.));
#6463 = DIRECTION('',(0.,0.,1.));
#6464 = DIRECTION('',(1.,0.,-0.));
#6465 = ( GEOMETRIC_REPRESENTATION_CONTEXT(3) 
GLOBAL_UNCERTAINTY_ASSIGNED_CONTEXT((#6469)) 
GLOBAL_UNIT_ASSIGNED_CONTEXT((#6466,#6467,#6468)) REPRESENTATION_CONTEXT
('Context #1','3D Context with UNIT and UNCERTAINTY') );
#6466 = ( LENGTH_UNIT() NAMED_UNIT(*) SI_UNIT(.MILLI.,.METRE.) );
#6467 = ( NAMED_UNIT(*) PLANE_ANGLE_UNIT() SI_UNIT($,.RADIAN.) );
#6468 = ( NAMED_UNIT(*) SI_UNIT($,.STERADIAN.) SOLID_ANGLE_UNIT() );
#6469 = UNCERTAINTY_MEASURE_WITH_UNIT(LENGTH_MEASURE(1.E-07),#6466,
  'distance_accuracy_value','confusion accuracy');
#6470 = CONTEXT_DEPENDENT_SHAPE_REPRESENTATION(#6471,#6473);
#6471 = ( REPRESENTATION_RELATIONSHIP('','',#6460,#10) 
REPRESENTATION_RELATIONSHIP_WITH_TRANSFORMATION(#6472) 
SHAPE_REPRESENTATION_RELATIONSHIP() );
#6472 = ITEM_DEFINED_TRANSFORMATION('','',#11,#31);
#6473 = PRODUCT_DEFINITION_SHAPE('Placement','Placement of an item',
  #6474);
#6474 = NEXT_ASSEMBLY_USAGE_OCCURRENCE('10','','',#5,#6455,$);
#6475 = PRODUCT_RELATED_PRODUCT_CATEGORY('part',$,(#6457));
#6476 = SHAPE_DEFINITION_REPRESENTATION(#6477,#6483);
#6477 = PRODUCT_DEFINITION_SHAPE('','',#6478);
#6478 = PRODUCT_DEFINITION('design','',#6479,#6482);
#6479 = PRODUCT_DEFINITION_FORMATION('','',#6480);
#6480 = PRODUCT('screw2_part','screw2_part','',(#6481));
#6481 = PRODUCT_CONTEXT('',#2,'mechanical');
#6482 = PRODUCT_DEFINITION_CONTEXT('part definition',#2,'design');
#6483 = ADVANCED_BREP_SHAPE_REPRESENTATION('',(#11,#6484),#7618);
#6484 = MANIFOLD_SOLID_BREP('',#6485);
#6485 = CLOSED_SHELL('',(#6486,#6574,#6916,#6951,#7027,#7076,#7125,#7174
    ,#7223,#7272,#7321,#7370,#7419,#7468,#7517,#7544,#7599,#7614));
#6486 = ADVANCED_FACE('',(#6487),#6501,.T.);
#6487 = FACE_BOUND('',#6488,.F.);
#6488 = EDGE_LOOP('',(#6489,#6519,#6546,#6547));
#6489 = ORIENTED_EDGE('',*,*,#6490,.T.);
#6490 = EDGE_CURVE('',#6491,#6493,#6495,.T.);
#6491 = VERTEX_POINT('',#6492);
#6492 = CARTESIAN_POINT('',(0.9,115.31650932114,-145.4));
#6493 = VERTEX_POINT('',#6494);
#6494 = CARTESIAN_POINT('',(4.,115.31650932114,-145.4));
#6495 = SEAM_CURVE('',#6496,(#6500,#6512),.PCURVE_S1.);
#6496 = LINE('',#6497,#6498);
#6497 = CARTESIAN_POINT('',(0.9,115.31650932114,-145.4));
#6498 = VECTOR('',#6499,1.);
#6499 = DIRECTION('',(1.,0.,0.));
#6500 = PCURVE('',#6501,#6506);
#6501 = CYLINDRICAL_SURFACE('',#6502,4.);
#6502 = AXIS2_PLACEMENT_3D('',#6503,#6504,#6505);
#6503 = CARTESIAN_POINT('',(0.9,111.31650932114,-145.4));
#6504 = DIRECTION('',(-1.,-0.,-0.));
#6505 = DIRECTION('',(0.,1.,0.));
#6506 = DEFINITIONAL_REPRESENTATION('',(#6507),#6511);
#6507 = LINE('',#6508,#6509);
#6508 = CARTESIAN_POINT('',(-0.,0.));
#6509 = VECTOR('',#6510,1.);
#6510 = DIRECTION('',(-0.,-1.));
#6511 = ( GEOMETRIC_REPRESENTATION_CONTEXT(2) 
PARAMETRIC_REPRESENTATION_CONTEXT() REPRESENTATION_CONTEXT('2D SPACE',''
  ) );
#6512 = PCURVE('',#6501,#6513);
#6513 = DEFINITIONAL_REPRESENTATION('',(#6514),#6518);
#6514 = LINE('',#6515,#6516);
#6515 = CARTESIAN_POINT('',(-6.28318530718,0.));
#6516 = VECTOR('',#6517,1.);
#6517 = DIRECTION('',(-0.,-1.));
#6518 = ( GEOMETRIC_REPRESENTATION_CONTEXT(2) 
PARAMETRIC_REPRESENTATION_CONTEXT() REPRESENTATION_CONTEXT('2D SPACE',''
  ) );
#6519 = ORIENTED_EDGE('',*,*,#6520,.T.);
#6520 = EDGE_CURVE('',#6493,#6493,#6521,.T.);
#6521 = SURFACE_CURVE('',#6522,(#6527,#6534),.PCURVE_S1.);
#6522 = CIRCLE('',#6523,4.);
#6523 = AXIS2_PLACEMENT_3D('',#6524,#6525,#6526);
#6524 = CARTESIAN_POINT('',(4.,111.31650932114,-145.4));
#6525 = DIRECTION('',(1.,0.,0.));
#6526 = DIRECTION('',(0.,1.,0.));
#6527 = PCURVE('',#6501,#6528);
#6528 = DEFINITIONAL_REPRESENTATION('',(#6529),#6533);
#6529 = LINE('',#6530,#6531);
#6530 = CARTESIAN_POINT('',(-0.,-3.1));
#6531 = VECTOR('',#6532,1.);
#6532 = DIRECTION('',(-1.,0.));
#6533 = ( GEOMETRIC_REPRESENTATION_CONTEXT(2) 
PARAMETRIC_REPRESENTATION_CONTEXT() REPRESENTATION_CONTEXT('2D SPACE',''
  ) );
#6534 = PCURVE('',#6535,#6540);
#6535 = PLANE('',#6536);
#6536 = AXIS2_PLACEMENT_3D('',#6537,#6538,#6539);
#6537 = CARTESIAN_POINT('',(4.,111.31650932114,-145.4));
#6538 = DIRECTION('',(1.,0.,0.));
#6539 = DIRECTION('',(-0.,0.,1.));
#6540 = DEFINITIONAL_REPRESENTATION('',(#6541),#6545);
#6541 = CIRCLE('',#6542,4.);
#6542 = AXIS2_PLACEMENT_2D('',#6543,#6544);
#6543 = CARTESIAN_POINT('',(0.,0.));
#6544 = DIRECTION('',(0.,-1.));
#6545 = ( GEOMETRIC_REPRESENTATION_CONTEXT(2) 
PARAMETRIC_REPRESENTATION_CONTEXT() REPRESENTATION_CONTEXT('2D SPACE',''
  ) );
#6546 = ORIENTED_EDGE('',*,*,#6490,.F.);
#6547 = ORIENTED_EDGE('',*,*,#6548,.F.);
#6548 = EDGE_CURVE('',#6491,#6491,#6549,.T.);
#6549 = SURFACE_CURVE('',#6550,(#6555,#6562),.PCURVE_S1.);
#6550 = CIRCLE('',#6551,4.);
#6551 = AXIS2_PLACEMENT_3D('',#6552,#6553,#6554);
#6552 = CARTESIAN_POINT('',(0.9,111.31650932114,-145.4));
#6553 = DIRECTION('',(1.,0.,0.));
#6554 = DIRECTION('',(0.,1.,0.));
#6555 = PCURVE('',#6501,#6556);
#6556 = DEFINITIONAL_REPRESENTATION('',(#6557),#6561);
#6557 = LINE('',#6558,#6559);
#6558 = CARTESIAN_POINT('',(-0.,0.));
#6559 = VECTOR('',#6560,1.);
#6560 = DIRECTION('',(-1.,0.));
#6561 = ( GEOMETRIC_REPRESENTATION_CONTEXT(2) 
PARAMETRIC_REPRESENTATION_CONTEXT() REPRESENTATION_CONTEXT('2D SPACE',''
  ) );
#6562 = PCURVE('',#6563,#6568);
#6563 = PLANE('',#6564);
#6564 = AXIS2_PLACEMENT_3D('',#6565,#6566,#6567);
#6565 = CARTESIAN_POINT('',(0.9,111.31650932114,-145.4));
#6566 = DIRECTION('',(1.,0.,0.));
#6567 = DIRECTION('',(-0.,0.,1.));
#6568 = DEFINITIONAL_REPRESENTATION('',(#6569),#6573);
#6569 = CIRCLE('',#6570,4.);
#6570 = AXIS2_PLACEMENT_2D('',#6571,#6572);
#6571 = CARTESIAN_POINT('',(0.,0.));
#6572 = DIRECTION('',(0.,-1.));
#6573 = ( GEOMETRIC_REPRESENTATION_CONTEXT(2) 
PARAMETRIC_REPRESENTATION_CONTEXT() REPRESENTATION_CONTEXT('2D SPACE',''
  ) );
#6574 = ADVANCED_FACE('',(#6575,#6578),#6563,.F.);
#6575 = FACE_BOUND('',#6576,.F.);
#6576 = EDGE_LOOP('',(#6577));
#6577 = ORIENTED_EDGE('',*,*,#6548,.T.);
#6578 = FACE_BOUND('',#6579,.F.);
#6579 = EDGE_LOOP('',(#6580,#6610,#6638,#6666,#6694,#6722,#6750,#6778,
    #6806,#6834,#6862,#6890));
#6580 = ORIENTED_EDGE('',*,*,#6581,.T.);
#6581 = EDGE_CURVE('',#6582,#6584,#6586,.T.);
#6582 = VERTEX_POINT('',#6583);
#6583 = CARTESIAN_POINT('',(0.9,111.81650932114,-144.9));
#6584 = VERTEX_POINT('',#6585);
#6585 = CARTESIAN_POINT('',(0.9,113.51650932114,-144.9));
#6586 = SURFACE_CURVE('',#6587,(#6591,#6598),.PCURVE_S1.);
#6587 = LINE('',#6588,#6589);
#6588 = CARTESIAN_POINT('',(0.9,112.41650932114,-144.9));
#6589 = VECTOR('',#6590,1.);
#6590 = DIRECTION('',(-0.,1.,0.));
#6591 = PCURVE('',#6563,#6592);
#6592 = DEFINITIONAL_REPRESENTATION('',(#6593),#6597);
#6593 = LINE('',#6594,#6595);
#6594 = CARTESIAN_POINT('',(0.5,-1.1));
#6595 = VECTOR('',#6596,1.);
#6596 = DIRECTION('',(0.,-1.));
#6597 = ( GEOMETRIC_REPRESENTATION_CONTEXT(2) 
PARAMETRIC_REPRESENTATION_CONTEXT() REPRESENTATION_CONTEXT('2D SPACE',''
  ) );
#6598 = PCURVE('',#6599,#6604);
#6599 = PLANE('',#6600);
#6600 = AXIS2_PLACEMENT_3D('',#6601,#6602,#6603);
#6601 = CARTESIAN_POINT('',(-0.1,113.51650932114,-144.9));
#6602 = DIRECTION('',(0.,0.,-1.));
#6603 = DIRECTION('',(0.,-1.,0.));
#6604 = DEFINITIONAL_REPRESENTATION('',(#6605),#6609);
#6605 = LINE('',#6606,#6607);
#6606 = CARTESIAN_POINT('',(1.1,-1.));
#6607 = VECTOR('',#6608,1.);
#6608 = DIRECTION('',(-1.,0.));
#6609 = ( GEOMETRIC_REPRESENTATION_CONTEXT(2) 
PARAMETRIC_REPRESENTATION_CONTEXT() REPRESENTATION_CONTEXT('2D SPACE',''
  ) );
#6610 = ORIENTED_EDGE('',*,*,#6611,.T.);
#6611 = EDGE_CURVE('',#6584,#6612,#6614,.T.);
#6612 = VERTEX_POINT('',#6613);
#6613 = CARTESIAN_POINT('',(0.9,113.51650932114,-145.9));
#6614 = SURFACE_CURVE('',#6615,(#6619,#6626),.PCURVE_S1.);
#6615 = LINE('',#6616,#6617);
#6616 = CARTESIAN_POINT('',(0.9,113.51650932114,-145.65));
#6617 = VECTOR('',#6618,1.);
#6618 = DIRECTION('',(0.,0.,-1.));
#6619 = PCURVE('',#6563,#6620);
#6620 = DEFINITIONAL_REPRESENTATION('',(#6621),#6625);
#6621 = LINE('',#6622,#6623);
#6622 = CARTESIAN_POINT('',(-0.25,-2.2));
#6623 = VECTOR('',#6624,1.);
#6624 = DIRECTION('',(-1.,0.));
#6625 = ( GEOMETRIC_REPRESENTATION_CONTEXT(2) 
PARAMETRIC_REPRESENTATION_CONTEXT() REPRESENTATION_CONTEXT('2D SPACE',''
  ) );
#6626 = PCURVE('',#6627,#6632);
#6627 = PLANE('',#6628);
#6628 = AXIS2_PLACEMENT_3D('',#6629,#6630,#6631);
#6629 = CARTESIAN_POINT('',(-0.1,113.51650932114,-145.9));
#6630 = DIRECTION('',(0.,-1.,0.));
#6631 = DIRECTION('',(0.,0.,1.));
#6632 = DEFINITIONAL_REPRESENTATION('',(#6633),#6637);
#6633 = LINE('',#6634,#6635);
#6634 = CARTESIAN_POINT('',(0.25,-1.));
#6635 = VECTOR('',#6636,1.);
#6636 = DIRECTION('',(-1.,0.));
#6637 = ( GEOMETRIC_REPRESENTATION_CONTEXT(2) 
PARAMETRIC_REPRESENTATION_CONTEXT() REPRESENTATION_CONTEXT('2D SPACE',''
  ) );
#6638 = ORIENTED_EDGE('',*,*,#6639,.T.);
#6639 = EDGE_CURVE('',#6612,#6640,#6642,.T.);
#6640 = VERTEX_POINT('',#6641);
#6641 = CARTESIAN_POINT('',(0.9,111.81650932114,-145.9));
#6642 = SURFACE_CURVE('',#6643,(#6647,#6654),.PCURVE_S1.);
#6643 = LINE('',#6644,#6645);
#6644 = CARTESIAN_POINT('',(0.9,110.21650932114,-145.9));
#6645 = VECTOR('',#6646,1.);
#6646 = DIRECTION('',(0.,-1.,0.));
#6647 = PCURVE('',#6563,#6648);
#6648 = DEFINITIONAL_REPRESENTATION('',(#6649),#6653);
#6649 = LINE('',#6650,#6651);
#6650 = CARTESIAN_POINT('',(-0.5,1.1));
#6651 = VECTOR('',#6652,1.);
#6652 = DIRECTION('',(0.,1.));
#6653 = ( GEOMETRIC_REPRESENTATION_CONTEXT(2) 
PARAMETRIC_REPRESENTATION_CONTEXT() REPRESENTATION_CONTEXT('2D SPACE',''
  ) );
#6654 = PCURVE('',#6655,#6660);
#6655 = PLANE('',#6656);
#6656 = AXIS2_PLACEMENT_3D('',#6657,#6658,#6659);
#6657 = CARTESIAN_POINT('',(-0.1,109.11650932114,-145.9));
#6658 = DIRECTION('',(0.,0.,1.));
#6659 = DIRECTION('',(0.,1.,0.));
#6660 = DEFINITIONAL_REPRESENTATION('',(#6661),#6665);
#6661 = LINE('',#6662,#6663);
#6662 = CARTESIAN_POINT('',(1.1,-1.));
#6663 = VECTOR('',#6664,1.);
#6664 = DIRECTION('',(-1.,0.));
#6665 = ( GEOMETRIC_REPRESENTATION_CONTEXT(2) 
PARAMETRIC_REPRESENTATION_CONTEXT() REPRESENTATION_CONTEXT('2D SPACE',''
  ) );
#6666 = ORIENTED_EDGE('',*,*,#6667,.T.);
#6667 = EDGE_CURVE('',#6640,#6668,#6670,.T.);
#6668 = VERTEX_POINT('',#6669);
#6669 = CARTESIAN_POINT('',(0.9,111.81650932114,-147.6));
#6670 = SURFACE_CURVE('',#6671,(#6675,#6682),.PCURVE_S1.);
#6671 = LINE('',#6672,#6673);
#6672 = CARTESIAN_POINT('',(0.9,111.81650932114,-146.5));
#6673 = VECTOR('',#6674,1.);
#6674 = DIRECTION('',(0.,0.,-1.));
#6675 = PCURVE('',#6563,#6676);
#6676 = DEFINITIONAL_REPRESENTATION('',(#6677),#6681);
#6677 = LINE('',#6678,#6679);
#6678 = CARTESIAN_POINT('',(-1.1,-0.5));
#6679 = VECTOR('',#6680,1.);
#6680 = DIRECTION('',(-1.,0.));
#6681 = ( GEOMETRIC_REPRESENTATION_CONTEXT(2) 
PARAMETRIC_REPRESENTATION_CONTEXT() REPRESENTATION_CONTEXT('2D SPACE',''
  ) );
#6682 = PCURVE('',#6683,#6688);
#6683 = PLANE('',#6684);
#6684 = AXIS2_PLACEMENT_3D('',#6685,#6686,#6687);
#6685 = CARTESIAN_POINT('',(-0.1,111.81650932114,-147.6));
#6686 = DIRECTION('',(0.,-1.,0.));
#6687 = DIRECTION('',(0.,0.,1.));
#6688 = DEFINITIONAL_REPRESENTATION('',(#6689),#6693);
#6689 = LINE('',#6690,#6691);
#6690 = CARTESIAN_POINT('',(1.1,-1.));
#6691 = VECTOR('',#6692,1.);
#6692 = DIRECTION('',(-1.,0.));
#6693 = ( GEOMETRIC_REPRESENTATION_CONTEXT(2) 
PARAMETRIC_REPRESENTATION_CONTEXT() REPRESENTATION_CONTEXT('2D SPACE',''
  ) );
#6694 = ORIENTED_EDGE('',*,*,#6695,.T.);
#6695 = EDGE_CURVE('',#6668,#6696,#6698,.T.);
#6696 = VERTEX_POINT('',#6697);
#6697 = CARTESIAN_POINT('',(0.9,110.81650932114,-147.6));
#6698 = SURFACE_CURVE('',#6699,(#6703,#6710),.PCURVE_S1.);
#6699 = LINE('',#6700,#6701);
#6700 = CARTESIAN_POINT('',(0.9,111.06650932114,-147.6));
#6701 = VECTOR('',#6702,1.);
#6702 = DIRECTION('',(0.,-1.,0.));
#6703 = PCURVE('',#6563,#6704);
#6704 = DEFINITIONAL_REPRESENTATION('',(#6705),#6709);
#6705 = LINE('',#6706,#6707);
#6706 = CARTESIAN_POINT('',(-2.2,0.25));
#6707 = VECTOR('',#6708,1.);
#6708 = DIRECTION('',(0.,1.));
#6709 = ( GEOMETRIC_REPRESENTATION_CONTEXT(2) 
PARAMETRIC_REPRESENTATION_CONTEXT() REPRESENTATION_CONTEXT('2D SPACE',''
  ) );
#6710 = PCURVE('',#6711,#6716);
#6711 = PLANE('',#6712);
#6712 = AXIS2_PLACEMENT_3D('',#6713,#6714,#6715);
#6713 = CARTESIAN_POINT('',(-0.1,110.81650932114,-147.6));
#6714 = DIRECTION('',(0.,0.,1.));
#6715 = DIRECTION('',(0.,1.,0.));
#6716 = DEFINITIONAL_REPRESENTATION('',(#6717),#6721);
#6717 = LINE('',#6718,#6719);
#6718 = CARTESIAN_POINT('',(0.25,-1.));
#6719 = VECTOR('',#6720,1.);
#6720 = DIRECTION('',(-1.,0.));
#6721 = ( GEOMETRIC_REPRESENTATION_CONTEXT(2) 
PARAMETRIC_REPRESENTATION_CONTEXT() REPRESENTATION_CONTEXT('2D SPACE',''
  ) );
#6722 = ORIENTED_EDGE('',*,*,#6723,.T.);
#6723 = EDGE_CURVE('',#6696,#6724,#6726,.T.);
#6724 = VERTEX_POINT('',#6725);
#6725 = CARTESIAN_POINT('',(0.9,110.81650932114,-145.9));
#6726 = SURFACE_CURVE('',#6727,(#6731,#6738),.PCURVE_S1.);
#6727 = LINE('',#6728,#6729);
#6728 = CARTESIAN_POINT('',(0.9,110.81650932114,-144.3));
#6729 = VECTOR('',#6730,1.);
#6730 = DIRECTION('',(0.,-0.,1.));
#6731 = PCURVE('',#6563,#6732);
#6732 = DEFINITIONAL_REPRESENTATION('',(#6733),#6737);
#6733 = LINE('',#6734,#6735);
#6734 = CARTESIAN_POINT('',(1.1,0.5));
#6735 = VECTOR('',#6736,1.);
#6736 = DIRECTION('',(1.,0.));
#6737 = ( GEOMETRIC_REPRESENTATION_CONTEXT(2) 
PARAMETRIC_REPRESENTATION_CONTEXT() REPRESENTATION_CONTEXT('2D SPACE',''
  ) );
#6738 = PCURVE('',#6739,#6744);
#6739 = PLANE('',#6740);
#6740 = AXIS2_PLACEMENT_3D('',#6741,#6742,#6743);
#6741 = CARTESIAN_POINT('',(-0.1,110.81650932114,-143.2));
#6742 = DIRECTION('',(-0.,1.,0.));
#6743 = DIRECTION('',(0.,0.,-1.));
#6744 = DEFINITIONAL_REPRESENTATION('',(#6745),#6749);
#6745 = LINE('',#6746,#6747);
#6746 = CARTESIAN_POINT('',(1.1,-1.));
#6747 = VECTOR('',#6748,1.);
#6748 = DIRECTION('',(-1.,-0.));
#6749 = ( GEOMETRIC_REPRESENTATION_CONTEXT(2) 
PARAMETRIC_REPRESENTATION_CONTEXT() REPRESENTATION_CONTEXT('2D SPACE',''
  ) );
#6750 = ORIENTED_EDGE('',*,*,#6751,.T.);
#6751 = EDGE_CURVE('',#6724,#6752,#6754,.T.);
#6752 = VERTEX_POINT('',#6753);
#6753 = CARTESIAN_POINT('',(0.9,109.11650932114,-145.9));
#6754 = SURFACE_CURVE('',#6755,(#6759,#6766),.PCURVE_S1.);
#6755 = LINE('',#6756,#6757);
#6756 = CARTESIAN_POINT('',(0.9,110.21650932114,-145.9));
#6757 = VECTOR('',#6758,1.);
#6758 = DIRECTION('',(0.,-1.,0.));
#6759 = PCURVE('',#6563,#6760);
#6760 = DEFINITIONAL_REPRESENTATION('',(#6761),#6765);
#6761 = LINE('',#6762,#6763);
#6762 = CARTESIAN_POINT('',(-0.5,1.1));
#6763 = VECTOR('',#6764,1.);
#6764 = DIRECTION('',(0.,1.));
#6765 = ( GEOMETRIC_REPRESENTATION_CONTEXT(2) 
PARAMETRIC_REPRESENTATION_CONTEXT() REPRESENTATION_CONTEXT('2D SPACE',''
  ) );
#6766 = PCURVE('',#6767,#6772);
#6767 = PLANE('',#6768);
#6768 = AXIS2_PLACEMENT_3D('',#6769,#6770,#6771);
#6769 = CARTESIAN_POINT('',(-0.1,109.11650932114,-145.9));
#6770 = DIRECTION('',(0.,0.,1.));
#6771 = DIRECTION('',(0.,1.,0.));
#6772 = DEFINITIONAL_REPRESENTATION('',(#6773),#6777);
#6773 = LINE('',#6774,#6775);
#6774 = CARTESIAN_POINT('',(1.1,-1.));
#6775 = VECTOR('',#6776,1.);
#6776 = DIRECTION('',(-1.,0.));
#6777 = ( GEOMETRIC_REPRESENTATION_CONTEXT(2) 
PARAMETRIC_REPRESENTATION_CONTEXT() REPRESENTATION_CONTEXT('2D SPACE',''
  ) );
#6778 = ORIENTED_EDGE('',*,*,#6779,.T.);
#6779 = EDGE_CURVE('',#6752,#6780,#6782,.T.);
#6780 = VERTEX_POINT('',#6781);
#6781 = CARTESIAN_POINT('',(0.9,109.11650932114,-144.9));
#6782 = SURFACE_CURVE('',#6783,(#6787,#6794),.PCURVE_S1.);
#6783 = LINE('',#6784,#6785);
#6784 = CARTESIAN_POINT('',(0.9,109.11650932114,-145.15));
#6785 = VECTOR('',#6786,1.);
#6786 = DIRECTION('',(0.,-0.,1.));
#6787 = PCURVE('',#6563,#6788);
#6788 = DEFINITIONAL_REPRESENTATION('',(#6789),#6793);
#6789 = LINE('',#6790,#6791);
#6790 = CARTESIAN_POINT('',(0.25,2.2));
#6791 = VECTOR('',#6792,1.);
#6792 = DIRECTION('',(1.,0.));
#6793 = ( GEOMETRIC_REPRESENTATION_CONTEXT(2) 
PARAMETRIC_REPRESENTATION_CONTEXT() REPRESENTATION_CONTEXT('2D SPACE',''
  ) );
#6794 = PCURVE('',#6795,#6800);
#6795 = PLANE('',#6796);
#6796 = AXIS2_PLACEMENT_3D('',#6797,#6798,#6799);
#6797 = CARTESIAN_POINT('',(-0.1,109.11650932114,-144.9));
#6798 = DIRECTION('',(-0.,1.,0.));
#6799 = DIRECTION('',(0.,0.,-1.));
#6800 = DEFINITIONAL_REPRESENTATION('',(#6801),#6805);
#6801 = LINE('',#6802,#6803);
#6802 = CARTESIAN_POINT('',(0.25,-1.));
#6803 = VECTOR('',#6804,1.);
#6804 = DIRECTION('',(-1.,-0.));
#6805 = ( GEOMETRIC_REPRESENTATION_CONTEXT(2) 
PARAMETRIC_REPRESENTATION_CONTEXT() REPRESENTATION_CONTEXT('2D SPACE',''
  ) );
#6806 = ORIENTED_EDGE('',*,*,#6807,.T.);
#6807 = EDGE_CURVE('',#6780,#6808,#6810,.T.);
#6808 = VERTEX_POINT('',#6809);
#6809 = CARTESIAN_POINT('',(0.9,110.81650932114,-144.9));
#6810 = SURFACE_CURVE('',#6811,(#6815,#6822),.PCURVE_S1.);
#6811 = LINE('',#6812,#6813);
#6812 = CARTESIAN_POINT('',(0.9,112.41650932114,-144.9));
#6813 = VECTOR('',#6814,1.);
#6814 = DIRECTION('',(-0.,1.,0.));
#6815 = PCURVE('',#6563,#6816);
#6816 = DEFINITIONAL_REPRESENTATION('',(#6817),#6821);
#6817 = LINE('',#6818,#6819);
#6818 = CARTESIAN_POINT('',(0.5,-1.1));
#6819 = VECTOR('',#6820,1.);
#6820 = DIRECTION('',(0.,-1.));
#6821 = ( GEOMETRIC_REPRESENTATION_CONTEXT(2) 
PARAMETRIC_REPRESENTATION_CONTEXT() REPRESENTATION_CONTEXT('2D SPACE',''
  ) );
#6822 = PCURVE('',#6823,#6828);
#6823 = PLANE('',#6824);
#6824 = AXIS2_PLACEMENT_3D('',#6825,#6826,#6827);
#6825 = CARTESIAN_POINT('',(-0.1,113.51650932114,-144.9));
#6826 = DIRECTION('',(0.,0.,-1.));
#6827 = DIRECTION('',(0.,-1.,0.));
#6828 = DEFINITIONAL_REPRESENTATION('',(#6829),#6833);
#6829 = LINE('',#6830,#6831);
#6830 = CARTESIAN_POINT('',(1.1,-1.));
#6831 = VECTOR('',#6832,1.);
#6832 = DIRECTION('',(-1.,0.));
#6833 = ( GEOMETRIC_REPRESENTATION_CONTEXT(2) 
PARAMETRIC_REPRESENTATION_CONTEXT() REPRESENTATION_CONTEXT('2D SPACE',''
  ) );
#6834 = ORIENTED_EDGE('',*,*,#6835,.T.);
#6835 = EDGE_CURVE('',#6808,#6836,#6838,.T.);
#6836 = VERTEX_POINT('',#6837);
#6837 = CARTESIAN_POINT('',(0.9,110.81650932114,-143.2));
#6838 = SURFACE_CURVE('',#6839,(#6843,#6850),.PCURVE_S1.);
#6839 = LINE('',#6840,#6841);
#6840 = CARTESIAN_POINT('',(0.9,110.81650932114,-144.3));
#6841 = VECTOR('',#6842,1.);
#6842 = DIRECTION('',(0.,-0.,1.));
#6843 = PCURVE('',#6563,#6844);
#6844 = DEFINITIONAL_REPRESENTATION('',(#6845),#6849);
#6845 = LINE('',#6846,#6847);
#6846 = CARTESIAN_POINT('',(1.1,0.5));
#6847 = VECTOR('',#6848,1.);
#6848 = DIRECTION('',(1.,0.));
#6849 = ( GEOMETRIC_REPRESENTATION_CONTEXT(2) 
PARAMETRIC_REPRESENTATION_CONTEXT() REPRESENTATION_CONTEXT('2D SPACE',''
  ) );
#6850 = PCURVE('',#6851,#6856);
#6851 = PLANE('',#6852);
#6852 = AXIS2_PLACEMENT_3D('',#6853,#6854,#6855);
#6853 = CARTESIAN_POINT('',(-0.1,110.81650932114,-143.2));
#6854 = DIRECTION('',(-0.,1.,0.));
#6855 = DIRECTION('',(0.,0.,-1.));
#6856 = DEFINITIONAL_REPRESENTATION('',(#6857),#6861);
#6857 = LINE('',#6858,#6859);
#6858 = CARTESIAN_POINT('',(1.1,-1.));
#6859 = VECTOR('',#6860,1.);
#6860 = DIRECTION('',(-1.,-0.));
#6861 = ( GEOMETRIC_REPRESENTATION_CONTEXT(2) 
PARAMETRIC_REPRESENTATION_CONTEXT() REPRESENTATION_CONTEXT('2D SPACE',''
  ) );
#6862 = ORIENTED_EDGE('',*,*,#6863,.T.);
#6863 = EDGE_CURVE('',#6836,#6864,#6866,.T.);
#6864 = VERTEX_POINT('',#6865);
#6865 = CARTESIAN_POINT('',(0.9,111.81650932114,-143.2));
#6866 = SURFACE_CURVE('',#6867,(#6871,#6878),.PCURVE_S1.);
#6867 = LINE('',#6868,#6869);
#6868 = CARTESIAN_POINT('',(0.9,111.56650932114,-143.2));
#6869 = VECTOR('',#6870,1.);
#6870 = DIRECTION('',(-0.,1.,0.));
#6871 = PCURVE('',#6563,#6872);
#6872 = DEFINITIONAL_REPRESENTATION('',(#6873),#6877);
#6873 = LINE('',#6874,#6875);
#6874 = CARTESIAN_POINT('',(2.2,-0.25));
#6875 = VECTOR('',#6876,1.);
#6876 = DIRECTION('',(0.,-1.));
#6877 = ( GEOMETRIC_REPRESENTATION_CONTEXT(2) 
PARAMETRIC_REPRESENTATION_CONTEXT() REPRESENTATION_CONTEXT('2D SPACE',''
  ) );
#6878 = PCURVE('',#6879,#6884);
#6879 = PLANE('',#6880);
#6880 = AXIS2_PLACEMENT_3D('',#6881,#6882,#6883);
#6881 = CARTESIAN_POINT('',(-0.1,111.81650932114,-143.2));
#6882 = DIRECTION('',(0.,0.,-1.));
#6883 = DIRECTION('',(0.,-1.,0.));
#6884 = DEFINITIONAL_REPRESENTATION('',(#6885),#6889);
#6885 = LINE('',#6886,#6887);
#6886 = CARTESIAN_POINT('',(0.25,-1.));
#6887 = VECTOR('',#6888,1.);
#6888 = DIRECTION('',(-1.,0.));
#6889 = ( GEOMETRIC_REPRESENTATION_CONTEXT(2) 
PARAMETRIC_REPRESENTATION_CONTEXT() REPRESENTATION_CONTEXT('2D SPACE',''
  ) );
#6890 = ORIENTED_EDGE('',*,*,#6891,.T.);
#6891 = EDGE_CURVE('',#6864,#6582,#6892,.T.);
#6892 = SURFACE_CURVE('',#6893,(#6897,#6904),.PCURVE_S1.);
#6893 = LINE('',#6894,#6895);
#6894 = CARTESIAN_POINT('',(0.9,111.81650932114,-146.5));
#6895 = VECTOR('',#6896,1.);
#6896 = DIRECTION('',(0.,0.,-1.));
#6897 = PCURVE('',#6563,#6898);
#6898 = DEFINITIONAL_REPRESENTATION('',(#6899),#6903);
#6899 = LINE('',#6900,#6901);
#6900 = CARTESIAN_POINT('',(-1.1,-0.5));
#6901 = VECTOR('',#6902,1.);
#6902 = DIRECTION('',(-1.,0.));
#6903 = ( GEOMETRIC_REPRESENTATION_CONTEXT(2) 
PARAMETRIC_REPRESENTATION_CONTEXT() REPRESENTATION_CONTEXT('2D SPACE',''
  ) );
#6904 = PCURVE('',#6905,#6910);
#6905 = PLANE('',#6906);
#6906 = AXIS2_PLACEMENT_3D('',#6907,#6908,#6909);
#6907 = CARTESIAN_POINT('',(-0.1,111.81650932114,-147.6));
#6908 = DIRECTION('',(0.,-1.,0.));
#6909 = DIRECTION('',(0.,0.,1.));
#6910 = DEFINITIONAL_REPRESENTATION('',(#6911),#6915);
#6911 = LINE('',#6912,#6913);
#6912 = CARTESIAN_POINT('',(1.1,-1.));
#6913 = VECTOR('',#6914,1.);
#6914 = DIRECTION('',(-1.,0.));
#6915 = ( GEOMETRIC_REPRESENTATION_CONTEXT(2) 
PARAMETRIC_REPRESENTATION_CONTEXT() REPRESENTATION_CONTEXT('2D SPACE',''
  ) );
#6916 = ADVANCED_FACE('',(#6917,#6920),#6535,.T.);
#6917 = FACE_BOUND('',#6918,.T.);
#6918 = EDGE_LOOP('',(#6919));
#6919 = ORIENTED_EDGE('',*,*,#6520,.T.);
#6920 = FACE_BOUND('',#6921,.T.);
#6921 = EDGE_LOOP('',(#6922));
#6922 = ORIENTED_EDGE('',*,*,#6923,.F.);
#6923 = EDGE_CURVE('',#6924,#6924,#6926,.T.);
#6924 = VERTEX_POINT('',#6925);
#6925 = CARTESIAN_POINT('',(4.,113.31650932114,-145.4));
#6926 = SURFACE_CURVE('',#6927,(#6932,#6939),.PCURVE_S1.);
#6927 = CIRCLE('',#6928,2.);
#6928 = AXIS2_PLACEMENT_3D('',#6929,#6930,#6931);
#6929 = CARTESIAN_POINT('',(4.,111.31650932114,-145.4));
#6930 = DIRECTION('',(1.,0.,0.));
#6931 = DIRECTION('',(0.,1.,0.));
#6932 = PCURVE('',#6535,#6933);
#6933 = DEFINITIONAL_REPRESENTATION('',(#6934),#6938);
#6934 = CIRCLE('',#6935,2.);
#6935 = AXIS2_PLACEMENT_2D('',#6936,#6937);
#6936 = CARTESIAN_POINT('',(0.,0.));
#6937 = DIRECTION('',(0.,-1.));
#6938 = ( GEOMETRIC_REPRESENTATION_CONTEXT(2) 
PARAMETRIC_REPRESENTATION_CONTEXT() REPRESENTATION_CONTEXT('2D SPACE',''
  ) );
#6939 = PCURVE('',#6940,#6945);
#6940 = CYLINDRICAL_SURFACE('',#6941,2.);
#6941 = AXIS2_PLACEMENT_3D('',#6942,#6943,#6944);
#6942 = CARTESIAN_POINT('',(4.,111.31650932114,-145.4));
#6943 = DIRECTION('',(-1.,-0.,-0.));
#6944 = DIRECTION('',(0.,1.,0.));
#6945 = DEFINITIONAL_REPRESENTATION('',(#6946),#6950);
#6946 = LINE('',#6947,#6948);
#6947 = CARTESIAN_POINT('',(-0.,0.));
#6948 = VECTOR('',#6949,1.);
#6949 = DIRECTION('',(-1.,0.));
#6950 = ( GEOMETRIC_REPRESENTATION_CONTEXT(2) 
PARAMETRIC_REPRESENTATION_CONTEXT() REPRESENTATION_CONTEXT('2D SPACE',''
  ) );
#6951 = ADVANCED_FACE('',(#6952),#6599,.T.);
#6952 = FACE_BOUND('',#6953,.T.);
#6953 = EDGE_LOOP('',(#6954,#6977,#6978,#7001));
#6954 = ORIENTED_EDGE('',*,*,#6955,.T.);
#6955 = EDGE_CURVE('',#6956,#6582,#6958,.T.);
#6956 = VERTEX_POINT('',#6957);
#6957 = CARTESIAN_POINT('',(2.7,111.81650932114,-144.9));
#6958 = SURFACE_CURVE('',#6959,(#6963,#6970),.PCURVE_S1.);
#6959 = LINE('',#6960,#6961);
#6960 = CARTESIAN_POINT('',(-0.1,111.81650932114,-144.9));
#6961 = VECTOR('',#6962,1.);
#6962 = DIRECTION('',(-1.,-0.,-0.));
#6963 = PCURVE('',#6599,#6964);
#6964 = DEFINITIONAL_REPRESENTATION('',(#6965),#6969);
#6965 = LINE('',#6966,#6967);
#6966 = CARTESIAN_POINT('',(1.7,0.));
#6967 = VECTOR('',#6968,1.);
#6968 = DIRECTION('',(0.,1.));
#6969 = ( GEOMETRIC_REPRESENTATION_CONTEXT(2) 
PARAMETRIC_REPRESENTATION_CONTEXT() REPRESENTATION_CONTEXT('2D SPACE',''
  ) );
#6970 = PCURVE('',#6905,#6971);
#6971 = DEFINITIONAL_REPRESENTATION('',(#6972),#6976);
#6972 = LINE('',#6973,#6974);
#6973 = CARTESIAN_POINT('',(2.7,0.));
#6974 = VECTOR('',#6975,1.);
#6975 = DIRECTION('',(0.,1.));
#6976 = ( GEOMETRIC_REPRESENTATION_CONTEXT(2) 
PARAMETRIC_REPRESENTATION_CONTEXT() REPRESENTATION_CONTEXT('2D SPACE',''
  ) );
#6977 = ORIENTED_EDGE('',*,*,#6581,.T.);
#6978 = ORIENTED_EDGE('',*,*,#6979,.T.);
#6979 = EDGE_CURVE('',#6584,#6980,#6982,.T.);
#6980 = VERTEX_POINT('',#6981);
#6981 = CARTESIAN_POINT('',(2.7,113.51650932114,-144.9));
#6982 = SURFACE_CURVE('',#6983,(#6987,#6994),.PCURVE_S1.);
#6983 = LINE('',#6984,#6985);
#6984 = CARTESIAN_POINT('',(-0.1,113.51650932114,-144.9));
#6985 = VECTOR('',#6986,1.);
#6986 = DIRECTION('',(1.,0.,0.));
#6987 = PCURVE('',#6599,#6988);
#6988 = DEFINITIONAL_REPRESENTATION('',(#6989),#6993);
#6989 = LINE('',#6990,#6991);
#6990 = CARTESIAN_POINT('',(0.,-0.));
#6991 = VECTOR('',#6992,1.);
#6992 = DIRECTION('',(0.,-1.));
#6993 = ( GEOMETRIC_REPRESENTATION_CONTEXT(2) 
PARAMETRIC_REPRESENTATION_CONTEXT() REPRESENTATION_CONTEXT('2D SPACE',''
  ) );
#6994 = PCURVE('',#6627,#6995);
#6995 = DEFINITIONAL_REPRESENTATION('',(#6996),#7000);
#6996 = LINE('',#6997,#6998);
#6997 = CARTESIAN_POINT('',(1.,0.));
#6998 = VECTOR('',#6999,1.);
#6999 = DIRECTION('',(0.,-1.));
#7000 = ( GEOMETRIC_REPRESENTATION_CONTEXT(2) 
PARAMETRIC_REPRESENTATION_CONTEXT() REPRESENTATION_CONTEXT('2D SPACE',''
  ) );
#7001 = ORIENTED_EDGE('',*,*,#7002,.T.);
#7002 = EDGE_CURVE('',#6980,#6956,#7003,.T.);
#7003 = SURFACE_CURVE('',#7004,(#7008,#7015),.PCURVE_S1.);
#7004 = LINE('',#7005,#7006);
#7005 = CARTESIAN_POINT('',(2.7,113.51650932114,-144.9));
#7006 = VECTOR('',#7007,1.);
#7007 = DIRECTION('',(0.,-1.,0.));
#7008 = PCURVE('',#6599,#7009);
#7009 = DEFINITIONAL_REPRESENTATION('',(#7010),#7014);
#7010 = LINE('',#7011,#7012);
#7011 = CARTESIAN_POINT('',(0.,-2.8));
#7012 = VECTOR('',#7013,1.);
#7013 = DIRECTION('',(1.,0.));
#7014 = ( GEOMETRIC_REPRESENTATION_CONTEXT(2) 
PARAMETRIC_REPRESENTATION_CONTEXT() REPRESENTATION_CONTEXT('2D SPACE',''
  ) );
#7015 = PCURVE('',#7016,#7021);
#7016 = PLANE('',#7017);
#7017 = AXIS2_PLACEMENT_3D('',#7018,#7019,#7020);
#7018 = CARTESIAN_POINT('',(2.7,111.31650932114,-145.4));
#7019 = DIRECTION('',(1.,0.,0.));
#7020 = DIRECTION('',(-0.,0.,1.));
#7021 = DEFINITIONAL_REPRESENTATION('',(#7022),#7026);
#7022 = LINE('',#7023,#7024);
#7023 = CARTESIAN_POINT('',(0.5,-2.2));
#7024 = VECTOR('',#7025,1.);
#7025 = DIRECTION('',(0.,1.));
#7026 = ( GEOMETRIC_REPRESENTATION_CONTEXT(2) 
PARAMETRIC_REPRESENTATION_CONTEXT() REPRESENTATION_CONTEXT('2D SPACE',''
  ) );
#7027 = ADVANCED_FACE('',(#7028),#6905,.T.);
#7028 = FACE_BOUND('',#7029,.T.);
#7029 = EDGE_LOOP('',(#7030,#7053,#7054,#7055));
#7030 = ORIENTED_EDGE('',*,*,#7031,.F.);
#7031 = EDGE_CURVE('',#6864,#7032,#7034,.T.);
#7032 = VERTEX_POINT('',#7033);
#7033 = CARTESIAN_POINT('',(2.7,111.81650932114,-143.2));
#7034 = SURFACE_CURVE('',#7035,(#7039,#7046),.PCURVE_S1.);
#7035 = LINE('',#7036,#7037);
#7036 = CARTESIAN_POINT('',(-0.1,111.81650932114,-143.2));
#7037 = VECTOR('',#7038,1.);
#7038 = DIRECTION('',(1.,0.,0.));
#7039 = PCURVE('',#6905,#7040);
#7040 = DEFINITIONAL_REPRESENTATION('',(#7041),#7045);
#7041 = LINE('',#7042,#7043);
#7042 = CARTESIAN_POINT('',(4.4,0.));
#7043 = VECTOR('',#7044,1.);
#7044 = DIRECTION('',(0.,-1.));
#7045 = ( GEOMETRIC_REPRESENTATION_CONTEXT(2) 
PARAMETRIC_REPRESENTATION_CONTEXT() REPRESENTATION_CONTEXT('2D SPACE',''
  ) );
#7046 = PCURVE('',#6879,#7047);
#7047 = DEFINITIONAL_REPRESENTATION('',(#7048),#7052);
#7048 = LINE('',#7049,#7050);
#7049 = CARTESIAN_POINT('',(0.,-0.));
#7050 = VECTOR('',#7051,1.);
#7051 = DIRECTION('',(0.,-1.));
#7052 = ( GEOMETRIC_REPRESENTATION_CONTEXT(2) 
PARAMETRIC_REPRESENTATION_CONTEXT() REPRESENTATION_CONTEXT('2D SPACE',''
  ) );
#7053 = ORIENTED_EDGE('',*,*,#6891,.T.);
#7054 = ORIENTED_EDGE('',*,*,#6955,.F.);
#7055 = ORIENTED_EDGE('',*,*,#7056,.T.);
#7056 = EDGE_CURVE('',#6956,#7032,#7057,.T.);
#7057 = SURFACE_CURVE('',#7058,(#7062,#7069),.PCURVE_S1.);
#7058 = LINE('',#7059,#7060);
#7059 = CARTESIAN_POINT('',(2.7,111.81650932114,-147.6));
#7060 = VECTOR('',#7061,1.);
#7061 = DIRECTION('',(0.,0.,1.));
#7062 = PCURVE('',#6905,#7063);
#7063 = DEFINITIONAL_REPRESENTATION('',(#7064),#7068);
#7064 = LINE('',#7065,#7066);
#7065 = CARTESIAN_POINT('',(0.,-2.8));
#7066 = VECTOR('',#7067,1.);
#7067 = DIRECTION('',(1.,0.));
#7068 = ( GEOMETRIC_REPRESENTATION_CONTEXT(2) 
PARAMETRIC_REPRESENTATION_CONTEXT() REPRESENTATION_CONTEXT('2D SPACE',''
  ) );
#7069 = PCURVE('',#7016,#7070);
#7070 = DEFINITIONAL_REPRESENTATION('',(#7071),#7075);
#7071 = LINE('',#7072,#7073);
#7072 = CARTESIAN_POINT('',(-2.2,-0.5));
#7073 = VECTOR('',#7074,1.);
#7074 = DIRECTION('',(1.,0.));
#7075 = ( GEOMETRIC_REPRESENTATION_CONTEXT(2) 
PARAMETRIC_REPRESENTATION_CONTEXT() REPRESENTATION_CONTEXT('2D SPACE',''
  ) );
#7076 = ADVANCED_FACE('',(#7077),#6879,.T.);
#7077 = FACE_BOUND('',#7078,.T.);
#7078 = EDGE_LOOP('',(#7079,#7080,#7081,#7104));
#7079 = ORIENTED_EDGE('',*,*,#6863,.T.);
#7080 = ORIENTED_EDGE('',*,*,#7031,.T.);
#7081 = ORIENTED_EDGE('',*,*,#7082,.T.);
#7082 = EDGE_CURVE('',#7032,#7083,#7085,.T.);
#7083 = VERTEX_POINT('',#7084);
#7084 = CARTESIAN_POINT('',(2.7,110.81650932114,-143.2));
#7085 = SURFACE_CURVE('',#7086,(#7090,#7097),.PCURVE_S1.);
#7086 = LINE('',#7087,#7088);
#7087 = CARTESIAN_POINT('',(2.7,111.81650932114,-143.2));
#7088 = VECTOR('',#7089,1.);
#7089 = DIRECTION('',(0.,-1.,0.));
#7090 = PCURVE('',#6879,#7091);
#7091 = DEFINITIONAL_REPRESENTATION('',(#7092),#7096);
#7092 = LINE('',#7093,#7094);
#7093 = CARTESIAN_POINT('',(0.,-2.8));
#7094 = VECTOR('',#7095,1.);
#7095 = DIRECTION('',(1.,0.));
#7096 = ( GEOMETRIC_REPRESENTATION_CONTEXT(2) 
PARAMETRIC_REPRESENTATION_CONTEXT() REPRESENTATION_CONTEXT('2D SPACE',''
  ) );
#7097 = PCURVE('',#7016,#7098);
#7098 = DEFINITIONAL_REPRESENTATION('',(#7099),#7103);
#7099 = LINE('',#7100,#7101);
#7100 = CARTESIAN_POINT('',(2.2,-0.5));
#7101 = VECTOR('',#7102,1.);
#7102 = DIRECTION('',(0.,1.));
#7103 = ( GEOMETRIC_REPRESENTATION_CONTEXT(2) 
PARAMETRIC_REPRESENTATION_CONTEXT() REPRESENTATION_CONTEXT('2D SPACE',''
  ) );
#7104 = ORIENTED_EDGE('',*,*,#7105,.F.);
#7105 = EDGE_CURVE('',#6836,#7083,#7106,.T.);
#7106 = SURFACE_CURVE('',#7107,(#7111,#7118),.PCURVE_S1.);
#7107 = LINE('',#7108,#7109);
#7108 = CARTESIAN_POINT('',(-0.1,110.81650932114,-143.2));
#7109 = VECTOR('',#7110,1.);
#7110 = DIRECTION('',(1.,0.,0.));
#7111 = PCURVE('',#6879,#7112);
#7112 = DEFINITIONAL_REPRESENTATION('',(#7113),#7117);
#7113 = LINE('',#7114,#7115);
#7114 = CARTESIAN_POINT('',(1.,0.));
#7115 = VECTOR('',#7116,1.);
#7116 = DIRECTION('',(0.,-1.));
#7117 = ( GEOMETRIC_REPRESENTATION_CONTEXT(2) 
PARAMETRIC_REPRESENTATION_CONTEXT() REPRESENTATION_CONTEXT('2D SPACE',''
  ) );
#7118 = PCURVE('',#6851,#7119);
#7119 = DEFINITIONAL_REPRESENTATION('',(#7120),#7124);
#7120 = LINE('',#7121,#7122);
#7121 = CARTESIAN_POINT('',(0.,0.));
#7122 = VECTOR('',#7123,1.);
#7123 = DIRECTION('',(0.,-1.));
#7124 = ( GEOMETRIC_REPRESENTATION_CONTEXT(2) 
PARAMETRIC_REPRESENTATION_CONTEXT() REPRESENTATION_CONTEXT('2D SPACE',''
  ) );
#7125 = ADVANCED_FACE('',(#7126),#6851,.T.);
#7126 = FACE_BOUND('',#7127,.T.);
#7127 = EDGE_LOOP('',(#7128,#7129,#7130,#7153));
#7128 = ORIENTED_EDGE('',*,*,#6835,.T.);
#7129 = ORIENTED_EDGE('',*,*,#7105,.T.);
#7130 = ORIENTED_EDGE('',*,*,#7131,.T.);
#7131 = EDGE_CURVE('',#7083,#7132,#7134,.T.);
#7132 = VERTEX_POINT('',#7133);
#7133 = CARTESIAN_POINT('',(2.7,110.81650932114,-144.9));
#7134 = SURFACE_CURVE('',#7135,(#7139,#7146),.PCURVE_S1.);
#7135 = LINE('',#7136,#7137);
#7136 = CARTESIAN_POINT('',(2.7,110.81650932114,-143.2));
#7137 = VECTOR('',#7138,1.);
#7138 = DIRECTION('',(0.,0.,-1.));
#7139 = PCURVE('',#6851,#7140);
#7140 = DEFINITIONAL_REPRESENTATION('',(#7141),#7145);
#7141 = LINE('',#7142,#7143);
#7142 = CARTESIAN_POINT('',(0.,-2.8));
#7143 = VECTOR('',#7144,1.);
#7144 = DIRECTION('',(1.,0.));
#7145 = ( GEOMETRIC_REPRESENTATION_CONTEXT(2) 
PARAMETRIC_REPRESENTATION_CONTEXT() REPRESENTATION_CONTEXT('2D SPACE',''
  ) );
#7146 = PCURVE('',#7016,#7147);
#7147 = DEFINITIONAL_REPRESENTATION('',(#7148),#7152);
#7148 = LINE('',#7149,#7150);
#7149 = CARTESIAN_POINT('',(2.2,0.5));
#7150 = VECTOR('',#7151,1.);
#7151 = DIRECTION('',(-1.,0.));
#7152 = ( GEOMETRIC_REPRESENTATION_CONTEXT(2) 
PARAMETRIC_REPRESENTATION_CONTEXT() REPRESENTATION_CONTEXT('2D SPACE',''
  ) );
#7153 = ORIENTED_EDGE('',*,*,#7154,.F.);
#7154 = EDGE_CURVE('',#6808,#7132,#7155,.T.);
#7155 = SURFACE_CURVE('',#7156,(#7160,#7167),.PCURVE_S1.);
#7156 = LINE('',#7157,#7158);
#7157 = CARTESIAN_POINT('',(-0.1,110.81650932114,-144.9));
#7158 = VECTOR('',#7159,1.);
#7159 = DIRECTION('',(1.,0.,0.));
#7160 = PCURVE('',#6851,#7161);
#7161 = DEFINITIONAL_REPRESENTATION('',(#7162),#7166);
#7162 = LINE('',#7163,#7164);
#7163 = CARTESIAN_POINT('',(1.7,0.));
#7164 = VECTOR('',#7165,1.);
#7165 = DIRECTION('',(0.,-1.));
#7166 = ( GEOMETRIC_REPRESENTATION_CONTEXT(2) 
PARAMETRIC_REPRESENTATION_CONTEXT() REPRESENTATION_CONTEXT('2D SPACE',''
  ) );
#7167 = PCURVE('',#6823,#7168);
#7168 = DEFINITIONAL_REPRESENTATION('',(#7169),#7173);
#7169 = LINE('',#7170,#7171);
#7170 = CARTESIAN_POINT('',(2.7,0.));
#7171 = VECTOR('',#7172,1.);
#7172 = DIRECTION('',(0.,-1.));
#7173 = ( GEOMETRIC_REPRESENTATION_CONTEXT(2) 
PARAMETRIC_REPRESENTATION_CONTEXT() REPRESENTATION_CONTEXT('2D SPACE',''
  ) );
#7174 = ADVANCED_FACE('',(#7175),#6823,.T.);
#7175 = FACE_BOUND('',#7176,.T.);
#7176 = EDGE_LOOP('',(#7177,#7200,#7201,#7202));
#7177 = ORIENTED_EDGE('',*,*,#7178,.F.);
#7178 = EDGE_CURVE('',#6780,#7179,#7181,.T.);
#7179 = VERTEX_POINT('',#7180);
#7180 = CARTESIAN_POINT('',(2.7,109.11650932114,-144.9));
#7181 = SURFACE_CURVE('',#7182,(#7186,#7193),.PCURVE_S1.);
#7182 = LINE('',#7183,#7184);
#7183 = CARTESIAN_POINT('',(-0.1,109.11650932114,-144.9));
#7184 = VECTOR('',#7185,1.);
#7185 = DIRECTION('',(1.,0.,0.));
#7186 = PCURVE('',#6823,#7187);
#7187 = DEFINITIONAL_REPRESENTATION('',(#7188),#7192);
#7188 = LINE('',#7189,#7190);
#7189 = CARTESIAN_POINT('',(4.4,0.));
#7190 = VECTOR('',#7191,1.);
#7191 = DIRECTION('',(0.,-1.));
#7192 = ( GEOMETRIC_REPRESENTATION_CONTEXT(2) 
PARAMETRIC_REPRESENTATION_CONTEXT() REPRESENTATION_CONTEXT('2D SPACE',''
  ) );
#7193 = PCURVE('',#6795,#7194);
#7194 = DEFINITIONAL_REPRESENTATION('',(#7195),#7199);
#7195 = LINE('',#7196,#7197);
#7196 = CARTESIAN_POINT('',(0.,0.));
#7197 = VECTOR('',#7198,1.);
#7198 = DIRECTION('',(0.,-1.));
#7199 = ( GEOMETRIC_REPRESENTATION_CONTEXT(2) 
PARAMETRIC_REPRESENTATION_CONTEXT() REPRESENTATION_CONTEXT('2D SPACE',''
  ) );
#7200 = ORIENTED_EDGE('',*,*,#6807,.T.);
#7201 = ORIENTED_EDGE('',*,*,#7154,.T.);
#7202 = ORIENTED_EDGE('',*,*,#7203,.T.);
#7203 = EDGE_CURVE('',#7132,#7179,#7204,.T.);
#7204 = SURFACE_CURVE('',#7205,(#7209,#7216),.PCURVE_S1.);
#7205 = LINE('',#7206,#7207);
#7206 = CARTESIAN_POINT('',(2.7,113.51650932114,-144.9));
#7207 = VECTOR('',#7208,1.);
#7208 = DIRECTION('',(0.,-1.,0.));
#7209 = PCURVE('',#6823,#7210);
#7210 = DEFINITIONAL_REPRESENTATION('',(#7211),#7215);
#7211 = LINE('',#7212,#7213);
#7212 = CARTESIAN_POINT('',(0.,-2.8));
#7213 = VECTOR('',#7214,1.);
#7214 = DIRECTION('',(1.,0.));
#7215 = ( GEOMETRIC_REPRESENTATION_CONTEXT(2) 
PARAMETRIC_REPRESENTATION_CONTEXT() REPRESENTATION_CONTEXT('2D SPACE',''
  ) );
#7216 = PCURVE('',#7016,#7217);
#7217 = DEFINITIONAL_REPRESENTATION('',(#7218),#7222);
#7218 = LINE('',#7219,#7220);
#7219 = CARTESIAN_POINT('',(0.5,-2.2));
#7220 = VECTOR('',#7221,1.);
#7221 = DIRECTION('',(0.,1.));
#7222 = ( GEOMETRIC_REPRESENTATION_CONTEXT(2) 
PARAMETRIC_REPRESENTATION_CONTEXT() REPRESENTATION_CONTEXT('2D SPACE',''
  ) );
#7223 = ADVANCED_FACE('',(#7224),#6795,.T.);
#7224 = FACE_BOUND('',#7225,.T.);
#7225 = EDGE_LOOP('',(#7226,#7227,#7228,#7251));
#7226 = ORIENTED_EDGE('',*,*,#6779,.T.);
#7227 = ORIENTED_EDGE('',*,*,#7178,.T.);
#7228 = ORIENTED_EDGE('',*,*,#7229,.T.);
#7229 = EDGE_CURVE('',#7179,#7230,#7232,.T.);
#7230 = VERTEX_POINT('',#7231);
#7231 = CARTESIAN_POINT('',(2.7,109.11650932114,-145.9));
#7232 = SURFACE_CURVE('',#7233,(#7237,#7244),.PCURVE_S1.);
#7233 = LINE('',#7234,#7235);
#7234 = CARTESIAN_POINT('',(2.7,109.11650932114,-144.9));
#7235 = VECTOR('',#7236,1.);
#7236 = DIRECTION('',(0.,0.,-1.));
#7237 = PCURVE('',#6795,#7238);
#7238 = DEFINITIONAL_REPRESENTATION('',(#7239),#7243);
#7239 = LINE('',#7240,#7241);
#7240 = CARTESIAN_POINT('',(0.,-2.8));
#7241 = VECTOR('',#7242,1.);
#7242 = DIRECTION('',(1.,0.));
#7243 = ( GEOMETRIC_REPRESENTATION_CONTEXT(2) 
PARAMETRIC_REPRESENTATION_CONTEXT() REPRESENTATION_CONTEXT('2D SPACE',''
  ) );
#7244 = PCURVE('',#7016,#7245);
#7245 = DEFINITIONAL_REPRESENTATION('',(#7246),#7250);
#7246 = LINE('',#7247,#7248);
#7247 = CARTESIAN_POINT('',(0.5,2.2));
#7248 = VECTOR('',#7249,1.);
#7249 = DIRECTION('',(-1.,0.));
#7250 = ( GEOMETRIC_REPRESENTATION_CONTEXT(2) 
PARAMETRIC_REPRESENTATION_CONTEXT() REPRESENTATION_CONTEXT('2D SPACE',''
  ) );
#7251 = ORIENTED_EDGE('',*,*,#7252,.F.);
#7252 = EDGE_CURVE('',#6752,#7230,#7253,.T.);
#7253 = SURFACE_CURVE('',#7254,(#7258,#7265),.PCURVE_S1.);
#7254 = LINE('',#7255,#7256);
#7255 = CARTESIAN_POINT('',(-0.1,109.11650932114,-145.9));
#7256 = VECTOR('',#7257,1.);
#7257 = DIRECTION('',(1.,0.,0.));
#7258 = PCURVE('',#6795,#7259);
#7259 = DEFINITIONAL_REPRESENTATION('',(#7260),#7264);
#7260 = LINE('',#7261,#7262);
#7261 = CARTESIAN_POINT('',(1.,0.));
#7262 = VECTOR('',#7263,1.);
#7263 = DIRECTION('',(0.,-1.));
#7264 = ( GEOMETRIC_REPRESENTATION_CONTEXT(2) 
PARAMETRIC_REPRESENTATION_CONTEXT() REPRESENTATION_CONTEXT('2D SPACE',''
  ) );
#7265 = PCURVE('',#6767,#7266);
#7266 = DEFINITIONAL_REPRESENTATION('',(#7267),#7271);
#7267 = LINE('',#7268,#7269);
#7268 = CARTESIAN_POINT('',(0.,0.));
#7269 = VECTOR('',#7270,1.);
#7270 = DIRECTION('',(0.,-1.));
#7271 = ( GEOMETRIC_REPRESENTATION_CONTEXT(2) 
PARAMETRIC_REPRESENTATION_CONTEXT() REPRESENTATION_CONTEXT('2D SPACE',''
  ) );
#7272 = ADVANCED_FACE('',(#7273),#6767,.T.);
#7273 = FACE_BOUND('',#7274,.T.);
#7274 = EDGE_LOOP('',(#7275,#7298,#7299,#7300));
#7275 = ORIENTED_EDGE('',*,*,#7276,.T.);
#7276 = EDGE_CURVE('',#7277,#6724,#7279,.T.);
#7277 = VERTEX_POINT('',#7278);
#7278 = CARTESIAN_POINT('',(2.7,110.81650932114,-145.9));
#7279 = SURFACE_CURVE('',#7280,(#7284,#7291),.PCURVE_S1.);
#7280 = LINE('',#7281,#7282);
#7281 = CARTESIAN_POINT('',(-0.1,110.81650932114,-145.9));
#7282 = VECTOR('',#7283,1.);
#7283 = DIRECTION('',(-1.,-0.,0.));
#7284 = PCURVE('',#6767,#7285);
#7285 = DEFINITIONAL_REPRESENTATION('',(#7286),#7290);
#7286 = LINE('',#7287,#7288);
#7287 = CARTESIAN_POINT('',(1.7,0.));
#7288 = VECTOR('',#7289,1.);
#7289 = DIRECTION('',(0.,1.));
#7290 = ( GEOMETRIC_REPRESENTATION_CONTEXT(2) 
PARAMETRIC_REPRESENTATION_CONTEXT() REPRESENTATION_CONTEXT('2D SPACE',''
  ) );
#7291 = PCURVE('',#6739,#7292);
#7292 = DEFINITIONAL_REPRESENTATION('',(#7293),#7297);
#7293 = LINE('',#7294,#7295);
#7294 = CARTESIAN_POINT('',(2.7,0.));
#7295 = VECTOR('',#7296,1.);
#7296 = DIRECTION('',(-0.,1.));
#7297 = ( GEOMETRIC_REPRESENTATION_CONTEXT(2) 
PARAMETRIC_REPRESENTATION_CONTEXT() REPRESENTATION_CONTEXT('2D SPACE',''
  ) );
#7298 = ORIENTED_EDGE('',*,*,#6751,.T.);
#7299 = ORIENTED_EDGE('',*,*,#7252,.T.);
#7300 = ORIENTED_EDGE('',*,*,#7301,.T.);
#7301 = EDGE_CURVE('',#7230,#7277,#7302,.T.);
#7302 = SURFACE_CURVE('',#7303,(#7307,#7314),.PCURVE_S1.);
#7303 = LINE('',#7304,#7305);
#7304 = CARTESIAN_POINT('',(2.7,109.11650932114,-145.9));
#7305 = VECTOR('',#7306,1.);
#7306 = DIRECTION('',(0.,1.,0.));
#7307 = PCURVE('',#6767,#7308);
#7308 = DEFINITIONAL_REPRESENTATION('',(#7309),#7313);
#7309 = LINE('',#7310,#7311);
#7310 = CARTESIAN_POINT('',(0.,-2.8));
#7311 = VECTOR('',#7312,1.);
#7312 = DIRECTION('',(1.,0.));
#7313 = ( GEOMETRIC_REPRESENTATION_CONTEXT(2) 
PARAMETRIC_REPRESENTATION_CONTEXT() REPRESENTATION_CONTEXT('2D SPACE',''
  ) );
#7314 = PCURVE('',#7016,#7315);
#7315 = DEFINITIONAL_REPRESENTATION('',(#7316),#7320);
#7316 = LINE('',#7317,#7318);
#7317 = CARTESIAN_POINT('',(-0.5,2.2));
#7318 = VECTOR('',#7319,1.);
#7319 = DIRECTION('',(0.,-1.));
#7320 = ( GEOMETRIC_REPRESENTATION_CONTEXT(2) 
PARAMETRIC_REPRESENTATION_CONTEXT() REPRESENTATION_CONTEXT('2D SPACE',''
  ) );
#7321 = ADVANCED_FACE('',(#7322),#6739,.T.);
#7322 = FACE_BOUND('',#7323,.T.);
#7323 = EDGE_LOOP('',(#7324,#7347,#7348,#7349));
#7324 = ORIENTED_EDGE('',*,*,#7325,.F.);
#7325 = EDGE_CURVE('',#6696,#7326,#7328,.T.);
#7326 = VERTEX_POINT('',#7327);
#7327 = CARTESIAN_POINT('',(2.7,110.81650932114,-147.6));
#7328 = SURFACE_CURVE('',#7329,(#7333,#7340),.PCURVE_S1.);
#7329 = LINE('',#7330,#7331);
#7330 = CARTESIAN_POINT('',(-0.1,110.81650932114,-147.6));
#7331 = VECTOR('',#7332,1.);
#7332 = DIRECTION('',(1.,0.,0.));
#7333 = PCURVE('',#6739,#7334);
#7334 = DEFINITIONAL_REPRESENTATION('',(#7335),#7339);
#7335 = LINE('',#7336,#7337);
#7336 = CARTESIAN_POINT('',(4.4,0.));
#7337 = VECTOR('',#7338,1.);
#7338 = DIRECTION('',(0.,-1.));
#7339 = ( GEOMETRIC_REPRESENTATION_CONTEXT(2) 
PARAMETRIC_REPRESENTATION_CONTEXT() REPRESENTATION_CONTEXT('2D SPACE',''
  ) );
#7340 = PCURVE('',#6711,#7341);
#7341 = DEFINITIONAL_REPRESENTATION('',(#7342),#7346);
#7342 = LINE('',#7343,#7344);
#7343 = CARTESIAN_POINT('',(0.,0.));
#7344 = VECTOR('',#7345,1.);
#7345 = DIRECTION('',(0.,-1.));
#7346 = ( GEOMETRIC_REPRESENTATION_CONTEXT(2) 
PARAMETRIC_REPRESENTATION_CONTEXT() REPRESENTATION_CONTEXT('2D SPACE',''
  ) );
#7347 = ORIENTED_EDGE('',*,*,#6723,.T.);
#7348 = ORIENTED_EDGE('',*,*,#7276,.F.);
#7349 = ORIENTED_EDGE('',*,*,#7350,.T.);
#7350 = EDGE_CURVE('',#7277,#7326,#7351,.T.);
#7351 = SURFACE_CURVE('',#7352,(#7356,#7363),.PCURVE_S1.);
#7352 = LINE('',#7353,#7354);
#7353 = CARTESIAN_POINT('',(2.7,110.81650932114,-143.2));
#7354 = VECTOR('',#7355,1.);
#7355 = DIRECTION('',(0.,0.,-1.));
#7356 = PCURVE('',#6739,#7357);
#7357 = DEFINITIONAL_REPRESENTATION('',(#7358),#7362);
#7358 = LINE('',#7359,#7360);
#7359 = CARTESIAN_POINT('',(0.,-2.8));
#7360 = VECTOR('',#7361,1.);
#7361 = DIRECTION('',(1.,0.));
#7362 = ( GEOMETRIC_REPRESENTATION_CONTEXT(2) 
PARAMETRIC_REPRESENTATION_CONTEXT() REPRESENTATION_CONTEXT('2D SPACE',''
  ) );
#7363 = PCURVE('',#7016,#7364);
#7364 = DEFINITIONAL_REPRESENTATION('',(#7365),#7369);
#7365 = LINE('',#7366,#7367);
#7366 = CARTESIAN_POINT('',(2.2,0.5));
#7367 = VECTOR('',#7368,1.);
#7368 = DIRECTION('',(-1.,0.));
#7369 = ( GEOMETRIC_REPRESENTATION_CONTEXT(2) 
PARAMETRIC_REPRESENTATION_CONTEXT() REPRESENTATION_CONTEXT('2D SPACE',''
  ) );
#7370 = ADVANCED_FACE('',(#7371),#6711,.T.);
#7371 = FACE_BOUND('',#7372,.T.);
#7372 = EDGE_LOOP('',(#7373,#7374,#7375,#7398));
#7373 = ORIENTED_EDGE('',*,*,#6695,.T.);
#7374 = ORIENTED_EDGE('',*,*,#7325,.T.);
#7375 = ORIENTED_EDGE('',*,*,#7376,.T.);
#7376 = EDGE_CURVE('',#7326,#7377,#7379,.T.);
#7377 = VERTEX_POINT('',#7378);
#7378 = CARTESIAN_POINT('',(2.7,111.81650932114,-147.6));
#7379 = SURFACE_CURVE('',#7380,(#7384,#7391),.PCURVE_S1.);
#7380 = LINE('',#7381,#7382);
#7381 = CARTESIAN_POINT('',(2.7,110.81650932114,-147.6));
#7382 = VECTOR('',#7383,1.);
#7383 = DIRECTION('',(0.,1.,0.));
#7384 = PCURVE('',#6711,#7385);
#7385 = DEFINITIONAL_REPRESENTATION('',(#7386),#7390);
#7386 = LINE('',#7387,#7388);
#7387 = CARTESIAN_POINT('',(0.,-2.8));
#7388 = VECTOR('',#7389,1.);
#7389 = DIRECTION('',(1.,0.));
#7390 = ( GEOMETRIC_REPRESENTATION_CONTEXT(2) 
PARAMETRIC_REPRESENTATION_CONTEXT() REPRESENTATION_CONTEXT('2D SPACE',''
  ) );
#7391 = PCURVE('',#7016,#7392);
#7392 = DEFINITIONAL_REPRESENTATION('',(#7393),#7397);
#7393 = LINE('',#7394,#7395);
#7394 = CARTESIAN_POINT('',(-2.2,0.5));
#7395 = VECTOR('',#7396,1.);
#7396 = DIRECTION('',(0.,-1.));
#7397 = ( GEOMETRIC_REPRESENTATION_CONTEXT(2) 
PARAMETRIC_REPRESENTATION_CONTEXT() REPRESENTATION_CONTEXT('2D SPACE',''
  ) );
#7398 = ORIENTED_EDGE('',*,*,#7399,.F.);
#7399 = EDGE_CURVE('',#6668,#7377,#7400,.T.);
#7400 = SURFACE_CURVE('',#7401,(#7405,#7412),.PCURVE_S1.);
#7401 = LINE('',#7402,#7403);
#7402 = CARTESIAN_POINT('',(-0.1,111.81650932114,-147.6));
#7403 = VECTOR('',#7404,1.);
#7404 = DIRECTION('',(1.,0.,0.));
#7405 = PCURVE('',#6711,#7406);
#7406 = DEFINITIONAL_REPRESENTATION('',(#7407),#7411);
#7407 = LINE('',#7408,#7409);
#7408 = CARTESIAN_POINT('',(1.,0.));
#7409 = VECTOR('',#7410,1.);
#7410 = DIRECTION('',(0.,-1.));
#7411 = ( GEOMETRIC_REPRESENTATION_CONTEXT(2) 
PARAMETRIC_REPRESENTATION_CONTEXT() REPRESENTATION_CONTEXT('2D SPACE',''
  ) );
#7412 = PCURVE('',#6683,#7413);
#7413 = DEFINITIONAL_REPRESENTATION('',(#7414),#7418);
#7414 = LINE('',#7415,#7416);
#7415 = CARTESIAN_POINT('',(0.,0.));
#7416 = VECTOR('',#7417,1.);
#7417 = DIRECTION('',(0.,-1.));
#7418 = ( GEOMETRIC_REPRESENTATION_CONTEXT(2) 
PARAMETRIC_REPRESENTATION_CONTEXT() REPRESENTATION_CONTEXT('2D SPACE',''
  ) );
#7419 = ADVANCED_FACE('',(#7420),#6683,.T.);
#7420 = FACE_BOUND('',#7421,.T.);
#7421 = EDGE_LOOP('',(#7422,#7423,#7424,#7447));
#7422 = ORIENTED_EDGE('',*,*,#6667,.T.);
#7423 = ORIENTED_EDGE('',*,*,#7399,.T.);
#7424 = ORIENTED_EDGE('',*,*,#7425,.T.);
#7425 = EDGE_CURVE('',#7377,#7426,#7428,.T.);
#7426 = VERTEX_POINT('',#7427);
#7427 = CARTESIAN_POINT('',(2.7,111.81650932114,-145.9));
#7428 = SURFACE_CURVE('',#7429,(#7433,#7440),.PCURVE_S1.);
#7429 = LINE('',#7430,#7431);
#7430 = CARTESIAN_POINT('',(2.7,111.81650932114,-147.6));
#7431 = VECTOR('',#7432,1.);
#7432 = DIRECTION('',(0.,0.,1.));
#7433 = PCURVE('',#6683,#7434);
#7434 = DEFINITIONAL_REPRESENTATION('',(#7435),#7439);
#7435 = LINE('',#7436,#7437);
#7436 = CARTESIAN_POINT('',(0.,-2.8));
#7437 = VECTOR('',#7438,1.);
#7438 = DIRECTION('',(1.,0.));
#7439 = ( GEOMETRIC_REPRESENTATION_CONTEXT(2) 
PARAMETRIC_REPRESENTATION_CONTEXT() REPRESENTATION_CONTEXT('2D SPACE',''
  ) );
#7440 = PCURVE('',#7016,#7441);
#7441 = DEFINITIONAL_REPRESENTATION('',(#7442),#7446);
#7442 = LINE('',#7443,#7444);
#7443 = CARTESIAN_POINT('',(-2.2,-0.5));
#7444 = VECTOR('',#7445,1.);
#7445 = DIRECTION('',(1.,0.));
#7446 = ( GEOMETRIC_REPRESENTATION_CONTEXT(2) 
PARAMETRIC_REPRESENTATION_CONTEXT() REPRESENTATION_CONTEXT('2D SPACE',''
  ) );
#7447 = ORIENTED_EDGE('',*,*,#7448,.F.);
#7448 = EDGE_CURVE('',#6640,#7426,#7449,.T.);
#7449 = SURFACE_CURVE('',#7450,(#7454,#7461),.PCURVE_S1.);
#7450 = LINE('',#7451,#7452);
#7451 = CARTESIAN_POINT('',(-0.1,111.81650932114,-145.9));
#7452 = VECTOR('',#7453,1.);
#7453 = DIRECTION('',(1.,0.,-0.));
#7454 = PCURVE('',#6683,#7455);
#7455 = DEFINITIONAL_REPRESENTATION('',(#7456),#7460);
#7456 = LINE('',#7457,#7458);
#7457 = CARTESIAN_POINT('',(1.7,0.));
#7458 = VECTOR('',#7459,1.);
#7459 = DIRECTION('',(0.,-1.));
#7460 = ( GEOMETRIC_REPRESENTATION_CONTEXT(2) 
PARAMETRIC_REPRESENTATION_CONTEXT() REPRESENTATION_CONTEXT('2D SPACE',''
  ) );
#7461 = PCURVE('',#6655,#7462);
#7462 = DEFINITIONAL_REPRESENTATION('',(#7463),#7467);
#7463 = LINE('',#7464,#7465);
#7464 = CARTESIAN_POINT('',(2.7,0.));
#7465 = VECTOR('',#7466,1.);
#7466 = DIRECTION('',(0.,-1.));
#7467 = ( GEOMETRIC_REPRESENTATION_CONTEXT(2) 
PARAMETRIC_REPRESENTATION_CONTEXT() REPRESENTATION_CONTEXT('2D SPACE',''
  ) );
#7468 = ADVANCED_FACE('',(#7469),#6655,.T.);
#7469 = FACE_BOUND('',#7470,.T.);
#7470 = EDGE_LOOP('',(#7471,#7494,#7495,#7496));
#7471 = ORIENTED_EDGE('',*,*,#7472,.F.);
#7472 = EDGE_CURVE('',#6612,#7473,#7475,.T.);
#7473 = VERTEX_POINT('',#7474);
#7474 = CARTESIAN_POINT('',(2.7,113.51650932114,-145.9));
#7475 = SURFACE_CURVE('',#7476,(#7480,#7487),.PCURVE_S1.);
#7476 = LINE('',#7477,#7478);
#7477 = CARTESIAN_POINT('',(-0.1,113.51650932114,-145.9));
#7478 = VECTOR('',#7479,1.);
#7479 = DIRECTION('',(1.,0.,0.));
#7480 = PCURVE('',#6655,#7481);
#7481 = DEFINITIONAL_REPRESENTATION('',(#7482),#7486);
#7482 = LINE('',#7483,#7484);
#7483 = CARTESIAN_POINT('',(4.4,0.));
#7484 = VECTOR('',#7485,1.);
#7485 = DIRECTION('',(0.,-1.));
#7486 = ( GEOMETRIC_REPRESENTATION_CONTEXT(2) 
PARAMETRIC_REPRESENTATION_CONTEXT() REPRESENTATION_CONTEXT('2D SPACE',''
  ) );
#7487 = PCURVE('',#6627,#7488);
#7488 = DEFINITIONAL_REPRESENTATION('',(#7489),#7493);
#7489 = LINE('',#7490,#7491);
#7490 = CARTESIAN_POINT('',(0.,0.));
#7491 = VECTOR('',#7492,1.);
#7492 = DIRECTION('',(0.,-1.));
#7493 = ( GEOMETRIC_REPRESENTATION_CONTEXT(2) 
PARAMETRIC_REPRESENTATION_CONTEXT() REPRESENTATION_CONTEXT('2D SPACE',''
  ) );
#7494 = ORIENTED_EDGE('',*,*,#6639,.T.);
#7495 = ORIENTED_EDGE('',*,*,#7448,.T.);
#7496 = ORIENTED_EDGE('',*,*,#7497,.T.);
#7497 = EDGE_CURVE('',#7426,#7473,#7498,.T.);
#7498 = SURFACE_CURVE('',#7499,(#7503,#7510),.PCURVE_S1.);
#7499 = LINE('',#7500,#7501);
#7500 = CARTESIAN_POINT('',(2.7,109.11650932114,-145.9));
#7501 = VECTOR('',#7502,1.);
#7502 = DIRECTION('',(0.,1.,0.));
#7503 = PCURVE('',#6655,#7504);
#7504 = DEFINITIONAL_REPRESENTATION('',(#7505),#7509);
#7505 = LINE('',#7506,#7507);
#7506 = CARTESIAN_POINT('',(0.,-2.8));
#7507 = VECTOR('',#7508,1.);
#7508 = DIRECTION('',(1.,0.));
#7509 = ( GEOMETRIC_REPRESENTATION_CONTEXT(2) 
PARAMETRIC_REPRESENTATION_CONTEXT() REPRESENTATION_CONTEXT('2D SPACE',''
  ) );
#7510 = PCURVE('',#7016,#7511);
#7511 = DEFINITIONAL_REPRESENTATION('',(#7512),#7516);
#7512 = LINE('',#7513,#7514);
#7513 = CARTESIAN_POINT('',(-0.5,2.2));
#7514 = VECTOR('',#7515,1.);
#7515 = DIRECTION('',(0.,-1.));
#7516 = ( GEOMETRIC_REPRESENTATION_CONTEXT(2) 
PARAMETRIC_REPRESENTATION_CONTEXT() REPRESENTATION_CONTEXT('2D SPACE',''
  ) );
#7517 = ADVANCED_FACE('',(#7518),#6627,.T.);
#7518 = FACE_BOUND('',#7519,.T.);
#7519 = EDGE_LOOP('',(#7520,#7521,#7522,#7543));
#7520 = ORIENTED_EDGE('',*,*,#6611,.T.);
#7521 = ORIENTED_EDGE('',*,*,#7472,.T.);
#7522 = ORIENTED_EDGE('',*,*,#7523,.T.);
#7523 = EDGE_CURVE('',#7473,#6980,#7524,.T.);
#7524 = SURFACE_CURVE('',#7525,(#7529,#7536),.PCURVE_S1.);
#7525 = LINE('',#7526,#7527);
#7526 = CARTESIAN_POINT('',(2.7,113.51650932114,-145.9));
#7527 = VECTOR('',#7528,1.);
#7528 = DIRECTION('',(0.,0.,1.));
#7529 = PCURVE('',#6627,#7530);
#7530 = DEFINITIONAL_REPRESENTATION('',(#7531),#7535);
#7531 = LINE('',#7532,#7533);
#7532 = CARTESIAN_POINT('',(0.,-2.8));
#7533 = VECTOR('',#7534,1.);
#7534 = DIRECTION('',(1.,0.));
#7535 = ( GEOMETRIC_REPRESENTATION_CONTEXT(2) 
PARAMETRIC_REPRESENTATION_CONTEXT() REPRESENTATION_CONTEXT('2D SPACE',''
  ) );
#7536 = PCURVE('',#7016,#7537);
#7537 = DEFINITIONAL_REPRESENTATION('',(#7538),#7542);
#7538 = LINE('',#7539,#7540);
#7539 = CARTESIAN_POINT('',(-0.5,-2.2));
#7540 = VECTOR('',#7541,1.);
#7541 = DIRECTION('',(1.,0.));
#7542 = ( GEOMETRIC_REPRESENTATION_CONTEXT(2) 
PARAMETRIC_REPRESENTATION_CONTEXT() REPRESENTATION_CONTEXT('2D SPACE',''
  ) );
#7543 = ORIENTED_EDGE('',*,*,#6979,.F.);
#7544 = ADVANCED_FACE('',(#7545),#6940,.T.);
#7545 = FACE_BOUND('',#7546,.F.);
#7546 = EDGE_LOOP('',(#7547,#7570,#7597,#7598));
#7547 = ORIENTED_EDGE('',*,*,#7548,.T.);
#7548 = EDGE_CURVE('',#6924,#7549,#7551,.T.);
#7549 = VERTEX_POINT('',#7550);
#7550 = CARTESIAN_POINT('',(64.,113.31650932114,-145.4));
#7551 = SEAM_CURVE('',#7552,(#7556,#7563),.PCURVE_S1.);
#7552 = LINE('',#7553,#7554);
#7553 = CARTESIAN_POINT('',(4.,113.31650932114,-145.4));
#7554 = VECTOR('',#7555,1.);
#7555 = DIRECTION('',(1.,0.,0.));
#7556 = PCURVE('',#6940,#7557);
#7557 = DEFINITIONAL_REPRESENTATION('',(#7558),#7562);
#7558 = LINE('',#7559,#7560);
#7559 = CARTESIAN_POINT('',(-0.,0.));
#7560 = VECTOR('',#7561,1.);
#7561 = DIRECTION('',(-0.,-1.));
#7562 = ( GEOMETRIC_REPRESENTATION_CONTEXT(2) 
PARAMETRIC_REPRESENTATION_CONTEXT() REPRESENTATION_CONTEXT('2D SPACE',''
  ) );
#7563 = PCURVE('',#6940,#7564);
#7564 = DEFINITIONAL_REPRESENTATION('',(#7565),#7569);
#7565 = LINE('',#7566,#7567);
#7566 = CARTESIAN_POINT('',(-6.28318530718,0.));
#7567 = VECTOR('',#7568,1.);
#7568 = DIRECTION('',(-0.,-1.));
#7569 = ( GEOMETRIC_REPRESENTATION_CONTEXT(2) 
PARAMETRIC_REPRESENTATION_CONTEXT() REPRESENTATION_CONTEXT('2D SPACE',''
  ) );
#7570 = ORIENTED_EDGE('',*,*,#7571,.T.);
#7571 = EDGE_CURVE('',#7549,#7549,#7572,.T.);
#7572 = SURFACE_CURVE('',#7573,(#7578,#7585),.PCURVE_S1.);
#7573 = CIRCLE('',#7574,2.);
#7574 = AXIS2_PLACEMENT_3D('',#7575,#7576,#7577);
#7575 = CARTESIAN_POINT('',(64.,111.31650932114,-145.4));
#7576 = DIRECTION('',(1.,0.,0.));
#7577 = DIRECTION('',(0.,1.,0.));
#7578 = PCURVE('',#6940,#7579);
#7579 = DEFINITIONAL_REPRESENTATION('',(#7580),#7584);
#7580 = LINE('',#7581,#7582);
#7581 = CARTESIAN_POINT('',(-0.,-60.));
#7582 = VECTOR('',#7583,1.);
#7583 = DIRECTION('',(-1.,0.));
#7584 = ( GEOMETRIC_REPRESENTATION_CONTEXT(2) 
PARAMETRIC_REPRESENTATION_CONTEXT() REPRESENTATION_CONTEXT('2D SPACE',''
  ) );
#7585 = PCURVE('',#7586,#7591);
#7586 = PLANE('',#7587);
#7587 = AXIS2_PLACEMENT_3D('',#7588,#7589,#7590);
#7588 = CARTESIAN_POINT('',(64.,111.31650932114,-145.4));
#7589 = DIRECTION('',(1.,0.,0.));
#7590 = DIRECTION('',(-0.,0.,1.));
#7591 = DEFINITIONAL_REPRESENTATION('',(#7592),#7596);
#7592 = CIRCLE('',#7593,2.);
#7593 = AXIS2_PLACEMENT_2D('',#7594,#7595);
#7594 = CARTESIAN_POINT('',(0.,0.));
#7595 = DIRECTION('',(0.,-1.));
#7596 = ( GEOMETRIC_REPRESENTATION_CONTEXT(2) 
PARAMETRIC_REPRESENTATION_CONTEXT() REPRESENTATION_CONTEXT('2D SPACE',''
  ) );
#7597 = ORIENTED_EDGE('',*,*,#7548,.F.);
#7598 = ORIENTED_EDGE('',*,*,#6923,.F.);
#7599 = ADVANCED_FACE('',(#7600),#7016,.F.);
#7600 = FACE_BOUND('',#7601,.F.);
#7601 = EDGE_LOOP('',(#7602,#7603,#7604,#7605,#7606,#7607,#7608,#7609,
    #7610,#7611,#7612,#7613));
#7602 = ORIENTED_EDGE('',*,*,#7002,.T.);
#7603 = ORIENTED_EDGE('',*,*,#7056,.T.);
#7604 = ORIENTED_EDGE('',*,*,#7082,.T.);
#7605 = ORIENTED_EDGE('',*,*,#7131,.T.);
#7606 = ORIENTED_EDGE('',*,*,#7203,.T.);
#7607 = ORIENTED_EDGE('',*,*,#7229,.T.);
#7608 = ORIENTED_EDGE('',*,*,#7301,.T.);
#7609 = ORIENTED_EDGE('',*,*,#7350,.T.);
#7610 = ORIENTED_EDGE('',*,*,#7376,.T.);
#7611 = ORIENTED_EDGE('',*,*,#7425,.T.);
#7612 = ORIENTED_EDGE('',*,*,#7497,.T.);
#7613 = ORIENTED_EDGE('',*,*,#7523,.T.);
#7614 = ADVANCED_FACE('',(#7615),#7586,.T.);
#7615 = FACE_BOUND('',#7616,.T.);
#7616 = EDGE_LOOP('',(#7617));
#7617 = ORIENTED_EDGE('',*,*,#7571,.T.);
#7618 = ( GEOMETRIC_REPRESENTATION_CONTEXT(3) 
GLOBAL_UNCERTAINTY_ASSIGNED_CONTEXT((#7622)) 
GLOBAL_UNIT_ASSIGNED_CONTEXT((#7619,#7620,#7621)) REPRESENTATION_CONTEXT
('Context #1','3D Context with UNIT and UNCERTAINTY') );
#7619 = ( LENGTH_UNIT() NAMED_UNIT(*) SI_UNIT(.MILLI.,.METRE.) );
#7620 = ( NAMED_UNIT(*) PLANE_ANGLE_UNIT() SI_UNIT($,.RADIAN.) );
#7621 = ( NAMED_UNIT(*) SI_UNIT($,.STERADIAN.) SOLID_ANGLE_UNIT() );
#7622 = UNCERTAINTY_MEASURE_WITH_UNIT(LENGTH_MEASURE(1.E-07),#7619,
  'distance_accuracy_value','confusion accuracy');
#7623 = CONTEXT_DEPENDENT_SHAPE_REPRESENTATION(#7624,#7626);
#7624 = ( REPRESENTATION_RELATIONSHIP('','',#6483,#6460) 
REPRESENTATION_RELATIONSHIP_WITH_TRANSFORMATION(#7625) 
SHAPE_REPRESENTATION_RELATIONSHIP() );
#7625 = ITEM_DEFINED_TRANSFORMATION('','',#11,#6461);
#7626 = PRODUCT_DEFINITION_SHAPE('Placement','Placement of an item',
  #7627);
#7627 = NEXT_ASSEMBLY_USAGE_OCCURRENCE('9','','',#6455,#6478,$);
#7628 = PRODUCT_RELATED_PRODUCT_CATEGORY('part',$,(#6480));
#7629 = SHAPE_DEFINITION_REPRESENTATION(#7630,#7636);
#7630 = PRODUCT_DEFINITION_SHAPE('','',#7631);
#7631 = PRODUCT_DEFINITION('design','',#7632,#7635);
#7632 = PRODUCT_DEFINITION_FORMATION('','',#7633);
#7633 = PRODUCT('nut2','nut2','',(#7634));
#7634 = PRODUCT_CONTEXT('',#2,'mechanical');
#7635 = PRODUCT_DEFINITION_CONTEXT('part definition',#2,'design');
#7636 = SHAPE_REPRESENTATION('',(#11,#7637),#7641);
#7637 = AXIS2_PLACEMENT_3D('',#7638,#7639,#7640);
#7638 = CARTESIAN_POINT('',(0.,0.,0.));
#7639 = DIRECTION('',(0.,0.,1.));
#7640 = DIRECTION('',(1.,0.,-0.));
#7641 = ( GEOMETRIC_REPRESENTATION_CONTEXT(3) 
GLOBAL_UNCERTAINTY_ASSIGNED_CONTEXT((#7645)) 
GLOBAL_UNIT_ASSIGNED_CONTEXT((#7642,#7643,#7644)) REPRESENTATION_CONTEXT
('Context #1','3D Context with UNIT and UNCERTAINTY') );
#7642 = ( LENGTH_UNIT() NAMED_UNIT(*) SI_UNIT(.MILLI.,.METRE.) );
#7643 = ( NAMED_UNIT(*) PLANE_ANGLE_UNIT() SI_UNIT($,.RADIAN.) );
#7644 = ( NAMED_UNIT(*) SI_UNIT($,.STERADIAN.) SOLID_ANGLE_UNIT() );
#7645 = UNCERTAINTY_MEASURE_WITH_UNIT(LENGTH_MEASURE(1.E-07),#7642,
  'distance_accuracy_value','confusion accuracy');
#7646 = CONTEXT_DEPENDENT_SHAPE_REPRESENTATION(#7647,#7649);
#7647 = ( REPRESENTATION_RELATIONSHIP('','',#7636,#10) 
REPRESENTATION_RELATIONSHIP_WITH_TRANSFORMATION(#7648) 
SHAPE_REPRESENTATION_RELATIONSHIP() );
#7648 = ITEM_DEFINED_TRANSFORMATION('','',#11,#35);
#7649 = PRODUCT_DEFINITION_SHAPE('Placement','Placement of an item',
  #7650);
#7650 = NEXT_ASSEMBLY_USAGE_OCCURRENCE('12','','',#5,#7631,$);
#7651 = PRODUCT_RELATED_PRODUCT_CATEGORY('part',$,(#7633));
#7652 = SHAPE_DEFINITION_REPRESENTATION(#7653,#7659);
#7653 = PRODUCT_DEFINITION_SHAPE('','',#7654);
#7654 = PRODUCT_DEFINITION('design','',#7655,#7658);
#7655 = PRODUCT_DEFINITION_FORMATION('','',#7656);
#7656 = PRODUCT('nut2_part','nut2_part','',(#7657));
#7657 = PRODUCT_CONTEXT('',#2,'mechanical');
#7658 = PRODUCT_DEFINITION_CONTEXT('part definition',#2,'design');
#7659 = ADVANCED_BREP_SHAPE_REPRESENTATION('',(#11,#7660),#8238);
#7660 = MANIFOLD_SOLID_BREP('',#7661);
#7661 = CLOSED_SHELL('',(#7662,#7782,#7858,#7934,#8047,#8150,#8177,#8204
    ,#8211));
#7662 = ADVANCED_FACE('',(#7663),#7677,.F.);
#7663 = FACE_BOUND('',#7664,.F.);
#7664 = EDGE_LOOP('',(#7665,#7700,#7728,#7756));
#7665 = ORIENTED_EDGE('',*,*,#7666,.T.);
#7666 = EDGE_CURVE('',#7667,#7669,#7671,.T.);
#7667 = VERTEX_POINT('',#7668);
#7668 = CARTESIAN_POINT('',(58.,115.35796120546,-145.4));
#7669 = VERTEX_POINT('',#7670);
#7670 = CARTESIAN_POINT('',(63.,115.35796120546,-145.4));
#7671 = SURFACE_CURVE('',#7672,(#7676,#7688),.PCURVE_S1.);
#7672 = LINE('',#7673,#7674);
#7673 = CARTESIAN_POINT('',(58.,115.35796120546,-145.4));
#7674 = VECTOR('',#7675,1.);
#7675 = DIRECTION('',(1.,0.,0.));
#7676 = PCURVE('',#7677,#7682);
#7677 = PLANE('',#7678);
#7678 = AXIS2_PLACEMENT_3D('',#7679,#7680,#7681);
#7679 = CARTESIAN_POINT('',(58.,115.35796120546,-145.4));
#7680 = DIRECTION('',(0.,-0.866025403784,-0.5));
#7681 = DIRECTION('',(0.,-0.5,0.866025403784));
#7682 = DEFINITIONAL_REPRESENTATION('',(#7683),#7687);
#7683 = LINE('',#7684,#7685);
#7684 = CARTESIAN_POINT('',(0.,0.));
#7685 = VECTOR('',#7686,1.);
#7686 = DIRECTION('',(0.,-1.));
#7687 = ( GEOMETRIC_REPRESENTATION_CONTEXT(2) 
PARAMETRIC_REPRESENTATION_CONTEXT() REPRESENTATION_CONTEXT('2D SPACE',''
  ) );
#7688 = PCURVE('',#7689,#7694);
#7689 = PLANE('',#7690);
#7690 = AXIS2_PLACEMENT_3D('',#7691,#7692,#7693);
#7691 = CARTESIAN_POINT('',(58.,113.3372352633,-148.9));
#7692 = DIRECTION('',(0.,-0.866025403784,0.5));
#7693 = DIRECTION('',(0.,0.5,0.866025403784));
#7694 = DEFINITIONAL_REPRESENTATION('',(#7695),#7699);
#7695 = LINE('',#7696,#7697);
#7696 = CARTESIAN_POINT('',(4.041451884327,0.));
#7697 = VECTOR('',#7698,1.);
#7698 = DIRECTION('',(0.,-1.));
#7699 = ( GEOMETRIC_REPRESENTATION_CONTEXT(2) 
PARAMETRIC_REPRESENTATION_CONTEXT() REPRESENTATION_CONTEXT('2D SPACE',''
  ) );
#7700 = ORIENTED_EDGE('',*,*,#7701,.T.);
#7701 = EDGE_CURVE('',#7669,#7702,#7704,.T.);
#7702 = VERTEX_POINT('',#7703);
#7703 = CARTESIAN_POINT('',(63.,113.3372352633,-141.9));
#7704 = SURFACE_CURVE('',#7705,(#7709,#7716),.PCURVE_S1.);
#7705 = LINE('',#7706,#7707);
#7706 = CARTESIAN_POINT('',(63.,115.35796120546,-145.4));
#7707 = VECTOR('',#7708,1.);
#7708 = DIRECTION('',(0.,-0.5,0.866025403784));
#7709 = PCURVE('',#7677,#7710);
#7710 = DEFINITIONAL_REPRESENTATION('',(#7711),#7715);
#7711 = LINE('',#7712,#7713);
#7712 = CARTESIAN_POINT('',(0.,-5.));
#7713 = VECTOR('',#7714,1.);
#7714 = DIRECTION('',(1.,0.));
#7715 = ( GEOMETRIC_REPRESENTATION_CONTEXT(2) 
PARAMETRIC_REPRESENTATION_CONTEXT() REPRESENTATION_CONTEXT('2D SPACE',''
  ) );
#7716 = PCURVE('',#7717,#7722);
#7717 = PLANE('',#7718);
#7718 = AXIS2_PLACEMENT_3D('',#7719,#7720,#7721);
#7719 = CARTESIAN_POINT('',(63.,111.31650932114,-145.4));
#7720 = DIRECTION('',(1.,0.,0.));
#7721 = DIRECTION('',(-0.,0.,1.));
#7722 = DEFINITIONAL_REPRESENTATION('',(#7723),#7727);
#7723 = LINE('',#7724,#7725);
#7724 = CARTESIAN_POINT('',(0.,-4.041451884327));
#7725 = VECTOR('',#7726,1.);
#7726 = DIRECTION('',(0.866025403784,0.5));
#7727 = ( GEOMETRIC_REPRESENTATION_CONTEXT(2) 
PARAMETRIC_REPRESENTATION_CONTEXT() REPRESENTATION_CONTEXT('2D SPACE',''
  ) );
#7728 = ORIENTED_EDGE('',*,*,#7729,.F.);
#7729 = EDGE_CURVE('',#7730,#7702,#7732,.T.);
#7730 = VERTEX_POINT('',#7731);
#7731 = CARTESIAN_POINT('',(58.,113.3372352633,-141.9));
#7732 = SURFACE_CURVE('',#7733,(#7737,#7744),.PCURVE_S1.);
#7733 = LINE('',#7734,#7735);
#7734 = CARTESIAN_POINT('',(58.,113.3372352633,-141.9));
#7735 = VECTOR('',#7736,1.);
#7736 = DIRECTION('',(1.,0.,0.));
#7737 = PCURVE('',#7677,#7738);
#7738 = DEFINITIONAL_REPRESENTATION('',(#7739),#7743);
#7739 = LINE('',#7740,#7741);
#7740 = CARTESIAN_POINT('',(4.041451884327,0.));
#7741 = VECTOR('',#7742,1.);
#7742 = DIRECTION('',(0.,-1.));
#7743 = ( GEOMETRIC_REPRESENTATION_CONTEXT(2) 
PARAMETRIC_REPRESENTATION_CONTEXT() REPRESENTATION_CONTEXT('2D SPACE',''
  ) );
#7744 = PCURVE('',#7745,#7750);
#7745 = PLANE('',#7746);
#7746 = AXIS2_PLACEMENT_3D('',#7747,#7748,#7749);
#7747 = CARTESIAN_POINT('',(58.,113.3372352633,-141.9));
#7748 = DIRECTION('',(0.,-1.098835820791E-16,-1.));
#7749 = DIRECTION('',(0.,-1.,1.098835820791E-16));
#7750 = DEFINITIONAL_REPRESENTATION('',(#7751),#7755);
#7751 = LINE('',#7752,#7753);
#7752 = CARTESIAN_POINT('',(0.,0.));
#7753 = VECTOR('',#7754,1.);
#7754 = DIRECTION('',(0.,-1.));
#7755 = ( GEOMETRIC_REPRESENTATION_CONTEXT(2) 
PARAMETRIC_REPRESENTATION_CONTEXT() REPRESENTATION_CONTEXT('2D SPACE',''
  ) );
#7756 = ORIENTED_EDGE('',*,*,#7757,.F.);
#7757 = EDGE_CURVE('',#7667,#7730,#7758,.T.);
#7758 = SURFACE_CURVE('',#7759,(#7763,#7770),.PCURVE_S1.);
#7759 = LINE('',#7760,#7761);
#7760 = CARTESIAN_POINT('',(58.,115.35796120546,-145.4));
#7761 = VECTOR('',#7762,1.);
#7762 = DIRECTION('',(0.,-0.5,0.866025403784));
#7763 = PCURVE('',#7677,#7764);
#7764 = DEFINITIONAL_REPRESENTATION('',(#7765),#7769);
#7765 = LINE('',#7766,#7767);
#7766 = CARTESIAN_POINT('',(0.,0.));
#7767 = VECTOR('',#7768,1.);
#7768 = DIRECTION('',(1.,0.));
#7769 = ( GEOMETRIC_REPRESENTATION_CONTEXT(2) 
PARAMETRIC_REPRESENTATION_CONTEXT() REPRESENTATION_CONTEXT('2D SPACE',''
  ) );
#7770 = PCURVE('',#7771,#7776);
#7771 = PLANE('',#7772);
#7772 = AXIS2_PLACEMENT_3D('',#7773,#7774,#7775);
#7773 = CARTESIAN_POINT('',(58.,111.31650932114,-145.4));
#7774 = DIRECTION('',(1.,0.,0.));
#7775 = DIRECTION('',(-0.,0.,1.));
#7776 = DEFINITIONAL_REPRESENTATION('',(#7777),#7781);
#7777 = LINE('',#7778,#7779);
#7778 = CARTESIAN_POINT('',(0.,-4.041451884327));
#7779 = VECTOR('',#7780,1.);
#7780 = DIRECTION('',(0.866025403784,0.5));
#7781 = ( GEOMETRIC_REPRESENTATION_CONTEXT(2) 
PARAMETRIC_REPRESENTATION_CONTEXT() REPRESENTATION_CONTEXT('2D SPACE',''
  ) );
#7782 = ADVANCED_FACE('',(#7783),#7689,.F.);
#7783 = FACE_BOUND('',#7784,.F.);
#7784 = EDGE_LOOP('',(#7785,#7815,#7836,#7837));
#7785 = ORIENTED_EDGE('',*,*,#7786,.T.);
#7786 = EDGE_CURVE('',#7787,#7789,#7791,.T.);
#7787 = VERTEX_POINT('',#7788);
#7788 = CARTESIAN_POINT('',(58.,113.3372352633,-148.9));
#7789 = VERTEX_POINT('',#7790);
#7790 = CARTESIAN_POINT('',(63.,113.3372352633,-148.9));
#7791 = SURFACE_CURVE('',#7792,(#7796,#7803),.PCURVE_S1.);
#7792 = LINE('',#7793,#7794);
#7793 = CARTESIAN_POINT('',(58.,113.3372352633,-148.9));
#7794 = VECTOR('',#7795,1.);
#7795 = DIRECTION('',(1.,0.,0.));
#7796 = PCURVE('',#7689,#7797);
#7797 = DEFINITIONAL_REPRESENTATION('',(#7798),#7802);
#7798 = LINE('',#7799,#7800);
#7799 = CARTESIAN_POINT('',(0.,0.));
#7800 = VECTOR('',#7801,1.);
#7801 = DIRECTION('',(0.,-1.));
#7802 = ( GEOMETRIC_REPRESENTATION_CONTEXT(2) 
PARAMETRIC_REPRESENTATION_CONTEXT() REPRESENTATION_CONTEXT('2D SPACE',''
  ) );
#7803 = PCURVE('',#7804,#7809);
#7804 = PLANE('',#7805);
#7805 = AXIS2_PLACEMENT_3D('',#7806,#7807,#7808);
#7806 = CARTESIAN_POINT('',(58.,109.29578337897,-148.9));
#7807 = DIRECTION('',(-0.,5.494179103953E-16,1.));
#7808 = DIRECTION('',(0.,1.,-5.494179103953E-16));
#7809 = DEFINITIONAL_REPRESENTATION('',(#7810),#7814);
#7810 = LINE('',#7811,#7812);
#7811 = CARTESIAN_POINT('',(4.041451884327,0.));
#7812 = VECTOR('',#7813,1.);
#7813 = DIRECTION('',(0.,-1.));
#7814 = ( GEOMETRIC_REPRESENTATION_CONTEXT(2) 
PARAMETRIC_REPRESENTATION_CONTEXT() REPRESENTATION_CONTEXT('2D SPACE',''
  ) );
#7815 = ORIENTED_EDGE('',*,*,#7816,.T.);
#7816 = EDGE_CURVE('',#7789,#7669,#7817,.T.);
#7817 = SURFACE_CURVE('',#7818,(#7822,#7829),.PCURVE_S1.);
#7818 = LINE('',#7819,#7820);
#7819 = CARTESIAN_POINT('',(63.,113.3372352633,-148.9));
#7820 = VECTOR('',#7821,1.);
#7821 = DIRECTION('',(0.,0.5,0.866025403784));
#7822 = PCURVE('',#7689,#7823);
#7823 = DEFINITIONAL_REPRESENTATION('',(#7824),#7828);
#7824 = LINE('',#7825,#7826);
#7825 = CARTESIAN_POINT('',(0.,-5.));
#7826 = VECTOR('',#7827,1.);
#7827 = DIRECTION('',(1.,0.));
#7828 = ( GEOMETRIC_REPRESENTATION_CONTEXT(2) 
PARAMETRIC_REPRESENTATION_CONTEXT() REPRESENTATION_CONTEXT('2D SPACE',''
  ) );
#7829 = PCURVE('',#7717,#7830);
#7830 = DEFINITIONAL_REPRESENTATION('',(#7831),#7835);
#7831 = LINE('',#7832,#7833);
#7832 = CARTESIAN_POINT('',(-3.5,-2.020725942164));
#7833 = VECTOR('',#7834,1.);
#7834 = DIRECTION('',(0.866025403784,-0.5));
#7835 = ( GEOMETRIC_REPRESENTATION_CONTEXT(2) 
PARAMETRIC_REPRESENTATION_CONTEXT() REPRESENTATION_CONTEXT('2D SPACE',''
  ) );
#7836 = ORIENTED_EDGE('',*,*,#7666,.F.);
#7837 = ORIENTED_EDGE('',*,*,#7838,.F.);
#7838 = EDGE_CURVE('',#7787,#7667,#7839,.T.);
#7839 = SURFACE_CURVE('',#7840,(#7844,#7851),.PCURVE_S1.);
#7840 = LINE('',#7841,#7842);
#7841 = CARTESIAN_POINT('',(58.,113.3372352633,-148.9));
#7842 = VECTOR('',#7843,1.);
#7843 = DIRECTION('',(0.,0.5,0.866025403784));
#7844 = PCURVE('',#7689,#7845);
#7845 = DEFINITIONAL_REPRESENTATION('',(#7846),#7850);
#7846 = LINE('',#7847,#7848);
#7847 = CARTESIAN_POINT('',(0.,0.));
#7848 = VECTOR('',#7849,1.);
#7849 = DIRECTION('',(1.,0.));
#7850 = ( GEOMETRIC_REPRESENTATION_CONTEXT(2) 
PARAMETRIC_REPRESENTATION_CONTEXT() REPRESENTATION_CONTEXT('2D SPACE',''
  ) );
#7851 = PCURVE('',#7771,#7852);
#7852 = DEFINITIONAL_REPRESENTATION('',(#7853),#7857);
#7853 = LINE('',#7854,#7855);
#7854 = CARTESIAN_POINT('',(-3.5,-2.020725942164));
#7855 = VECTOR('',#7856,1.);
#7856 = DIRECTION('',(0.866025403784,-0.5));
#7857 = ( GEOMETRIC_REPRESENTATION_CONTEXT(2) 
PARAMETRIC_REPRESENTATION_CONTEXT() REPRESENTATION_CONTEXT('2D SPACE',''
  ) );
#7858 = ADVANCED_FACE('',(#7859),#7745,.F.);
#7859 = FACE_BOUND('',#7860,.F.);
#7860 = EDGE_LOOP('',(#7861,#7862,#7885,#7913));
#7861 = ORIENTED_EDGE('',*,*,#7729,.T.);
#7862 = ORIENTED_EDGE('',*,*,#7863,.T.);
#7863 = EDGE_CURVE('',#7702,#7864,#7866,.T.);
#7864 = VERTEX_POINT('',#7865);
#7865 = CARTESIAN_POINT('',(63.,109.29578337897,-141.9));
#7866 = SURFACE_CURVE('',#7867,(#7871,#7878),.PCURVE_S1.);
#7867 = LINE('',#7868,#7869);
#7868 = CARTESIAN_POINT('',(63.,113.3372352633,-141.9));
#7869 = VECTOR('',#7870,1.);
#7870 = DIRECTION('',(0.,-1.,1.098835820791E-16));
#7871 = PCURVE('',#7745,#7872);
#7872 = DEFINITIONAL_REPRESENTATION('',(#7873),#7877);
#7873 = LINE('',#7874,#7875);
#7874 = CARTESIAN_POINT('',(0.,-5.));
#7875 = VECTOR('',#7876,1.);
#7876 = DIRECTION('',(1.,0.));
#7877 = ( GEOMETRIC_REPRESENTATION_CONTEXT(2) 
PARAMETRIC_REPRESENTATION_CONTEXT() REPRESENTATION_CONTEXT('2D SPACE',''
  ) );
#7878 = PCURVE('',#7717,#7879);
#7879 = DEFINITIONAL_REPRESENTATION('',(#7880),#7884);
#7880 = LINE('',#7881,#7882);
#7881 = CARTESIAN_POINT('',(3.5,-2.020725942164));
#7882 = VECTOR('',#7883,1.);
#7883 = DIRECTION('',(1.098835820791E-16,1.));
#7884 = ( GEOMETRIC_REPRESENTATION_CONTEXT(2) 
PARAMETRIC_REPRESENTATION_CONTEXT() REPRESENTATION_CONTEXT('2D SPACE',''
  ) );
#7885 = ORIENTED_EDGE('',*,*,#7886,.F.);
#7886 = EDGE_CURVE('',#7887,#7864,#7889,.T.);
#7887 = VERTEX_POINT('',#7888);
#7888 = CARTESIAN_POINT('',(58.,109.29578337897,-141.9));
#7889 = SURFACE_CURVE('',#7890,(#7894,#7901),.PCURVE_S1.);
#7890 = LINE('',#7891,#7892);
#7891 = CARTESIAN_POINT('',(58.,109.29578337897,-141.9));
#7892 = VECTOR('',#7893,1.);
#7893 = DIRECTION('',(1.,0.,0.));
#7894 = PCURVE('',#7745,#7895);
#7895 = DEFINITIONAL_REPRESENTATION('',(#7896),#7900);
#7896 = LINE('',#7897,#7898);
#7897 = CARTESIAN_POINT('',(4.041451884327,0.));
#7898 = VECTOR('',#7899,1.);
#7899 = DIRECTION('',(0.,-1.));
#7900 = ( GEOMETRIC_REPRESENTATION_CONTEXT(2) 
PARAMETRIC_REPRESENTATION_CONTEXT() REPRESENTATION_CONTEXT('2D SPACE',''
  ) );
#7901 = PCURVE('',#7902,#7907);
#7902 = PLANE('',#7903);
#7903 = AXIS2_PLACEMENT_3D('',#7904,#7905,#7906);
#7904 = CARTESIAN_POINT('',(58.,109.29578337897,-141.9));
#7905 = DIRECTION('',(0.,0.866025403784,-0.5));
#7906 = DIRECTION('',(0.,-0.5,-0.866025403784));
#7907 = DEFINITIONAL_REPRESENTATION('',(#7908),#7912);
#7908 = LINE('',#7909,#7910);
#7909 = CARTESIAN_POINT('',(0.,0.));
#7910 = VECTOR('',#7911,1.);
#7911 = DIRECTION('',(0.,-1.));
#7912 = ( GEOMETRIC_REPRESENTATION_CONTEXT(2) 
PARAMETRIC_REPRESENTATION_CONTEXT() REPRESENTATION_CONTEXT('2D SPACE',''
  ) );
#7913 = ORIENTED_EDGE('',*,*,#7914,.F.);
#7914 = EDGE_CURVE('',#7730,#7887,#7915,.T.);
#7915 = SURFACE_CURVE('',#7916,(#7920,#7927),.PCURVE_S1.);
#7916 = LINE('',#7917,#7918);
#7917 = CARTESIAN_POINT('',(58.,113.3372352633,-141.9));
#7918 = VECTOR('',#7919,1.);
#7919 = DIRECTION('',(0.,-1.,1.098835820791E-16));
#7920 = PCURVE('',#7745,#7921);
#7921 = DEFINITIONAL_REPRESENTATION('',(#7922),#7926);
#7922 = LINE('',#7923,#7924);
#7923 = CARTESIAN_POINT('',(0.,0.));
#7924 = VECTOR('',#7925,1.);
#7925 = DIRECTION('',(1.,0.));
#7926 = ( GEOMETRIC_REPRESENTATION_CONTEXT(2) 
PARAMETRIC_REPRESENTATION_CONTEXT() REPRESENTATION_CONTEXT('2D SPACE',''
  ) );
#7927 = PCURVE('',#7771,#7928);
#7928 = DEFINITIONAL_REPRESENTATION('',(#7929),#7933);
#7929 = LINE('',#7930,#7931);
#7930 = CARTESIAN_POINT('',(3.5,-2.020725942164));
#7931 = VECTOR('',#7932,1.);
#7932 = DIRECTION('',(1.098835820791E-16,1.));
#7933 = ( GEOMETRIC_REPRESENTATION_CONTEXT(2) 
PARAMETRIC_REPRESENTATION_CONTEXT() REPRESENTATION_CONTEXT('2D SPACE',''
  ) );
#7934 = ADVANCED_FACE('',(#7935,#8012),#7771,.F.);
#7935 = FACE_BOUND('',#7936,.F.);
#7936 = EDGE_LOOP('',(#7937,#7938,#7939,#7962,#7990,#8011));
#7937 = ORIENTED_EDGE('',*,*,#7757,.T.);
#7938 = ORIENTED_EDGE('',*,*,#7914,.T.);
#7939 = ORIENTED_EDGE('',*,*,#7940,.T.);
#7940 = EDGE_CURVE('',#7887,#7941,#7943,.T.);
#7941 = VERTEX_POINT('',#7942);
#7942 = CARTESIAN_POINT('',(58.,107.27505743681,-145.4));
#7943 = SURFACE_CURVE('',#7944,(#7948,#7955),.PCURVE_S1.);
#7944 = LINE('',#7945,#7946);
#7945 = CARTESIAN_POINT('',(58.,109.29578337897,-141.9));
#7946 = VECTOR('',#7947,1.);
#7947 = DIRECTION('',(0.,-0.5,-0.866025403784));
#7948 = PCURVE('',#7771,#7949);
#7949 = DEFINITIONAL_REPRESENTATION('',(#7950),#7954);
#7950 = LINE('',#7951,#7952);
#7951 = CARTESIAN_POINT('',(3.5,2.020725942164));
#7952 = VECTOR('',#7953,1.);
#7953 = DIRECTION('',(-0.866025403784,0.5));
#7954 = ( GEOMETRIC_REPRESENTATION_CONTEXT(2) 
PARAMETRIC_REPRESENTATION_CONTEXT() REPRESENTATION_CONTEXT('2D SPACE',''
  ) );
#7955 = PCURVE('',#7902,#7956);
#7956 = DEFINITIONAL_REPRESENTATION('',(#7957),#7961);
#7957 = LINE('',#7958,#7959);
#7958 = CARTESIAN_POINT('',(0.,0.));
#7959 = VECTOR('',#7960,1.);
#7960 = DIRECTION('',(1.,0.));
#7961 = ( GEOMETRIC_REPRESENTATION_CONTEXT(2) 
PARAMETRIC_REPRESENTATION_CONTEXT() REPRESENTATION_CONTEXT('2D SPACE',''
  ) );
#7962 = ORIENTED_EDGE('',*,*,#7963,.T.);
#7963 = EDGE_CURVE('',#7941,#7964,#7966,.T.);
#7964 = VERTEX_POINT('',#7965);
#7965 = CARTESIAN_POINT('',(58.,109.29578337897,-148.9));
#7966 = SURFACE_CURVE('',#7967,(#7971,#7978),.PCURVE_S1.);
#7967 = LINE('',#7968,#7969);
#7968 = CARTESIAN_POINT('',(58.,107.27505743681,-145.4));
#7969 = VECTOR('',#7970,1.);
#7970 = DIRECTION('',(0.,0.5,-0.866025403784));
#7971 = PCURVE('',#7771,#7972);
#7972 = DEFINITIONAL_REPRESENTATION('',(#7973),#7977);
#7973 = LINE('',#7974,#7975);
#7974 = CARTESIAN_POINT('',(0.,4.041451884327));
#7975 = VECTOR('',#7976,1.);
#7976 = DIRECTION('',(-0.866025403784,-0.5));
#7977 = ( GEOMETRIC_REPRESENTATION_CONTEXT(2) 
PARAMETRIC_REPRESENTATION_CONTEXT() REPRESENTATION_CONTEXT('2D SPACE',''
  ) );
#7978 = PCURVE('',#7979,#7984);
#7979 = PLANE('',#7980);
#7980 = AXIS2_PLACEMENT_3D('',#7981,#7982,#7983);
#7981 = CARTESIAN_POINT('',(58.,107.27505743681,-145.4));
#7982 = DIRECTION('',(-0.,0.866025403784,0.5));
#7983 = DIRECTION('',(0.,0.5,-0.866025403784));
#7984 = DEFINITIONAL_REPRESENTATION('',(#7985),#7989);
#7985 = LINE('',#7986,#7987);
#7986 = CARTESIAN_POINT('',(0.,0.));
#7987 = VECTOR('',#7988,1.);
#7988 = DIRECTION('',(1.,0.));
#7989 = ( GEOMETRIC_REPRESENTATION_CONTEXT(2) 
PARAMETRIC_REPRESENTATION_CONTEXT() REPRESENTATION_CONTEXT('2D SPACE',''
  ) );
#7990 = ORIENTED_EDGE('',*,*,#7991,.T.);
#7991 = EDGE_CURVE('',#7964,#7787,#7992,.T.);
#7992 = SURFACE_CURVE('',#7993,(#7997,#8004),.PCURVE_S1.);
#7993 = LINE('',#7994,#7995);
#7994 = CARTESIAN_POINT('',(58.,109.29578337897,-148.9));
#7995 = VECTOR('',#7996,1.);
#7996 = DIRECTION('',(0.,1.,-5.494179103953E-16));
#7997 = PCURVE('',#7771,#7998);
#7998 = DEFINITIONAL_REPRESENTATION('',(#7999),#8003);
#7999 = LINE('',#8000,#8001);
#8000 = CARTESIAN_POINT('',(-3.5,2.020725942164));
#8001 = VECTOR('',#8002,1.);
#8002 = DIRECTION('',(-5.494179103953E-16,-1.));
#8003 = ( GEOMETRIC_REPRESENTATION_CONTEXT(2) 
PARAMETRIC_REPRESENTATION_CONTEXT() REPRESENTATION_CONTEXT('2D SPACE',''
  ) );
#8004 = PCURVE('',#7804,#8005);
#8005 = DEFINITIONAL_REPRESENTATION('',(#8006),#8010);
#8006 = LINE('',#8007,#8008);
#8007 = CARTESIAN_POINT('',(0.,0.));
#8008 = VECTOR('',#8009,1.);
#8009 = DIRECTION('',(1.,0.));
#8010 = ( GEOMETRIC_REPRESENTATION_CONTEXT(2) 
PARAMETRIC_REPRESENTATION_CONTEXT() REPRESENTATION_CONTEXT('2D SPACE',''
  ) );
#8011 = ORIENTED_EDGE('',*,*,#7838,.T.);
#8012 = FACE_BOUND('',#8013,.F.);
#8013 = EDGE_LOOP('',(#8014));
#8014 = ORIENTED_EDGE('',*,*,#8015,.T.);
#8015 = EDGE_CURVE('',#8016,#8016,#8018,.T.);
#8016 = VERTEX_POINT('',#8017);
#8017 = CARTESIAN_POINT('',(58.,113.31650932114,-145.4));
#8018 = SURFACE_CURVE('',#8019,(#8024,#8035),.PCURVE_S1.);
#8019 = CIRCLE('',#8020,2.);
#8020 = AXIS2_PLACEMENT_3D('',#8021,#8022,#8023);
#8021 = CARTESIAN_POINT('',(58.,111.31650932114,-145.4));
#8022 = DIRECTION('',(-1.,0.,0.));
#8023 = DIRECTION('',(0.,1.,0.));
#8024 = PCURVE('',#7771,#8025);
#8025 = DEFINITIONAL_REPRESENTATION('',(#8026),#8034);
#8026 = ( BOUNDED_CURVE() B_SPLINE_CURVE(2,(#8027,#8028,#8029,#8030,
#8031,#8032,#8033),.UNSPECIFIED.,.T.,.F.) B_SPLINE_CURVE_WITH_KNOTS((1,2
    ,2,2,2,1),(-2.094395102393,0.,2.094395102393,4.188790204786,
6.28318530718,8.377580409573),.UNSPECIFIED.) CURVE() 
GEOMETRIC_REPRESENTATION_ITEM() RATIONAL_B_SPLINE_CURVE((1.,0.5,1.,0.5,
1.,0.5,1.)) REPRESENTATION_ITEM('') );
#8027 = CARTESIAN_POINT('',(0.,-2.));
#8028 = CARTESIAN_POINT('',(-3.464101615138,-2.));
#8029 = CARTESIAN_POINT('',(-1.732050807569,1.));
#8030 = CARTESIAN_POINT('',(-4.898587196589E-16,4.));
#8031 = CARTESIAN_POINT('',(1.732050807569,1.));
#8032 = CARTESIAN_POINT('',(3.464101615138,-2.));
#8033 = CARTESIAN_POINT('',(0.,-2.));
#8034 = ( GEOMETRIC_REPRESENTATION_CONTEXT(2) 
PARAMETRIC_REPRESENTATION_CONTEXT() REPRESENTATION_CONTEXT('2D SPACE',''
  ) );
#8035 = PCURVE('',#8036,#8041);
#8036 = CYLINDRICAL_SURFACE('',#8037,2.);
#8037 = AXIS2_PLACEMENT_3D('',#8038,#8039,#8040);
#8038 = CARTESIAN_POINT('',(57.,111.31650932114,-145.4));
#8039 = DIRECTION('',(-1.,-0.,-0.));
#8040 = DIRECTION('',(0.,1.,0.));
#8041 = DEFINITIONAL_REPRESENTATION('',(#8042),#8046);
#8042 = LINE('',#8043,#8044);
#8043 = CARTESIAN_POINT('',(-6.28318530718,-1.));
#8044 = VECTOR('',#8045,1.);
#8045 = DIRECTION('',(1.,-0.));
#8046 = ( GEOMETRIC_REPRESENTATION_CONTEXT(2) 
PARAMETRIC_REPRESENTATION_CONTEXT() REPRESENTATION_CONTEXT('2D SPACE',''
  ) );
#8047 = ADVANCED_FACE('',(#8048,#8120),#7717,.T.);
#8048 = FACE_BOUND('',#8049,.T.);
#8049 = EDGE_LOOP('',(#8050,#8051,#8052,#8075,#8098,#8119));
#8050 = ORIENTED_EDGE('',*,*,#7701,.T.);
#8051 = ORIENTED_EDGE('',*,*,#7863,.T.);
#8052 = ORIENTED_EDGE('',*,*,#8053,.T.);
#8053 = EDGE_CURVE('',#7864,#8054,#8056,.T.);
#8054 = VERTEX_POINT('',#8055);
#8055 = CARTESIAN_POINT('',(63.,107.27505743681,-145.4));
#8056 = SURFACE_CURVE('',#8057,(#8061,#8068),.PCURVE_S1.);
#8057 = LINE('',#8058,#8059);
#8058 = CARTESIAN_POINT('',(63.,109.29578337897,-141.9));
#8059 = VECTOR('',#8060,1.);
#8060 = DIRECTION('',(0.,-0.5,-0.866025403784));
#8061 = PCURVE('',#7717,#8062);
#8062 = DEFINITIONAL_REPRESENTATION('',(#8063),#8067);
#8063 = LINE('',#8064,#8065);
#8064 = CARTESIAN_POINT('',(3.5,2.020725942164));
#8065 = VECTOR('',#8066,1.);
#8066 = DIRECTION('',(-0.866025403784,0.5));
#8067 = ( GEOMETRIC_REPRESENTATION_CONTEXT(2) 
PARAMETRIC_REPRESENTATION_CONTEXT() REPRESENTATION_CONTEXT('2D SPACE',''
  ) );
#8068 = PCURVE('',#7902,#8069);
#8069 = DEFINITIONAL_REPRESENTATION('',(#8070),#8074);
#8070 = LINE('',#8071,#8072);
#8071 = CARTESIAN_POINT('',(0.,-5.));
#8072 = VECTOR('',#8073,1.);
#8073 = DIRECTION('',(1.,0.));
#8074 = ( GEOMETRIC_REPRESENTATION_CONTEXT(2) 
PARAMETRIC_REPRESENTATION_CONTEXT() REPRESENTATION_CONTEXT('2D SPACE',''
  ) );
#8075 = ORIENTED_EDGE('',*,*,#8076,.T.);
#8076 = EDGE_CURVE('',#8054,#8077,#8079,.T.);
#8077 = VERTEX_POINT('',#8078);
#8078 = CARTESIAN_POINT('',(63.,109.29578337897,-148.9));
#8079 = SURFACE_CURVE('',#8080,(#8084,#8091),.PCURVE_S1.);
#8080 = LINE('',#8081,#8082);
#8081 = CARTESIAN_POINT('',(63.,107.27505743681,-145.4));
#8082 = VECTOR('',#8083,1.);
#8083 = DIRECTION('',(0.,0.5,-0.866025403784));
#8084 = PCURVE('',#7717,#8085);
#8085 = DEFINITIONAL_REPRESENTATION('',(#8086),#8090);
#8086 = LINE('',#8087,#8088);
#8087 = CARTESIAN_POINT('',(0.,4.041451884327));
#8088 = VECTOR('',#8089,1.);
#8089 = DIRECTION('',(-0.866025403784,-0.5));
#8090 = ( GEOMETRIC_REPRESENTATION_CONTEXT(2) 
PARAMETRIC_REPRESENTATION_CONTEXT() REPRESENTATION_CONTEXT('2D SPACE',''
  ) );
#8091 = PCURVE('',#7979,#8092);
#8092 = DEFINITIONAL_REPRESENTATION('',(#8093),#8097);
#8093 = LINE('',#8094,#8095);
#8094 = CARTESIAN_POINT('',(0.,-5.));
#8095 = VECTOR('',#8096,1.);
#8096 = DIRECTION('',(1.,0.));
#8097 = ( GEOMETRIC_REPRESENTATION_CONTEXT(2) 
PARAMETRIC_REPRESENTATION_CONTEXT() REPRESENTATION_CONTEXT('2D SPACE',''
  ) );
#8098 = ORIENTED_EDGE('',*,*,#8099,.T.);
#8099 = EDGE_CURVE('',#8077,#7789,#8100,.T.);
#8100 = SURFACE_CURVE('',#8101,(#8105,#8112),.PCURVE_S1.);
#8101 = LINE('',#8102,#8103);
#8102 = CARTESIAN_POINT('',(63.,109.29578337897,-148.9));
#8103 = VECTOR('',#8104,1.);
#8104 = DIRECTION('',(0.,1.,-5.494179103953E-16));
#8105 = PCURVE('',#7717,#8106);
#8106 = DEFINITIONAL_REPRESENTATION('',(#8107),#8111);
#8107 = LINE('',#8108,#8109);
#8108 = CARTESIAN_POINT('',(-3.5,2.020725942164));
#8109 = VECTOR('',#8110,1.);
#8110 = DIRECTION('',(-5.494179103953E-16,-1.));
#8111 = ( GEOMETRIC_REPRESENTATION_CONTEXT(2) 
PARAMETRIC_REPRESENTATION_CONTEXT() REPRESENTATION_CONTEXT('2D SPACE',''
  ) );
#8112 = PCURVE('',#7804,#8113);
#8113 = DEFINITIONAL_REPRESENTATION('',(#8114),#8118);
#8114 = LINE('',#8115,#8116);
#8115 = CARTESIAN_POINT('',(0.,-5.));
#8116 = VECTOR('',#8117,1.);
#8117 = DIRECTION('',(1.,0.));
#8118 = ( GEOMETRIC_REPRESENTATION_CONTEXT(2) 
PARAMETRIC_REPRESENTATION_CONTEXT() REPRESENTATION_CONTEXT('2D SPACE',''
  ) );
#8119 = ORIENTED_EDGE('',*,*,#7816,.T.);
#8120 = FACE_BOUND('',#8121,.T.);
#8121 = EDGE_LOOP('',(#8122));
#8122 = ORIENTED_EDGE('',*,*,#8123,.T.);
#8123 = EDGE_CURVE('',#8124,#8124,#8126,.T.);
#8124 = VERTEX_POINT('',#8125);
#8125 = CARTESIAN_POINT('',(63.,113.31650932114,-145.4));
#8126 = SURFACE_CURVE('',#8127,(#8132,#8143),.PCURVE_S1.);
#8127 = CIRCLE('',#8128,2.);
#8128 = AXIS2_PLACEMENT_3D('',#8129,#8130,#8131);
#8129 = CARTESIAN_POINT('',(63.,111.31650932114,-145.4));
#8130 = DIRECTION('',(-1.,0.,0.));
#8131 = DIRECTION('',(0.,1.,0.));
#8132 = PCURVE('',#7717,#8133);
#8133 = DEFINITIONAL_REPRESENTATION('',(#8134),#8142);
#8134 = ( BOUNDED_CURVE() B_SPLINE_CURVE(2,(#8135,#8136,#8137,#8138,
#8139,#8140,#8141),.UNSPECIFIED.,.T.,.F.) B_SPLINE_CURVE_WITH_KNOTS((1,2
    ,2,2,2,1),(-2.094395102393,0.,2.094395102393,4.188790204786,
6.28318530718,8.377580409573),.UNSPECIFIED.) CURVE() 
GEOMETRIC_REPRESENTATION_ITEM() RATIONAL_B_SPLINE_CURVE((1.,0.5,1.,0.5,
1.,0.5,1.)) REPRESENTATION_ITEM('') );
#8135 = CARTESIAN_POINT('',(0.,-2.));
#8136 = CARTESIAN_POINT('',(-3.464101615138,-2.));
#8137 = CARTESIAN_POINT('',(-1.732050807569,1.));
#8138 = CARTESIAN_POINT('',(-4.898587196589E-16,4.));
#8139 = CARTESIAN_POINT('',(1.732050807569,1.));
#8140 = CARTESIAN_POINT('',(3.464101615138,-2.));
#8141 = CARTESIAN_POINT('',(0.,-2.));
#8142 = ( GEOMETRIC_REPRESENTATION_CONTEXT(2) 
PARAMETRIC_REPRESENTATION_CONTEXT() REPRESENTATION_CONTEXT('2D SPACE',''
  ) );
#8143 = PCURVE('',#8036,#8144);
#8144 = DEFINITIONAL_REPRESENTATION('',(#8145),#8149);
#8145 = LINE('',#8146,#8147);
#8146 = CARTESIAN_POINT('',(-6.28318530718,-6.));
#8147 = VECTOR('',#8148,1.);
#8148 = DIRECTION('',(1.,-0.));
#8149 = ( GEOMETRIC_REPRESENTATION_CONTEXT(2) 
PARAMETRIC_REPRESENTATION_CONTEXT() REPRESENTATION_CONTEXT('2D SPACE',''
  ) );
#8150 = ADVANCED_FACE('',(#8151),#7804,.F.);
#8151 = FACE_BOUND('',#8152,.F.);
#8152 = EDGE_LOOP('',(#8153,#8174,#8175,#8176));
#8153 = ORIENTED_EDGE('',*,*,#8154,.T.);
#8154 = EDGE_CURVE('',#7964,#8077,#8155,.T.);
#8155 = SURFACE_CURVE('',#8156,(#8160,#8167),.PCURVE_S1.);
#8156 = LINE('',#8157,#8158);
#8157 = CARTESIAN_POINT('',(58.,109.29578337897,-148.9));
#8158 = VECTOR('',#8159,1.);
#8159 = DIRECTION('',(1.,0.,0.));
#8160 = PCURVE('',#7804,#8161);
#8161 = DEFINITIONAL_REPRESENTATION('',(#8162),#8166);
#8162 = LINE('',#8163,#8164);
#8163 = CARTESIAN_POINT('',(0.,0.));
#8164 = VECTOR('',#8165,1.);
#8165 = DIRECTION('',(0.,-1.));
#8166 = ( GEOMETRIC_REPRESENTATION_CONTEXT(2) 
PARAMETRIC_REPRESENTATION_CONTEXT() REPRESENTATION_CONTEXT('2D SPACE',''
  ) );
#8167 = PCURVE('',#7979,#8168);
#8168 = DEFINITIONAL_REPRESENTATION('',(#8169),#8173);
#8169 = LINE('',#8170,#8171);
#8170 = CARTESIAN_POINT('',(4.041451884327,0.));
#8171 = VECTOR('',#8172,1.);
#8172 = DIRECTION('',(0.,-1.));
#8173 = ( GEOMETRIC_REPRESENTATION_CONTEXT(2) 
PARAMETRIC_REPRESENTATION_CONTEXT() REPRESENTATION_CONTEXT('2D SPACE',''
  ) );
#8174 = ORIENTED_EDGE('',*,*,#8099,.T.);
#8175 = ORIENTED_EDGE('',*,*,#7786,.F.);
#8176 = ORIENTED_EDGE('',*,*,#7991,.F.);
#8177 = ADVANCED_FACE('',(#8178),#7902,.F.);
#8178 = FACE_BOUND('',#8179,.F.);
#8179 = EDGE_LOOP('',(#8180,#8181,#8182,#8203));
#8180 = ORIENTED_EDGE('',*,*,#7886,.T.);
#8181 = ORIENTED_EDGE('',*,*,#8053,.T.);
#8182 = ORIENTED_EDGE('',*,*,#8183,.F.);
#8183 = EDGE_CURVE('',#7941,#8054,#8184,.T.);
#8184 = SURFACE_CURVE('',#8185,(#8189,#8196),.PCURVE_S1.);
#8185 = LINE('',#8186,#8187);
#8186 = CARTESIAN_POINT('',(58.,107.27505743681,-145.4));
#8187 = VECTOR('',#8188,1.);
#8188 = DIRECTION('',(1.,0.,0.));
#8189 = PCURVE('',#7902,#8190);
#8190 = DEFINITIONAL_REPRESENTATION('',(#8191),#8195);
#8191 = LINE('',#8192,#8193);
#8192 = CARTESIAN_POINT('',(4.041451884327,0.));
#8193 = VECTOR('',#8194,1.);
#8194 = DIRECTION('',(0.,-1.));
#8195 = ( GEOMETRIC_REPRESENTATION_CONTEXT(2) 
PARAMETRIC_REPRESENTATION_CONTEXT() REPRESENTATION_CONTEXT('2D SPACE',''
  ) );
#8196 = PCURVE('',#7979,#8197);
#8197 = DEFINITIONAL_REPRESENTATION('',(#8198),#8202);
#8198 = LINE('',#8199,#8200);
#8199 = CARTESIAN_POINT('',(0.,0.));
#8200 = VECTOR('',#8201,1.);
#8201 = DIRECTION('',(0.,-1.));
#8202 = ( GEOMETRIC_REPRESENTATION_CONTEXT(2) 
PARAMETRIC_REPRESENTATION_CONTEXT() REPRESENTATION_CONTEXT('2D SPACE',''
  ) );
#8203 = ORIENTED_EDGE('',*,*,#7940,.F.);
#8204 = ADVANCED_FACE('',(#8205),#7979,.F.);
#8205 = FACE_BOUND('',#8206,.F.);
#8206 = EDGE_LOOP('',(#8207,#8208,#8209,#8210));
#8207 = ORIENTED_EDGE('',*,*,#8183,.T.);
#8208 = ORIENTED_EDGE('',*,*,#8076,.T.);
#8209 = ORIENTED_EDGE('',*,*,#8154,.F.);
#8210 = ORIENTED_EDGE('',*,*,#7963,.F.);
#8211 = ADVANCED_FACE('',(#8212),#8036,.F.);
#8212 = FACE_BOUND('',#8213,.T.);
#8213 = EDGE_LOOP('',(#8214,#8215,#8236,#8237));
#8214 = ORIENTED_EDGE('',*,*,#8015,.T.);
#8215 = ORIENTED_EDGE('',*,*,#8216,.T.);
#8216 = EDGE_CURVE('',#8016,#8124,#8217,.T.);
#8217 = SEAM_CURVE('',#8218,(#8222,#8229),.PCURVE_S1.);
#8218 = LINE('',#8219,#8220);
#8219 = CARTESIAN_POINT('',(57.,113.31650932114,-145.4));
#8220 = VECTOR('',#8221,1.);
#8221 = DIRECTION('',(1.,0.,0.));
#8222 = PCURVE('',#8036,#8223);
#8223 = DEFINITIONAL_REPRESENTATION('',(#8224),#8228);
#8224 = LINE('',#8225,#8226);
#8225 = CARTESIAN_POINT('',(-6.28318530718,0.));
#8226 = VECTOR('',#8227,1.);
#8227 = DIRECTION('',(-0.,-1.));
#8228 = ( GEOMETRIC_REPRESENTATION_CONTEXT(2) 
PARAMETRIC_REPRESENTATION_CONTEXT() REPRESENTATION_CONTEXT('2D SPACE',''
  ) );
#8229 = PCURVE('',#8036,#8230);
#8230 = DEFINITIONAL_REPRESENTATION('',(#8231),#8235);
#8231 = LINE('',#8232,#8233);
#8232 = CARTESIAN_POINT('',(-0.,0.));
#8233 = VECTOR('',#8234,1.);
#8234 = DIRECTION('',(-0.,-1.));
#8235 = ( GEOMETRIC_REPRESENTATION_CONTEXT(2) 
PARAMETRIC_REPRESENTATION_CONTEXT() REPRESENTATION_CONTEXT('2D SPACE',''
  ) );
#8236 = ORIENTED_EDGE('',*,*,#8123,.F.);
#8237 = ORIENTED_EDGE('',*,*,#8216,.F.);
#8238 = ( GEOMETRIC_REPRESENTATION_CONTEXT(3) 
GLOBAL_UNCERTAINTY_ASSIGNED_CONTEXT((#8242)) 
GLOBAL_UNIT_ASSIGNED_CONTEXT((#8239,#8240,#8241)) REPRESENTATION_CONTEXT
('Context #1','3D Context with UNIT and UNCERTAINTY') );
#8239 = ( LENGTH_UNIT() NAMED_UNIT(*) SI_UNIT(.MILLI.,.METRE.) );
#8240 = ( NAMED_UNIT(*) PLANE_ANGLE_UNIT() SI_UNIT($,.RADIAN.) );
#8241 = ( NAMED_UNIT(*) SI_UNIT($,.STERADIAN.) SOLID_ANGLE_UNIT() );
#8242 = UNCERTAINTY_MEASURE_WITH_UNIT(LENGTH_MEASURE(1.E-07),#8239,
  'distance_accuracy_value','confusion accuracy');
#8243 = CONTEXT_DEPENDENT_SHAPE_REPRESENTATION(#8244,#8246);
#8244 = ( REPRESENTATION_RELATIONSHIP('','',#7659,#7636) 
REPRESENTATION_RELATIONSHIP_WITH_TRANSFORMATION(#8245) 
SHAPE_REPRESENTATION_RELATIONSHIP() );
#8245 = ITEM_DEFINED_TRANSFORMATION('','',#11,#7637);
#8246 = PRODUCT_DEFINITION_SHAPE('Placement','Placement of an item',
  #8247);
#8247 = NEXT_ASSEMBLY_USAGE_OCCURRENCE('11','','',#7631,#7654,$);
#8248 = PRODUCT_RELATED_PRODUCT_CATEGORY('part',$,(#7656));
#8249 = SHAPE_DEFINITION_REPRESENTATION(#8250,#8256);
#8250 = PRODUCT_DEFINITION_SHAPE('','',#8251);
#8251 = PRODUCT_DEFINITION('design','',#8252,#8255);
#8252 = PRODUCT_DEFINITION_FORMATION('','',#8253);
#8253 = PRODUCT('xrite_i1_plate','xrite_i1_plate','',(#8254));
#8254 = PRODUCT_CONTEXT('',#2,'mechanical');
#8255 = PRODUCT_DEFINITION_CONTEXT('part definition',#2,'design');
#8256 = SHAPE_REPRESENTATION('',(#11,#8257),#8261);
#8257 = AXIS2_PLACEMENT_3D('',#8258,#8259,#8260);
#8258 = CARTESIAN_POINT('',(0.,0.,0.));
#8259 = DIRECTION('',(0.,0.,1.));
#8260 = DIRECTION('',(1.,0.,-0.));
#8261 = ( GEOMETRIC_REPRESENTATION_CONTEXT(3) 
GLOBAL_UNCERTAINTY_ASSIGNED_CONTEXT((#8265)) 
GLOBAL_UNIT_ASSIGNED_CONTEXT((#8262,#8263,#8264)) REPRESENTATION_CONTEXT
('Context #1','3D Context with UNIT and UNCERTAINTY') );
#8262 = ( LENGTH_UNIT() NAMED_UNIT(*) SI_UNIT(.MILLI.,.METRE.) );
#8263 = ( NAMED_UNIT(*) PLANE_ANGLE_UNIT() SI_UNIT($,.RADIAN.) );
#8264 = ( NAMED_UNIT(*) SI_UNIT($,.STERADIAN.) SOLID_ANGLE_UNIT() );
#8265 = UNCERTAINTY_MEASURE_WITH_UNIT(LENGTH_MEASURE(1.E-07),#8262,
  'distance_accuracy_value','confusion accuracy');
#8266 = CONTEXT_DEPENDENT_SHAPE_REPRESENTATION(#8267,#8269);
#8267 = ( REPRESENTATION_RELATIONSHIP('','',#8256,#10) 
REPRESENTATION_RELATIONSHIP_WITH_TRANSFORMATION(#8268) 
SHAPE_REPRESENTATION_RELATIONSHIP() );
#8268 = ITEM_DEFINED_TRANSFORMATION('','',#11,#39);
#8269 = PRODUCT_DEFINITION_SHAPE('Placement','Placement of an item',
  #8270);
#8270 = NEXT_ASSEMBLY_USAGE_OCCURRENCE('14','','',#5,#8251,$);
#8271 = PRODUCT_RELATED_PRODUCT_CATEGORY('part',$,(#8253));
#8272 = SHAPE_DEFINITION_REPRESENTATION(#8273,#8279);
#8273 = PRODUCT_DEFINITION_SHAPE('','',#8274);
#8274 = PRODUCT_DEFINITION('design','',#8275,#8278);
#8275 = PRODUCT_DEFINITION_FORMATION('','',#8276);
#8276 = PRODUCT('xrite_i1_plate_part','xrite_i1_plate_part','',(#8277));
#8277 = PRODUCT_CONTEXT('',#2,'mechanical');
#8278 = PRODUCT_DEFINITION_CONTEXT('part definition',#2,'design');
#8279 = ADVANCED_BREP_SHAPE_REPRESENTATION('',(#11,#8280),#15424);
#8280 = MANIFOLD_SOLID_BREP('',#8281);
#8281 = CLOSED_SHELL('',(#8282,#8402,#8478,#10010,#10059,#11220,#11247,
    #11323,#11372,#11421,#11470,#11519,#11568,#11617,#11666,#11715,
    #11769,#11823,#11945,#12029,#12078,#12135,#12184,#12238,#12287,
    #12336,#12385,#12434,#12483,#12532,#12581,#12630,#12679,#12728,
    #12755,#12802,#12809,#12836,#12863,#12890,#12917,#12944,#12971,
    #12998,#13025,#13052,#13079,#13106,#13133,#13160,#13187,#13214,
    #13241,#13268,#13275,#13346,#13428,#13482,#13542,#13613,#13662,
    #13711,#13760,#13809,#13858,#13907,#13956,#14005,#14054,#14103,
    #14152,#14201,#14250,#14299,#14348,#14397,#14446,#14495,#14544,
    #14593,#14642,#14691,#14718,#14810,#14856,#15012,#15019,#15046,
    #15072,#15078,#15127,#15181,#15208,#15214,#15291,#15340,#15390,
    #15417));
#8282 = ADVANCED_FACE('',(#8283),#8297,.T.);
#8283 = FACE_BOUND('',#8284,.T.);
#8284 = EDGE_LOOP('',(#8285,#8320,#8348,#8376));
#8285 = ORIENTED_EDGE('',*,*,#8286,.T.);
#8286 = EDGE_CURVE('',#8287,#8289,#8291,.T.);
#8287 = VERTEX_POINT('',#8288);
#8288 = CARTESIAN_POINT('',(35.979041576385,241.63299568159,-149.4));
#8289 = VERTEX_POINT('',#8290);
#8290 = CARTESIAN_POINT('',(35.979041576385,241.63299568159,-150.4));
#8291 = SURFACE_CURVE('',#8292,(#8296,#8308),.PCURVE_S1.);
#8292 = LINE('',#8293,#8294);
#8293 = CARTESIAN_POINT('',(35.979041576385,241.63299568159,-149.4));
#8294 = VECTOR('',#8295,1.);
#8295 = DIRECTION('',(-0.,0.,-1.));
#8296 = PCURVE('',#8297,#8302);
#8297 = PLANE('',#8298);
#8298 = AXIS2_PLACEMENT_3D('',#8299,#8300,#8301);
#8299 = CARTESIAN_POINT('',(36.270059266056,241.25373326791,
    -150.0641541824));
#8300 = DIRECTION('',(-0.793353942285,-0.608760644474,1.47883703367E-16)
  );
#8301 = DIRECTION('',(0.608760644474,-0.793353942285,0.));
#8302 = DEFINITIONAL_REPRESENTATION('',(#8303),#8307);
#8303 = LINE('',#8304,#8305);
#8304 = CARTESIAN_POINT('',(-0.478049447368,0.664154182486));
#8305 = VECTOR('',#8306,1.);
#8306 = DIRECTION('',(0.,-1.));
#8307 = ( GEOMETRIC_REPRESENTATION_CONTEXT(2) 
PARAMETRIC_REPRESENTATION_CONTEXT() REPRESENTATION_CONTEXT('2D SPACE',''
  ) );
#8308 = PCURVE('',#8309,#8314);
#8309 = PLANE('',#8310);
#8310 = AXIS2_PLACEMENT_3D('',#8311,#8312,#8313);
#8311 = CARTESIAN_POINT('',(35.59977923186,241.92401260829,
    -150.0641541212));
#8312 = DIRECTION('',(-0.608759709796,-0.793354659486,
    -1.478836843207E-16));
#8313 = DIRECTION('',(-0.793354659486,0.608759709796,-1.232595164408E-32
    ));
#8314 = DEFINITIONAL_REPRESENTATION('',(#8315),#8319);
#8315 = LINE('',#8316,#8317);
#8316 = CARTESIAN_POINT('',(-0.478048928043,-0.664154121251));
#8317 = VECTOR('',#8318,1.);
#8318 = DIRECTION('',(1.232595164408E-32,1.));
#8319 = ( GEOMETRIC_REPRESENTATION_CONTEXT(2) 
PARAMETRIC_REPRESENTATION_CONTEXT() REPRESENTATION_CONTEXT('2D SPACE',''
  ) );
#8320 = ORIENTED_EDGE('',*,*,#8321,.T.);
#8321 = EDGE_CURVE('',#8289,#8322,#8324,.T.);
#8322 = VERTEX_POINT('',#8323);
#8323 = CARTESIAN_POINT('',(36.760938167572,240.6140061186,-150.4));
#8324 = SURFACE_CURVE('',#8325,(#8329,#8336),.PCURVE_S1.);
#8325 = LINE('',#8326,#8327);
#8326 = CARTESIAN_POINT('',(35.979041576385,241.63299568159,-150.4));
#8327 = VECTOR('',#8328,1.);
#8328 = DIRECTION('',(0.608760644474,-0.793353942285,0.));
#8329 = PCURVE('',#8297,#8330);
#8330 = DEFINITIONAL_REPRESENTATION('',(#8331),#8335);
#8331 = LINE('',#8332,#8333);
#8332 = CARTESIAN_POINT('',(-0.478049447368,-0.335845817514));
#8333 = VECTOR('',#8334,1.);
#8334 = DIRECTION('',(1.,-3.69535355108E-32));
#8335 = ( GEOMETRIC_REPRESENTATION_CONTEXT(2) 
PARAMETRIC_REPRESENTATION_CONTEXT() REPRESENTATION_CONTEXT('2D SPACE',''
  ) );
#8336 = PCURVE('',#8337,#8342);
#8337 = PLANE('',#8338);
#8338 = AXIS2_PLACEMENT_3D('',#8339,#8340,#8341);
#8339 = CARTESIAN_POINT('',(37.464269267932,228.20629071695,-150.4));
#8340 = DIRECTION('',(0.,0.,-1.));
#8341 = DIRECTION('',(1.,-1.224646799147E-16,0.));
#8342 = DEFINITIONAL_REPRESENTATION('',(#8343),#8347);
#8343 = LINE('',#8344,#8345);
#8344 = CARTESIAN_POINT('',(-1.485227691546,-13.42670496463));
#8345 = VECTOR('',#8346,1.);
#8346 = DIRECTION('',(0.608760644474,0.793353942285));
#8347 = ( GEOMETRIC_REPRESENTATION_CONTEXT(2) 
PARAMETRIC_REPRESENTATION_CONTEXT() REPRESENTATION_CONTEXT('2D SPACE',''
  ) );
#8348 = ORIENTED_EDGE('',*,*,#8349,.F.);
#8349 = EDGE_CURVE('',#8350,#8322,#8352,.T.);
#8350 = VERTEX_POINT('',#8351);
#8351 = CARTESIAN_POINT('',(36.760938167572,240.6140061186,-149.4));
#8352 = SURFACE_CURVE('',#8353,(#8357,#8364),.PCURVE_S1.);
#8353 = LINE('',#8354,#8355);
#8354 = CARTESIAN_POINT('',(36.760938167572,240.6140061186,-149.4));
#8355 = VECTOR('',#8356,1.);
#8356 = DIRECTION('',(-0.,0.,-1.));
#8357 = PCURVE('',#8297,#8358);
#8358 = DEFINITIONAL_REPRESENTATION('',(#8359),#8363);
#8359 = LINE('',#8360,#8361);
#8360 = CARTESIAN_POINT('',(0.806357812339,0.664154182486));
#8361 = VECTOR('',#8362,1.);
#8362 = DIRECTION('',(0.,-1.));
#8363 = ( GEOMETRIC_REPRESENTATION_CONTEXT(2) 
PARAMETRIC_REPRESENTATION_CONTEXT() REPRESENTATION_CONTEXT('2D SPACE',''
  ) );
#8364 = PCURVE('',#8365,#8370);
#8365 = PLANE('',#8366);
#8366 = AXIS2_PLACEMENT_3D('',#8367,#8368,#8369);
#8367 = CARTESIAN_POINT('',(36.943879121744,240.1723475906,
    -150.0641539819));
#8368 = DIRECTION('',(-0.923879531077,-0.382683435828,0.));
#8369 = DIRECTION('',(0.382683435828,-0.923879531077,0.));
#8370 = DEFINITIONAL_REPRESENTATION('',(#8371),#8375);
#8371 = LINE('',#8372,#8373);
#8372 = CARTESIAN_POINT('',(-0.478047746635,0.664153981948));
#8373 = VECTOR('',#8374,1.);
#8374 = DIRECTION('',(0.,-1.));
#8375 = ( GEOMETRIC_REPRESENTATION_CONTEXT(2) 
PARAMETRIC_REPRESENTATION_CONTEXT() REPRESENTATION_CONTEXT('2D SPACE',''
  ) );
#8376 = ORIENTED_EDGE('',*,*,#8377,.F.);
#8377 = EDGE_CURVE('',#8287,#8350,#8378,.T.);
#8378 = SURFACE_CURVE('',#8379,(#8383,#8390),.PCURVE_S1.);
#8379 = LINE('',#8380,#8381);
#8380 = CARTESIAN_POINT('',(35.979041576385,241.63299568159,-149.4));
#8381 = VECTOR('',#8382,1.);
#8382 = DIRECTION('',(0.608760644474,-0.793353942285,0.));
#8383 = PCURVE('',#8297,#8384);
#8384 = DEFINITIONAL_REPRESENTATION('',(#8385),#8389);
#8385 = LINE('',#8386,#8387);
#8386 = CARTESIAN_POINT('',(-0.478049447368,0.664154182486));
#8387 = VECTOR('',#8388,1.);
#8388 = DIRECTION('',(1.,-3.69535355108E-32));
#8389 = ( GEOMETRIC_REPRESENTATION_CONTEXT(2) 
PARAMETRIC_REPRESENTATION_CONTEXT() REPRESENTATION_CONTEXT('2D SPACE',''
  ) );
#8390 = PCURVE('',#8391,#8396);
#8391 = PLANE('',#8392);
#8392 = AXIS2_PLACEMENT_3D('',#8393,#8394,#8395);
#8393 = CARTESIAN_POINT('',(47.424228838809,238.15395552755,-149.4));
#8394 = DIRECTION('',(0.,0.,1.));
#8395 = DIRECTION('',(-1.,1.224646799147E-16,0.));
#8396 = DEFINITIONAL_REPRESENTATION('',(#8397),#8401);
#8397 = LINE('',#8398,#8399);
#8398 = CARTESIAN_POINT('',(11.445187262423,-3.479040154033));
#8399 = VECTOR('',#8400,1.);
#8400 = DIRECTION('',(-0.608760644474,0.793353942285));
#8401 = ( GEOMETRIC_REPRESENTATION_CONTEXT(2) 
PARAMETRIC_REPRESENTATION_CONTEXT() REPRESENTATION_CONTEXT('2D SPACE',''
  ) );
#8402 = ADVANCED_FACE('',(#8403),#8309,.T.);
#8403 = FACE_BOUND('',#8404,.T.);
#8404 = EDGE_LOOP('',(#8405,#8428,#8429,#8452));
#8405 = ORIENTED_EDGE('',*,*,#8406,.T.);
#8406 = EDGE_CURVE('',#8407,#8289,#8409,.T.);
#8407 = VERTEX_POINT('',#8408);
#8408 = CARTESIAN_POINT('',(34.960052013397,242.41489036542,-150.4));
#8409 = SURFACE_CURVE('',#8410,(#8414,#8421),.PCURVE_S1.);
#8410 = LINE('',#8411,#8412);
#8411 = CARTESIAN_POINT('',(34.960052013397,242.41489036542,-150.4));
#8412 = VECTOR('',#8413,1.);
#8413 = DIRECTION('',(0.793354659486,-0.608759709796,0.));
#8414 = PCURVE('',#8309,#8415);
#8415 = DEFINITIONAL_REPRESENTATION('',(#8416),#8420);
#8416 = LINE('',#8417,#8418);
#8417 = CARTESIAN_POINT('',(0.806357170546,0.335845878749));
#8418 = VECTOR('',#8419,1.);
#8419 = DIRECTION('',(-1.,2.053514520904E-32));
#8420 = ( GEOMETRIC_REPRESENTATION_CONTEXT(2) 
PARAMETRIC_REPRESENTATION_CONTEXT() REPRESENTATION_CONTEXT('2D SPACE',''
  ) );
#8421 = PCURVE('',#8337,#8422);
#8422 = DEFINITIONAL_REPRESENTATION('',(#8423),#8427);
#8423 = LINE('',#8424,#8425);
#8424 = CARTESIAN_POINT('',(-2.504217254534,-14.20859964847));
#8425 = VECTOR('',#8426,1.);
#8426 = DIRECTION('',(0.793354659486,0.608759709796));
#8427 = ( GEOMETRIC_REPRESENTATION_CONTEXT(2) 
PARAMETRIC_REPRESENTATION_CONTEXT() REPRESENTATION_CONTEXT('2D SPACE',''
  ) );
#8428 = ORIENTED_EDGE('',*,*,#8286,.F.);
#8429 = ORIENTED_EDGE('',*,*,#8430,.F.);
#8430 = EDGE_CURVE('',#8431,#8287,#8433,.T.);
#8431 = VERTEX_POINT('',#8432);
#8432 = CARTESIAN_POINT('',(34.960052013397,242.41489036542,-149.4));
#8433 = SURFACE_CURVE('',#8434,(#8438,#8445),.PCURVE_S1.);
#8434 = LINE('',#8435,#8436);
#8435 = CARTESIAN_POINT('',(34.960052013397,242.41489036542,-149.4));
#8436 = VECTOR('',#8437,1.);
#8437 = DIRECTION('',(0.793354659486,-0.608759709796,0.));
#8438 = PCURVE('',#8309,#8439);
#8439 = DEFINITIONAL_REPRESENTATION('',(#8440),#8444);
#8440 = LINE('',#8441,#8442);
#8441 = CARTESIAN_POINT('',(0.806357170546,-0.664154121251));
#8442 = VECTOR('',#8443,1.);
#8443 = DIRECTION('',(-1.,2.053514520904E-32));
#8444 = ( GEOMETRIC_REPRESENTATION_CONTEXT(2) 
PARAMETRIC_REPRESENTATION_CONTEXT() REPRESENTATION_CONTEXT('2D SPACE',''
  ) );
#8445 = PCURVE('',#8391,#8446);
#8446 = DEFINITIONAL_REPRESENTATION('',(#8447),#8451);
#8447 = LINE('',#8448,#8449);
#8448 = CARTESIAN_POINT('',(12.464176825412,-4.260934837871));
#8449 = VECTOR('',#8450,1.);
#8450 = DIRECTION('',(-0.793354659486,0.608759709796));
#8451 = ( GEOMETRIC_REPRESENTATION_CONTEXT(2) 
PARAMETRIC_REPRESENTATION_CONTEXT() REPRESENTATION_CONTEXT('2D SPACE',''
  ) );
#8452 = ORIENTED_EDGE('',*,*,#8453,.T.);
#8453 = EDGE_CURVE('',#8431,#8407,#8454,.T.);
#8454 = SURFACE_CURVE('',#8455,(#8459,#8466),.PCURVE_S1.);
#8455 = LINE('',#8456,#8457);
#8456 = CARTESIAN_POINT('',(34.960052013397,242.41489036542,-149.4));
#8457 = VECTOR('',#8458,1.);
#8458 = DIRECTION('',(-0.,0.,-1.));
#8459 = PCURVE('',#8309,#8460);
#8460 = DEFINITIONAL_REPRESENTATION('',(#8461),#8465);
#8461 = LINE('',#8462,#8463);
#8462 = CARTESIAN_POINT('',(0.806357170546,-0.664154121251));
#8463 = VECTOR('',#8464,1.);
#8464 = DIRECTION('',(1.232595164408E-32,1.));
#8465 = ( GEOMETRIC_REPRESENTATION_CONTEXT(2) 
PARAMETRIC_REPRESENTATION_CONTEXT() REPRESENTATION_CONTEXT('2D SPACE',''
  ) );
#8466 = PCURVE('',#8467,#8472);
#8467 = PLANE('',#8468);
#8468 = AXIS2_PLACEMENT_3D('',#8469,#8470,#8471);
#8469 = CARTESIAN_POINT('',(34.518393485404,242.5978313196,
    -150.0641539819));
#8470 = DIRECTION('',(-0.382683435828,-0.923879531077,0.));
#8471 = DIRECTION('',(-0.923879531077,0.382683435828,0.));
#8472 = DEFINITIONAL_REPRESENTATION('',(#8473),#8477);
#8473 = LINE('',#8474,#8475);
#8474 = CARTESIAN_POINT('',(-0.478047746635,-0.664153981948));
#8475 = VECTOR('',#8476,1.);
#8476 = DIRECTION('',(0.,1.));
#8477 = ( GEOMETRIC_REPRESENTATION_CONTEXT(2) 
PARAMETRIC_REPRESENTATION_CONTEXT() REPRESENTATION_CONTEXT('2D SPACE',''
  ) );
#8478 = ADVANCED_FACE('',(#8479,#9288,#9896),#8337,.T.);
#8479 = FACE_BOUND('',#8480,.T.);
#8480 = EDGE_LOOP('',(#8481,#8511,#8539,#8567,#8595,#8623,#8651,#8679,
    #8707,#8735,#8763,#8791,#8819,#8847,#8875,#8903,#8926,#8954,#8982,
    #9010,#9038,#9066,#9094,#9122,#9150,#9178,#9206,#9234,#9262));
#8481 = ORIENTED_EDGE('',*,*,#8482,.F.);
#8482 = EDGE_CURVE('',#8483,#8485,#8487,.T.);
#8483 = VERTEX_POINT('',#8484);
#8484 = CARTESIAN_POINT('',(41.424785137177,253.61213691694,-150.4));
#8485 = VERTEX_POINT('',#8486);
#8486 = CARTESIAN_POINT('',(37.119809627533,255.39531715375,-150.4));
#8487 = SURFACE_CURVE('',#8488,(#8492,#8499),.PCURVE_S1.);
#8488 = LINE('',#8489,#8490);
#8489 = CARTESIAN_POINT('',(41.424785137177,253.61213691694,-150.4));
#8490 = VECTOR('',#8491,1.);
#8491 = DIRECTION('',(-0.923879457013,0.382683614635,0.));
#8492 = PCURVE('',#8337,#8493);
#8493 = DEFINITIONAL_REPRESENTATION('',(#8494),#8498);
#8494 = LINE('',#8495,#8496);
#8495 = CARTESIAN_POINT('',(3.960515869245,-25.40584619998));
#8496 = VECTOR('',#8497,1.);
#8497 = DIRECTION('',(-0.923879457013,-0.382683614635));
#8498 = ( GEOMETRIC_REPRESENTATION_CONTEXT(2) 
PARAMETRIC_REPRESENTATION_CONTEXT() REPRESENTATION_CONTEXT('2D SPACE',''
  ) );
#8499 = PCURVE('',#8500,#8505);
#8500 = PLANE('',#8501);
#8501 = AXIS2_PLACEMENT_3D('',#8502,#8503,#8504);
#8502 = CARTESIAN_POINT('',(38.531044840695,254.81076406258,
    -147.8223259206));
#8503 = DIRECTION('',(0.382683614635,0.923879457013,-0.));
#8504 = DIRECTION('',(0.923879457013,-0.382683614635,0.));
#8505 = DEFINITIONAL_REPRESENTATION('',(#8506),#8510);
#8506 = LINE('',#8507,#8508);
#8507 = CARTESIAN_POINT('',(3.132162182541,2.577674079336));
#8508 = VECTOR('',#8509,1.);
#8509 = DIRECTION('',(-1.,0.));
#8510 = ( GEOMETRIC_REPRESENTATION_CONTEXT(2) 
PARAMETRIC_REPRESENTATION_CONTEXT() REPRESENTATION_CONTEXT('2D SPACE',''
  ) );
#8511 = ORIENTED_EDGE('',*,*,#8512,.F.);
#8512 = EDGE_CURVE('',#8513,#8483,#8515,.T.);
#8513 = VERTEX_POINT('',#8514);
#8514 = CARTESIAN_POINT('',(45.121552944183,250.77550514204,-150.4));
#8515 = SURFACE_CURVE('',#8516,(#8520,#8527),.PCURVE_S1.);
#8516 = LINE('',#8517,#8518);
#8517 = CARTESIAN_POINT('',(45.121552944183,250.77550514204,-150.4));
#8518 = VECTOR('',#8519,1.);
#8519 = DIRECTION('',(-0.793353125918,0.608761708385,0.));
#8520 = PCURVE('',#8337,#8521);
#8521 = DEFINITIONAL_REPRESENTATION('',(#8522),#8526);
#8522 = LINE('',#8523,#8524);
#8523 = CARTESIAN_POINT('',(7.657283676252,-22.56921442508));
#8524 = VECTOR('',#8525,1.);
#8525 = DIRECTION('',(-0.793353125918,-0.608761708385));
#8526 = ( GEOMETRIC_REPRESENTATION_CONTEXT(2) 
PARAMETRIC_REPRESENTATION_CONTEXT() REPRESENTATION_CONTEXT('2D SPACE',''
  ) );
#8527 = PCURVE('',#8528,#8533);
#8528 = PLANE('',#8529);
#8529 = AXIS2_PLACEMENT_3D('',#8530,#8531,#8532);
#8530 = CARTESIAN_POINT('',(42.636640932045,252.68224658198,
    -147.822326224));
#8531 = DIRECTION('',(0.608761708385,0.793353125918,-0.));
#8532 = DIRECTION('',(0.793353125918,-0.608761708385,0.));
#8533 = DEFINITIONAL_REPRESENTATION('',(#8534),#8538);
#8534 = LINE('',#8535,#8536);
#8535 = CARTESIAN_POINT('',(3.13216388889,2.577673775967));
#8536 = VECTOR('',#8537,1.);
#8537 = DIRECTION('',(-1.,0.));
#8538 = ( GEOMETRIC_REPRESENTATION_CONTEXT(2) 
PARAMETRIC_REPRESENTATION_CONTEXT() REPRESENTATION_CONTEXT('2D SPACE',''
  ) );
#8539 = ORIENTED_EDGE('',*,*,#8540,.F.);
#8540 = EDGE_CURVE('',#8541,#8513,#8543,.T.);
#8541 = VERTEX_POINT('',#8542);
#8542 = CARTESIAN_POINT('',(47.958182811737,247.07873924238,-150.4));
#8543 = SURFACE_CURVE('',#8544,(#8548,#8555),.PCURVE_S1.);
#8544 = LINE('',#8545,#8546);
#8545 = CARTESIAN_POINT('',(47.958182811737,247.07873924238,-150.4));
#8546 = VECTOR('',#8547,1.);
#8547 = DIRECTION('',(-0.60876164844,0.793353171915,0.));
#8548 = PCURVE('',#8337,#8549);
#8549 = DEFINITIONAL_REPRESENTATION('',(#8550),#8554);
#8550 = LINE('',#8551,#8552);
#8551 = CARTESIAN_POINT('',(10.493913543805,-18.87244852542));
#8552 = VECTOR('',#8553,1.);
#8553 = DIRECTION('',(-0.60876164844,-0.793353171915));
#8554 = ( GEOMETRIC_REPRESENTATION_CONTEXT(2) 
PARAMETRIC_REPRESENTATION_CONTEXT() REPRESENTATION_CONTEXT('2D SPACE',''
  ) );
#8555 = PCURVE('',#8556,#8561);
#8556 = PLANE('',#8557);
#8557 = AXIS2_PLACEMENT_3D('',#8558,#8559,#8560);
#8558 = CARTESIAN_POINT('',(46.051442549579,249.56365010836,
    -146.2176738362));
#8559 = DIRECTION('',(0.793353171915,0.60876164844,-0.));
#8560 = DIRECTION('',(-0.60876164844,0.793353171915,0.));
#8561 = DEFINITIONAL_REPRESENTATION('',(#8562),#8566);
#8562 = LINE('',#8563,#8564);
#8563 = CARTESIAN_POINT('',(-3.132162262591,-4.182326163778));
#8564 = VECTOR('',#8565,1.);
#8565 = DIRECTION('',(1.,0.));
#8566 = ( GEOMETRIC_REPRESENTATION_CONTEXT(2) 
PARAMETRIC_REPRESENTATION_CONTEXT() REPRESENTATION_CONTEXT('2D SPACE',''
  ) );
#8567 = ORIENTED_EDGE('',*,*,#8568,.F.);
#8568 = EDGE_CURVE('',#8569,#8541,#8571,.T.);
#8569 = VERTEX_POINT('',#8570);
#8570 = CARTESIAN_POINT('',(49.741361141205,242.77376182538,-150.4));
#8571 = SURFACE_CURVE('',#8572,(#8576,#8583),.PCURVE_S1.);
#8572 = LINE('',#8573,#8574);
#8573 = CARTESIAN_POINT('',(49.741361141205,242.77376182538,-150.4));
#8574 = VECTOR('',#8575,1.);
#8575 = DIRECTION('',(-0.382683120529,0.923879661678,0.));
#8576 = PCURVE('',#8337,#8577);
#8577 = DEFINITIONAL_REPRESENTATION('',(#8578),#8582);
#8578 = LINE('',#8579,#8580);
#8579 = CARTESIAN_POINT('',(12.277091873273,-14.56747110843));
#8580 = VECTOR('',#8581,1.);
#8581 = DIRECTION('',(-0.382683120529,-0.923879661678));
#8582 = ( GEOMETRIC_REPRESENTATION_CONTEXT(2) 
PARAMETRIC_REPRESENTATION_CONTEXT() REPRESENTATION_CONTEXT('2D SPACE',''
  ) );
#8583 = PCURVE('',#8584,#8589);
#8584 = PLANE('',#8585);
#8585 = AXIS2_PLACEMENT_3D('',#8586,#8587,#8588);
#8586 = CARTESIAN_POINT('',(48.542735302967,245.66750334286,
    -146.2176737388));
#8587 = DIRECTION('',(0.923879661678,0.382683120529,-0.));
#8588 = DIRECTION('',(-0.382683120529,0.923879661678,0.));
#8589 = DEFINITIONAL_REPRESENTATION('',(#8590),#8594);
#8590 = LINE('',#8591,#8592);
#8591 = CARTESIAN_POINT('',(-3.132162810269,-4.182326261148));
#8592 = VECTOR('',#8593,1.);
#8593 = DIRECTION('',(1.,0.));
#8594 = ( GEOMETRIC_REPRESENTATION_CONTEXT(2) 
PARAMETRIC_REPRESENTATION_CONTEXT() REPRESENTATION_CONTEXT('2D SPACE',''
  ) );
#8595 = ORIENTED_EDGE('',*,*,#8596,.F.);
#8596 = EDGE_CURVE('',#8597,#8569,#8599,.T.);
#8597 = VERTEX_POINT('',#8598);
#8598 = CARTESIAN_POINT('',(50.34957075119,238.15395362836,-150.4));
#8599 = SURFACE_CURVE('',#8600,(#8604,#8611),.PCURVE_S1.);
#8600 = LINE('',#8601,#8602);
#8601 = CARTESIAN_POINT('',(50.34957075119,238.15395362836,-150.4));
#8602 = VECTOR('',#8603,1.);
#8603 = DIRECTION('',(-0.130526260246,0.991444852418,0.));
#8604 = PCURVE('',#8337,#8605);
#8605 = DEFINITIONAL_REPRESENTATION('',(#8606),#8610);
#8606 = LINE('',#8607,#8608);
#8607 = CARTESIAN_POINT('',(12.885301483259,-9.947662911411));
#8608 = VECTOR('',#8609,1.);
#8609 = DIRECTION('',(-0.130526260246,-0.991444852418));
#8610 = ( GEOMETRIC_REPRESENTATION_CONTEXT(2) 
PARAMETRIC_REPRESENTATION_CONTEXT() REPRESENTATION_CONTEXT('2D SPACE',''
  ) );
#8611 = PCURVE('',#8612,#8617);
#8612 = PLANE('',#8613);
#8613 = AXIS2_PLACEMENT_3D('',#8614,#8615,#8616);
#8614 = CARTESIAN_POINT('',(49.940741328109,241.25931975367,
    -146.217673841));
#8615 = DIRECTION('',(0.991444852418,0.130526260246,-0.));
#8616 = DIRECTION('',(-0.130526260246,0.991444852418,0.));
#8617 = DEFINITIONAL_REPRESENTATION('',(#8618),#8622);
#8618 = LINE('',#8619,#8620);
#8619 = CARTESIAN_POINT('',(-3.132162235483,-4.182326158958));
#8620 = VECTOR('',#8621,1.);
#8621 = DIRECTION('',(1.,0.));
#8622 = ( GEOMETRIC_REPRESENTATION_CONTEXT(2) 
PARAMETRIC_REPRESENTATION_CONTEXT() REPRESENTATION_CONTEXT('2D SPACE',''
  ) );
#8623 = ORIENTED_EDGE('',*,*,#8624,.F.);
#8624 = EDGE_CURVE('',#8625,#8597,#8627,.T.);
#8625 = VERTEX_POINT('',#8626);
#8626 = CARTESIAN_POINT('',(49.741361141205,233.53414543134,-150.4));
#8627 = SURFACE_CURVE('',#8628,(#8632,#8639),.PCURVE_S1.);
#8628 = LINE('',#8629,#8630);
#8629 = CARTESIAN_POINT('',(49.741361141205,233.53414543134,-150.4));
#8630 = VECTOR('',#8631,1.);
#8631 = DIRECTION('',(0.130526260246,0.991444852418,0.));
#8632 = PCURVE('',#8337,#8633);
#8633 = DEFINITIONAL_REPRESENTATION('',(#8634),#8638);
#8634 = LINE('',#8635,#8636);
#8635 = CARTESIAN_POINT('',(12.277091873273,-5.327854714389));
#8636 = VECTOR('',#8637,1.);
#8637 = DIRECTION('',(0.130526260246,-0.991444852418));
#8638 = ( GEOMETRIC_REPRESENTATION_CONTEXT(2) 
PARAMETRIC_REPRESENTATION_CONTEXT() REPRESENTATION_CONTEXT('2D SPACE',''
  ) );
#8639 = PCURVE('',#8640,#8645);
#8640 = PLANE('',#8641);
#8641 = AXIS2_PLACEMENT_3D('',#8642,#8643,#8644);
#8642 = CARTESIAN_POINT('',(50.150190564286,236.63951155665,
    -146.217673841));
#8643 = DIRECTION('',(0.991444852418,-0.130526260246,0.));
#8644 = DIRECTION('',(0.130526260246,0.991444852418,0.));
#8645 = DEFINITIONAL_REPRESENTATION('',(#8646),#8650);
#8646 = LINE('',#8647,#8648);
#8647 = CARTESIAN_POINT('',(-3.132162235483,-4.182326158958));
#8648 = VECTOR('',#8649,1.);
#8649 = DIRECTION('',(1.,0.));
#8650 = ( GEOMETRIC_REPRESENTATION_CONTEXT(2) 
PARAMETRIC_REPRESENTATION_CONTEXT() REPRESENTATION_CONTEXT('2D SPACE',''
  ) );
#8651 = ORIENTED_EDGE('',*,*,#8652,.F.);
#8652 = EDGE_CURVE('',#8653,#8625,#8655,.T.);
#8653 = VERTEX_POINT('',#8654);
#8654 = CARTESIAN_POINT('',(47.958182811737,229.22916801435,-150.4));
#8655 = SURFACE_CURVE('',#8656,(#8660,#8667),.PCURVE_S1.);
#8656 = LINE('',#8657,#8658);
#8657 = CARTESIAN_POINT('',(47.958182811737,229.22916801435,-150.4));
#8658 = VECTOR('',#8659,1.);
#8659 = DIRECTION('',(0.382683120529,0.923879661678,0.));
#8660 = PCURVE('',#8337,#8661);
#8661 = DEFINITIONAL_REPRESENTATION('',(#8662),#8666);
#8662 = LINE('',#8663,#8664);
#8663 = CARTESIAN_POINT('',(10.493913543805,-1.022877297397));
#8664 = VECTOR('',#8665,1.);
#8665 = DIRECTION('',(0.382683120529,-0.923879661678));
#8666 = ( GEOMETRIC_REPRESENTATION_CONTEXT(2) 
PARAMETRIC_REPRESENTATION_CONTEXT() REPRESENTATION_CONTEXT('2D SPACE',''
  ) );
#8667 = PCURVE('',#8668,#8673);
#8668 = PLANE('',#8669);
#8669 = AXIS2_PLACEMENT_3D('',#8670,#8671,#8672);
#8670 = CARTESIAN_POINT('',(49.156808649975,232.12290953182,
    -146.2176737388));
#8671 = DIRECTION('',(0.923879661678,-0.382683120529,0.));
#8672 = DIRECTION('',(0.382683120529,0.923879661678,0.));
#8673 = DEFINITIONAL_REPRESENTATION('',(#8674),#8678);
#8674 = LINE('',#8675,#8676);
#8675 = CARTESIAN_POINT('',(-3.132162810269,-4.182326261148));
#8676 = VECTOR('',#8677,1.);
#8677 = DIRECTION('',(1.,0.));
#8678 = ( GEOMETRIC_REPRESENTATION_CONTEXT(2) 
PARAMETRIC_REPRESENTATION_CONTEXT() REPRESENTATION_CONTEXT('2D SPACE',''
  ) );
#8679 = ORIENTED_EDGE('',*,*,#8680,.F.);
#8680 = EDGE_CURVE('',#8681,#8653,#8683,.T.);
#8681 = VERTEX_POINT('',#8682);
#8682 = CARTESIAN_POINT('',(45.121552944183,225.53240211469,-150.4));
#8683 = SURFACE_CURVE('',#8684,(#8688,#8695),.PCURVE_S1.);
#8684 = LINE('',#8685,#8686);
#8685 = CARTESIAN_POINT('',(45.121552944183,225.53240211469,-150.4));
#8686 = VECTOR('',#8687,1.);
#8687 = DIRECTION('',(0.60876164844,0.793353171915,0.));
#8688 = PCURVE('',#8337,#8689);
#8689 = DEFINITIONAL_REPRESENTATION('',(#8690),#8694);
#8690 = LINE('',#8691,#8692);
#8691 = CARTESIAN_POINT('',(7.657283676252,2.673888602261));
#8692 = VECTOR('',#8693,1.);
#8693 = DIRECTION('',(0.60876164844,-0.793353171915));
#8694 = ( GEOMETRIC_REPRESENTATION_CONTEXT(2) 
PARAMETRIC_REPRESENTATION_CONTEXT() REPRESENTATION_CONTEXT('2D SPACE',''
  ) );
#8695 = PCURVE('',#8696,#8701);
#8696 = PLANE('',#8697);
#8697 = AXIS2_PLACEMENT_3D('',#8698,#8699,#8700);
#8698 = CARTESIAN_POINT('',(47.028293206341,228.01731298067,
    -146.2176738362));
#8699 = DIRECTION('',(0.793353171915,-0.60876164844,0.));
#8700 = DIRECTION('',(0.60876164844,0.793353171915,0.));
#8701 = DEFINITIONAL_REPRESENTATION('',(#8702),#8706);
#8702 = LINE('',#8703,#8704);
#8703 = CARTESIAN_POINT('',(-3.132162262591,-4.182326163778));
#8704 = VECTOR('',#8705,1.);
#8705 = DIRECTION('',(1.,0.));
#8706 = ( GEOMETRIC_REPRESENTATION_CONTEXT(2) 
PARAMETRIC_REPRESENTATION_CONTEXT() REPRESENTATION_CONTEXT('2D SPACE',''
  ) );
#8707 = ORIENTED_EDGE('',*,*,#8708,.F.);
#8708 = EDGE_CURVE('',#8709,#8681,#8711,.T.);
#8709 = VERTEX_POINT('',#8710);
#8710 = CARTESIAN_POINT('',(41.424785137177,222.69577415449,-150.4));
#8711 = SURFACE_CURVE('',#8712,(#8716,#8723),.PCURVE_S1.);
#8712 = LINE('',#8713,#8714);
#8713 = CARTESIAN_POINT('',(41.424785137177,222.69577415449,-150.4));
#8714 = VECTOR('',#8715,1.);
#8715 = DIRECTION('',(0.793353521301,0.608761193112,0.));
#8716 = PCURVE('',#8337,#8717);
#8717 = DEFINITIONAL_REPRESENTATION('',(#8718),#8722);
#8718 = LINE('',#8719,#8720);
#8719 = CARTESIAN_POINT('',(3.960515869245,5.510516562466));
#8720 = VECTOR('',#8721,1.);
#8721 = DIRECTION('',(0.793353521301,-0.608761193112));
#8722 = ( GEOMETRIC_REPRESENTATION_CONTEXT(2) 
PARAMETRIC_REPRESENTATION_CONTEXT() REPRESENTATION_CONTEXT('2D SPACE',''
  ) );
#8723 = PCURVE('',#8724,#8729);
#8724 = PLANE('',#8725);
#8725 = AXIS2_PLACEMENT_3D('',#8726,#8727,#8728);
#8726 = CARTESIAN_POINT('',(43.909697267352,224.60251312082,
    -147.8223259729));
#8727 = DIRECTION('',(0.608761193112,-0.793353521301,0.));
#8728 = DIRECTION('',(-0.793353521301,-0.608761193112,0.));
#8729 = DEFINITIONAL_REPRESENTATION('',(#8730),#8734);
#8730 = LINE('',#8731,#8732);
#8731 = CARTESIAN_POINT('',(3.132162476698,2.577674027039));
#8732 = VECTOR('',#8733,1.);
#8733 = DIRECTION('',(-1.,0.));
#8734 = ( GEOMETRIC_REPRESENTATION_CONTEXT(2) 
PARAMETRIC_REPRESENTATION_CONTEXT() REPRESENTATION_CONTEXT('2D SPACE',''
  ) );
#8735 = ORIENTED_EDGE('',*,*,#8736,.F.);
#8736 = EDGE_CURVE('',#8737,#8709,#8739,.T.);
#8737 = VERTEX_POINT('',#8738);
#8738 = CARTESIAN_POINT('',(64.500000476837,150.70149620038,-150.4));
#8739 = SURFACE_CURVE('',#8740,(#8744,#8751),.PCURVE_S1.);
#8740 = LINE('',#8741,#8742);
#8741 = CARTESIAN_POINT('',(64.500000476837,150.70149620038,-150.4));
#8742 = VECTOR('',#8743,1.);
#8743 = DIRECTION('',(-0.30522019645,0.952281802661,0.));
#8744 = PCURVE('',#8337,#8745);
#8745 = DEFINITIONAL_REPRESENTATION('',(#8746),#8750);
#8746 = LINE('',#8747,#8748);
#8747 = CARTESIAN_POINT('',(27.035731208906,77.504794516568));
#8748 = VECTOR('',#8749,1.);
#8749 = DIRECTION('',(-0.30522019645,-0.952281802661));
#8750 = ( GEOMETRIC_REPRESENTATION_CONTEXT(2) 
PARAMETRIC_REPRESENTATION_CONTEXT() REPRESENTATION_CONTEXT('2D SPACE',''
  ) );
#8751 = PCURVE('',#8752,#8757);
#8752 = PLANE('',#8753);
#8753 = AXIS2_PLACEMENT_3D('',#8754,#8755,#8756);
#8754 = CARTESIAN_POINT('',(52.469586068391,188.23618378946,
    -145.405405752));
#8755 = DIRECTION('',(0.952281802661,0.30522019645,-1.144272020837E-15)
  );
#8756 = DIRECTION('',(-0.30522019645,0.952281802661,0.));
#8757 = DEFINITIONAL_REPRESENTATION('',(#8758),#8762);
#8758 = LINE('',#8759,#8760);
#8759 = CARTESIAN_POINT('',(-39.41552540875,-4.994594247947));
#8760 = VECTOR('',#8761,1.);
#8761 = DIRECTION('',(1.,-1.905595715951E-31));
#8762 = ( GEOMETRIC_REPRESENTATION_CONTEXT(2) 
PARAMETRIC_REPRESENTATION_CONTEXT() REPRESENTATION_CONTEXT('2D SPACE',''
  ) );
#8763 = ORIENTED_EDGE('',*,*,#8764,.T.);
#8764 = EDGE_CURVE('',#8737,#8765,#8767,.T.);
#8765 = VERTEX_POINT('',#8766);
#8766 = CARTESIAN_POINT('',(64.500000476837,119.387577133,-150.4));
#8767 = SURFACE_CURVE('',#8768,(#8772,#8779),.PCURVE_S1.);
#8768 = LINE('',#8769,#8770);
#8769 = CARTESIAN_POINT('',(64.500000476837,150.70149620038,-150.4));
#8770 = VECTOR('',#8771,1.);
#8771 = DIRECTION('',(0.,-1.,0.));
#8772 = PCURVE('',#8337,#8773);
#8773 = DEFINITIONAL_REPRESENTATION('',(#8774),#8778);
#8774 = LINE('',#8775,#8776);
#8775 = CARTESIAN_POINT('',(27.035731208906,77.504794516568));
#8776 = VECTOR('',#8777,1.);
#8777 = DIRECTION('',(1.224646799147E-16,1.));
#8778 = ( GEOMETRIC_REPRESENTATION_CONTEXT(2) 
PARAMETRIC_REPRESENTATION_CONTEXT() REPRESENTATION_CONTEXT('2D SPACE',''
  ) );
#8779 = PCURVE('',#8780,#8785);
#8780 = PLANE('',#8781);
#8781 = AXIS2_PLACEMENT_3D('',#8782,#8783,#8784);
#8782 = CARTESIAN_POINT('',(64.500000476837,138.46896533343,
    -140.7155711043));
#8783 = DIRECTION('',(1.,-1.224646799147E-16,-0.));
#8784 = DIRECTION('',(-0.,0.,-1.));
#8785 = DEFINITIONAL_REPRESENTATION('',(#8786),#8790);
#8786 = LINE('',#8787,#8788);
#8787 = CARTESIAN_POINT('',(9.684428895623,12.23253086695));
#8788 = VECTOR('',#8789,1.);
#8789 = DIRECTION('',(0.,-1.));
#8790 = ( GEOMETRIC_REPRESENTATION_CONTEXT(2) 
PARAMETRIC_REPRESENTATION_CONTEXT() REPRESENTATION_CONTEXT('2D SPACE',''
  ) );
#8791 = ORIENTED_EDGE('',*,*,#8792,.F.);
#8792 = EDGE_CURVE('',#8793,#8765,#8795,.T.);
#8793 = VERTEX_POINT('',#8794);
#8794 = CARTESIAN_POINT('',(49.8,119.387577133,-150.4));
#8795 = SURFACE_CURVE('',#8796,(#8800,#8807),.PCURVE_S1.);
#8796 = LINE('',#8797,#8798);
#8797 = CARTESIAN_POINT('',(0.499999523163,119.387577133,-150.4));
#8798 = VECTOR('',#8799,1.);
#8799 = DIRECTION('',(1.,0.,0.));
#8800 = PCURVE('',#8337,#8801);
#8801 = DEFINITIONAL_REPRESENTATION('',(#8802),#8806);
#8802 = LINE('',#8803,#8804);
#8803 = CARTESIAN_POINT('',(-36.96426974476,108.81871358395));
#8804 = VECTOR('',#8805,1.);
#8805 = DIRECTION('',(1.,-1.224646799147E-16));
#8806 = ( GEOMETRIC_REPRESENTATION_CONTEXT(2) 
PARAMETRIC_REPRESENTATION_CONTEXT() REPRESENTATION_CONTEXT('2D SPACE',''
  ) );
#8807 = PCURVE('',#8808,#8813);
#8808 = PLANE('',#8809);
#8809 = AXIS2_PLACEMENT_3D('',#8810,#8811,#8812);
#8810 = CARTESIAN_POINT('',(0.499999523163,119.387577133,-150.4));
#8811 = DIRECTION('',(0.,1.,0.));
#8812 = DIRECTION('',(0.,0.,1.));
#8813 = DEFINITIONAL_REPRESENTATION('',(#8814),#8818);
#8814 = LINE('',#8815,#8816);
#8815 = CARTESIAN_POINT('',(0.,0.));
#8816 = VECTOR('',#8817,1.);
#8817 = DIRECTION('',(0.,1.));
#8818 = ( GEOMETRIC_REPRESENTATION_CONTEXT(2) 
PARAMETRIC_REPRESENTATION_CONTEXT() REPRESENTATION_CONTEXT('2D SPACE',''
  ) );
#8819 = ORIENTED_EDGE('',*,*,#8820,.F.);
#8820 = EDGE_CURVE('',#8821,#8793,#8823,.T.);
#8821 = VERTEX_POINT('',#8822);
#8822 = CARTESIAN_POINT('',(49.8,106.31650932114,-150.4));
#8823 = SURFACE_CURVE('',#8824,(#8828,#8835),.PCURVE_S1.);
#8824 = LINE('',#8825,#8826);
#8825 = CARTESIAN_POINT('',(49.8,106.31650932114,-150.4));
#8826 = VECTOR('',#8827,1.);
#8827 = DIRECTION('',(0.,1.,0.));
#8828 = PCURVE('',#8337,#8829);
#8829 = DEFINITIONAL_REPRESENTATION('',(#8830),#8834);
#8830 = LINE('',#8831,#8832);
#8831 = CARTESIAN_POINT('',(12.335730732068,121.88978139581));
#8832 = VECTOR('',#8833,1.);
#8833 = DIRECTION('',(-1.224646799147E-16,-1.));
#8834 = ( GEOMETRIC_REPRESENTATION_CONTEXT(2) 
PARAMETRIC_REPRESENTATION_CONTEXT() REPRESENTATION_CONTEXT('2D SPACE',''
  ) );
#8835 = PCURVE('',#8836,#8841);
#8836 = PLANE('',#8837);
#8837 = AXIS2_PLACEMENT_3D('',#8838,#8839,#8840);
#8838 = CARTESIAN_POINT('',(49.8,106.31650932114,-150.4));
#8839 = DIRECTION('',(1.,0.,0.));
#8840 = DIRECTION('',(0.,0.,1.));
#8841 = DEFINITIONAL_REPRESENTATION('',(#8842),#8846);
#8842 = LINE('',#8843,#8844);
#8843 = CARTESIAN_POINT('',(0.,0.));
#8844 = VECTOR('',#8845,1.);
#8845 = DIRECTION('',(0.,-1.));
#8846 = ( GEOMETRIC_REPRESENTATION_CONTEXT(2) 
PARAMETRIC_REPRESENTATION_CONTEXT() REPRESENTATION_CONTEXT('2D SPACE',''
  ) );
#8847 = ORIENTED_EDGE('',*,*,#8848,.F.);
#8848 = EDGE_CURVE('',#8849,#8821,#8851,.T.);
#8849 = VERTEX_POINT('',#8850);
#8850 = CARTESIAN_POINT('',(15.2,106.31650932114,-150.4));
#8851 = SURFACE_CURVE('',#8852,(#8856,#8863),.PCURVE_S1.);
#8852 = LINE('',#8853,#8854);
#8853 = CARTESIAN_POINT('',(15.2,106.31650932114,-150.4));
#8854 = VECTOR('',#8855,1.);
#8855 = DIRECTION('',(1.,0.,0.));
#8856 = PCURVE('',#8337,#8857);
#8857 = DEFINITIONAL_REPRESENTATION('',(#8858),#8862);
#8858 = LINE('',#8859,#8860);
#8859 = CARTESIAN_POINT('',(-22.26426926793,121.88978139581));
#8860 = VECTOR('',#8861,1.);
#8861 = DIRECTION('',(1.,-1.224646799147E-16));
#8862 = ( GEOMETRIC_REPRESENTATION_CONTEXT(2) 
PARAMETRIC_REPRESENTATION_CONTEXT() REPRESENTATION_CONTEXT('2D SPACE',''
  ) );
#8863 = PCURVE('',#8864,#8869);
#8864 = PLANE('',#8865);
#8865 = AXIS2_PLACEMENT_3D('',#8866,#8867,#8868);
#8866 = CARTESIAN_POINT('',(15.2,106.31650932114,-150.4));
#8867 = DIRECTION('',(0.,1.,0.));
#8868 = DIRECTION('',(0.,0.,1.));
#8869 = DEFINITIONAL_REPRESENTATION('',(#8870),#8874);
#8870 = LINE('',#8871,#8872);
#8871 = CARTESIAN_POINT('',(0.,0.));
#8872 = VECTOR('',#8873,1.);
#8873 = DIRECTION('',(0.,1.));
#8874 = ( GEOMETRIC_REPRESENTATION_CONTEXT(2) 
PARAMETRIC_REPRESENTATION_CONTEXT() REPRESENTATION_CONTEXT('2D SPACE',''
  ) );
#8875 = ORIENTED_EDGE('',*,*,#8876,.T.);
#8876 = EDGE_CURVE('',#8849,#8877,#8879,.T.);
#8877 = VERTEX_POINT('',#8878);
#8878 = CARTESIAN_POINT('',(15.2,119.387577133,-150.4));
#8879 = SURFACE_CURVE('',#8880,(#8884,#8891),.PCURVE_S1.);
#8880 = LINE('',#8881,#8882);
#8881 = CARTESIAN_POINT('',(15.2,106.31650932114,-150.4));
#8882 = VECTOR('',#8883,1.);
#8883 = DIRECTION('',(0.,1.,0.));
#8884 = PCURVE('',#8337,#8885);
#8885 = DEFINITIONAL_REPRESENTATION('',(#8886),#8890);
#8886 = LINE('',#8887,#8888);
#8887 = CARTESIAN_POINT('',(-22.26426926793,121.88978139581));
#8888 = VECTOR('',#8889,1.);
#8889 = DIRECTION('',(-1.224646799147E-16,-1.));
#8890 = ( GEOMETRIC_REPRESENTATION_CONTEXT(2) 
PARAMETRIC_REPRESENTATION_CONTEXT() REPRESENTATION_CONTEXT('2D SPACE',''
  ) );
#8891 = PCURVE('',#8892,#8897);
#8892 = PLANE('',#8893);
#8893 = AXIS2_PLACEMENT_3D('',#8894,#8895,#8896);
#8894 = CARTESIAN_POINT('',(15.2,106.31650932114,-150.4));
#8895 = DIRECTION('',(1.,0.,0.));
#8896 = DIRECTION('',(0.,0.,1.));
#8897 = DEFINITIONAL_REPRESENTATION('',(#8898),#8902);
#8898 = LINE('',#8899,#8900);
#8899 = CARTESIAN_POINT('',(0.,0.));
#8900 = VECTOR('',#8901,1.);
#8901 = DIRECTION('',(0.,-1.));
#8902 = ( GEOMETRIC_REPRESENTATION_CONTEXT(2) 
PARAMETRIC_REPRESENTATION_CONTEXT() REPRESENTATION_CONTEXT('2D SPACE',''
  ) );
#8903 = ORIENTED_EDGE('',*,*,#8904,.F.);
#8904 = EDGE_CURVE('',#8905,#8877,#8907,.T.);
#8905 = VERTEX_POINT('',#8906);
#8906 = CARTESIAN_POINT('',(0.499999523163,119.387577133,-150.4));
#8907 = SURFACE_CURVE('',#8908,(#8912,#8919),.PCURVE_S1.);
#8908 = LINE('',#8909,#8910);
#8909 = CARTESIAN_POINT('',(0.499999523163,119.387577133,-150.4));
#8910 = VECTOR('',#8911,1.);
#8911 = DIRECTION('',(1.,0.,0.));
#8912 = PCURVE('',#8337,#8913);
#8913 = DEFINITIONAL_REPRESENTATION('',(#8914),#8918);
#8914 = LINE('',#8915,#8916);
#8915 = CARTESIAN_POINT('',(-36.96426974476,108.81871358395));
#8916 = VECTOR('',#8917,1.);
#8917 = DIRECTION('',(1.,-1.224646799147E-16));
#8918 = ( GEOMETRIC_REPRESENTATION_CONTEXT(2) 
PARAMETRIC_REPRESENTATION_CONTEXT() REPRESENTATION_CONTEXT('2D SPACE',''
  ) );
#8919 = PCURVE('',#8808,#8920);
#8920 = DEFINITIONAL_REPRESENTATION('',(#8921),#8925);
#8921 = LINE('',#8922,#8923);
#8922 = CARTESIAN_POINT('',(0.,0.));
#8923 = VECTOR('',#8924,1.);
#8924 = DIRECTION('',(0.,1.));
#8925 = ( GEOMETRIC_REPRESENTATION_CONTEXT(2) 
PARAMETRIC_REPRESENTATION_CONTEXT() REPRESENTATION_CONTEXT('2D SPACE',''
  ) );
#8926 = ORIENTED_EDGE('',*,*,#8927,.T.);
#8927 = EDGE_CURVE('',#8905,#8928,#8930,.T.);
#8928 = VERTEX_POINT('',#8929);
#8929 = CARTESIAN_POINT('',(0.499999523163,150.70149620038,-150.4));
#8930 = SURFACE_CURVE('',#8931,(#8935,#8942),.PCURVE_S1.);
#8931 = LINE('',#8932,#8933);
#8932 = CARTESIAN_POINT('',(0.499999523163,119.387577133,-150.4));
#8933 = VECTOR('',#8934,1.);
#8934 = DIRECTION('',(1.134547761702E-16,1.,0.));
#8935 = PCURVE('',#8337,#8936);
#8936 = DEFINITIONAL_REPRESENTATION('',(#8937),#8941);
#8937 = LINE('',#8938,#8939);
#8938 = CARTESIAN_POINT('',(-36.96426974476,108.81871358395));
#8939 = VECTOR('',#8940,1.);
#8940 = DIRECTION('',(-9.009903744573E-18,-1.));
#8941 = ( GEOMETRIC_REPRESENTATION_CONTEXT(2) 
PARAMETRIC_REPRESENTATION_CONTEXT() REPRESENTATION_CONTEXT('2D SPACE',''
  ) );
#8942 = PCURVE('',#8943,#8948);
#8943 = PLANE('',#8944);
#8944 = AXIS2_PLACEMENT_3D('',#8945,#8946,#8947);
#8945 = CARTESIAN_POINT('',(0.499999523163,139.02092577904,
    -148.4963889979));
#8946 = DIRECTION('',(-1.,1.224646799147E-16,0.));
#8947 = DIRECTION('',(0.,0.,1.));
#8948 = DEFINITIONAL_REPRESENTATION('',(#8949),#8953);
#8949 = LINE('',#8950,#8951);
#8950 = CARTESIAN_POINT('',(-1.903611002093,-19.63334864604));
#8951 = VECTOR('',#8952,1.);
#8952 = DIRECTION('',(0.,1.));
#8953 = ( GEOMETRIC_REPRESENTATION_CONTEXT(2) 
PARAMETRIC_REPRESENTATION_CONTEXT() REPRESENTATION_CONTEXT('2D SPACE',''
  ) );
#8954 = ORIENTED_EDGE('',*,*,#8955,.F.);
#8955 = EDGE_CURVE('',#8956,#8928,#8958,.T.);
#8956 = VERTEX_POINT('',#8957);
#8957 = CARTESIAN_POINT('',(23.575213909149,222.69577415449,-150.4));
#8958 = SURFACE_CURVE('',#8959,(#8963,#8970),.PCURVE_S1.);
#8959 = LINE('',#8960,#8961);
#8960 = CARTESIAN_POINT('',(23.575213909149,222.69577415449,-150.4));
#8961 = VECTOR('',#8962,1.);
#8962 = DIRECTION('',(-0.305220185011,-0.952281806327,0.));
#8963 = PCURVE('',#8337,#8964);
#8964 = DEFINITIONAL_REPRESENTATION('',(#8965),#8969);
#8965 = LINE('',#8966,#8967);
#8966 = CARTESIAN_POINT('',(-13.88905535878,5.510516562466));
#8967 = VECTOR('',#8968,1.);
#8968 = DIRECTION('',(-0.305220185011,0.952281806327));
#8969 = ( GEOMETRIC_REPRESENTATION_CONTEXT(2) 
PARAMETRIC_REPRESENTATION_CONTEXT() REPRESENTATION_CONTEXT('2D SPACE',''
  ) );
#8970 = PCURVE('',#8971,#8976);
#8971 = PLANE('',#8972);
#8972 = AXIS2_PLACEMENT_3D('',#8973,#8974,#8975);
#8973 = CARTESIAN_POINT('',(12.530413436214,188.2361837951,
    -148.6345940187));
#8974 = DIRECTION('',(-0.952281806327,0.305220185011,-5.721360102475E-16
    ));
#8975 = DIRECTION('',(-0.305220185011,-0.952281806327,0.));
#8976 = DEFINITIONAL_REPRESENTATION('',(#8977),#8981);
#8977 = LINE('',#8978,#8979);
#8978 = CARTESIAN_POINT('',(-36.18633699649,-1.765405981224));
#8979 = VECTOR('',#8980,1.);
#8980 = DIRECTION('',(1.,0.));
#8981 = ( GEOMETRIC_REPRESENTATION_CONTEXT(2) 
PARAMETRIC_REPRESENTATION_CONTEXT() REPRESENTATION_CONTEXT('2D SPACE',''
  ) );
#8982 = ORIENTED_EDGE('',*,*,#8983,.F.);
#8983 = EDGE_CURVE('',#8984,#8956,#8986,.T.);
#8984 = VERTEX_POINT('',#8985);
#8985 = CARTESIAN_POINT('',(19.878448009491,225.53240211469,-150.4));
#8986 = SURFACE_CURVE('',#8987,(#8991,#8998),.PCURVE_S1.);
#8987 = LINE('',#8988,#8989);
#8988 = CARTESIAN_POINT('',(19.878448009491,225.53240211469,-150.4));
#8989 = VECTOR('',#8990,1.);
#8990 = DIRECTION('',(0.793353369607,-0.608761390803,0.));
#8991 = PCURVE('',#8337,#8992);
#8992 = DEFINITIONAL_REPRESENTATION('',(#8993),#8997);
#8993 = LINE('',#8994,#8995);
#8994 = CARTESIAN_POINT('',(-17.58582125844,2.673888602261));
#8995 = VECTOR('',#8996,1.);
#8996 = DIRECTION('',(0.793353369607,0.608761390803));
#8997 = ( GEOMETRIC_REPRESENTATION_CONTEXT(2) 
PARAMETRIC_REPRESENTATION_CONTEXT() REPRESENTATION_CONTEXT('2D SPACE',''
  ) );
#8998 = PCURVE('',#8999,#9004);
#8999 = PLANE('',#9000);
#9000 = AXIS2_PLACEMENT_3D('',#9001,#9002,#9003);
#9001 = CARTESIAN_POINT('',(22.363358934491,223.62566308934,
    -147.8223258093));
#9002 = DIRECTION('',(-0.608761390803,-0.793353369607,0.));
#9003 = DIRECTION('',(-0.793353369607,0.608761390803,0.));
#9004 = DEFINITIONAL_REPRESENTATION('',(#9005),#9009);
#9005 = LINE('',#9006,#9007);
#9006 = CARTESIAN_POINT('',(3.132161556495,2.57767419064));
#9007 = VECTOR('',#9008,1.);
#9008 = DIRECTION('',(-1.,-0.));
#9009 = ( GEOMETRIC_REPRESENTATION_CONTEXT(2) 
PARAMETRIC_REPRESENTATION_CONTEXT() REPRESENTATION_CONTEXT('2D SPACE',''
  ) );
#9010 = ORIENTED_EDGE('',*,*,#9011,.F.);
#9011 = EDGE_CURVE('',#9012,#8984,#9014,.T.);
#9012 = VERTEX_POINT('',#9013);
#9013 = CARTESIAN_POINT('',(17.041820049286,229.22916801435,-150.4));
#9014 = SURFACE_CURVE('',#9015,(#9019,#9026),.PCURVE_S1.);
#9015 = LINE('',#9016,#9017);
#9016 = CARTESIAN_POINT('',(17.041820049286,229.22916801435,-150.4));
#9017 = VECTOR('',#9018,1.);
#9018 = DIRECTION('',(0.608761390803,-0.793353369607,0.));
#9019 = PCURVE('',#8337,#9020);
#9020 = DEFINITIONAL_REPRESENTATION('',(#9021),#9025);
#9021 = LINE('',#9022,#9023);
#9022 = CARTESIAN_POINT('',(-20.42244921864,-1.022877297397));
#9023 = VECTOR('',#9024,1.);
#9024 = DIRECTION('',(0.608761390803,0.793353369607));
#9025 = ( GEOMETRIC_REPRESENTATION_CONTEXT(2) 
PARAMETRIC_REPRESENTATION_CONTEXT() REPRESENTATION_CONTEXT('2D SPACE',''
  ) );
#9026 = PCURVE('',#9027,#9032);
#9027 = PLANE('',#9028);
#9028 = AXIS2_PLACEMENT_3D('',#9029,#9030,#9031);
#9029 = CARTESIAN_POINT('',(17.971708984138,228.01731303969,
    -147.8223258093));
#9030 = DIRECTION('',(-0.793353369607,-0.608761390803,0.));
#9031 = DIRECTION('',(0.608761390803,-0.793353369607,0.));
#9032 = DEFINITIONAL_REPRESENTATION('',(#9033),#9037);
#9033 = LINE('',#9034,#9035);
#9034 = CARTESIAN_POINT('',(-1.527509708894,-2.57767419064));
#9035 = VECTOR('',#9036,1.);
#9036 = DIRECTION('',(1.,0.));
#9037 = ( GEOMETRIC_REPRESENTATION_CONTEXT(2) 
PARAMETRIC_REPRESENTATION_CONTEXT() REPRESENTATION_CONTEXT('2D SPACE',''
  ) );
#9038 = ORIENTED_EDGE('',*,*,#9039,.F.);
#9039 = EDGE_CURVE('',#9040,#9012,#9042,.T.);
#9040 = VERTEX_POINT('',#9041);
#9041 = CARTESIAN_POINT('',(15.258639812469,233.53414543134,-150.4));
#9042 = SURFACE_CURVE('',#9043,(#9047,#9054),.PCURVE_S1.);
#9043 = LINE('',#9044,#9045);
#9044 = CARTESIAN_POINT('',(15.258639812469,233.53414543134,-150.4));
#9045 = VECTOR('',#9046,1.);
#9046 = DIRECTION('',(0.382683469915,-0.923879516958,0.));
#9047 = PCURVE('',#8337,#9048);
#9048 = DEFINITIONAL_REPRESENTATION('',(#9049),#9053);
#9049 = LINE('',#9050,#9051);
#9050 = CARTESIAN_POINT('',(-22.20562945546,-5.327854714389));
#9051 = VECTOR('',#9052,1.);
#9052 = DIRECTION('',(0.382683469915,0.923879516958));
#9053 = ( GEOMETRIC_REPRESENTATION_CONTEXT(2) 
PARAMETRIC_REPRESENTATION_CONTEXT() REPRESENTATION_CONTEXT('2D SPACE',''
  ) );
#9054 = PCURVE('',#9055,#9060);
#9055 = PLANE('',#9056);
#9056 = AXIS2_PLACEMENT_3D('',#9057,#9058,#9059);
#9057 = CARTESIAN_POINT('',(15.843192946853,232.12290948862,
    -147.8223261111));
#9058 = DIRECTION('',(-0.923879516958,-0.382683469915,0.));
#9059 = DIRECTION('',(0.382683469915,-0.923879516958,0.));
#9060 = DEFINITIONAL_REPRESENTATION('',(#9061),#9065);
#9061 = LINE('',#9062,#9063);
#9062 = CARTESIAN_POINT('',(-1.527510802894,-2.577673888818));
#9063 = VECTOR('',#9064,1.);
#9064 = DIRECTION('',(1.,0.));
#9065 = ( GEOMETRIC_REPRESENTATION_CONTEXT(2) 
PARAMETRIC_REPRESENTATION_CONTEXT() REPRESENTATION_CONTEXT('2D SPACE',''
  ) );
#9066 = ORIENTED_EDGE('',*,*,#9067,.F.);
#9067 = EDGE_CURVE('',#9068,#9040,#9070,.T.);
#9068 = VERTEX_POINT('',#9069);
#9069 = CARTESIAN_POINT('',(14.650428295135,238.15395362836,-150.4));
#9070 = SURFACE_CURVE('',#9071,(#9075,#9082),.PCURVE_S1.);
#9071 = LINE('',#9072,#9073);
#9072 = CARTESIAN_POINT('',(14.650428295135,238.15395362836,-150.4));
#9073 = VECTOR('',#9074,1.);
#9074 = DIRECTION('',(0.130526662603,-0.991444799447,0.));
#9075 = PCURVE('',#8337,#9076);
#9076 = DEFINITIONAL_REPRESENTATION('',(#9077),#9081);
#9077 = LINE('',#9078,#9079);
#9078 = CARTESIAN_POINT('',(-22.81384097279,-9.947662911411));
#9079 = VECTOR('',#9080,1.);
#9080 = DIRECTION('',(0.130526662603,0.991444799447));
#9081 = ( GEOMETRIC_REPRESENTATION_CONTEXT(2) 
PARAMETRIC_REPRESENTATION_CONTEXT() REPRESENTATION_CONTEXT('2D SPACE',''
  ) );
#9082 = PCURVE('',#9083,#9088);
#9083 = PLANE('',#9084);
#9084 = AXIS2_PLACEMENT_3D('',#9085,#9086,#9087);
#9085 = CARTESIAN_POINT('',(14.849809109379,236.63951154084,
    -147.8223259569));
#9086 = DIRECTION('',(-0.991444799447,-0.130526662603,0.));
#9087 = DIRECTION('',(0.130526662603,-0.991444799447,0.));
#9088 = DEFINITIONAL_REPRESENTATION('',(#9089),#9093);
#9089 = LINE('',#9090,#9091);
#9090 = CARTESIAN_POINT('',(-1.527510244012,-2.577674043007));
#9091 = VECTOR('',#9092,1.);
#9092 = DIRECTION('',(1.,0.));
#9093 = ( GEOMETRIC_REPRESENTATION_CONTEXT(2) 
PARAMETRIC_REPRESENTATION_CONTEXT() REPRESENTATION_CONTEXT('2D SPACE',''
  ) );
#9094 = ORIENTED_EDGE('',*,*,#9095,.F.);
#9095 = EDGE_CURVE('',#9096,#9068,#9098,.T.);
#9096 = VERTEX_POINT('',#9097);
#9097 = CARTESIAN_POINT('',(15.258639812469,242.77376182538,-150.4));
#9098 = SURFACE_CURVE('',#9099,(#9103,#9110),.PCURVE_S1.);
#9099 = LINE('',#9100,#9101);
#9100 = CARTESIAN_POINT('',(15.258639812469,242.77376182538,-150.4));
#9101 = VECTOR('',#9102,1.);
#9102 = DIRECTION('',(-0.130526662603,-0.991444799447,0.));
#9103 = PCURVE('',#8337,#9104);
#9104 = DEFINITIONAL_REPRESENTATION('',(#9105),#9109);
#9105 = LINE('',#9106,#9107);
#9106 = CARTESIAN_POINT('',(-22.20562945546,-14.56747110843));
#9107 = VECTOR('',#9108,1.);
#9108 = DIRECTION('',(-0.130526662603,0.991444799447));
#9109 = ( GEOMETRIC_REPRESENTATION_CONTEXT(2) 
PARAMETRIC_REPRESENTATION_CONTEXT() REPRESENTATION_CONTEXT('2D SPACE',''
  ) );
#9110 = PCURVE('',#9111,#9116);
#9111 = PLANE('',#9112);
#9112 = AXIS2_PLACEMENT_3D('',#9113,#9114,#9115);
#9113 = CARTESIAN_POINT('',(15.059258998226,241.25931973786,
    -147.8223259569));
#9114 = DIRECTION('',(-0.991444799447,0.130526662603,0.));
#9115 = DIRECTION('',(-0.130526662603,-0.991444799447,0.));
#9116 = DEFINITIONAL_REPRESENTATION('',(#9117),#9121);
#9117 = LINE('',#9118,#9119);
#9118 = CARTESIAN_POINT('',(-1.527510244012,-2.577674043007));
#9119 = VECTOR('',#9120,1.);
#9120 = DIRECTION('',(1.,0.));
#9121 = ( GEOMETRIC_REPRESENTATION_CONTEXT(2) 
PARAMETRIC_REPRESENTATION_CONTEXT() REPRESENTATION_CONTEXT('2D SPACE',''
  ) );
#9122 = ORIENTED_EDGE('',*,*,#9123,.F.);
#9123 = EDGE_CURVE('',#9124,#9096,#9126,.T.);
#9124 = VERTEX_POINT('',#9125);
#9125 = CARTESIAN_POINT('',(17.041820049286,247.07873924238,-150.4));
#9126 = SURFACE_CURVE('',#9127,(#9131,#9138),.PCURVE_S1.);
#9127 = LINE('',#9128,#9129);
#9128 = CARTESIAN_POINT('',(17.041820049286,247.07873924238,-150.4));
#9129 = VECTOR('',#9130,1.);
#9130 = DIRECTION('',(-0.382683469915,-0.923879516958,0.));
#9131 = PCURVE('',#8337,#9132);
#9132 = DEFINITIONAL_REPRESENTATION('',(#9133),#9137);
#9133 = LINE('',#9134,#9135);
#9134 = CARTESIAN_POINT('',(-20.42244921864,-18.87244852542));
#9135 = VECTOR('',#9136,1.);
#9136 = DIRECTION('',(-0.382683469915,0.923879516958));
#9137 = ( GEOMETRIC_REPRESENTATION_CONTEXT(2) 
PARAMETRIC_REPRESENTATION_CONTEXT() REPRESENTATION_CONTEXT('2D SPACE',''
  ) );
#9138 = PCURVE('',#9139,#9144);
#9139 = PLANE('',#9140);
#9140 = AXIS2_PLACEMENT_3D('',#9141,#9142,#9143);
#9141 = CARTESIAN_POINT('',(16.457266914902,245.66750329965,
    -147.8223261111));
#9142 = DIRECTION('',(-0.923879516958,0.382683469915,0.));
#9143 = DIRECTION('',(-0.382683469915,-0.923879516958,0.));
#9144 = DEFINITIONAL_REPRESENTATION('',(#9145),#9149);
#9145 = LINE('',#9146,#9147);
#9146 = CARTESIAN_POINT('',(-1.527510802894,-2.577673888818));
#9147 = VECTOR('',#9148,1.);
#9148 = DIRECTION('',(1.,0.));
#9149 = ( GEOMETRIC_REPRESENTATION_CONTEXT(2) 
PARAMETRIC_REPRESENTATION_CONTEXT() REPRESENTATION_CONTEXT('2D SPACE',''
  ) );
#9150 = ORIENTED_EDGE('',*,*,#9151,.F.);
#9151 = EDGE_CURVE('',#9152,#9124,#9154,.T.);
#9152 = VERTEX_POINT('',#9153);
#9153 = CARTESIAN_POINT('',(19.878448009491,250.77550514204,-150.4));
#9154 = SURFACE_CURVE('',#9155,(#9159,#9166),.PCURVE_S1.);
#9155 = LINE('',#9156,#9157);
#9156 = CARTESIAN_POINT('',(19.878448009491,250.77550514204,-150.4));
#9157 = VECTOR('',#9158,1.);
#9158 = DIRECTION('',(-0.608761390803,-0.793353369607,0.));
#9159 = PCURVE('',#8337,#9160);
#9160 = DEFINITIONAL_REPRESENTATION('',(#9161),#9165);
#9161 = LINE('',#9162,#9163);
#9162 = CARTESIAN_POINT('',(-17.58582125844,-22.56921442508));
#9163 = VECTOR('',#9164,1.);
#9164 = DIRECTION('',(-0.608761390803,0.793353369607));
#9165 = ( GEOMETRIC_REPRESENTATION_CONTEXT(2) 
PARAMETRIC_REPRESENTATION_CONTEXT() REPRESENTATION_CONTEXT('2D SPACE',''
  ) );
#9166 = PCURVE('',#9167,#9172);
#9167 = PLANE('',#9168);
#9168 = AXIS2_PLACEMENT_3D('',#9169,#9170,#9171);
#9169 = CARTESIAN_POINT('',(18.948559074639,249.56365016738,
    -147.8223258093));
#9170 = DIRECTION('',(-0.793353369607,0.608761390803,0.));
#9171 = DIRECTION('',(-0.608761390803,-0.793353369607,0.));
#9172 = DEFINITIONAL_REPRESENTATION('',(#9173),#9177);
#9173 = LINE('',#9174,#9175);
#9174 = CARTESIAN_POINT('',(-1.527509708894,-2.57767419064));
#9175 = VECTOR('',#9176,1.);
#9176 = DIRECTION('',(1.,0.));
#9177 = ( GEOMETRIC_REPRESENTATION_CONTEXT(2) 
PARAMETRIC_REPRESENTATION_CONTEXT() REPRESENTATION_CONTEXT('2D SPACE',''
  ) );
#9178 = ORIENTED_EDGE('',*,*,#9179,.F.);
#9179 = EDGE_CURVE('',#9180,#9152,#9182,.T.);
#9180 = VERTEX_POINT('',#9181);
#9181 = CARTESIAN_POINT('',(23.575213909149,253.61213691694,-150.4));
#9182 = SURFACE_CURVE('',#9183,(#9187,#9194),.PCURVE_S1.);
#9183 = LINE('',#9184,#9185);
#9184 = CARTESIAN_POINT('',(23.575213909149,253.61213691694,-150.4));
#9185 = VECTOR('',#9186,1.);
#9186 = DIRECTION('',(-0.793352974224,-0.608761906077,0.));
#9187 = PCURVE('',#8337,#9188);
#9188 = DEFINITIONAL_REPRESENTATION('',(#9189),#9193);
#9189 = LINE('',#9190,#9191);
#9190 = CARTESIAN_POINT('',(-13.88905535878,-25.40584619998));
#9191 = VECTOR('',#9192,1.);
#9192 = DIRECTION('',(-0.793352974224,0.608761906077));
#9193 = ( GEOMETRIC_REPRESENTATION_CONTEXT(2) 
PARAMETRIC_REPRESENTATION_CONTEXT() REPRESENTATION_CONTEXT('2D SPACE',''
  ) );
#9194 = PCURVE('',#9195,#9200);
#9195 = PLANE('',#9196);
#9196 = AXIS2_PLACEMENT_3D('',#9197,#9198,#9199);
#9197 = CARTESIAN_POINT('',(21.090303102187,251.70539541798,
    -147.8223260604));
#9198 = DIRECTION('',(-0.608761906077,0.793352974224,0.));
#9199 = DIRECTION('',(0.793352974224,0.608761906077,0.));
#9200 = DEFINITIONAL_REPRESENTATION('',(#9201),#9205);
#9201 = LINE('',#9202,#9203);
#9202 = CARTESIAN_POINT('',(3.132162968688,2.577673939568));
#9203 = VECTOR('',#9204,1.);
#9204 = DIRECTION('',(-1.,0.));
#9205 = ( GEOMETRIC_REPRESENTATION_CONTEXT(2) 
PARAMETRIC_REPRESENTATION_CONTEXT() REPRESENTATION_CONTEXT('2D SPACE',''
  ) );
#9206 = ORIENTED_EDGE('',*,*,#9207,.F.);
#9207 = EDGE_CURVE('',#9208,#9180,#9210,.T.);
#9208 = VERTEX_POINT('',#9209);
#9209 = CARTESIAN_POINT('',(27.880191326141,255.39531715375,-150.4));
#9210 = SURFACE_CURVE('',#9211,(#9215,#9222),.PCURVE_S1.);
#9211 = LINE('',#9212,#9213);
#9212 = CARTESIAN_POINT('',(27.880191326141,255.39531715375,-150.4));
#9213 = VECTOR('',#9214,1.);
#9214 = DIRECTION('',(-0.923879516958,-0.382683469915,0.));
#9215 = PCURVE('',#8337,#9216);
#9216 = DEFINITIONAL_REPRESENTATION('',(#9217),#9221);
#9217 = LINE('',#9218,#9219);
#9218 = CARTESIAN_POINT('',(-9.58407794179,-27.1890264368));
#9219 = VECTOR('',#9220,1.);
#9220 = DIRECTION('',(-0.923879516958,0.382683469915));
#9221 = ( GEOMETRIC_REPRESENTATION_CONTEXT(2) 
PARAMETRIC_REPRESENTATION_CONTEXT() REPRESENTATION_CONTEXT('2D SPACE',''
  ) );
#9222 = PCURVE('',#9223,#9228);
#9223 = PLANE('',#9224);
#9224 = AXIS2_PLACEMENT_3D('',#9225,#9226,#9227);
#9225 = CARTESIAN_POINT('',(24.986449851874,254.19669005132,
    -147.8223261111));
#9226 = DIRECTION('',(-0.382683469915,0.923879516958,0.));
#9227 = DIRECTION('',(0.923879516958,0.382683469915,0.));
#9228 = DEFINITIONAL_REPRESENTATION('',(#9229),#9233);
#9229 = LINE('',#9230,#9231);
#9230 = CARTESIAN_POINT('',(3.132163254139,2.577673888818));
#9231 = VECTOR('',#9232,1.);
#9232 = DIRECTION('',(-1.,0.));
#9233 = ( GEOMETRIC_REPRESENTATION_CONTEXT(2) 
PARAMETRIC_REPRESENTATION_CONTEXT() REPRESENTATION_CONTEXT('2D SPACE',''
  ) );
#9234 = ORIENTED_EDGE('',*,*,#9235,.F.);
#9235 = EDGE_CURVE('',#9236,#9208,#9238,.T.);
#9236 = VERTEX_POINT('',#9237);
#9237 = CARTESIAN_POINT('',(32.499999523163,256.00352485639,-150.4));
#9238 = SURFACE_CURVE('',#9239,(#9243,#9250),.PCURVE_S1.);
#9239 = LINE('',#9240,#9241);
#9240 = CARTESIAN_POINT('',(32.499999523163,256.00352485639,-150.4));
#9241 = VECTOR('',#9242,1.);
#9242 = DIRECTION('',(-0.991444905389,-0.130525857889,0.));
#9243 = PCURVE('',#8337,#9244);
#9244 = DEFINITIONAL_REPRESENTATION('',(#9245),#9249);
#9245 = LINE('',#9246,#9247);
#9246 = CARTESIAN_POINT('',(-4.964269744769,-27.79723413943));
#9247 = VECTOR('',#9248,1.);
#9248 = DIRECTION('',(-0.991444905389,0.130525857889));
#9249 = ( GEOMETRIC_REPRESENTATION_CONTEXT(2) 
PARAMETRIC_REPRESENTATION_CONTEXT() REPRESENTATION_CONTEXT('2D SPACE',''
  ) );
#9250 = PCURVE('',#9251,#9256);
#9251 = PLANE('',#9252);
#9252 = AXIS2_PLACEMENT_3D('',#9253,#9254,#9255);
#9253 = CARTESIAN_POINT('',(29.394633382041,255.59469671332,
    -147.8223259031));
#9254 = DIRECTION('',(-0.130525857889,0.991444905389,0.));
#9255 = DIRECTION('',(0.991444905389,0.130525857889,0.));
#9256 = DEFINITIONAL_REPRESENTATION('',(#9257),#9261);
#9257 = LINE('',#9258,#9259);
#9258 = CARTESIAN_POINT('',(3.132162084088,2.57767409684));
#9259 = VECTOR('',#9260,1.);
#9260 = DIRECTION('',(-1.,0.));
#9261 = ( GEOMETRIC_REPRESENTATION_CONTEXT(2) 
PARAMETRIC_REPRESENTATION_CONTEXT() REPRESENTATION_CONTEXT('2D SPACE',''
  ) );
#9262 = ORIENTED_EDGE('',*,*,#9263,.F.);
#9263 = EDGE_CURVE('',#8485,#9236,#9264,.T.);
#9264 = SURFACE_CURVE('',#9265,(#9269,#9276),.PCURVE_S1.);
#9265 = LINE('',#9266,#9267);
#9266 = CARTESIAN_POINT('',(37.119809627533,255.39531715375,-150.4));
#9267 = VECTOR('',#9268,1.);
#9268 = DIRECTION('',(-0.991444912363,0.130525804918,0.));
#9269 = PCURVE('',#8337,#9270);
#9270 = DEFINITIONAL_REPRESENTATION('',(#9271),#9275);
#9271 = LINE('',#9272,#9273);
#9272 = CARTESIAN_POINT('',(-0.344459640399,-27.1890264368));
#9273 = VECTOR('',#9274,1.);
#9274 = DIRECTION('',(-0.991444912363,-0.130525804918));
#9275 = ( GEOMETRIC_REPRESENTATION_CONTEXT(2) 
PARAMETRIC_REPRESENTATION_CONTEXT() REPRESENTATION_CONTEXT('2D SPACE',''
  ) );
#9276 = PCURVE('',#9277,#9282);
#9277 = PLANE('',#9278);
#9278 = AXIS2_PLACEMENT_3D('',#9279,#9280,#9281);
#9279 = CARTESIAN_POINT('',(34.014442324439,255.80414528101,
    -147.8223261076));
#9280 = DIRECTION('',(0.130525804918,0.991444912363,-0.));
#9281 = DIRECTION('',(0.991444912363,-0.130525804918,0.));
#9282 = DEFINITIONAL_REPRESENTATION('',(#9283),#9287);
#9283 = LINE('',#9284,#9285);
#9284 = CARTESIAN_POINT('',(3.132163234054,2.577673892389));
#9285 = VECTOR('',#9286,1.);
#9286 = DIRECTION('',(-1.,0.));
#9287 = ( GEOMETRIC_REPRESENTATION_CONTEXT(2) 
PARAMETRIC_REPRESENTATION_CONTEXT() REPRESENTATION_CONTEXT('2D SPACE',''
  ) );
#9288 = FACE_BOUND('',#9289,.T.);
#9289 = EDGE_LOOP('',(#9290,#9320,#9348,#9369,#9370,#9371,#9394,#9422,
    #9450,#9478,#9506,#9534,#9562,#9590,#9618,#9646,#9674,#9702,#9730,
    #9758,#9786,#9814,#9842,#9870));
#9290 = ORIENTED_EDGE('',*,*,#9291,.F.);
#9291 = EDGE_CURVE('',#9292,#9294,#9296,.T.);
#9292 = VERTEX_POINT('',#9293);
#9293 = CARTESIAN_POINT('',(37.42010641098,238.15395362836,-150.4));
#9294 = VERTEX_POINT('',#9295);
#9295 = CARTESIAN_POINT('',(37.252458095551,236.88053520185,-150.4));
#9296 = SURFACE_CURVE('',#9297,(#9301,#9308),.PCURVE_S1.);
#9297 = LINE('',#9298,#9299);
#9298 = CARTESIAN_POINT('',(37.42010641098,238.15395362836,-150.4));
#9299 = VECTOR('',#9300,1.);
#9300 = DIRECTION('',(-0.130525885413,-0.991444901766,0.));
#9301 = PCURVE('',#8337,#9302);
#9302 = DEFINITIONAL_REPRESENTATION('',(#9303),#9307);
#9303 = LINE('',#9304,#9305);
#9304 = CARTESIAN_POINT('',(-4.416285695136E-02,-9.947662911411));
#9305 = VECTOR('',#9306,1.);
#9306 = DIRECTION('',(-0.130525885413,0.991444901766));
#9307 = ( GEOMETRIC_REPRESENTATION_CONTEXT(2) 
PARAMETRIC_REPRESENTATION_CONTEXT() REPRESENTATION_CONTEXT('2D SPACE',''
  ) );
#9308 = PCURVE('',#9309,#9314);
#9309 = PLANE('',#9310);
#9310 = AXIS2_PLACEMENT_3D('',#9311,#9312,#9313);
#9311 = CARTESIAN_POINT('',(37.357708619093,237.67999421064,
    -150.0641541504));
#9312 = DIRECTION('',(-0.991444901766,0.130525885413,0.));
#9313 = DIRECTION('',(-0.130525885413,-0.991444901766,0.));
#9314 = DEFINITIONAL_REPRESENTATION('',(#9315),#9319);
#9315 = LINE('',#9316,#9317);
#9316 = CARTESIAN_POINT('',(-0.47804917538,-0.335845849585));
#9317 = VECTOR('',#9318,1.);
#9318 = DIRECTION('',(1.,0.));
#9319 = ( GEOMETRIC_REPRESENTATION_CONTEXT(2) 
PARAMETRIC_REPRESENTATION_CONTEXT() REPRESENTATION_CONTEXT('2D SPACE',''
  ) );
#9320 = ORIENTED_EDGE('',*,*,#9321,.F.);
#9321 = EDGE_CURVE('',#9322,#9292,#9324,.T.);
#9322 = VERTEX_POINT('',#9323);
#9323 = CARTESIAN_POINT('',(37.252458095551,239.42737205488,-150.4));
#9324 = SURFACE_CURVE('',#9325,(#9329,#9336),.PCURVE_S1.);
#9325 = LINE('',#9326,#9327);
#9326 = CARTESIAN_POINT('',(37.252458095551,239.42737205488,-150.4));
#9327 = VECTOR('',#9328,1.);
#9328 = DIRECTION('',(0.130525885413,-0.991444901766,0.));
#9329 = PCURVE('',#8337,#9330);
#9330 = DEFINITIONAL_REPRESENTATION('',(#9331),#9335);
#9331 = LINE('',#9332,#9333);
#9332 = CARTESIAN_POINT('',(-0.211811172381,-11.22108133792));
#9333 = VECTOR('',#9334,1.);
#9334 = DIRECTION('',(0.130525885413,0.991444901766));
#9335 = ( GEOMETRIC_REPRESENTATION_CONTEXT(2) 
PARAMETRIC_REPRESENTATION_CONTEXT() REPRESENTATION_CONTEXT('2D SPACE',''
  ) );
#9336 = PCURVE('',#9337,#9342);
#9337 = PLANE('',#9338);
#9338 = AXIS2_PLACEMENT_3D('',#9339,#9340,#9341);
#9339 = CARTESIAN_POINT('',(37.314855887438,238.95341263715,
    -150.0641541504));
#9340 = DIRECTION('',(-0.991444901766,-0.130525885413,0.));
#9341 = DIRECTION('',(0.130525885413,-0.991444901766,0.));
#9342 = DEFINITIONAL_REPRESENTATION('',(#9343),#9347);
#9343 = LINE('',#9344,#9345);
#9344 = CARTESIAN_POINT('',(-0.47804917538,-0.335845849585));
#9345 = VECTOR('',#9346,1.);
#9346 = DIRECTION('',(1.,0.));
#9347 = ( GEOMETRIC_REPRESENTATION_CONTEXT(2) 
PARAMETRIC_REPRESENTATION_CONTEXT() REPRESENTATION_CONTEXT('2D SPACE',''
  ) );
#9348 = ORIENTED_EDGE('',*,*,#9349,.F.);
#9349 = EDGE_CURVE('',#8322,#9322,#9350,.T.);
#9350 = SURFACE_CURVE('',#9351,(#9355,#9362),.PCURVE_S1.);
#9351 = LINE('',#9352,#9353);
#9352 = CARTESIAN_POINT('',(36.760938167572,240.6140061186,-150.4));
#9353 = VECTOR('',#9354,1.);
#9354 = DIRECTION('',(0.382683435828,-0.923879531077,0.));
#9355 = PCURVE('',#8337,#9356);
#9356 = DEFINITIONAL_REPRESENTATION('',(#9357),#9361);
#9357 = LINE('',#9358,#9359);
#9358 = CARTESIAN_POINT('',(-0.70333110036,-12.40771540164));
#9359 = VECTOR('',#9360,1.);
#9360 = DIRECTION('',(0.382683435828,0.923879531077));
#9361 = ( GEOMETRIC_REPRESENTATION_CONTEXT(2) 
PARAMETRIC_REPRESENTATION_CONTEXT() REPRESENTATION_CONTEXT('2D SPACE',''
  ) );
#9362 = PCURVE('',#8365,#9363);
#9363 = DEFINITIONAL_REPRESENTATION('',(#9364),#9368);
#9364 = LINE('',#9365,#9366);
#9365 = CARTESIAN_POINT('',(-0.478047746635,-0.335846018052));
#9366 = VECTOR('',#9367,1.);
#9367 = DIRECTION('',(1.,0.));
#9368 = ( GEOMETRIC_REPRESENTATION_CONTEXT(2) 
PARAMETRIC_REPRESENTATION_CONTEXT() REPRESENTATION_CONTEXT('2D SPACE',''
  ) );
#9369 = ORIENTED_EDGE('',*,*,#8321,.F.);
#9370 = ORIENTED_EDGE('',*,*,#8406,.F.);
#9371 = ORIENTED_EDGE('',*,*,#9372,.F.);
#9372 = EDGE_CURVE('',#9373,#8407,#9375,.T.);
#9373 = VERTEX_POINT('',#9374);
#9374 = CARTESIAN_POINT('',(33.773417949677,242.9064102934,-150.4));
#9375 = SURFACE_CURVE('',#9376,(#9380,#9387),.PCURVE_S1.);
#9376 = LINE('',#9377,#9378);
#9377 = CARTESIAN_POINT('',(33.773417949677,242.9064102934,-150.4));
#9378 = VECTOR('',#9379,1.);
#9379 = DIRECTION('',(0.923879531077,-0.382683435828,0.));
#9380 = PCURVE('',#8337,#9381);
#9381 = DEFINITIONAL_REPRESENTATION('',(#9382),#9386);
#9382 = LINE('',#9383,#9384);
#9383 = CARTESIAN_POINT('',(-3.690851318255,-14.70011957645));
#9384 = VECTOR('',#9385,1.);
#9385 = DIRECTION('',(0.923879531077,0.382683435828));
#9386 = ( GEOMETRIC_REPRESENTATION_CONTEXT(2) 
PARAMETRIC_REPRESENTATION_CONTEXT() REPRESENTATION_CONTEXT('2D SPACE',''
  ) );
#9387 = PCURVE('',#8467,#9388);
#9388 = DEFINITIONAL_REPRESENTATION('',(#9389),#9393);
#9389 = LINE('',#9390,#9391);
#9390 = CARTESIAN_POINT('',(0.806355710532,0.335846018052));
#9391 = VECTOR('',#9392,1.);
#9392 = DIRECTION('',(-1.,-0.));
#9393 = ( GEOMETRIC_REPRESENTATION_CONTEXT(2) 
PARAMETRIC_REPRESENTATION_CONTEXT() REPRESENTATION_CONTEXT('2D SPACE',''
  ) );
#9394 = ORIENTED_EDGE('',*,*,#9395,.F.);
#9395 = EDGE_CURVE('',#9396,#9373,#9398,.T.);
#9396 = VERTEX_POINT('',#9397);
#9397 = CARTESIAN_POINT('',(32.499999523163,243.07405860883,-150.4));
#9398 = SURFACE_CURVE('',#9399,(#9403,#9410),.PCURVE_S1.);
#9399 = LINE('',#9400,#9401);
#9400 = CARTESIAN_POINT('',(32.499999523163,243.07405860883,-150.4));
#9401 = VECTOR('',#9402,1.);
#9402 = DIRECTION('',(0.991444901766,-0.130525885413,0.));
#9403 = PCURVE('',#8337,#9404);
#9404 = DEFINITIONAL_REPRESENTATION('',(#9405),#9409);
#9405 = LINE('',#9406,#9407);
#9406 = CARTESIAN_POINT('',(-4.964269744769,-14.86776789187));
#9407 = VECTOR('',#9408,1.);
#9408 = DIRECTION('',(0.991444901766,0.130525885413));
#9409 = ( GEOMETRIC_REPRESENTATION_CONTEXT(2) 
PARAMETRIC_REPRESENTATION_CONTEXT() REPRESENTATION_CONTEXT('2D SPACE',''
  ) );
#9410 = PCURVE('',#9411,#9416);
#9411 = PLANE('',#9412);
#9412 = AXIS2_PLACEMENT_3D('',#9413,#9414,#9415);
#9413 = CARTESIAN_POINT('',(33.299458531953,242.96880808529,
    -150.0641541504));
#9414 = DIRECTION('',(-0.130525885413,-0.991444901766,0.));
#9415 = DIRECTION('',(-0.991444901766,0.130525885413,0.));
#9416 = DEFINITIONAL_REPRESENTATION('',(#9417),#9421);
#9417 = LINE('',#9418,#9419);
#9418 = CARTESIAN_POINT('',(0.806357476211,0.335845849585));
#9419 = VECTOR('',#9420,1.);
#9420 = DIRECTION('',(-1.,-0.));
#9421 = ( GEOMETRIC_REPRESENTATION_CONTEXT(2) 
PARAMETRIC_REPRESENTATION_CONTEXT() REPRESENTATION_CONTEXT('2D SPACE',''
  ) );
#9422 = ORIENTED_EDGE('',*,*,#9423,.F.);
#9423 = EDGE_CURVE('',#9424,#9396,#9426,.T.);
#9424 = VERTEX_POINT('',#9425);
#9425 = CARTESIAN_POINT('',(31.226584911346,242.9064102934,-150.4));
#9426 = SURFACE_CURVE('',#9427,(#9431,#9438),.PCURVE_S1.);
#9427 = LINE('',#9428,#9429);
#9428 = CARTESIAN_POINT('',(31.226584911346,242.9064102934,-150.4));
#9429 = VECTOR('',#9430,1.);
#9430 = DIRECTION('',(0.991444851165,0.130526269761,0.));
#9431 = PCURVE('',#8337,#9432);
#9432 = DEFINITIONAL_REPRESENTATION('',(#9433),#9437);
#9433 = LINE('',#9434,#9435);
#9434 = CARTESIAN_POINT('',(-6.237684356585,-14.70011957645));
#9435 = VECTOR('',#9436,1.);
#9436 = DIRECTION('',(0.991444851165,-0.130526269761));
#9437 = ( GEOMETRIC_REPRESENTATION_CONTEXT(2) 
PARAMETRIC_REPRESENTATION_CONTEXT() REPRESENTATION_CONTEXT('2D SPACE',''
  ) );
#9438 = PCURVE('',#9439,#9444);
#9439 = PLANE('',#9440);
#9440 = AXIS2_PLACEMENT_3D('',#9441,#9442,#9443);
#9441 = CARTESIAN_POINT('',(32.02604180673,243.011660854,-150.0641539509
    ));
#9442 = DIRECTION('',(0.130526269761,-0.991444851165,0.));
#9443 = DIRECTION('',(-0.991444851165,-0.130526269761,0.));
#9444 = DEFINITIONAL_REPRESENTATION('',(#9445),#9449);
#9445 = LINE('',#9446,#9447);
#9446 = CARTESIAN_POINT('',(0.806355385722,0.335846049042));
#9447 = VECTOR('',#9448,1.);
#9448 = DIRECTION('',(-1.,0.));
#9449 = ( GEOMETRIC_REPRESENTATION_CONTEXT(2) 
PARAMETRIC_REPRESENTATION_CONTEXT() REPRESENTATION_CONTEXT('2D SPACE',''
  ) );
#9450 = ORIENTED_EDGE('',*,*,#9451,.F.);
#9451 = EDGE_CURVE('',#9452,#9424,#9454,.T.);
#9452 = VERTEX_POINT('',#9453);
#9453 = CARTESIAN_POINT('',(30.039947032928,242.41489036542,-150.4));
#9454 = SURFACE_CURVE('',#9455,(#9459,#9466),.PCURVE_S1.);
#9455 = LINE('',#9456,#9457);
#9456 = CARTESIAN_POINT('',(30.039947032928,242.41489036542,-150.4));
#9457 = VECTOR('',#9458,1.);
#9458 = DIRECTION('',(0.923879966024,0.382682385772,0.));
#9459 = PCURVE('',#8337,#9460);
#9460 = DEFINITIONAL_REPRESENTATION('',(#9461),#9465);
#9461 = LINE('',#9462,#9463);
#9462 = CARTESIAN_POINT('',(-7.424322235003,-14.20859964847));
#9463 = VECTOR('',#9464,1.);
#9464 = DIRECTION('',(0.923879966024,-0.382682385772));
#9465 = ( GEOMETRIC_REPRESENTATION_CONTEXT(2) 
PARAMETRIC_REPRESENTATION_CONTEXT() REPRESENTATION_CONTEXT('2D SPACE',''
  ) );
#9466 = PCURVE('',#9467,#9472);
#9467 = PLANE('',#9468);
#9468 = AXIS2_PLACEMENT_3D('',#9469,#9470,#9471);
#9469 = CARTESIAN_POINT('',(30.784924719119,242.72346923799,
    -150.0641541678));
#9470 = DIRECTION('',(0.382682385772,-0.923879966024,0.));
#9471 = DIRECTION('',(-0.923879966024,-0.382682385772,0.));
#9472 = DEFINITIONAL_REPRESENTATION('',(#9473),#9477);
#9473 = LINE('',#9474,#9475);
#9474 = CARTESIAN_POINT('',(0.806357658558,0.335845832187));
#9475 = VECTOR('',#9476,1.);
#9476 = DIRECTION('',(-1.,0.));
#9477 = ( GEOMETRIC_REPRESENTATION_CONTEXT(2) 
PARAMETRIC_REPRESENTATION_CONTEXT() REPRESENTATION_CONTEXT('2D SPACE',''
  ) );
#9478 = ORIENTED_EDGE('',*,*,#9479,.F.);
#9479 = EDGE_CURVE('',#9480,#9452,#9482,.T.);
#9480 = VERTEX_POINT('',#9481);
#9481 = CARTESIAN_POINT('',(29.020961284637,241.63299568159,-150.4));
#9482 = SURFACE_CURVE('',#9483,(#9487,#9494),.PCURVE_S1.);
#9483 = LINE('',#9484,#9485);
#9484 = CARTESIAN_POINT('',(29.020961284637,241.63299568159,-150.4));
#9485 = VECTOR('',#9486,1.);
#9486 = DIRECTION('',(0.793353558832,0.608761144201,0.));
#9487 = PCURVE('',#8337,#9488);
#9488 = DEFINITIONAL_REPRESENTATION('',(#9489),#9493);
#9489 = LINE('',#9490,#9491);
#9490 = CARTESIAN_POINT('',(-8.443307983294,-13.42670496463));
#9491 = VECTOR('',#9492,1.);
#9492 = DIRECTION('',(0.793353558832,-0.608761144201));
#9493 = ( GEOMETRIC_REPRESENTATION_CONTEXT(2) 
PARAMETRIC_REPRESENTATION_CONTEXT() REPRESENTATION_CONTEXT('2D SPACE',''
  ) );
#9494 = PCURVE('',#9495,#9500);
#9495 = PLANE('',#9496);
#9496 = AXIS2_PLACEMENT_3D('',#9497,#9498,#9499);
#9497 = CARTESIAN_POINT('',(29.660686288451,242.12387357702,
    -150.0641539616));
#9498 = DIRECTION('',(0.608761144201,-0.793353558832,1.478836346776E-16)
  );
#9499 = DIRECTION('',(-0.793353558832,-0.608761144201,0.));
#9500 = DEFINITIONAL_REPRESENTATION('',(#9501),#9505);
#9501 = LINE('',#9502,#9503);
#9502 = CARTESIAN_POINT('',(0.806355497737,0.335846038355));
#9503 = VECTOR('',#9504,1.);
#9504 = DIRECTION('',(-1.,-2.462757242765E-32));
#9505 = ( GEOMETRIC_REPRESENTATION_CONTEXT(2) 
PARAMETRIC_REPRESENTATION_CONTEXT() REPRESENTATION_CONTEXT('2D SPACE',''
  ) );
#9506 = ORIENTED_EDGE('',*,*,#9507,.F.);
#9507 = EDGE_CURVE('',#9508,#9480,#9510,.T.);
#9508 = VERTEX_POINT('',#9509);
#9509 = CARTESIAN_POINT('',(28.239062786102,240.6140061186,-150.4));
#9510 = SURFACE_CURVE('',#9511,(#9515,#9522),.PCURVE_S1.);
#9511 = LINE('',#9512,#9513);
#9512 = CARTESIAN_POINT('',(28.239062786102,240.6140061186,-150.4));
#9513 = VECTOR('',#9514,1.);
#9514 = DIRECTION('',(0.608761579149,0.793353225084,0.));
#9515 = PCURVE('',#8337,#9516);
#9516 = DEFINITIONAL_REPRESENTATION('',(#9517),#9521);
#9517 = LINE('',#9518,#9519);
#9518 = CARTESIAN_POINT('',(-9.225206481829,-12.40771540164));
#9519 = VECTOR('',#9520,1.);
#9520 = DIRECTION('',(0.608761579149,-0.793353225084));
#9521 = ( GEOMETRIC_REPRESENTATION_CONTEXT(2) 
PARAMETRIC_REPRESENTATION_CONTEXT() REPRESENTATION_CONTEXT('2D SPACE',''
  ) );
#9522 = PCURVE('',#9523,#9528);
#9523 = PLANE('',#9524);
#9524 = AXIS2_PLACEMENT_3D('',#9525,#9526,#9527);
#9525 = CARTESIAN_POINT('',(28.729942832001,241.25373319876,
    -149.7358457562));
#9526 = DIRECTION('',(0.793353225084,-0.608761579149,-1.478837224132E-16
    ));
#9527 = DIRECTION('',(0.608761579149,0.793353225084,0.));
#9528 = DEFINITIONAL_REPRESENTATION('',(#9529),#9533);
#9529 = LINE('',#9530,#9531);
#9530 = CARTESIAN_POINT('',(-0.806358454134,-0.664154243721));
#9531 = VECTOR('',#9532,1.);
#9532 = DIRECTION('',(1.,-2.872002675353E-32));
#9533 = ( GEOMETRIC_REPRESENTATION_CONTEXT(2) 
PARAMETRIC_REPRESENTATION_CONTEXT() REPRESENTATION_CONTEXT('2D SPACE',''
  ) );
#9534 = ORIENTED_EDGE('',*,*,#9535,.F.);
#9535 = EDGE_CURVE('',#9536,#9508,#9538,.T.);
#9536 = VERTEX_POINT('',#9537);
#9537 = CARTESIAN_POINT('',(27.747542858124,239.42737205488,-150.4));
#9538 = SURFACE_CURVE('',#9539,(#9543,#9550),.PCURVE_S1.);
#9539 = LINE('',#9540,#9541);
#9540 = CARTESIAN_POINT('',(27.747542858124,239.42737205488,-150.4));
#9541 = VECTOR('',#9542,1.);
#9542 = DIRECTION('',(0.382683435828,0.923879531077,0.));
#9543 = PCURVE('',#8337,#9544);
#9544 = DEFINITIONAL_REPRESENTATION('',(#9545),#9549);
#9545 = LINE('',#9546,#9547);
#9546 = CARTESIAN_POINT('',(-9.716726409808,-11.22108133792));
#9547 = VECTOR('',#9548,1.);
#9548 = DIRECTION('',(0.382683435828,-0.923879531077));
#9549 = ( GEOMETRIC_REPRESENTATION_CONTEXT(2) 
PARAMETRIC_REPRESENTATION_CONTEXT() REPRESENTATION_CONTEXT('2D SPACE',''
  ) );
#9550 = PCURVE('',#9551,#9556);
#9551 = PLANE('',#9552);
#9552 = AXIS2_PLACEMENT_3D('',#9553,#9554,#9555);
#9553 = CARTESIAN_POINT('',(28.05612183193,240.1723475906,-149.735846018
    ));
#9554 = DIRECTION('',(0.923879531077,-0.382683435828,0.));
#9555 = DIRECTION('',(0.382683435828,0.923879531077,0.));
#9556 = DEFINITIONAL_REPRESENTATION('',(#9557),#9561);
#9557 = LINE('',#9558,#9559);
#9558 = CARTESIAN_POINT('',(-0.806355710532,-0.664153981948));
#9559 = VECTOR('',#9560,1.);
#9560 = DIRECTION('',(1.,0.));
#9561 = ( GEOMETRIC_REPRESENTATION_CONTEXT(2) 
PARAMETRIC_REPRESENTATION_CONTEXT() REPRESENTATION_CONTEXT('2D SPACE',''
  ) );
#9562 = ORIENTED_EDGE('',*,*,#9563,.F.);
#9563 = EDGE_CURVE('',#9564,#9536,#9566,.T.);
#9564 = VERTEX_POINT('',#9565);
#9565 = CARTESIAN_POINT('',(27.579894542694,238.15395362836,-150.4));
#9566 = SURFACE_CURVE('',#9567,(#9571,#9578),.PCURVE_S1.);
#9567 = LINE('',#9568,#9569);
#9568 = CARTESIAN_POINT('',(27.579894542694,238.15395362836,-150.4));
#9569 = VECTOR('',#9570,1.);
#9570 = DIRECTION('',(0.130525885413,0.991444901766,0.));
#9571 = PCURVE('',#8337,#9572);
#9572 = DEFINITIONAL_REPRESENTATION('',(#9573),#9577);
#9573 = LINE('',#9574,#9575);
#9574 = CARTESIAN_POINT('',(-9.884374725237,-9.947662911411));
#9575 = VECTOR('',#9576,1.);
#9576 = DIRECTION('',(0.130525885413,-0.991444901766));
#9577 = ( GEOMETRIC_REPRESENTATION_CONTEXT(2) 
PARAMETRIC_REPRESENTATION_CONTEXT() REPRESENTATION_CONTEXT('2D SPACE',''
  ) );
#9578 = PCURVE('',#9579,#9584);
#9579 = PLANE('',#9580);
#9580 = AXIS2_PLACEMENT_3D('',#9581,#9582,#9583);
#9581 = CARTESIAN_POINT('',(27.685145066236,238.95341263715,
    -149.7358458495));
#9582 = DIRECTION('',(0.991444901766,-0.130525885413,0.));
#9583 = DIRECTION('',(0.130525885413,0.991444901766,0.));
#9584 = DEFINITIONAL_REPRESENTATION('',(#9585),#9589);
#9585 = LINE('',#9586,#9587);
#9586 = CARTESIAN_POINT('',(-0.806357476211,-0.664154150415));
#9587 = VECTOR('',#9588,1.);
#9588 = DIRECTION('',(1.,0.));
#9589 = ( GEOMETRIC_REPRESENTATION_CONTEXT(2) 
PARAMETRIC_REPRESENTATION_CONTEXT() REPRESENTATION_CONTEXT('2D SPACE',''
  ) );
#9590 = ORIENTED_EDGE('',*,*,#9591,.F.);
#9591 = EDGE_CURVE('',#9592,#9564,#9594,.T.);
#9592 = VERTEX_POINT('',#9593);
#9593 = CARTESIAN_POINT('',(27.747542858124,236.88053520185,-150.4));
#9594 = SURFACE_CURVE('',#9595,(#9599,#9606),.PCURVE_S1.);
#9595 = LINE('',#9596,#9597);
#9596 = CARTESIAN_POINT('',(27.747542858124,236.88053520185,-150.4));
#9597 = VECTOR('',#9598,1.);
#9598 = DIRECTION('',(-0.130525885413,0.991444901766,0.));
#9599 = PCURVE('',#8337,#9600);
#9600 = DEFINITIONAL_REPRESENTATION('',(#9601),#9605);
#9601 = LINE('',#9602,#9603);
#9602 = CARTESIAN_POINT('',(-9.716726409808,-8.674244484897));
#9603 = VECTOR('',#9604,1.);
#9604 = DIRECTION('',(-0.130525885413,-0.991444901766));
#9605 = ( GEOMETRIC_REPRESENTATION_CONTEXT(2) 
PARAMETRIC_REPRESENTATION_CONTEXT() REPRESENTATION_CONTEXT('2D SPACE',''
  ) );
#9606 = PCURVE('',#9607,#9612);
#9607 = PLANE('',#9608);
#9608 = AXIS2_PLACEMENT_3D('',#9609,#9610,#9611);
#9609 = CARTESIAN_POINT('',(27.642292334582,237.67999421064,
    -149.7358458495));
#9610 = DIRECTION('',(0.991444901766,0.130525885413,-0.));
#9611 = DIRECTION('',(-0.130525885413,0.991444901766,0.));
#9612 = DEFINITIONAL_REPRESENTATION('',(#9613),#9617);
#9613 = LINE('',#9614,#9615);
#9614 = CARTESIAN_POINT('',(-0.806357476211,-0.664154150415));
#9615 = VECTOR('',#9616,1.);
#9616 = DIRECTION('',(1.,0.));
#9617 = ( GEOMETRIC_REPRESENTATION_CONTEXT(2) 
PARAMETRIC_REPRESENTATION_CONTEXT() REPRESENTATION_CONTEXT('2D SPACE',''
  ) );
#9618 = ORIENTED_EDGE('',*,*,#9619,.F.);
#9619 = EDGE_CURVE('',#9620,#9592,#9622,.T.);
#9620 = VERTEX_POINT('',#9621);
#9621 = CARTESIAN_POINT('',(28.239062786102,235.69390113813,-150.4));
#9622 = SURFACE_CURVE('',#9623,(#9627,#9634),.PCURVE_S1.);
#9623 = LINE('',#9624,#9625);
#9624 = CARTESIAN_POINT('',(28.239062786102,235.69390113813,-150.4));
#9625 = VECTOR('',#9626,1.);
#9626 = DIRECTION('',(-0.382683435828,0.923879531077,0.));
#9627 = PCURVE('',#8337,#9628);
#9628 = DEFINITIONAL_REPRESENTATION('',(#9629),#9633);
#9629 = LINE('',#9630,#9631);
#9630 = CARTESIAN_POINT('',(-9.225206481829,-7.487610421176));
#9631 = VECTOR('',#9632,1.);
#9632 = DIRECTION('',(-0.382683435828,-0.923879531077));
#9633 = ( GEOMETRIC_REPRESENTATION_CONTEXT(2) 
PARAMETRIC_REPRESENTATION_CONTEXT() REPRESENTATION_CONTEXT('2D SPACE',''
  ) );
#9634 = PCURVE('',#9635,#9640);
#9635 = PLANE('',#9636);
#9636 = AXIS2_PLACEMENT_3D('',#9637,#9638,#9639);
#9637 = CARTESIAN_POINT('',(27.930483812296,236.43887667386,
    -149.735846018));
#9638 = DIRECTION('',(0.923879531077,0.382683435828,-0.));
#9639 = DIRECTION('',(-0.382683435828,0.923879531077,0.));
#9640 = DEFINITIONAL_REPRESENTATION('',(#9641),#9645);
#9641 = LINE('',#9642,#9643);
#9642 = CARTESIAN_POINT('',(-0.806355710532,-0.664153981948));
#9643 = VECTOR('',#9644,1.);
#9644 = DIRECTION('',(1.,0.));
#9645 = ( GEOMETRIC_REPRESENTATION_CONTEXT(2) 
PARAMETRIC_REPRESENTATION_CONTEXT() REPRESENTATION_CONTEXT('2D SPACE',''
  ) );
#9646 = ORIENTED_EDGE('',*,*,#9647,.F.);
#9647 = EDGE_CURVE('',#9648,#9620,#9650,.T.);
#9648 = VERTEX_POINT('',#9649);
#9649 = CARTESIAN_POINT('',(29.020961284637,234.67491538984,-150.4));
#9650 = SURFACE_CURVE('',#9651,(#9655,#9662),.PCURVE_S1.);
#9651 = LINE('',#9652,#9653);
#9652 = CARTESIAN_POINT('',(29.020961284637,234.67491538984,-150.4));
#9653 = VECTOR('',#9654,1.);
#9654 = DIRECTION('',(-0.608763013553,0.793352124425,0.));
#9655 = PCURVE('',#8337,#9656);
#9656 = DEFINITIONAL_REPRESENTATION('',(#9657),#9661);
#9657 = LINE('',#9658,#9659);
#9658 = CARTESIAN_POINT('',(-8.443307983294,-6.468624672885));
#9659 = VECTOR('',#9660,1.);
#9660 = DIRECTION('',(-0.608763013553,-0.793352124425));
#9661 = ( GEOMETRIC_REPRESENTATION_CONTEXT(2) 
PARAMETRIC_REPRESENTATION_CONTEXT() REPRESENTATION_CONTEXT('2D SPACE',''
  ) );
#9662 = PCURVE('',#9663,#9668);
#9663 = PLANE('',#9664);
#9664 = AXIS2_PLACEMENT_3D('',#9665,#9666,#9667);
#9665 = CARTESIAN_POINT('',(28.530081100437,235.31464025535,
    -149.7358459158));
#9666 = DIRECTION('',(0.793352124425,0.608763013553,1.478836727701E-16)
  );
#9667 = DIRECTION('',(-0.608763013553,0.793352124425,0.));
#9668 = DEFINITIONAL_REPRESENTATION('',(#9669),#9673);
#9669 = LINE('',#9670,#9671);
#9670 = CARTESIAN_POINT('',(-0.806356781329,-0.664154084115));
#9671 = VECTOR('',#9672,1.);
#9672 = DIRECTION('',(1.,-3.695353041541E-32));
#9673 = ( GEOMETRIC_REPRESENTATION_CONTEXT(2) 
PARAMETRIC_REPRESENTATION_CONTEXT() REPRESENTATION_CONTEXT('2D SPACE',''
  ) );
#9674 = ORIENTED_EDGE('',*,*,#9675,.F.);
#9675 = EDGE_CURVE('',#9676,#9648,#9678,.T.);
#9676 = VERTEX_POINT('',#9677);
#9677 = CARTESIAN_POINT('',(30.039947032928,233.8930168913,-150.4));
#9678 = SURFACE_CURVE('',#9679,(#9683,#9690),.PCURVE_S1.);
#9679 = LINE('',#9680,#9681);
#9680 = CARTESIAN_POINT('',(30.039947032928,233.8930168913,-150.4));
#9681 = VECTOR('',#9682,1.);
#9682 = DIRECTION('',(-0.793352124425,0.608763013553,0.));
#9683 = PCURVE('',#8337,#9684);
#9684 = DEFINITIONAL_REPRESENTATION('',(#9685),#9689);
#9685 = LINE('',#9686,#9687);
#9686 = CARTESIAN_POINT('',(-7.424322235003,-5.68672617435));
#9687 = VECTOR('',#9688,1.);
#9688 = DIRECTION('',(-0.793352124425,-0.608763013553));
#9689 = ( GEOMETRIC_REPRESENTATION_CONTEXT(2) 
PARAMETRIC_REPRESENTATION_CONTEXT() REPRESENTATION_CONTEXT('2D SPACE',''
  ) );
#9690 = PCURVE('',#9691,#9696);
#9691 = PLANE('',#9692);
#9692 = AXIS2_PLACEMENT_3D('',#9693,#9694,#9695);
#9693 = CARTESIAN_POINT('',(29.400222167417,234.3838970755,
    -150.0641540841));
#9694 = DIRECTION('',(0.608763013553,0.793352124425,-0.));
#9695 = DIRECTION('',(0.793352124425,-0.608763013553,0.));
#9696 = DEFINITIONAL_REPRESENTATION('',(#9697),#9701);
#9697 = LINE('',#9698,#9699);
#9698 = CARTESIAN_POINT('',(0.806356781329,0.335845915885));
#9699 = VECTOR('',#9700,1.);
#9700 = DIRECTION('',(-1.,0.));
#9701 = ( GEOMETRIC_REPRESENTATION_CONTEXT(2) 
PARAMETRIC_REPRESENTATION_CONTEXT() REPRESENTATION_CONTEXT('2D SPACE',''
  ) );
#9702 = ORIENTED_EDGE('',*,*,#9703,.F.);
#9703 = EDGE_CURVE('',#9704,#9676,#9706,.T.);
#9704 = VERTEX_POINT('',#9705);
#9705 = CARTESIAN_POINT('',(31.226584911346,233.40149696332,-150.4));
#9706 = SURFACE_CURVE('',#9707,(#9711,#9718),.PCURVE_S1.);
#9707 = LINE('',#9708,#9709);
#9708 = CARTESIAN_POINT('',(31.226584911346,233.40149696332,-150.4));
#9709 = VECTOR('',#9710,1.);
#9710 = DIRECTION('',(-0.923879966024,0.382682385772,0.));
#9711 = PCURVE('',#8337,#9712);
#9712 = DEFINITIONAL_REPRESENTATION('',(#9713),#9717);
#9713 = LINE('',#9714,#9715);
#9714 = CARTESIAN_POINT('',(-6.237684356585,-5.195206246372));
#9715 = VECTOR('',#9716,1.);
#9716 = DIRECTION('',(-0.923879966024,-0.382682385772));
#9717 = ( GEOMETRIC_REPRESENTATION_CONTEXT(2) 
PARAMETRIC_REPRESENTATION_CONTEXT() REPRESENTATION_CONTEXT('2D SPACE',''
  ) );
#9718 = PCURVE('',#9719,#9724);
#9719 = PLANE('',#9720);
#9720 = AXIS2_PLACEMENT_3D('',#9721,#9722,#9723);
#9721 = CARTESIAN_POINT('',(30.481607225156,233.71007583589,
    -150.0641541678));
#9722 = DIRECTION('',(0.382682385772,0.923879966024,-0.));
#9723 = DIRECTION('',(0.923879966024,-0.382682385772,0.));
#9724 = DEFINITIONAL_REPRESENTATION('',(#9725),#9729);
#9725 = LINE('',#9726,#9727);
#9726 = CARTESIAN_POINT('',(0.806357658557,0.335845832187));
#9727 = VECTOR('',#9728,1.);
#9728 = DIRECTION('',(-1.,0.));
#9729 = ( GEOMETRIC_REPRESENTATION_CONTEXT(2) 
PARAMETRIC_REPRESENTATION_CONTEXT() REPRESENTATION_CONTEXT('2D SPACE',''
  ) );
#9730 = ORIENTED_EDGE('',*,*,#9731,.F.);
#9731 = EDGE_CURVE('',#9732,#9704,#9734,.T.);
#9732 = VERTEX_POINT('',#9733);
#9733 = CARTESIAN_POINT('',(32.499999523163,233.23384864789,-150.4));
#9734 = SURFACE_CURVE('',#9735,(#9739,#9746),.PCURVE_S1.);
#9735 = LINE('',#9736,#9737);
#9736 = CARTESIAN_POINT('',(32.499999523163,233.23384864789,-150.4));
#9737 = VECTOR('',#9738,1.);
#9738 = DIRECTION('',(-0.991444851165,0.130526269761,0.));
#9739 = PCURVE('',#8337,#9740);
#9740 = DEFINITIONAL_REPRESENTATION('',(#9741),#9745);
#9741 = LINE('',#9742,#9743);
#9742 = CARTESIAN_POINT('',(-4.964269744769,-5.027557930942));
#9743 = VECTOR('',#9744,1.);
#9744 = DIRECTION('',(-0.991444851165,-0.130526269761));
#9745 = ( GEOMETRIC_REPRESENTATION_CONTEXT(2) 
PARAMETRIC_REPRESENTATION_CONTEXT() REPRESENTATION_CONTEXT('2D SPACE',''
  ) );
#9746 = PCURVE('',#9747,#9752);
#9747 = PLANE('',#9748);
#9748 = AXIS2_PLACEMENT_3D('',#9749,#9750,#9751);
#9749 = CARTESIAN_POINT('',(31.700542627779,233.33909920849,
    -150.0641539509));
#9750 = DIRECTION('',(0.130526269761,0.991444851165,-0.));
#9751 = DIRECTION('',(0.991444851165,-0.130526269761,0.));
#9752 = DEFINITIONAL_REPRESENTATION('',(#9753),#9757);
#9753 = LINE('',#9754,#9755);
#9754 = CARTESIAN_POINT('',(0.806355385722,0.335846049042));
#9755 = VECTOR('',#9756,1.);
#9756 = DIRECTION('',(-1.,0.));
#9757 = ( GEOMETRIC_REPRESENTATION_CONTEXT(2) 
PARAMETRIC_REPRESENTATION_CONTEXT() REPRESENTATION_CONTEXT('2D SPACE',''
  ) );
#9758 = ORIENTED_EDGE('',*,*,#9759,.F.);
#9759 = EDGE_CURVE('',#9760,#9732,#9762,.T.);
#9760 = VERTEX_POINT('',#9761);
#9761 = CARTESIAN_POINT('',(33.773417949677,233.40149696332,-150.4));
#9762 = SURFACE_CURVE('',#9763,(#9767,#9774),.PCURVE_S1.);
#9763 = LINE('',#9764,#9765);
#9764 = CARTESIAN_POINT('',(33.773417949677,233.40149696332,-150.4));
#9765 = VECTOR('',#9766,1.);
#9766 = DIRECTION('',(-0.991444901766,-0.130525885413,0.));
#9767 = PCURVE('',#8337,#9768);
#9768 = DEFINITIONAL_REPRESENTATION('',(#9769),#9773);
#9769 = LINE('',#9770,#9771);
#9770 = CARTESIAN_POINT('',(-3.690851318255,-5.195206246372));
#9771 = VECTOR('',#9772,1.);
#9772 = DIRECTION('',(-0.991444901766,0.130525885413));
#9773 = ( GEOMETRIC_REPRESENTATION_CONTEXT(2) 
PARAMETRIC_REPRESENTATION_CONTEXT() REPRESENTATION_CONTEXT('2D SPACE',''
  ) );
#9774 = PCURVE('',#9775,#9780);
#9775 = PLANE('',#9776);
#9776 = AXIS2_PLACEMENT_3D('',#9777,#9778,#9779);
#9777 = CARTESIAN_POINT('',(32.973958940887,233.29624643978,
    -150.0641541504));
#9778 = DIRECTION('',(-0.130525885413,0.991444901766,0.));
#9779 = DIRECTION('',(0.991444901766,0.130525885413,0.));
#9780 = DEFINITIONAL_REPRESENTATION('',(#9781),#9785);
#9781 = LINE('',#9782,#9783);
#9782 = CARTESIAN_POINT('',(0.806357476211,0.335845849585));
#9783 = VECTOR('',#9784,1.);
#9784 = DIRECTION('',(-1.,0.));
#9785 = ( GEOMETRIC_REPRESENTATION_CONTEXT(2) 
PARAMETRIC_REPRESENTATION_CONTEXT() REPRESENTATION_CONTEXT('2D SPACE',''
  ) );
#9786 = ORIENTED_EDGE('',*,*,#9787,.F.);
#9787 = EDGE_CURVE('',#9788,#9760,#9790,.T.);
#9788 = VERTEX_POINT('',#9789);
#9789 = CARTESIAN_POINT('',(34.960052013397,233.8930168913,-150.4));
#9790 = SURFACE_CURVE('',#9791,(#9795,#9802),.PCURVE_S1.);
#9791 = LINE('',#9792,#9793);
#9792 = CARTESIAN_POINT('',(34.960052013397,233.8930168913,-150.4));
#9793 = VECTOR('',#9794,1.);
#9794 = DIRECTION('',(-0.923879531077,-0.382683435828,0.));
#9795 = PCURVE('',#8337,#9796);
#9796 = DEFINITIONAL_REPRESENTATION('',(#9797),#9801);
#9797 = LINE('',#9798,#9799);
#9798 = CARTESIAN_POINT('',(-2.504217254534,-5.68672617435));
#9799 = VECTOR('',#9800,1.);
#9800 = DIRECTION('',(-0.923879531077,0.382683435828));
#9801 = ( GEOMETRIC_REPRESENTATION_CONTEXT(2) 
PARAMETRIC_REPRESENTATION_CONTEXT() REPRESENTATION_CONTEXT('2D SPACE',''
  ) );
#9802 = PCURVE('',#9803,#9808);
#9803 = PLANE('',#9804);
#9804 = AXIS2_PLACEMENT_3D('',#9805,#9806,#9807);
#9805 = CARTESIAN_POINT('',(34.21507647767,233.5844379175,
    -150.0641539819));
#9806 = DIRECTION('',(-0.382683435828,0.923879531077,0.));
#9807 = DIRECTION('',(0.923879531077,0.382683435828,0.));
#9808 = DEFINITIONAL_REPRESENTATION('',(#9809),#9813);
#9809 = LINE('',#9810,#9811);
#9810 = CARTESIAN_POINT('',(0.806355710532,0.335846018052));
#9811 = VECTOR('',#9812,1.);
#9812 = DIRECTION('',(-1.,0.));
#9813 = ( GEOMETRIC_REPRESENTATION_CONTEXT(2) 
PARAMETRIC_REPRESENTATION_CONTEXT() REPRESENTATION_CONTEXT('2D SPACE',''
  ) );
#9814 = ORIENTED_EDGE('',*,*,#9815,.F.);
#9815 = EDGE_CURVE('',#9816,#9788,#9818,.T.);
#9816 = VERTEX_POINT('',#9817);
#9817 = CARTESIAN_POINT('',(35.979041576385,234.67491538984,-150.4));
#9818 = SURFACE_CURVE('',#9819,(#9823,#9830),.PCURVE_S1.);
#9819 = LINE('',#9820,#9821);
#9820 = CARTESIAN_POINT('',(35.979041576385,234.67491538984,-150.4));
#9821 = VECTOR('',#9822,1.);
#9822 = DIRECTION('',(-0.793353225084,-0.608761579149,0.));
#9823 = PCURVE('',#8337,#9824);
#9824 = DEFINITIONAL_REPRESENTATION('',(#9825),#9829);
#9825 = LINE('',#9826,#9827);
#9826 = CARTESIAN_POINT('',(-1.485227691546,-6.468624672885));
#9827 = VECTOR('',#9828,1.);
#9828 = DIRECTION('',(-0.793353225084,0.608761579149));
#9829 = ( GEOMETRIC_REPRESENTATION_CONTEXT(2) 
PARAMETRIC_REPRESENTATION_CONTEXT() REPRESENTATION_CONTEXT('2D SPACE',''
  ) );
#9830 = PCURVE('',#9831,#9836);
#9831 = PLANE('',#9832);
#9832 = AXIS2_PLACEMENT_3D('',#9833,#9834,#9835);
#9833 = CARTESIAN_POINT('',(35.339314496224,234.18403534394,
    -150.0641542437));
#9834 = DIRECTION('',(-0.608761579149,0.793353225084,0.));
#9835 = DIRECTION('',(0.793353225084,0.608761579149,0.));
#9836 = DEFINITIONAL_REPRESENTATION('',(#9837),#9841);
#9837 = LINE('',#9838,#9839);
#9838 = CARTESIAN_POINT('',(0.806358454134,0.335845756279));
#9839 = VECTOR('',#9840,1.);
#9840 = DIRECTION('',(-1.,0.));
#9841 = ( GEOMETRIC_REPRESENTATION_CONTEXT(2) 
PARAMETRIC_REPRESENTATION_CONTEXT() REPRESENTATION_CONTEXT('2D SPACE',''
  ) );
#9842 = ORIENTED_EDGE('',*,*,#9843,.F.);
#9843 = EDGE_CURVE('',#9844,#9816,#9846,.T.);
#9844 = VERTEX_POINT('',#9845);
#9845 = CARTESIAN_POINT('',(36.760938167572,235.69390113813,-150.4));
#9846 = SURFACE_CURVE('',#9847,(#9851,#9858),.PCURVE_S1.);
#9847 = LINE('',#9848,#9849);
#9848 = CARTESIAN_POINT('',(36.760938167572,235.69390113813,-150.4));
#9849 = VECTOR('',#9850,1.);
#9850 = DIRECTION('',(-0.608762078879,-0.793352841628,0.));
#9851 = PCURVE('',#8337,#9852);
#9852 = DEFINITIONAL_REPRESENTATION('',(#9853),#9857);
#9853 = LINE('',#9854,#9855);
#9854 = CARTESIAN_POINT('',(-0.70333110036,-7.487610421176));
#9855 = VECTOR('',#9856,1.);
#9856 = DIRECTION('',(-0.608762078879,0.793352841628));
#9857 = ( GEOMETRIC_REPRESENTATION_CONTEXT(2) 
PARAMETRIC_REPRESENTATION_CONTEXT() REPRESENTATION_CONTEXT('2D SPACE',''
  ) );
#9858 = PCURVE('',#9859,#9864);
#9859 = PLANE('',#9860);
#9860 = AXIS2_PLACEMENT_3D('',#9861,#9862,#9863);
#9861 = CARTESIAN_POINT('',(36.469920616204,235.3146403245,
    -150.0641540228));
#9862 = DIRECTION('',(-0.793352841628,0.608762078879,1.478836537238E-16)
  );
#9863 = DIRECTION('',(-0.608762078879,-0.793352841628,1.232595164408E-32
    ));
#9864 = DEFINITIONAL_REPRESENTATION('',(#9865),#9869);
#9865 = LINE('',#9866,#9867);
#9866 = CARTESIAN_POINT('',(-0.478048093772,-0.33584597712));
#9867 = VECTOR('',#9868,1.);
#9868 = DIRECTION('',(1.,-5.751299844281E-32));
#9869 = ( GEOMETRIC_REPRESENTATION_CONTEXT(2) 
PARAMETRIC_REPRESENTATION_CONTEXT() REPRESENTATION_CONTEXT('2D SPACE',''
  ) );
#9870 = ORIENTED_EDGE('',*,*,#9871,.F.);
#9871 = EDGE_CURVE('',#9294,#9844,#9872,.T.);
#9872 = SURFACE_CURVE('',#9873,(#9877,#9884),.PCURVE_S1.);
#9873 = LINE('',#9874,#9875);
#9874 = CARTESIAN_POINT('',(37.252458095551,236.88053520185,-150.4));
#9875 = VECTOR('',#9876,1.);
#9876 = DIRECTION('',(-0.382683435828,-0.923879531077,0.));
#9877 = PCURVE('',#8337,#9878);
#9878 = DEFINITIONAL_REPRESENTATION('',(#9879),#9883);
#9879 = LINE('',#9880,#9881);
#9880 = CARTESIAN_POINT('',(-0.211811172381,-8.674244484897));
#9881 = VECTOR('',#9882,1.);
#9882 = DIRECTION('',(-0.382683435828,0.923879531077));
#9883 = ( GEOMETRIC_REPRESENTATION_CONTEXT(2) 
PARAMETRIC_REPRESENTATION_CONTEXT() REPRESENTATION_CONTEXT('2D SPACE',''
  ) );
#9884 = PCURVE('',#9885,#9890);
#9885 = PLANE('',#9886);
#9886 = AXIS2_PLACEMENT_3D('',#9887,#9888,#9889);
#9887 = CARTESIAN_POINT('',(37.069517141378,236.43887667386,
    -150.0641539819));
#9888 = DIRECTION('',(-0.923879531077,0.382683435828,0.));
#9889 = DIRECTION('',(-0.382683435828,-0.923879531077,0.));
#9890 = DEFINITIONAL_REPRESENTATION('',(#9891),#9895);
#9891 = LINE('',#9892,#9893);
#9892 = CARTESIAN_POINT('',(-0.478047746635,-0.335846018052));
#9893 = VECTOR('',#9894,1.);
#9894 = DIRECTION('',(1.,0.));
#9895 = ( GEOMETRIC_REPRESENTATION_CONTEXT(2) 
PARAMETRIC_REPRESENTATION_CONTEXT() REPRESENTATION_CONTEXT('2D SPACE',''
  ) );
#9896 = FACE_BOUND('',#9897,.T.);
#9897 = EDGE_LOOP('',(#9898,#9928,#9956,#9984));
#9898 = ORIENTED_EDGE('',*,*,#9899,.F.);
#9899 = EDGE_CURVE('',#9900,#9902,#9904,.T.);
#9900 = VERTEX_POINT('',#9901);
#9901 = CARTESIAN_POINT('',(27.401977062225,218.25358970624,-150.4));
#9902 = VERTEX_POINT('',#9903);
#9903 = CARTESIAN_POINT('',(37.598023891449,218.25358970624,-150.4));
#9904 = SURFACE_CURVE('',#9905,(#9909,#9916),.PCURVE_S1.);
#9905 = LINE('',#9906,#9907);
#9906 = CARTESIAN_POINT('',(27.401977062225,218.25358970624,-150.4));
#9907 = VECTOR('',#9908,1.);
#9908 = DIRECTION('',(1.,-1.224646799147E-16,0.));
#9909 = PCURVE('',#8337,#9910);
#9910 = DEFINITIONAL_REPRESENTATION('',(#9911),#9915);
#9911 = LINE('',#9912,#9913);
#9912 = CARTESIAN_POINT('',(-10.0622922057,9.952701010709));
#9913 = VECTOR('',#9914,1.);
#9914 = DIRECTION('',(1.,0.));
#9915 = ( GEOMETRIC_REPRESENTATION_CONTEXT(2) 
PARAMETRIC_REPRESENTATION_CONTEXT() REPRESENTATION_CONTEXT('2D SPACE',''
  ) );
#9916 = PCURVE('',#9917,#9922);
#9917 = PLANE('',#9918);
#9918 = AXIS2_PLACEMENT_3D('',#9919,#9920,#9921);
#9919 = CARTESIAN_POINT('',(33.680653060792,218.25358970624,
    -148.2006524695));
#9920 = DIRECTION('',(-1.224646799147E-16,-1.,0.));
#9921 = DIRECTION('',(0.,0.,1.));
#9922 = DEFINITIONAL_REPRESENTATION('',(#9923),#9927);
#9923 = LINE('',#9924,#9925);
#9924 = CARTESIAN_POINT('',(-2.199347530486,6.278675998566));
#9925 = VECTOR('',#9926,1.);
#9926 = DIRECTION('',(0.,-1.));
#9927 = ( GEOMETRIC_REPRESENTATION_CONTEXT(2) 
PARAMETRIC_REPRESENTATION_CONTEXT() REPRESENTATION_CONTEXT('2D SPACE',''
  ) );
#9928 = ORIENTED_EDGE('',*,*,#9929,.F.);
#9929 = EDGE_CURVE('',#9930,#9900,#9932,.T.);
#9930 = VERTEX_POINT('',#9931);
#9931 = CARTESIAN_POINT('',(6.712089061737,153.70149620038,-150.4));
#9932 = SURFACE_CURVE('',#9933,(#9937,#9944),.PCURVE_S1.);
#9933 = LINE('',#9934,#9935);
#9934 = CARTESIAN_POINT('',(6.712089061737,153.70149620038,-150.4));
#9935 = VECTOR('',#9936,1.);
#9936 = DIRECTION('',(0.305220213039,0.952281797344,0.));
#9937 = PCURVE('',#8337,#9938);
#9938 = DEFINITIONAL_REPRESENTATION('',(#9939),#9943);
#9939 = LINE('',#9940,#9941);
#9940 = CARTESIAN_POINT('',(-30.75218020619,74.504794516568));
#9941 = VECTOR('',#9942,1.);
#9942 = DIRECTION('',(0.305220213039,-0.952281797344));
#9943 = ( GEOMETRIC_REPRESENTATION_CONTEXT(2) 
PARAMETRIC_REPRESENTATION_CONTEXT() REPRESENTATION_CONTEXT('2D SPACE',''
  ) );
#9944 = PCURVE('',#9945,#9950);
#9945 = PLANE('',#9946);
#9946 = AXIS2_PLACEMENT_3D('',#9947,#9948,#9949);
#9947 = CARTESIAN_POINT('',(17.547198815752,187.50685164605,
    -145.4140585591));
#9948 = DIRECTION('',(0.952281797344,-0.305220213039,1.134163349285E-15)
  );
#9949 = DIRECTION('',(0.305220213039,0.952281797344,4.930380657631E-32)
  );
#9950 = DEFINITIONAL_REPRESENTATION('',(#9951),#9955);
#9951 = LINE('',#9952,#9953);
#9952 = CARTESIAN_POINT('',(-35.49931915106,-4.98594144084));
#9953 = VECTOR('',#9954,1.);
#9954 = DIRECTION('',(1.,-9.860761315263E-32));
#9955 = ( GEOMETRIC_REPRESENTATION_CONTEXT(2) 
PARAMETRIC_REPRESENTATION_CONTEXT() REPRESENTATION_CONTEXT('2D SPACE',''
  ) );
#9956 = ORIENTED_EDGE('',*,*,#9957,.F.);
#9957 = EDGE_CURVE('',#9958,#9930,#9960,.T.);
#9958 = VERTEX_POINT('',#9959);
#9959 = CARTESIAN_POINT('',(58.287909984589,153.70149620038,-150.4));
#9960 = SURFACE_CURVE('',#9961,(#9965,#9972),.PCURVE_S1.);
#9961 = LINE('',#9962,#9963);
#9962 = CARTESIAN_POINT('',(58.287909984589,153.70149620038,-150.4));
#9963 = VECTOR('',#9964,1.);
#9964 = DIRECTION('',(-1.,1.224646799147E-16,0.));
#9965 = PCURVE('',#8337,#9966);
#9966 = DEFINITIONAL_REPRESENTATION('',(#9967),#9971);
#9967 = LINE('',#9968,#9969);
#9968 = CARTESIAN_POINT('',(20.823640716657,74.504794516568));
#9969 = VECTOR('',#9970,1.);
#9970 = DIRECTION('',(-1.,0.));
#9971 = ( GEOMETRIC_REPRESENTATION_CONTEXT(2) 
PARAMETRIC_REPRESENTATION_CONTEXT() REPRESENTATION_CONTEXT('2D SPACE',''
  ) );
#9972 = PCURVE('',#9973,#9978);
#9973 = PLANE('',#9974);
#9974 = AXIS2_PLACEMENT_3D('',#9975,#9976,#9977);
#9975 = CARTESIAN_POINT('',(31.251881655787,153.70149620038,
    -149.0181177529));
#9976 = DIRECTION('',(1.224646799147E-16,1.,-0.));
#9977 = DIRECTION('',(-0.,0.,-1.));
#9978 = DEFINITIONAL_REPRESENTATION('',(#9979),#9983);
#9979 = LINE('',#9980,#9981);
#9980 = CARTESIAN_POINT('',(1.381882247065,-27.0360283288));
#9981 = VECTOR('',#9982,1.);
#9982 = DIRECTION('',(0.,1.));
#9983 = ( GEOMETRIC_REPRESENTATION_CONTEXT(2) 
PARAMETRIC_REPRESENTATION_CONTEXT() REPRESENTATION_CONTEXT('2D SPACE',''
  ) );
#9984 = ORIENTED_EDGE('',*,*,#9985,.F.);
#9985 = EDGE_CURVE('',#9902,#9958,#9986,.T.);
#9986 = SURFACE_CURVE('',#9987,(#9991,#9998),.PCURVE_S1.);
#9987 = LINE('',#9988,#9989);
#9988 = CARTESIAN_POINT('',(37.598023891449,218.25358970624,-150.4));
#9989 = VECTOR('',#9990,1.);
#9990 = DIRECTION('',(0.305220187522,-0.952281805522,0.));
#9991 = PCURVE('',#8337,#9992);
#9992 = DEFINITIONAL_REPRESENTATION('',(#9993),#9997);
#9993 = LINE('',#9994,#9995);
#9994 = CARTESIAN_POINT('',(0.133754623517,9.952701010709));
#9995 = VECTOR('',#9996,1.);
#9996 = DIRECTION('',(0.305220187522,0.952281805522));
#9997 = ( GEOMETRIC_REPRESENTATION_CONTEXT(2) 
PARAMETRIC_REPRESENTATION_CONTEXT() REPRESENTATION_CONTEXT('2D SPACE',''
  ) );
#9998 = PCURVE('',#9999,#10004);
#9999 = PLANE('',#10000);
#10000 = AXIS2_PLACEMENT_3D('',#10001,#10002,#10003);
#10001 = CARTESIAN_POINT('',(47.452801225444,187.5068516585,
    -148.6259412112));
#10002 = DIRECTION('',(-0.952281805522,-0.305220187522,
    5.670816742279E-16));
#10003 = DIRECTION('',(0.305220187522,-0.952281805522,
    -2.465190328816E-32));
#10004 = DEFINITIONAL_REPRESENTATION('',(#10005),#10009);
#10005 = LINE('',#10006,#10007);
#10006 = CARTESIAN_POINT('',(-32.2874362079,-1.77405878876));
#10007 = VECTOR('',#10008,1.);
#10008 = DIRECTION('',(1.,4.247635328593E-32));
#10009 = ( GEOMETRIC_REPRESENTATION_CONTEXT(2) 
PARAMETRIC_REPRESENTATION_CONTEXT() REPRESENTATION_CONTEXT('2D SPACE',''
  ) );
#10010 = ADVANCED_FACE('',(#10011),#8365,.T.);
#10011 = FACE_BOUND('',#10012,.T.);
#10012 = EDGE_LOOP('',(#10013,#10014,#10015,#10038));
#10013 = ORIENTED_EDGE('',*,*,#8349,.T.);
#10014 = ORIENTED_EDGE('',*,*,#9349,.T.);
#10015 = ORIENTED_EDGE('',*,*,#10016,.F.);
#10016 = EDGE_CURVE('',#10017,#9322,#10019,.T.);
#10017 = VERTEX_POINT('',#10018);
#10018 = CARTESIAN_POINT('',(37.252458095551,239.42737205488,-149.4));
#10019 = SURFACE_CURVE('',#10020,(#10024,#10031),.PCURVE_S1.);
#10020 = LINE('',#10021,#10022);
#10021 = CARTESIAN_POINT('',(37.252458095551,239.42737205488,-149.4));
#10022 = VECTOR('',#10023,1.);
#10023 = DIRECTION('',(-0.,0.,-1.));
#10024 = PCURVE('',#8365,#10025);
#10025 = DEFINITIONAL_REPRESENTATION('',(#10026),#10030);
#10026 = LINE('',#10027,#10028);
#10027 = CARTESIAN_POINT('',(0.806355710532,0.664153981948));
#10028 = VECTOR('',#10029,1.);
#10029 = DIRECTION('',(0.,-1.));
#10030 = ( GEOMETRIC_REPRESENTATION_CONTEXT(2) 
PARAMETRIC_REPRESENTATION_CONTEXT() REPRESENTATION_CONTEXT('2D SPACE',''
  ) );
#10031 = PCURVE('',#9337,#10032);
#10032 = DEFINITIONAL_REPRESENTATION('',(#10033),#10037);
#10033 = LINE('',#10034,#10035);
#10034 = CARTESIAN_POINT('',(-0.47804917538,0.664154150415));
#10035 = VECTOR('',#10036,1.);
#10036 = DIRECTION('',(0.,-1.));
#10037 = ( GEOMETRIC_REPRESENTATION_CONTEXT(2) 
PARAMETRIC_REPRESENTATION_CONTEXT() REPRESENTATION_CONTEXT('2D SPACE',''
  ) );
#10038 = ORIENTED_EDGE('',*,*,#10039,.F.);
#10039 = EDGE_CURVE('',#8350,#10017,#10040,.T.);
#10040 = SURFACE_CURVE('',#10041,(#10045,#10052),.PCURVE_S1.);
#10041 = LINE('',#10042,#10043);
#10042 = CARTESIAN_POINT('',(36.760938167572,240.6140061186,-149.4));
#10043 = VECTOR('',#10044,1.);
#10044 = DIRECTION('',(0.382683435828,-0.923879531077,0.));
#10045 = PCURVE('',#8365,#10046);
#10046 = DEFINITIONAL_REPRESENTATION('',(#10047),#10051);
#10047 = LINE('',#10048,#10049);
#10048 = CARTESIAN_POINT('',(-0.478047746635,0.664153981948));
#10049 = VECTOR('',#10050,1.);
#10050 = DIRECTION('',(1.,0.));
#10051 = ( GEOMETRIC_REPRESENTATION_CONTEXT(2) 
PARAMETRIC_REPRESENTATION_CONTEXT() REPRESENTATION_CONTEXT('2D SPACE',''
  ) );
#10052 = PCURVE('',#8391,#10053);
#10053 = DEFINITIONAL_REPRESENTATION('',(#10054),#10058);
#10054 = LINE('',#10055,#10056);
#10055 = CARTESIAN_POINT('',(10.663290671237,-2.460050591045));
#10056 = VECTOR('',#10057,1.);
#10057 = DIRECTION('',(-0.382683435828,0.923879531077));
#10058 = ( GEOMETRIC_REPRESENTATION_CONTEXT(2) 
PARAMETRIC_REPRESENTATION_CONTEXT() REPRESENTATION_CONTEXT('2D SPACE',''
  ) );
#10059 = ADVANCED_FACE('',(#10060,#10734),#8391,.T.);
#10060 = FACE_BOUND('',#10061,.T.);
#10061 = EDGE_LOOP('',(#10062,#10092,#10120,#10148,#10176,#10204,#10232,
    #10260,#10288,#10316,#10344,#10372,#10400,#10428,#10456,#10484,
    #10512,#10540,#10568,#10596,#10624,#10652,#10680,#10708));
#10062 = ORIENTED_EDGE('',*,*,#10063,.T.);
#10063 = EDGE_CURVE('',#10064,#10066,#10068,.T.);
#10064 = VERTEX_POINT('',#10065);
#10065 = CARTESIAN_POINT('',(47.293206691742,234.19012840253,-149.4));
#10066 = VERTEX_POINT('',#10067);
#10067 = CARTESIAN_POINT('',(47.815053462982,238.15395362836,-149.4));
#10068 = SURFACE_CURVE('',#10069,(#10073,#10080),.PCURVE_S1.);
#10069 = LINE('',#10070,#10071);
#10070 = CARTESIAN_POINT('',(47.293206691742,234.19012840253,-149.4));
#10071 = VECTOR('',#10072,1.);
#10072 = DIRECTION('',(0.130526015263,0.991444884671,0.));
#10073 = PCURVE('',#8391,#10074);
#10074 = DEFINITIONAL_REPRESENTATION('',(#10075),#10079);
#10075 = LINE('',#10076,#10077);
#10076 = CARTESIAN_POINT('',(0.131022147067,3.96382712502));
#10077 = VECTOR('',#10078,1.);
#10078 = DIRECTION('',(-0.130526015263,-0.991444884671));
#10079 = ( GEOMETRIC_REPRESENTATION_CONTEXT(2) 
PARAMETRIC_REPRESENTATION_CONTEXT() REPRESENTATION_CONTEXT('2D SPACE',''
  ) );
#10080 = PCURVE('',#10081,#10086);
#10081 = PLANE('',#10082);
#10082 = AXIS2_PLACEMENT_3D('',#10083,#10084,#10085);
#10083 = CARTESIAN_POINT('',(47.643751810412,236.85278660175,
    -147.2066195825));
#10084 = DIRECTION('',(-0.991444884671,0.130526015263,0.));
#10085 = DIRECTION('',(-0.130526015263,-0.991444884671,0.));
#10086 = DEFINITIONAL_REPRESENTATION('',(#10087),#10091);
#10087 = LINE('',#10088,#10089);
#10088 = CARTESIAN_POINT('',(2.685634108748,-2.193380417446));
#10089 = VECTOR('',#10090,1.);
#10090 = DIRECTION('',(-1.,0.));
#10091 = ( GEOMETRIC_REPRESENTATION_CONTEXT(2) 
PARAMETRIC_REPRESENTATION_CONTEXT() REPRESENTATION_CONTEXT('2D SPACE',''
  ) );
#10092 = ORIENTED_EDGE('',*,*,#10093,.T.);
#10093 = EDGE_CURVE('',#10066,#10094,#10096,.T.);
#10094 = VERTEX_POINT('',#10095);
#10095 = CARTESIAN_POINT('',(47.293206691742,242.11778266889,-149.4));
#10096 = SURFACE_CURVE('',#10097,(#10101,#10108),.PCURVE_S1.);
#10097 = LINE('',#10098,#10099);
#10098 = CARTESIAN_POINT('',(47.815053462982,238.15395362836,-149.4));
#10099 = VECTOR('',#10100,1.);
#10100 = DIRECTION('',(-0.130525891788,0.991444900926,0.));
#10101 = PCURVE('',#8391,#10102);
#10102 = DEFINITIONAL_REPRESENTATION('',(#10103),#10107);
#10103 = LINE('',#10104,#10105);
#10104 = CARTESIAN_POINT('',(-0.390824624173,1.899189840012E-06));
#10105 = VECTOR('',#10106,1.);
#10106 = DIRECTION('',(0.130525891788,-0.991444900926));
#10107 = ( GEOMETRIC_REPRESENTATION_CONTEXT(2) 
PARAMETRIC_REPRESENTATION_CONTEXT() REPRESENTATION_CONTEXT('2D SPACE',''
  ) );
#10108 = PCURVE('',#10109,#10114);
#10109 = PLANE('',#10110);
#10110 = AXIS2_PLACEMENT_3D('',#10111,#10112,#10113);
#10111 = CARTESIAN_POINT('',(47.46450837605,240.81661414899,
    -145.8333797821));
#10112 = DIRECTION('',(-0.991444900926,-0.130525891788,0.));
#10113 = DIRECTION('',(0.130525891788,-0.991444900926,0.));
#10114 = DEFINITIONAL_REPRESENTATION('',(#10115),#10119);
#10115 = LINE('',#10116,#10117);
#10116 = CARTESIAN_POINT('',(2.685636406156,-3.566620217813));
#10117 = VECTOR('',#10118,1.);
#10118 = DIRECTION('',(-1.,0.));
#10119 = ( GEOMETRIC_REPRESENTATION_CONTEXT(2) 
PARAMETRIC_REPRESENTATION_CONTEXT() REPRESENTATION_CONTEXT('2D SPACE',''
  ) );
#10120 = ORIENTED_EDGE('',*,*,#10121,.T.);
#10121 = EDGE_CURVE('',#10094,#10122,#10124,.T.);
#10122 = VERTEX_POINT('',#10123);
#10123 = CARTESIAN_POINT('',(45.763225078583,245.81148155195,-149.4));
#10124 = SURFACE_CURVE('',#10125,(#10129,#10136),.PCURVE_S1.);
#10125 = LINE('',#10126,#10127);
#10126 = CARTESIAN_POINT('',(47.293206691742,242.11778266889,-149.4));
#10127 = VECTOR('',#10128,1.);
#10128 = DIRECTION('',(-0.382683739897,0.923879405127,0.));
#10129 = PCURVE('',#8391,#10130);
#10130 = DEFINITIONAL_REPRESENTATION('',(#10131),#10135);
#10131 = LINE('',#10132,#10133);
#10132 = CARTESIAN_POINT('',(0.131022147067,-3.963827141338));
#10133 = VECTOR('',#10134,1.);
#10134 = DIRECTION('',(0.382683739897,-0.923879405127));
#10135 = ( GEOMETRIC_REPRESENTATION_CONTEXT(2) 
PARAMETRIC_REPRESENTATION_CONTEXT() REPRESENTATION_CONTEXT('2D SPACE',''
  ) );
#10136 = PCURVE('',#10137,#10142);
#10137 = PLANE('',#10138);
#10138 = AXIS2_PLACEMENT_3D('',#10139,#10140,#10141);
#10139 = CARTESIAN_POINT('',(46.265457585173,244.59898616464,
    -147.2066198607));
#10140 = DIRECTION('',(-0.923879405127,-0.382683739897,0.));
#10141 = DIRECTION('',(0.382683739897,-0.923879405127,0.));
#10142 = DEFINITIONAL_REPRESENTATION('',(#10143),#10147);
#10143 = LINE('',#10144,#10145);
#10144 = CARTESIAN_POINT('',(2.685635681426,-2.193380139263));
#10145 = VECTOR('',#10146,1.);
#10146 = DIRECTION('',(-1.,0.));
#10147 = ( GEOMETRIC_REPRESENTATION_CONTEXT(2) 
PARAMETRIC_REPRESENTATION_CONTEXT() REPRESENTATION_CONTEXT('2D SPACE',''
  ) );
#10148 = ORIENTED_EDGE('',*,*,#10149,.T.);
#10149 = EDGE_CURVE('',#10122,#10150,#10152,.T.);
#10150 = VERTEX_POINT('',#10151);
#10151 = CARTESIAN_POINT('',(43.329377651215,248.98333366376,-149.4));
#10152 = SURFACE_CURVE('',#10153,(#10157,#10164),.PCURVE_S1.);
#10153 = LINE('',#10154,#10155);
#10154 = CARTESIAN_POINT('',(45.763225078583,245.81148155195,-149.4));
#10155 = VECTOR('',#10156,1.);
#10156 = DIRECTION('',(-0.608761381794,0.79335337652,0.));
#10157 = PCURVE('',#8391,#10158);
#10158 = DEFINITIONAL_REPRESENTATION('',(#10159),#10163);
#10159 = LINE('',#10160,#10161);
#10160 = CARTESIAN_POINT('',(1.661003760226,-7.657526024394));
#10161 = VECTOR('',#10162,1.);
#10162 = DIRECTION('',(0.608761381794,-0.79335337652));
#10163 = ( GEOMETRIC_REPRESENTATION_CONTEXT(2) 
PARAMETRIC_REPRESENTATION_CONTEXT() REPRESENTATION_CONTEXT('2D SPACE',''
  ) );
#10164 = PCURVE('',#10165,#10170);
#10165 = PLANE('',#10166);
#10166 = AXIS2_PLACEMENT_3D('',#10167,#10168,#10169);
#10167 = CARTESIAN_POINT('',(44.128313607781,247.94213992559,
    -147.2066199137));
#10168 = DIRECTION('',(-0.79335337652,-0.608761381794,0.));
#10169 = DIRECTION('',(0.608761381794,-0.79335337652,0.));
#10170 = DEFINITIONAL_REPRESENTATION('',(#10171),#10175);
#10171 = LINE('',#10172,#10173);
#10172 = CARTESIAN_POINT('',(2.685635981018,-2.193380086269));
#10173 = VECTOR('',#10174,1.);
#10174 = DIRECTION('',(-1.,0.));
#10175 = ( GEOMETRIC_REPRESENTATION_CONTEXT(2) 
PARAMETRIC_REPRESENTATION_CONTEXT() REPRESENTATION_CONTEXT('2D SPACE',''
  ) );
#10176 = ORIENTED_EDGE('',*,*,#10177,.T.);
#10177 = EDGE_CURVE('',#10150,#10178,#10180,.T.);
#10178 = VERTEX_POINT('',#10179);
#10179 = CARTESIAN_POINT('',(40.157527446747,251.41717918378,-149.4));
#10180 = SURFACE_CURVE('',#10181,(#10185,#10192),.PCURVE_S1.);
#10181 = LINE('',#10182,#10183);
#10182 = CARTESIAN_POINT('',(43.329377651215,248.98333366376,-149.4));
#10183 = VECTOR('',#10184,1.);
#10184 = DIRECTION('',(-0.79335343013,0.608761311929,0.));
#10185 = PCURVE('',#8391,#10186);
#10186 = DEFINITIONAL_REPRESENTATION('',(#10187),#10191);
#10187 = LINE('',#10188,#10189);
#10188 = CARTESIAN_POINT('',(4.094851187594,-10.82937813621));
#10189 = VECTOR('',#10190,1.);
#10190 = DIRECTION('',(0.79335343013,-0.608761311929));
#10191 = ( GEOMETRIC_REPRESENTATION_CONTEXT(2) 
PARAMETRIC_REPRESENTATION_CONTEXT() REPRESENTATION_CONTEXT('2D SPACE',''
  ) );
#10192 = PCURVE('',#10193,#10198);
#10193 = PLANE('',#10194);
#10194 = AXIS2_PLACEMENT_3D('',#10195,#10196,#10197);
#10195 = CARTESIAN_POINT('',(42.288184675555,249.78226888956,
    -147.2066196263));
#10196 = DIRECTION('',(-0.608761311929,-0.79335343013,0.));
#10197 = DIRECTION('',(-0.79335343013,0.608761311929,0.));
#10198 = DEFINITIONAL_REPRESENTATION('',(#10199),#10203);
#10199 = LINE('',#10200,#10201);
#10200 = CARTESIAN_POINT('',(-1.312394874866,2.193380373621));
#10201 = VECTOR('',#10202,1.);
#10202 = DIRECTION('',(1.,0.));
#10203 = ( GEOMETRIC_REPRESENTATION_CONTEXT(2) 
PARAMETRIC_REPRESENTATION_CONTEXT() REPRESENTATION_CONTEXT('2D SPACE',''
  ) );
#10204 = ORIENTED_EDGE('',*,*,#10205,.T.);
#10205 = EDGE_CURVE('',#10178,#10206,#10208,.T.);
#10206 = VERTEX_POINT('',#10207);
#10207 = CARTESIAN_POINT('',(36.46382856369,252.94715888959,-149.4));
#10208 = SURFACE_CURVE('',#10209,(#10213,#10220),.PCURVE_S1.);
#10209 = LINE('',#10210,#10211);
#10210 = CARTESIAN_POINT('',(40.157527446747,251.41717918378,-149.4));
#10211 = VECTOR('',#10212,1.);
#10212 = DIRECTION('',(-0.923879573798,0.382683332691,0.));
#10213 = PCURVE('',#8391,#10214);
#10214 = DEFINITIONAL_REPRESENTATION('',(#10215),#10219);
#10215 = LINE('',#10216,#10217);
#10216 = CARTESIAN_POINT('',(7.266701392062,-13.26322365623));
#10217 = VECTOR('',#10218,1.);
#10218 = DIRECTION('',(0.923879573798,-0.382683332691));
#10219 = ( GEOMETRIC_REPRESENTATION_CONTEXT(2) 
PARAMETRIC_REPRESENTATION_CONTEXT() REPRESENTATION_CONTEXT('2D SPACE',''
  ) );
#10220 = PCURVE('',#10221,#10226);
#10221 = PLANE('',#10222);
#10222 = AXIS2_PLACEMENT_3D('',#10223,#10224,#10225);
#10223 = CARTESIAN_POINT('',(38.945032102789,251.91941104631,
    -147.2066197823));
#10224 = DIRECTION('',(-0.382683332691,-0.923879573798,0.));
#10225 = DIRECTION('',(-0.923879573798,0.382683332691,0.));
#10226 = DEFINITIONAL_REPRESENTATION('',(#10227),#10231);
#10227 = LINE('',#10228,#10229);
#10228 = CARTESIAN_POINT('',(-1.312395444542,2.193380217691));
#10229 = VECTOR('',#10230,1.);
#10230 = DIRECTION('',(1.,0.));
#10231 = ( GEOMETRIC_REPRESENTATION_CONTEXT(2) 
PARAMETRIC_REPRESENTATION_CONTEXT() REPRESENTATION_CONTEXT('2D SPACE',''
  ) );
#10232 = ORIENTED_EDGE('',*,*,#10233,.T.);
#10233 = EDGE_CURVE('',#10206,#10234,#10236,.T.);
#10234 = VERTEX_POINT('',#10235);
#10235 = CARTESIAN_POINT('',(32.499999523163,253.46900566083,-149.4));
#10236 = SURFACE_CURVE('',#10237,(#10241,#10248),.PCURVE_S1.);
#10237 = LINE('',#10238,#10239);
#10238 = CARTESIAN_POINT('',(36.46382856369,252.94715888959,-149.4));
#10239 = VECTOR('',#10240,1.);
#10240 = DIRECTION('',(-0.991444900926,0.130525891788,0.));
#10241 = PCURVE('',#8391,#10242);
#10242 = DEFINITIONAL_REPRESENTATION('',(#10243),#10247);
#10243 = LINE('',#10244,#10245);
#10244 = CARTESIAN_POINT('',(10.960400275119,-14.79320336204));
#10245 = VECTOR('',#10246,1.);
#10246 = DIRECTION('',(0.991444900926,-0.130525891788));
#10247 = ( GEOMETRIC_REPRESENTATION_CONTEXT(2) 
PARAMETRIC_REPRESENTATION_CONTEXT() REPRESENTATION_CONTEXT('2D SPACE',''
  ) );
#10248 = PCURVE('',#10249,#10254);
#10249 = PLANE('',#10250);
#10250 = AXIS2_PLACEMENT_3D('',#10251,#10252,#10253);
#10251 = CARTESIAN_POINT('',(35.162660043788,253.1184605739,
    -147.2066199889));
#10252 = DIRECTION('',(-0.130525891788,-0.991444900926,0.));
#10253 = DIRECTION('',(-0.991444900926,0.130525891788,0.));
#10254 = DEFINITIONAL_REPRESENTATION('',(#10255),#10259);
#10255 = LINE('',#10256,#10257);
#10256 = CARTESIAN_POINT('',(-1.312396199412,2.193380011069));
#10257 = VECTOR('',#10258,1.);
#10258 = DIRECTION('',(1.,0.));
#10259 = ( GEOMETRIC_REPRESENTATION_CONTEXT(2) 
PARAMETRIC_REPRESENTATION_CONTEXT() REPRESENTATION_CONTEXT('2D SPACE',''
  ) );
#10260 = ORIENTED_EDGE('',*,*,#10261,.T.);
#10261 = EDGE_CURVE('',#10234,#10262,#10264,.T.);
#10262 = VERTEX_POINT('',#10263);
#10263 = CARTESIAN_POINT('',(28.536174297333,252.94715888959,-149.4));
#10264 = SURFACE_CURVE('',#10265,(#10269,#10276),.PCURVE_S1.);
#10265 = LINE('',#10266,#10267);
#10266 = CARTESIAN_POINT('',(32.499999523163,253.46900566083,-149.4));
#10267 = VECTOR('',#10268,1.);
#10268 = DIRECTION('',(-0.991444884671,-0.130526015263,0.));
#10269 = PCURVE('',#8391,#10270);
#10270 = DEFINITIONAL_REPRESENTATION('',(#10271),#10275);
#10271 = LINE('',#10272,#10273);
#10272 = CARTESIAN_POINT('',(14.924229315646,-15.31505013328));
#10273 = VECTOR('',#10274,1.);
#10274 = DIRECTION('',(0.991444884671,0.130526015263));
#10275 = ( GEOMETRIC_REPRESENTATION_CONTEXT(2) 
PARAMETRIC_REPRESENTATION_CONTEXT() REPRESENTATION_CONTEXT('2D SPACE',''
  ) );
#10276 = PCURVE('',#10277,#10282);
#10277 = PLANE('',#10278);
#10278 = AXIS2_PLACEMENT_3D('',#10279,#10280,#10281);
#10279 = CARTESIAN_POINT('',(31.198832496548,253.29770400826,
    -147.2066195825));
#10280 = DIRECTION('',(0.130526015263,-0.991444884671,0.));
#10281 = DIRECTION('',(-0.991444884671,-0.130526015263,0.));
#10282 = DEFINITIONAL_REPRESENTATION('',(#10283),#10287);
#10283 = LINE('',#10284,#10285);
#10284 = CARTESIAN_POINT('',(-1.312394714758,2.193380417446));
#10285 = VECTOR('',#10286,1.);
#10286 = DIRECTION('',(1.,0.));
#10287 = ( GEOMETRIC_REPRESENTATION_CONTEXT(2) 
PARAMETRIC_REPRESENTATION_CONTEXT() REPRESENTATION_CONTEXT('2D SPACE',''
  ) );
#10288 = ORIENTED_EDGE('',*,*,#10289,.T.);
#10289 = EDGE_CURVE('',#10262,#10290,#10292,.T.);
#10290 = VERTEX_POINT('',#10291);
#10291 = CARTESIAN_POINT('',(24.842475414276,251.41717918378,-149.4));
#10292 = SURFACE_CURVE('',#10293,(#10297,#10304),.PCURVE_S1.);
#10293 = LINE('',#10294,#10295);
#10294 = CARTESIAN_POINT('',(28.536174297333,252.94715888959,-149.4));
#10295 = VECTOR('',#10296,1.);
#10296 = DIRECTION('',(-0.923879573798,-0.382683332691,0.));
#10297 = PCURVE('',#8391,#10298);
#10298 = DEFINITIONAL_REPRESENTATION('',(#10299),#10303);
#10299 = LINE('',#10300,#10301);
#10300 = CARTESIAN_POINT('',(18.888054541476,-14.79320336204));
#10301 = VECTOR('',#10302,1.);
#10302 = DIRECTION('',(0.923879573798,0.382683332691));
#10303 = ( GEOMETRIC_REPRESENTATION_CONTEXT(2) 
PARAMETRIC_REPRESENTATION_CONTEXT() REPRESENTATION_CONTEXT('2D SPACE',''
  ) );
#10304 = PCURVE('',#10305,#10310);
#10305 = PLANE('',#10306);
#10306 = AXIS2_PLACEMENT_3D('',#10307,#10308,#10309);
#10307 = CARTESIAN_POINT('',(27.323678953375,252.44492702707,
    -147.2066197823));
#10308 = DIRECTION('',(0.382683332691,-0.923879573798,0.));
#10309 = DIRECTION('',(-0.923879573798,-0.382683332691,0.));
#10310 = DEFINITIONAL_REPRESENTATION('',(#10311),#10315);
#10311 = LINE('',#10312,#10313);
#10312 = CARTESIAN_POINT('',(-1.312395444542,2.193380217691));
#10313 = VECTOR('',#10314,1.);
#10314 = DIRECTION('',(1.,0.));
#10315 = ( GEOMETRIC_REPRESENTATION_CONTEXT(2) 
PARAMETRIC_REPRESENTATION_CONTEXT() REPRESENTATION_CONTEXT('2D SPACE',''
  ) );
#10316 = ORIENTED_EDGE('',*,*,#10317,.T.);
#10317 = EDGE_CURVE('',#10290,#10318,#10320,.T.);
#10318 = VERTEX_POINT('',#10319);
#10319 = CARTESIAN_POINT('',(21.67062330246,248.98333366376,-149.4));
#10320 = SURFACE_CURVE('',#10321,(#10325,#10332),.PCURVE_S1.);
#10321 = LINE('',#10322,#10323);
#10322 = CARTESIAN_POINT('',(24.842475414276,251.41717918378,-149.4));
#10323 = VECTOR('',#10324,1.);
#10324 = DIRECTION('',(-0.793353606928,-0.608761081521,0.));
#10325 = PCURVE('',#8391,#10326);
#10326 = DEFINITIONAL_REPRESENTATION('',(#10327),#10331);
#10327 = LINE('',#10328,#10329);
#10328 = CARTESIAN_POINT('',(22.581753424533,-13.26322365623));
#10329 = VECTOR('',#10330,1.);
#10330 = DIRECTION('',(0.793353606928,0.608761081521));
#10331 = ( GEOMETRIC_REPRESENTATION_CONTEXT(2) 
PARAMETRIC_REPRESENTATION_CONTEXT() REPRESENTATION_CONTEXT('2D SPACE',''
  ) );
#10332 = PCURVE('',#10333,#10338);
#10333 = PLANE('',#10334);
#10334 = AXIS2_PLACEMENT_3D('',#10335,#10336,#10337);
#10335 = CARTESIAN_POINT('',(23.801281735328,250.61824389877,
    -147.2066197889));
#10336 = DIRECTION('',(0.608761081521,-0.793353606928,0.));
#10337 = DIRECTION('',(-0.793353606928,-0.608761081521,0.));
#10338 = DEFINITIONAL_REPRESENTATION('',(#10339),#10343);
#10339 = LINE('',#10340,#10341);
#10340 = CARTESIAN_POINT('',(-1.312395468876,2.19338021103));
#10341 = VECTOR('',#10342,1.);
#10342 = DIRECTION('',(1.,0.));
#10343 = ( GEOMETRIC_REPRESENTATION_CONTEXT(2) 
PARAMETRIC_REPRESENTATION_CONTEXT() REPRESENTATION_CONTEXT('2D SPACE',''
  ) );
#10344 = ORIENTED_EDGE('',*,*,#10345,.T.);
#10345 = EDGE_CURVE('',#10318,#10346,#10348,.T.);
#10346 = VERTEX_POINT('',#10347);
#10347 = CARTESIAN_POINT('',(19.236773967743,245.81148155195,-149.4));
#10348 = SURFACE_CURVE('',#10349,(#10353,#10360),.PCURVE_S1.);
#10349 = LINE('',#10350,#10351);
#10350 = CARTESIAN_POINT('',(21.67062330246,248.98333366376,-149.4));
#10351 = VECTOR('',#10352,1.);
#10352 = DIRECTION('',(-0.608761682068,-0.793353146112,0.));
#10353 = PCURVE('',#8391,#10354);
#10354 = DEFINITIONAL_REPRESENTATION('',(#10355),#10359);
#10355 = LINE('',#10356,#10357);
#10356 = CARTESIAN_POINT('',(25.753605536349,-10.82937813621));
#10357 = VECTOR('',#10358,1.);
#10358 = DIRECTION('',(0.608761682068,0.793353146112));
#10359 = ( GEOMETRIC_REPRESENTATION_CONTEXT(2) 
PARAMETRIC_REPRESENTATION_CONTEXT() REPRESENTATION_CONTEXT('2D SPACE',''
  ) );
#10360 = PCURVE('',#10361,#10366);
#10361 = PLANE('',#10362);
#10362 = AXIS2_PLACEMENT_3D('',#10363,#10364,#10365);
#10363 = CARTESIAN_POINT('',(20.871686674342,247.94213986637,
    -147.2066200384));
#10364 = DIRECTION('',(0.793353146112,-0.608761682068,0.));
#10365 = DIRECTION('',(0.608761682068,0.793353146112,0.));
#10366 = DEFINITIONAL_REPRESENTATION('',(#10367),#10371);
#10367 = LINE('',#10368,#10369);
#10368 = CARTESIAN_POINT('',(1.312396380475,-2.193379961509));
#10369 = VECTOR('',#10370,1.);
#10370 = DIRECTION('',(-1.,0.));
#10371 = ( GEOMETRIC_REPRESENTATION_CONTEXT(2) 
PARAMETRIC_REPRESENTATION_CONTEXT() REPRESENTATION_CONTEXT('2D SPACE',''
  ) );
#10372 = ORIENTED_EDGE('',*,*,#10373,.T.);
#10373 = EDGE_CURVE('',#10346,#10374,#10376,.T.);
#10374 = VERTEX_POINT('',#10375);
#10375 = CARTESIAN_POINT('',(17.706794261932,242.11778266889,-149.4));
#10376 = SURFACE_CURVE('',#10377,(#10381,#10388),.PCURVE_S1.);
#10377 = LINE('',#10378,#10379);
#10378 = CARTESIAN_POINT('',(19.236773967743,245.81148155195,-149.4));
#10379 = VECTOR('',#10380,1.);
#10380 = DIRECTION('',(-0.382683332691,-0.923879573798,0.));
#10381 = PCURVE('',#8391,#10382);
#10382 = DEFINITIONAL_REPRESENTATION('',(#10383),#10387);
#10383 = LINE('',#10384,#10385);
#10384 = CARTESIAN_POINT('',(28.187454871066,-7.657526024394));
#10385 = VECTOR('',#10386,1.);
#10386 = DIRECTION('',(0.382683332691,0.923879573798));
#10387 = ( GEOMETRIC_REPRESENTATION_CONTEXT(2) 
PARAMETRIC_REPRESENTATION_CONTEXT() REPRESENTATION_CONTEXT('2D SPACE',''
  ) );
#10388 = PCURVE('',#10389,#10394);
#10389 = PLANE('',#10390);
#10390 = AXIS2_PLACEMENT_3D('',#10391,#10392,#10393);
#10391 = CARTESIAN_POINT('',(18.734542105218,244.59898620799,
    -147.2066197823));
#10392 = DIRECTION('',(0.923879573798,-0.382683332691,0.));
#10393 = DIRECTION('',(0.382683332691,0.923879573798,0.));
#10394 = DEFINITIONAL_REPRESENTATION('',(#10395),#10399);
#10395 = LINE('',#10396,#10397);
#10396 = CARTESIAN_POINT('',(1.312395444542,-2.193380217691));
#10397 = VECTOR('',#10398,1.);
#10398 = DIRECTION('',(-1.,0.));
#10399 = ( GEOMETRIC_REPRESENTATION_CONTEXT(2) 
PARAMETRIC_REPRESENTATION_CONTEXT() REPRESENTATION_CONTEXT('2D SPACE',''
  ) );
#10400 = ORIENTED_EDGE('',*,*,#10401,.T.);
#10401 = EDGE_CURVE('',#10374,#10402,#10404,.T.);
#10402 = VERTEX_POINT('',#10403);
#10403 = CARTESIAN_POINT('',(17.184947490692,238.15395362836,-149.4));
#10404 = SURFACE_CURVE('',#10405,(#10409,#10416),.PCURVE_S1.);
#10405 = LINE('',#10406,#10407);
#10406 = CARTESIAN_POINT('',(17.706794261932,242.11778266889,-149.4));
#10407 = VECTOR('',#10408,1.);
#10408 = DIRECTION('',(-0.130525891788,-0.991444900926,0.));
#10409 = PCURVE('',#8391,#10410);
#10410 = DEFINITIONAL_REPRESENTATION('',(#10411),#10415);
#10411 = LINE('',#10412,#10413);
#10412 = CARTESIAN_POINT('',(29.717434576877,-3.963827141338));
#10413 = VECTOR('',#10414,1.);
#10414 = DIRECTION('',(0.130525891788,0.991444900926));
#10415 = ( GEOMETRIC_REPRESENTATION_CONTEXT(2) 
PARAMETRIC_REPRESENTATION_CONTEXT() REPRESENTATION_CONTEXT('2D SPACE',''
  ) );
#10416 = PCURVE('',#10417,#10422);
#10417 = PLANE('',#10418);
#10418 = AXIS2_PLACEMENT_3D('',#10419,#10420,#10421);
#10419 = CARTESIAN_POINT('',(17.535492577625,240.81661414899,
    -147.2066199889));
#10420 = DIRECTION('',(0.991444900926,-0.130525891788,0.));
#10421 = DIRECTION('',(0.130525891788,0.991444900926,0.));
#10422 = DEFINITIONAL_REPRESENTATION('',(#10423),#10427);
#10423 = LINE('',#10424,#10425);
#10424 = CARTESIAN_POINT('',(1.312396199412,-2.193380011069));
#10425 = VECTOR('',#10426,1.);
#10426 = DIRECTION('',(-1.,0.));
#10427 = ( GEOMETRIC_REPRESENTATION_CONTEXT(2) 
PARAMETRIC_REPRESENTATION_CONTEXT() REPRESENTATION_CONTEXT('2D SPACE',''
  ) );
#10428 = ORIENTED_EDGE('',*,*,#10429,.T.);
#10429 = EDGE_CURVE('',#10402,#10430,#10432,.T.);
#10430 = VERTEX_POINT('',#10431);
#10431 = CARTESIAN_POINT('',(17.706794261932,234.19012840253,-149.4));
#10432 = SURFACE_CURVE('',#10433,(#10437,#10444),.PCURVE_S1.);
#10433 = LINE('',#10434,#10435);
#10434 = CARTESIAN_POINT('',(17.184947490692,238.15395362836,-149.4));
#10435 = VECTOR('',#10436,1.);
#10436 = DIRECTION('',(0.130526015263,-0.991444884671,0.));
#10437 = PCURVE('',#8391,#10438);
#10438 = DEFINITIONAL_REPRESENTATION('',(#10439),#10443);
#10439 = LINE('',#10440,#10441);
#10440 = CARTESIAN_POINT('',(30.239281348117,1.899189843763E-06));
#10441 = VECTOR('',#10442,1.);
#10442 = DIRECTION('',(-0.130526015263,0.991444884671));
#10443 = ( GEOMETRIC_REPRESENTATION_CONTEXT(2) 
PARAMETRIC_REPRESENTATION_CONTEXT() REPRESENTATION_CONTEXT('2D SPACE',''
  ) );
#10444 = PCURVE('',#10445,#10450);
#10445 = PLANE('',#10446);
#10446 = AXIS2_PLACEMENT_3D('',#10447,#10448,#10449);
#10447 = CARTESIAN_POINT('',(17.356249143262,236.85278660175,
    -145.8333801885));
#10448 = DIRECTION('',(0.991444884671,0.130526015263,-0.));
#10449 = DIRECTION('',(-0.130526015263,0.991444884671,0.));
#10450 = DEFINITIONAL_REPRESENTATION('',(#10451),#10455);
#10451 = LINE('',#10452,#10453);
#10452 = CARTESIAN_POINT('',(1.312394714758,-3.566619811436));
#10453 = VECTOR('',#10454,1.);
#10454 = DIRECTION('',(-1.,0.));
#10455 = ( GEOMETRIC_REPRESENTATION_CONTEXT(2) 
PARAMETRIC_REPRESENTATION_CONTEXT() REPRESENTATION_CONTEXT('2D SPACE',''
  ) );
#10456 = ORIENTED_EDGE('',*,*,#10457,.T.);
#10457 = EDGE_CURVE('',#10430,#10458,#10460,.T.);
#10458 = VERTEX_POINT('',#10459);
#10459 = CARTESIAN_POINT('',(19.236773967743,230.49642570478,-149.4));
#10460 = SURFACE_CURVE('',#10461,(#10465,#10472),.PCURVE_S1.);
#10461 = LINE('',#10462,#10463);
#10462 = CARTESIAN_POINT('',(17.706794261932,234.19012840253,-149.4));
#10463 = VECTOR('',#10464,1.);
#10464 = DIRECTION('',(0.38268299535,-0.923879713529,0.));
#10465 = PCURVE('',#8391,#10466);
#10466 = DEFINITIONAL_REPRESENTATION('',(#10467),#10471);
#10467 = LINE('',#10468,#10469);
#10468 = CARTESIAN_POINT('',(29.717434576877,3.96382712502));
#10469 = VECTOR('',#10470,1.);
#10470 = DIRECTION('',(-0.38268299535,0.923879713529));
#10471 = ( GEOMETRIC_REPRESENTATION_CONTEXT(2) 
PARAMETRIC_REPRESENTATION_CONTEXT() REPRESENTATION_CONTEXT('2D SPACE',''
  ) );
#10472 = PCURVE('',#10473,#10478);
#10473 = PLANE('',#10474);
#10474 = AXIS2_PLACEMENT_3D('',#10475,#10476,#10477);
#10475 = CARTESIAN_POINT('',(18.209026211167,232.97763159703,
    -147.2066201609));
#10476 = DIRECTION('',(0.923879713529,0.38268299535,-0.));
#10477 = DIRECTION('',(-0.38268299535,0.923879713529,0.));
#10478 = DEFINITIONAL_REPRESENTATION('',(#10479),#10483);
#10479 = LINE('',#10480,#10481);
#10480 = CARTESIAN_POINT('',(1.31239682802,-2.193379839008));
#10481 = VECTOR('',#10482,1.);
#10482 = DIRECTION('',(-1.,0.));
#10483 = ( GEOMETRIC_REPRESENTATION_CONTEXT(2) 
PARAMETRIC_REPRESENTATION_CONTEXT() REPRESENTATION_CONTEXT('2D SPACE',''
  ) );
#10484 = ORIENTED_EDGE('',*,*,#10485,.T.);
#10485 = EDGE_CURVE('',#10458,#10486,#10488,.T.);
#10486 = VERTEX_POINT('',#10487);
#10487 = CARTESIAN_POINT('',(21.67062330246,227.32457740766,-149.4));
#10488 = SURFACE_CURVE('',#10489,(#10493,#10500),.PCURVE_S1.);
#10489 = LINE('',#10490,#10491);
#10490 = CARTESIAN_POINT('',(19.236773967743,230.49642570478,-149.4));
#10491 = VECTOR('',#10492,1.);
#10492 = DIRECTION('',(0.608762142884,-0.793352792515,0.));
#10493 = PCURVE('',#8391,#10494);
#10494 = DEFINITIONAL_REPRESENTATION('',(#10495),#10499);
#10495 = LINE('',#10496,#10497);
#10496 = CARTESIAN_POINT('',(28.187454871066,7.657529822774));
#10497 = VECTOR('',#10498,1.);
#10498 = DIRECTION('',(-0.608762142884,0.793352792515));
#10499 = ( GEOMETRIC_REPRESENTATION_CONTEXT(2) 
PARAMETRIC_REPRESENTATION_CONTEXT() REPRESENTATION_CONTEXT('2D SPACE',''
  ) );
#10500 = PCURVE('',#10501,#10506);
#10501 = PLANE('',#10502);
#10502 = AXIS2_PLACEMENT_3D('',#10503,#10504,#10505);
#10503 = CARTESIAN_POINT('',(20.035710477413,229.45523331396,
    -147.2066197133));
#10504 = DIRECTION('',(0.793352792515,0.608762142884,-0.));
#10505 = DIRECTION('',(-0.608762142884,0.793352792515,0.));
#10506 = DEFINITIONAL_REPRESENTATION('',(#10507),#10511);
#10507 = LINE('',#10508,#10509);
#10508 = CARTESIAN_POINT('',(1.312395192456,-2.193380286691));
#10509 = VECTOR('',#10510,1.);
#10510 = DIRECTION('',(-1.,0.));
#10511 = ( GEOMETRIC_REPRESENTATION_CONTEXT(2) 
PARAMETRIC_REPRESENTATION_CONTEXT() REPRESENTATION_CONTEXT('2D SPACE',''
  ) );
#10512 = ORIENTED_EDGE('',*,*,#10513,.T.);
#10513 = EDGE_CURVE('',#10486,#10514,#10516,.T.);
#10514 = VERTEX_POINT('',#10515);
#10515 = CARTESIAN_POINT('',(24.842475414276,224.89072807294,-149.4));
#10516 = SURFACE_CURVE('',#10517,(#10521,#10528),.PCURVE_S1.);
#10517 = LINE('',#10518,#10519);
#10518 = CARTESIAN_POINT('',(21.67062330246,227.32457740766,-149.4));
#10519 = VECTOR('',#10520,1.);
#10520 = DIRECTION('',(0.793353146112,-0.608761682068,0.));
#10521 = PCURVE('',#8391,#10522);
#10522 = DEFINITIONAL_REPRESENTATION('',(#10523),#10527);
#10523 = LINE('',#10524,#10525);
#10524 = CARTESIAN_POINT('',(25.753605536349,10.829378119893));
#10525 = VECTOR('',#10526,1.);
#10526 = DIRECTION('',(-0.793353146112,0.608761682068));
#10527 = ( GEOMETRIC_REPRESENTATION_CONTEXT(2) 
PARAMETRIC_REPRESENTATION_CONTEXT() REPRESENTATION_CONTEXT('2D SPACE',''
  ) );
#10528 = PCURVE('',#10529,#10534);
#10529 = PLANE('',#10530);
#10530 = AXIS2_PLACEMENT_3D('',#10531,#10532,#10533);
#10531 = CARTESIAN_POINT('',(22.711817099855,226.52564077954,
    -147.2066200384));
#10532 = DIRECTION('',(0.608761682068,0.793353146112,-0.));
#10533 = DIRECTION('',(0.793353146112,-0.608761682068,0.));
#10534 = DEFINITIONAL_REPRESENTATION('',(#10535),#10539);
#10535 = LINE('',#10536,#10537);
#10536 = CARTESIAN_POINT('',(-1.312396380475,2.193379961509));
#10537 = VECTOR('',#10538,1.);
#10538 = DIRECTION('',(1.,-0.));
#10539 = ( GEOMETRIC_REPRESENTATION_CONTEXT(2) 
PARAMETRIC_REPRESENTATION_CONTEXT() REPRESENTATION_CONTEXT('2D SPACE',''
  ) );
#10540 = ORIENTED_EDGE('',*,*,#10541,.T.);
#10541 = EDGE_CURVE('',#10514,#10542,#10544,.T.);
#10542 = VERTEX_POINT('',#10543);
#10543 = CARTESIAN_POINT('',(28.536174297333,223.36075218183,-149.4));
#10544 = SURFACE_CURVE('',#10545,(#10549,#10556),.PCURVE_S1.);
#10545 = LINE('',#10546,#10547);
#10546 = CARTESIAN_POINT('',(24.842475414276,224.89072807294,-149.4));
#10547 = VECTOR('',#10548,1.);
#10548 = DIRECTION('',(0.923879911138,-0.382682518277,0.));
#10549 = PCURVE('',#8391,#10550);
#10550 = DEFINITIONAL_REPRESENTATION('',(#10551),#10555);
#10551 = LINE('',#10552,#10553);
#10552 = CARTESIAN_POINT('',(22.581753424533,13.26322745461));
#10553 = VECTOR('',#10554,1.);
#10554 = DIRECTION('',(-0.923879911138,0.382682518277));
#10555 = ( GEOMETRIC_REPRESENTATION_CONTEXT(2) 
PARAMETRIC_REPRESENTATION_CONTEXT() REPRESENTATION_CONTEXT('2D SPACE',''
  ) );
#10556 = PCURVE('',#10557,#10562);
#10557 = PLANE('',#10558);
#10558 = AXIS2_PLACEMENT_3D('',#10559,#10560,#10561);
#10559 = CARTESIAN_POINT('',(26.054970671524,224.38849749855,
    -147.2066196254));
#10560 = DIRECTION('',(0.382682518277,0.923879911138,-0.));
#10561 = DIRECTION('',(0.923879911138,-0.382682518277,0.));
#10562 = DEFINITIONAL_REPRESENTATION('',(#10563),#10567);
#10563 = LINE('',#10564,#10565);
#10564 = CARTESIAN_POINT('',(-1.312394871487,2.193380374546));
#10565 = VECTOR('',#10566,1.);
#10566 = DIRECTION('',(1.,-0.));
#10567 = ( GEOMETRIC_REPRESENTATION_CONTEXT(2) 
PARAMETRIC_REPRESENTATION_CONTEXT() REPRESENTATION_CONTEXT('2D SPACE',''
  ) );
#10568 = ORIENTED_EDGE('',*,*,#10569,.T.);
#10569 = EDGE_CURVE('',#10542,#10570,#10572,.T.);
#10570 = VERTEX_POINT('',#10571);
#10571 = CARTESIAN_POINT('',(32.499999523163,222.83890159589,-149.4));
#10572 = SURFACE_CURVE('',#10573,(#10577,#10584),.PCURVE_S1.);
#10573 = LINE('',#10574,#10575);
#10574 = CARTESIAN_POINT('',(28.536174297333,223.36075218183,-149.4));
#10575 = VECTOR('',#10576,1.);
#10576 = DIRECTION('',(0.991444761195,-0.130526953152,0.));
#10577 = PCURVE('',#8391,#10578);
#10578 = DEFINITIONAL_REPRESENTATION('',(#10579),#10583);
#10579 = LINE('',#10580,#10581);
#10580 = CARTESIAN_POINT('',(18.888054541476,14.793203345723));
#10581 = VECTOR('',#10582,1.);
#10582 = DIRECTION('',(-0.991444761195,0.130526953152));
#10583 = ( GEOMETRIC_REPRESENTATION_CONTEXT(2) 
PARAMETRIC_REPRESENTATION_CONTEXT() REPRESENTATION_CONTEXT('2D SPACE',''
  ) );
#10584 = PCURVE('',#10585,#10590);
#10585 = PLANE('',#10586);
#10586 = AXIS2_PLACEMENT_3D('',#10587,#10588,#10589);
#10587 = CARTESIAN_POINT('',(29.837341355686,223.18944927287,
    -147.206619636));
#10588 = DIRECTION('',(0.130526953152,0.991444761195,-0.));
#10589 = DIRECTION('',(0.991444761195,-0.130526953152,0.));
#10590 = DEFINITIONAL_REPRESENTATION('',(#10591),#10595);
#10591 = LINE('',#10592,#10593);
#10592 = CARTESIAN_POINT('',(-1.312394910216,2.193380363945));
#10593 = VECTOR('',#10594,1.);
#10594 = DIRECTION('',(1.,-0.));
#10595 = ( GEOMETRIC_REPRESENTATION_CONTEXT(2) 
PARAMETRIC_REPRESENTATION_CONTEXT() REPRESENTATION_CONTEXT('2D SPACE',''
  ) );
#10596 = ORIENTED_EDGE('',*,*,#10597,.T.);
#10597 = EDGE_CURVE('',#10570,#10598,#10600,.T.);
#10598 = VERTEX_POINT('',#10599);
#10599 = CARTESIAN_POINT('',(36.46382856369,223.36075218183,-149.4));
#10600 = SURFACE_CURVE('',#10601,(#10605,#10612),.PCURVE_S1.);
#10601 = LINE('',#10602,#10603);
#10602 = CARTESIAN_POINT('',(32.499999523163,222.83890159589,-149.4));
#10603 = VECTOR('',#10604,1.);
#10604 = DIRECTION('',(0.991444777451,0.130526829676,0.));
#10605 = PCURVE('',#8391,#10606);
#10606 = DEFINITIONAL_REPRESENTATION('',(#10607),#10611);
#10607 = LINE('',#10608,#10609);
#10608 = CARTESIAN_POINT('',(14.924229315646,15.315053931661));
#10609 = VECTOR('',#10610,1.);
#10610 = DIRECTION('',(-0.991444777451,-0.130526829676));
#10611 = ( GEOMETRIC_REPRESENTATION_CONTEXT(2) 
PARAMETRIC_REPRESENTATION_CONTEXT() REPRESENTATION_CONTEXT('2D SPACE',''
  ) );
#10612 = PCURVE('',#10613,#10618);
#10613 = PLANE('',#10614);
#10614 = AXIS2_PLACEMENT_3D('',#10615,#10616,#10617);
#10615 = CARTESIAN_POINT('',(33.801168074803,223.01020453659,
    -147.2066200424));
#10616 = DIRECTION('',(-0.130526829676,0.991444777451,0.));
#10617 = DIRECTION('',(0.991444777451,0.130526829676,0.));
#10618 = DEFINITIONAL_REPRESENTATION('',(#10619),#10623);
#10619 = LINE('',#10620,#10621);
#10620 = CARTESIAN_POINT('',(-1.312396394871,2.193379957569));
#10621 = VECTOR('',#10622,1.);
#10622 = DIRECTION('',(1.,0.));
#10623 = ( GEOMETRIC_REPRESENTATION_CONTEXT(2) 
PARAMETRIC_REPRESENTATION_CONTEXT() REPRESENTATION_CONTEXT('2D SPACE',''
  ) );
#10624 = ORIENTED_EDGE('',*,*,#10625,.T.);
#10625 = EDGE_CURVE('',#10598,#10626,#10628,.T.);
#10626 = VERTEX_POINT('',#10627);
#10627 = CARTESIAN_POINT('',(40.157527446747,224.89072807294,-149.4));
#10628 = SURFACE_CURVE('',#10629,(#10633,#10640),.PCURVE_S1.);
#10629 = LINE('',#10630,#10631);
#10630 = CARTESIAN_POINT('',(36.46382856369,223.36075218183,-149.4));
#10631 = VECTOR('',#10632,1.);
#10632 = DIRECTION('',(0.923879911138,0.382682518277,0.));
#10633 = PCURVE('',#8391,#10634);
#10634 = DEFINITIONAL_REPRESENTATION('',(#10635),#10639);
#10635 = LINE('',#10636,#10637);
#10636 = CARTESIAN_POINT('',(10.960400275119,14.793203345723));
#10637 = VECTOR('',#10638,1.);
#10638 = DIRECTION('',(-0.923879911138,-0.382682518277));
#10639 = ( GEOMETRIC_REPRESENTATION_CONTEXT(2) 
PARAMETRIC_REPRESENTATION_CONTEXT() REPRESENTATION_CONTEXT('2D SPACE',''
  ) );
#10640 = PCURVE('',#10641,#10646);
#10641 = PLANE('',#10642);
#10642 = AXIS2_PLACEMENT_3D('',#10643,#10644,#10645);
#10643 = CARTESIAN_POINT('',(37.676323820938,223.86298275622,
    -147.2066196254));
#10644 = DIRECTION('',(-0.382682518277,0.923879911138,0.));
#10645 = DIRECTION('',(0.923879911138,0.382682518277,0.));
#10646 = DEFINITIONAL_REPRESENTATION('',(#10647),#10651);
#10647 = LINE('',#10648,#10649);
#10648 = CARTESIAN_POINT('',(-1.312394871487,2.193380374546));
#10649 = VECTOR('',#10650,1.);
#10650 = DIRECTION('',(1.,0.));
#10651 = ( GEOMETRIC_REPRESENTATION_CONTEXT(2) 
PARAMETRIC_REPRESENTATION_CONTEXT() REPRESENTATION_CONTEXT('2D SPACE',''
  ) );
#10652 = ORIENTED_EDGE('',*,*,#10653,.T.);
#10653 = EDGE_CURVE('',#10626,#10654,#10656,.T.);
#10654 = VERTEX_POINT('',#10655);
#10655 = CARTESIAN_POINT('',(43.329377651215,227.32457740766,-149.4));
#10656 = SURFACE_CURVE('',#10657,(#10661,#10668),.PCURVE_S1.);
#10657 = LINE('',#10658,#10659);
#10658 = CARTESIAN_POINT('',(40.157527446747,224.89072807294,-149.4));
#10659 = VECTOR('',#10660,1.);
#10660 = DIRECTION('',(0.793352969313,0.608761912476,0.));
#10661 = PCURVE('',#8391,#10662);
#10662 = DEFINITIONAL_REPRESENTATION('',(#10663),#10667);
#10663 = LINE('',#10664,#10665);
#10664 = CARTESIAN_POINT('',(7.266701392062,13.26322745461));
#10665 = VECTOR('',#10666,1.);
#10666 = DIRECTION('',(-0.793352969313,-0.608761912476));
#10667 = ( GEOMETRIC_REPRESENTATION_CONTEXT(2) 
PARAMETRIC_REPRESENTATION_CONTEXT() REPRESENTATION_CONTEXT('2D SPACE',''
  ) );
#10668 = PCURVE('',#10669,#10674);
#10669 = PLANE('',#10670);
#10670 = AXIS2_PLACEMENT_3D('',#10671,#10672,#10673);
#10671 = CARTESIAN_POINT('',(41.198720540854,225.68966464184,
    -147.2066198759));
#10672 = DIRECTION('',(-0.608761912476,0.793352969313,0.));
#10673 = DIRECTION('',(0.793352969313,0.608761912476,0.));
#10674 = DEFINITIONAL_REPRESENTATION('',(#10675),#10679);
#10675 = LINE('',#10676,#10677);
#10676 = CARTESIAN_POINT('',(-1.312395786465,2.1933801241));
#10677 = VECTOR('',#10678,1.);
#10678 = DIRECTION('',(1.,0.));
#10679 = ( GEOMETRIC_REPRESENTATION_CONTEXT(2) 
PARAMETRIC_REPRESENTATION_CONTEXT() REPRESENTATION_CONTEXT('2D SPACE',''
  ) );
#10680 = ORIENTED_EDGE('',*,*,#10681,.T.);
#10681 = EDGE_CURVE('',#10654,#10682,#10684,.T.);
#10682 = VERTEX_POINT('',#10683);
#10683 = CARTESIAN_POINT('',(45.763225078583,230.49642570478,-149.4));
#10684 = SURFACE_CURVE('',#10685,(#10689,#10696),.PCURVE_S1.);
#10685 = LINE('',#10686,#10687);
#10686 = CARTESIAN_POINT('',(43.329377651215,227.32457740766,-149.4));
#10687 = VECTOR('',#10688,1.);
#10688 = DIRECTION('',(0.608761842611,0.793353022923,0.));
#10689 = PCURVE('',#8391,#10690);
#10690 = DEFINITIONAL_REPRESENTATION('',(#10691),#10695);
#10691 = LINE('',#10692,#10693);
#10692 = CARTESIAN_POINT('',(4.094851187594,10.829378119893));
#10693 = VECTOR('',#10694,1.);
#10694 = DIRECTION('',(-0.608761842611,-0.793353022923));
#10695 = ( GEOMETRIC_REPRESENTATION_CONTEXT(2) 
PARAMETRIC_REPRESENTATION_CONTEXT() REPRESENTATION_CONTEXT('2D SPACE',''
  ) );
#10696 = PCURVE('',#10697,#10702);
#10697 = PLANE('',#10698);
#10698 = AXIS2_PLACEMENT_3D('',#10699,#10700,#10701);
#10699 = CARTESIAN_POINT('',(44.964289240463,229.45523337318,
    -147.2066195885));
#10700 = DIRECTION('',(-0.793353022923,0.608761842611,0.));
#10701 = DIRECTION('',(-0.608761842611,-0.793353022923,0.));
#10702 = DEFINITIONAL_REPRESENTATION('',(#10703),#10707);
#10703 = LINE('',#10704,#10705);
#10704 = CARTESIAN_POINT('',(2.685634142635,-2.193380411452));
#10705 = VECTOR('',#10706,1.);
#10706 = DIRECTION('',(-1.,0.));
#10707 = ( GEOMETRIC_REPRESENTATION_CONTEXT(2) 
PARAMETRIC_REPRESENTATION_CONTEXT() REPRESENTATION_CONTEXT('2D SPACE',''
  ) );
#10708 = ORIENTED_EDGE('',*,*,#10709,.T.);
#10709 = EDGE_CURVE('',#10682,#10064,#10710,.T.);
#10710 = SURFACE_CURVE('',#10711,(#10715,#10722),.PCURVE_S1.);
#10711 = LINE('',#10712,#10713);
#10712 = CARTESIAN_POINT('',(45.763225078583,230.49642570478,-149.4));
#10713 = VECTOR('',#10714,1.);
#10714 = DIRECTION('',(0.382683402556,0.923879544859,0.));
#10715 = PCURVE('',#8391,#10716);
#10716 = DEFINITIONAL_REPRESENTATION('',(#10717),#10721);
#10717 = LINE('',#10718,#10719);
#10718 = CARTESIAN_POINT('',(1.661003760226,7.657529822774));
#10719 = VECTOR('',#10720,1.);
#10720 = DIRECTION('',(-0.382683402556,-0.923879544859));
#10721 = ( GEOMETRIC_REPRESENTATION_CONTEXT(2) 
PARAMETRIC_REPRESENTATION_CONTEXT() REPRESENTATION_CONTEXT('2D SPACE',''
  ) );
#10722 = PCURVE('',#10723,#10728);
#10723 = PLANE('',#10724);
#10724 = AXIS2_PLACEMENT_3D('',#10725,#10726,#10727);
#10725 = CARTESIAN_POINT('',(46.790974098442,232.97763155367,
    -147.2066202394));
#10726 = DIRECTION('',(-0.923879544859,0.382683402556,0.));
#10727 = DIRECTION('',(-0.382683402556,-0.923879544859,0.));
#10728 = DEFINITIONAL_REPRESENTATION('',(#10729),#10733);
#10729 = LINE('',#10730,#10731);
#10730 = CARTESIAN_POINT('',(2.685637822268,-2.19337976058));
#10731 = VECTOR('',#10732,1.);
#10732 = DIRECTION('',(-1.,0.));
#10733 = ( GEOMETRIC_REPRESENTATION_CONTEXT(2) 
PARAMETRIC_REPRESENTATION_CONTEXT() REPRESENTATION_CONTEXT('2D SPACE',''
  ) );
#10734 = FACE_BOUND('',#10735,.T.);
#10735 = EDGE_LOOP('',(#10736,#10759,#10782,#10805,#10828,#10851,#10874,
    #10897,#10920,#10943,#10966,#10989,#11012,#11035,#11058,#11081,
    #11104,#11127,#11150,#11173,#11196,#11217,#11218,#11219));
#10736 = ORIENTED_EDGE('',*,*,#10737,.T.);
#10737 = EDGE_CURVE('',#10017,#10738,#10740,.T.);
#10738 = VERTEX_POINT('',#10739);
#10739 = CARTESIAN_POINT('',(37.42010641098,238.15395362836,-149.4));
#10740 = SURFACE_CURVE('',#10741,(#10745,#10752),.PCURVE_S1.);
#10741 = LINE('',#10742,#10743);
#10742 = CARTESIAN_POINT('',(37.252458095551,239.42737205488,-149.4));
#10743 = VECTOR('',#10744,1.);
#10744 = DIRECTION('',(0.130525885413,-0.991444901766,0.));
#10745 = PCURVE('',#8391,#10746);
#10746 = DEFINITIONAL_REPRESENTATION('',(#10747),#10751);
#10747 = LINE('',#10748,#10749);
#10748 = CARTESIAN_POINT('',(10.171770743258,-1.273416527324));
#10749 = VECTOR('',#10750,1.);
#10750 = DIRECTION('',(-0.130525885413,0.991444901766));
#10751 = ( GEOMETRIC_REPRESENTATION_CONTEXT(2) 
PARAMETRIC_REPRESENTATION_CONTEXT() REPRESENTATION_CONTEXT('2D SPACE',''
  ) );
#10752 = PCURVE('',#9337,#10753);
#10753 = DEFINITIONAL_REPRESENTATION('',(#10754),#10758);
#10754 = LINE('',#10755,#10756);
#10755 = CARTESIAN_POINT('',(-0.47804917538,0.664154150415));
#10756 = VECTOR('',#10757,1.);
#10757 = DIRECTION('',(1.,0.));
#10758 = ( GEOMETRIC_REPRESENTATION_CONTEXT(2) 
PARAMETRIC_REPRESENTATION_CONTEXT() REPRESENTATION_CONTEXT('2D SPACE',''
  ) );
#10759 = ORIENTED_EDGE('',*,*,#10760,.T.);
#10760 = EDGE_CURVE('',#10738,#10761,#10763,.T.);
#10761 = VERTEX_POINT('',#10762);
#10762 = CARTESIAN_POINT('',(37.252458095551,236.88053520185,-149.4));
#10763 = SURFACE_CURVE('',#10764,(#10768,#10775),.PCURVE_S1.);
#10764 = LINE('',#10765,#10766);
#10765 = CARTESIAN_POINT('',(37.42010641098,238.15395362836,-149.4));
#10766 = VECTOR('',#10767,1.);
#10767 = DIRECTION('',(-0.130525885413,-0.991444901766,0.));
#10768 = PCURVE('',#8391,#10769);
#10769 = DEFINITIONAL_REPRESENTATION('',(#10770),#10774);
#10770 = LINE('',#10771,#10772);
#10771 = CARTESIAN_POINT('',(10.004122427829,1.899189841285E-06));
#10772 = VECTOR('',#10773,1.);
#10773 = DIRECTION('',(0.130525885413,0.991444901766));
#10774 = ( GEOMETRIC_REPRESENTATION_CONTEXT(2) 
PARAMETRIC_REPRESENTATION_CONTEXT() REPRESENTATION_CONTEXT('2D SPACE',''
  ) );
#10775 = PCURVE('',#9309,#10776);
#10776 = DEFINITIONAL_REPRESENTATION('',(#10777),#10781);
#10777 = LINE('',#10778,#10779);
#10778 = CARTESIAN_POINT('',(-0.47804917538,0.664154150415));
#10779 = VECTOR('',#10780,1.);
#10780 = DIRECTION('',(1.,0.));
#10781 = ( GEOMETRIC_REPRESENTATION_CONTEXT(2) 
PARAMETRIC_REPRESENTATION_CONTEXT() REPRESENTATION_CONTEXT('2D SPACE',''
  ) );
#10782 = ORIENTED_EDGE('',*,*,#10783,.T.);
#10783 = EDGE_CURVE('',#10761,#10784,#10786,.T.);
#10784 = VERTEX_POINT('',#10785);
#10785 = CARTESIAN_POINT('',(36.760938167572,235.69390113813,-149.4));
#10786 = SURFACE_CURVE('',#10787,(#10791,#10798),.PCURVE_S1.);
#10787 = LINE('',#10788,#10789);
#10788 = CARTESIAN_POINT('',(37.252458095551,236.88053520185,-149.4));
#10789 = VECTOR('',#10790,1.);
#10790 = DIRECTION('',(-0.382683435828,-0.923879531077,0.));
#10791 = PCURVE('',#8391,#10792);
#10792 = DEFINITIONAL_REPRESENTATION('',(#10793),#10797);
#10793 = LINE('',#10794,#10795);
#10794 = CARTESIAN_POINT('',(10.171770743258,1.273420325704));
#10795 = VECTOR('',#10796,1.);
#10796 = DIRECTION('',(0.382683435828,0.923879531077));
#10797 = ( GEOMETRIC_REPRESENTATION_CONTEXT(2) 
PARAMETRIC_REPRESENTATION_CONTEXT() REPRESENTATION_CONTEXT('2D SPACE',''
  ) );
#10798 = PCURVE('',#9885,#10799);
#10799 = DEFINITIONAL_REPRESENTATION('',(#10800),#10804);
#10800 = LINE('',#10801,#10802);
#10801 = CARTESIAN_POINT('',(-0.478047746635,0.664153981948));
#10802 = VECTOR('',#10803,1.);
#10803 = DIRECTION('',(1.,0.));
#10804 = ( GEOMETRIC_REPRESENTATION_CONTEXT(2) 
PARAMETRIC_REPRESENTATION_CONTEXT() REPRESENTATION_CONTEXT('2D SPACE',''
  ) );
#10805 = ORIENTED_EDGE('',*,*,#10806,.T.);
#10806 = EDGE_CURVE('',#10784,#10807,#10809,.T.);
#10807 = VERTEX_POINT('',#10808);
#10808 = CARTESIAN_POINT('',(35.979041576385,234.67491538984,-149.4));
#10809 = SURFACE_CURVE('',#10810,(#10814,#10821),.PCURVE_S1.);
#10810 = LINE('',#10811,#10812);
#10811 = CARTESIAN_POINT('',(36.760938167572,235.69390113813,-149.4));
#10812 = VECTOR('',#10813,1.);
#10813 = DIRECTION('',(-0.608762078879,-0.793352841628,0.));
#10814 = PCURVE('',#8391,#10815);
#10815 = DEFINITIONAL_REPRESENTATION('',(#10816),#10820);
#10816 = LINE('',#10817,#10818);
#10817 = CARTESIAN_POINT('',(10.663290671237,2.460054389424));
#10818 = VECTOR('',#10819,1.);
#10819 = DIRECTION('',(0.608762078879,0.793352841628));
#10820 = ( GEOMETRIC_REPRESENTATION_CONTEXT(2) 
PARAMETRIC_REPRESENTATION_CONTEXT() REPRESENTATION_CONTEXT('2D SPACE',''
  ) );
#10821 = PCURVE('',#9859,#10822);
#10822 = DEFINITIONAL_REPRESENTATION('',(#10823),#10827);
#10823 = LINE('',#10824,#10825);
#10824 = CARTESIAN_POINT('',(-0.478048093772,0.66415402288));
#10825 = VECTOR('',#10826,1.);
#10826 = DIRECTION('',(1.,-5.751299844281E-32));
#10827 = ( GEOMETRIC_REPRESENTATION_CONTEXT(2) 
PARAMETRIC_REPRESENTATION_CONTEXT() REPRESENTATION_CONTEXT('2D SPACE',''
  ) );
#10828 = ORIENTED_EDGE('',*,*,#10829,.T.);
#10829 = EDGE_CURVE('',#10807,#10830,#10832,.T.);
#10830 = VERTEX_POINT('',#10831);
#10831 = CARTESIAN_POINT('',(34.960052013397,233.8930168913,-149.4));
#10832 = SURFACE_CURVE('',#10833,(#10837,#10844),.PCURVE_S1.);
#10833 = LINE('',#10834,#10835);
#10834 = CARTESIAN_POINT('',(35.979041576385,234.67491538984,-149.4));
#10835 = VECTOR('',#10836,1.);
#10836 = DIRECTION('',(-0.793353225084,-0.608761579149,0.));
#10837 = PCURVE('',#8391,#10838);
#10838 = DEFINITIONAL_REPRESENTATION('',(#10839),#10843);
#10839 = LINE('',#10840,#10841);
#10840 = CARTESIAN_POINT('',(11.445187262423,3.479040137715));
#10841 = VECTOR('',#10842,1.);
#10842 = DIRECTION('',(0.793353225084,0.608761579149));
#10843 = ( GEOMETRIC_REPRESENTATION_CONTEXT(2) 
PARAMETRIC_REPRESENTATION_CONTEXT() REPRESENTATION_CONTEXT('2D SPACE',''
  ) );
#10844 = PCURVE('',#9831,#10845);
#10845 = DEFINITIONAL_REPRESENTATION('',(#10846),#10850);
#10846 = LINE('',#10847,#10848);
#10847 = CARTESIAN_POINT('',(0.806358454134,-0.664154243721));
#10848 = VECTOR('',#10849,1.);
#10849 = DIRECTION('',(-1.,0.));
#10850 = ( GEOMETRIC_REPRESENTATION_CONTEXT(2) 
PARAMETRIC_REPRESENTATION_CONTEXT() REPRESENTATION_CONTEXT('2D SPACE',''
  ) );
#10851 = ORIENTED_EDGE('',*,*,#10852,.T.);
#10852 = EDGE_CURVE('',#10830,#10853,#10855,.T.);
#10853 = VERTEX_POINT('',#10854);
#10854 = CARTESIAN_POINT('',(33.773417949677,233.40149696332,-149.4));
#10855 = SURFACE_CURVE('',#10856,(#10860,#10867),.PCURVE_S1.);
#10856 = LINE('',#10857,#10858);
#10857 = CARTESIAN_POINT('',(34.960052013397,233.8930168913,-149.4));
#10858 = VECTOR('',#10859,1.);
#10859 = DIRECTION('',(-0.923879531077,-0.382683435828,0.));
#10860 = PCURVE('',#8391,#10861);
#10861 = DEFINITIONAL_REPRESENTATION('',(#10862),#10866);
#10862 = LINE('',#10863,#10864);
#10863 = CARTESIAN_POINT('',(12.464176825412,4.26093863625));
#10864 = VECTOR('',#10865,1.);
#10865 = DIRECTION('',(0.923879531077,0.382683435828));
#10866 = ( GEOMETRIC_REPRESENTATION_CONTEXT(2) 
PARAMETRIC_REPRESENTATION_CONTEXT() REPRESENTATION_CONTEXT('2D SPACE',''
  ) );
#10867 = PCURVE('',#9803,#10868);
#10868 = DEFINITIONAL_REPRESENTATION('',(#10869),#10873);
#10869 = LINE('',#10870,#10871);
#10870 = CARTESIAN_POINT('',(0.806355710532,-0.664153981948));
#10871 = VECTOR('',#10872,1.);
#10872 = DIRECTION('',(-1.,0.));
#10873 = ( GEOMETRIC_REPRESENTATION_CONTEXT(2) 
PARAMETRIC_REPRESENTATION_CONTEXT() REPRESENTATION_CONTEXT('2D SPACE',''
  ) );
#10874 = ORIENTED_EDGE('',*,*,#10875,.T.);
#10875 = EDGE_CURVE('',#10853,#10876,#10878,.T.);
#10876 = VERTEX_POINT('',#10877);
#10877 = CARTESIAN_POINT('',(32.499999523163,233.23384864789,-149.4));
#10878 = SURFACE_CURVE('',#10879,(#10883,#10890),.PCURVE_S1.);
#10879 = LINE('',#10880,#10881);
#10880 = CARTESIAN_POINT('',(33.773417949677,233.40149696332,-149.4));
#10881 = VECTOR('',#10882,1.);
#10882 = DIRECTION('',(-0.991444901766,-0.130525885413,0.));
#10883 = PCURVE('',#8391,#10884);
#10884 = DEFINITIONAL_REPRESENTATION('',(#10885),#10889);
#10885 = LINE('',#10886,#10887);
#10886 = CARTESIAN_POINT('',(13.650810889132,4.752458564229));
#10887 = VECTOR('',#10888,1.);
#10888 = DIRECTION('',(0.991444901766,0.130525885413));
#10889 = ( GEOMETRIC_REPRESENTATION_CONTEXT(2) 
PARAMETRIC_REPRESENTATION_CONTEXT() REPRESENTATION_CONTEXT('2D SPACE',''
  ) );
#10890 = PCURVE('',#9775,#10891);
#10891 = DEFINITIONAL_REPRESENTATION('',(#10892),#10896);
#10892 = LINE('',#10893,#10894);
#10893 = CARTESIAN_POINT('',(0.806357476211,-0.664154150415));
#10894 = VECTOR('',#10895,1.);
#10895 = DIRECTION('',(-1.,0.));
#10896 = ( GEOMETRIC_REPRESENTATION_CONTEXT(2) 
PARAMETRIC_REPRESENTATION_CONTEXT() REPRESENTATION_CONTEXT('2D SPACE',''
  ) );
#10897 = ORIENTED_EDGE('',*,*,#10898,.T.);
#10898 = EDGE_CURVE('',#10876,#10899,#10901,.T.);
#10899 = VERTEX_POINT('',#10900);
#10900 = CARTESIAN_POINT('',(31.226584911346,233.40149696332,-149.4));
#10901 = SURFACE_CURVE('',#10902,(#10906,#10913),.PCURVE_S1.);
#10902 = LINE('',#10903,#10904);
#10903 = CARTESIAN_POINT('',(32.499999523163,233.23384864789,-149.4));
#10904 = VECTOR('',#10905,1.);
#10905 = DIRECTION('',(-0.991444851165,0.130526269761,0.));
#10906 = PCURVE('',#8391,#10907);
#10907 = DEFINITIONAL_REPRESENTATION('',(#10908),#10912);
#10908 = LINE('',#10909,#10910);
#10909 = CARTESIAN_POINT('',(14.924229315646,4.920106879659));
#10910 = VECTOR('',#10911,1.);
#10911 = DIRECTION('',(0.991444851165,-0.130526269761));
#10912 = ( GEOMETRIC_REPRESENTATION_CONTEXT(2) 
PARAMETRIC_REPRESENTATION_CONTEXT() REPRESENTATION_CONTEXT('2D SPACE',''
  ) );
#10913 = PCURVE('',#9747,#10914);
#10914 = DEFINITIONAL_REPRESENTATION('',(#10915),#10919);
#10915 = LINE('',#10916,#10917);
#10916 = CARTESIAN_POINT('',(0.806355385722,-0.664153950958));
#10917 = VECTOR('',#10918,1.);
#10918 = DIRECTION('',(-1.,0.));
#10919 = ( GEOMETRIC_REPRESENTATION_CONTEXT(2) 
PARAMETRIC_REPRESENTATION_CONTEXT() REPRESENTATION_CONTEXT('2D SPACE',''
  ) );
#10920 = ORIENTED_EDGE('',*,*,#10921,.T.);
#10921 = EDGE_CURVE('',#10899,#10922,#10924,.T.);
#10922 = VERTEX_POINT('',#10923);
#10923 = CARTESIAN_POINT('',(30.039947032928,233.8930168913,-149.4));
#10924 = SURFACE_CURVE('',#10925,(#10929,#10936),.PCURVE_S1.);
#10925 = LINE('',#10926,#10927);
#10926 = CARTESIAN_POINT('',(31.226584911346,233.40149696332,-149.4));
#10927 = VECTOR('',#10928,1.);
#10928 = DIRECTION('',(-0.923879966024,0.382682385772,0.));
#10929 = PCURVE('',#8391,#10930);
#10930 = DEFINITIONAL_REPRESENTATION('',(#10931),#10935);
#10931 = LINE('',#10932,#10933);
#10932 = CARTESIAN_POINT('',(16.197643927463,4.752458564229));
#10933 = VECTOR('',#10934,1.);
#10934 = DIRECTION('',(0.923879966024,-0.382682385772));
#10935 = ( GEOMETRIC_REPRESENTATION_CONTEXT(2) 
PARAMETRIC_REPRESENTATION_CONTEXT() REPRESENTATION_CONTEXT('2D SPACE',''
  ) );
#10936 = PCURVE('',#9719,#10937);
#10937 = DEFINITIONAL_REPRESENTATION('',(#10938),#10942);
#10938 = LINE('',#10939,#10940);
#10939 = CARTESIAN_POINT('',(0.806357658557,-0.664154167813));
#10940 = VECTOR('',#10941,1.);
#10941 = DIRECTION('',(-1.,0.));
#10942 = ( GEOMETRIC_REPRESENTATION_CONTEXT(2) 
PARAMETRIC_REPRESENTATION_CONTEXT() REPRESENTATION_CONTEXT('2D SPACE',''
  ) );
#10943 = ORIENTED_EDGE('',*,*,#10944,.T.);
#10944 = EDGE_CURVE('',#10922,#10945,#10947,.T.);
#10945 = VERTEX_POINT('',#10946);
#10946 = CARTESIAN_POINT('',(29.020961284637,234.67491538984,-149.4));
#10947 = SURFACE_CURVE('',#10948,(#10952,#10959),.PCURVE_S1.);
#10948 = LINE('',#10949,#10950);
#10949 = CARTESIAN_POINT('',(30.039947032928,233.8930168913,-149.4));
#10950 = VECTOR('',#10951,1.);
#10951 = DIRECTION('',(-0.793352124425,0.608763013553,0.));
#10952 = PCURVE('',#8391,#10953);
#10953 = DEFINITIONAL_REPRESENTATION('',(#10954),#10958);
#10954 = LINE('',#10955,#10956);
#10955 = CARTESIAN_POINT('',(17.38428180588,4.26093863625));
#10956 = VECTOR('',#10957,1.);
#10957 = DIRECTION('',(0.793352124425,-0.608763013553));
#10958 = ( GEOMETRIC_REPRESENTATION_CONTEXT(2) 
PARAMETRIC_REPRESENTATION_CONTEXT() REPRESENTATION_CONTEXT('2D SPACE',''
  ) );
#10959 = PCURVE('',#9691,#10960);
#10960 = DEFINITIONAL_REPRESENTATION('',(#10961),#10965);
#10961 = LINE('',#10962,#10963);
#10962 = CARTESIAN_POINT('',(0.806356781329,-0.664154084115));
#10963 = VECTOR('',#10964,1.);
#10964 = DIRECTION('',(-1.,0.));
#10965 = ( GEOMETRIC_REPRESENTATION_CONTEXT(2) 
PARAMETRIC_REPRESENTATION_CONTEXT() REPRESENTATION_CONTEXT('2D SPACE',''
  ) );
#10966 = ORIENTED_EDGE('',*,*,#10967,.T.);
#10967 = EDGE_CURVE('',#10945,#10968,#10970,.T.);
#10968 = VERTEX_POINT('',#10969);
#10969 = CARTESIAN_POINT('',(28.239062786102,235.69390113813,-149.4));
#10970 = SURFACE_CURVE('',#10971,(#10975,#10982),.PCURVE_S1.);
#10971 = LINE('',#10972,#10973);
#10972 = CARTESIAN_POINT('',(29.020961284637,234.67491538984,-149.4));
#10973 = VECTOR('',#10974,1.);
#10974 = DIRECTION('',(-0.608763013553,0.793352124425,0.));
#10975 = PCURVE('',#8391,#10976);
#10976 = DEFINITIONAL_REPRESENTATION('',(#10977),#10981);
#10977 = LINE('',#10978,#10979);
#10978 = CARTESIAN_POINT('',(18.403267554172,3.479040137715));
#10979 = VECTOR('',#10980,1.);
#10980 = DIRECTION('',(0.608763013553,-0.793352124425));
#10981 = ( GEOMETRIC_REPRESENTATION_CONTEXT(2) 
PARAMETRIC_REPRESENTATION_CONTEXT() REPRESENTATION_CONTEXT('2D SPACE',''
  ) );
#10982 = PCURVE('',#9663,#10983);
#10983 = DEFINITIONAL_REPRESENTATION('',(#10984),#10988);
#10984 = LINE('',#10985,#10986);
#10985 = CARTESIAN_POINT('',(-0.806356781329,0.335845915885));
#10986 = VECTOR('',#10987,1.);
#10987 = DIRECTION('',(1.,-3.695353041541E-32));
#10988 = ( GEOMETRIC_REPRESENTATION_CONTEXT(2) 
PARAMETRIC_REPRESENTATION_CONTEXT() REPRESENTATION_CONTEXT('2D SPACE',''
  ) );
#10989 = ORIENTED_EDGE('',*,*,#10990,.T.);
#10990 = EDGE_CURVE('',#10968,#10991,#10993,.T.);
#10991 = VERTEX_POINT('',#10992);
#10992 = CARTESIAN_POINT('',(27.747542858124,236.88053520185,-149.4));
#10993 = SURFACE_CURVE('',#10994,(#10998,#11005),.PCURVE_S1.);
#10994 = LINE('',#10995,#10996);
#10995 = CARTESIAN_POINT('',(28.239062786102,235.69390113813,-149.4));
#10996 = VECTOR('',#10997,1.);
#10997 = DIRECTION('',(-0.382683435828,0.923879531077,0.));
#10998 = PCURVE('',#8391,#10999);
#10999 = DEFINITIONAL_REPRESENTATION('',(#11000),#11004);
#11000 = LINE('',#11001,#11002);
#11001 = CARTESIAN_POINT('',(19.185166052707,2.460054389424));
#11002 = VECTOR('',#11003,1.);
#11003 = DIRECTION('',(0.382683435828,-0.923879531077));
#11004 = ( GEOMETRIC_REPRESENTATION_CONTEXT(2) 
PARAMETRIC_REPRESENTATION_CONTEXT() REPRESENTATION_CONTEXT('2D SPACE',''
  ) );
#11005 = PCURVE('',#9635,#11006);
#11006 = DEFINITIONAL_REPRESENTATION('',(#11007),#11011);
#11007 = LINE('',#11008,#11009);
#11008 = CARTESIAN_POINT('',(-0.806355710532,0.335846018052));
#11009 = VECTOR('',#11010,1.);
#11010 = DIRECTION('',(1.,0.));
#11011 = ( GEOMETRIC_REPRESENTATION_CONTEXT(2) 
PARAMETRIC_REPRESENTATION_CONTEXT() REPRESENTATION_CONTEXT('2D SPACE',''
  ) );
#11012 = ORIENTED_EDGE('',*,*,#11013,.T.);
#11013 = EDGE_CURVE('',#10991,#11014,#11016,.T.);
#11014 = VERTEX_POINT('',#11015);
#11015 = CARTESIAN_POINT('',(27.579894542694,238.15395362836,-149.4));
#11016 = SURFACE_CURVE('',#11017,(#11021,#11028),.PCURVE_S1.);
#11017 = LINE('',#11018,#11019);
#11018 = CARTESIAN_POINT('',(27.747542858124,236.88053520185,-149.4));
#11019 = VECTOR('',#11020,1.);
#11020 = DIRECTION('',(-0.130525885413,0.991444901766,0.));
#11021 = PCURVE('',#8391,#11022);
#11022 = DEFINITIONAL_REPRESENTATION('',(#11023),#11027);
#11023 = LINE('',#11024,#11025);
#11024 = CARTESIAN_POINT('',(19.676685980685,1.273420325704));
#11025 = VECTOR('',#11026,1.);
#11026 = DIRECTION('',(0.130525885413,-0.991444901766));
#11027 = ( GEOMETRIC_REPRESENTATION_CONTEXT(2) 
PARAMETRIC_REPRESENTATION_CONTEXT() REPRESENTATION_CONTEXT('2D SPACE',''
  ) );
#11028 = PCURVE('',#9607,#11029);
#11029 = DEFINITIONAL_REPRESENTATION('',(#11030),#11034);
#11030 = LINE('',#11031,#11032);
#11031 = CARTESIAN_POINT('',(-0.806357476211,0.335845849585));
#11032 = VECTOR('',#11033,1.);
#11033 = DIRECTION('',(1.,0.));
#11034 = ( GEOMETRIC_REPRESENTATION_CONTEXT(2) 
PARAMETRIC_REPRESENTATION_CONTEXT() REPRESENTATION_CONTEXT('2D SPACE',''
  ) );
#11035 = ORIENTED_EDGE('',*,*,#11036,.T.);
#11036 = EDGE_CURVE('',#11014,#11037,#11039,.T.);
#11037 = VERTEX_POINT('',#11038);
#11038 = CARTESIAN_POINT('',(27.747542858124,239.42737205488,-149.4));
#11039 = SURFACE_CURVE('',#11040,(#11044,#11051),.PCURVE_S1.);
#11040 = LINE('',#11041,#11042);
#11041 = CARTESIAN_POINT('',(27.579894542694,238.15395362836,-149.4));
#11042 = VECTOR('',#11043,1.);
#11043 = DIRECTION('',(0.130525885413,0.991444901766,0.));
#11044 = PCURVE('',#8391,#11045);
#11045 = DEFINITIONAL_REPRESENTATION('',(#11046),#11050);
#11046 = LINE('',#11047,#11048);
#11047 = CARTESIAN_POINT('',(19.844334296115,1.89918984249E-06));
#11048 = VECTOR('',#11049,1.);
#11049 = DIRECTION('',(-0.130525885413,-0.991444901766));
#11050 = ( GEOMETRIC_REPRESENTATION_CONTEXT(2) 
PARAMETRIC_REPRESENTATION_CONTEXT() REPRESENTATION_CONTEXT('2D SPACE',''
  ) );
#11051 = PCURVE('',#9579,#11052);
#11052 = DEFINITIONAL_REPRESENTATION('',(#11053),#11057);
#11053 = LINE('',#11054,#11055);
#11054 = CARTESIAN_POINT('',(-0.806357476211,0.335845849585));
#11055 = VECTOR('',#11056,1.);
#11056 = DIRECTION('',(1.,0.));
#11057 = ( GEOMETRIC_REPRESENTATION_CONTEXT(2) 
PARAMETRIC_REPRESENTATION_CONTEXT() REPRESENTATION_CONTEXT('2D SPACE',''
  ) );
#11058 = ORIENTED_EDGE('',*,*,#11059,.T.);
#11059 = EDGE_CURVE('',#11037,#11060,#11062,.T.);
#11060 = VERTEX_POINT('',#11061);
#11061 = CARTESIAN_POINT('',(28.239062786102,240.6140061186,-149.4));
#11062 = SURFACE_CURVE('',#11063,(#11067,#11074),.PCURVE_S1.);
#11063 = LINE('',#11064,#11065);
#11064 = CARTESIAN_POINT('',(27.747542858124,239.42737205488,-149.4));
#11065 = VECTOR('',#11066,1.);
#11066 = DIRECTION('',(0.382683435828,0.923879531077,0.));
#11067 = PCURVE('',#8391,#11068);
#11068 = DEFINITIONAL_REPRESENTATION('',(#11069),#11073);
#11069 = LINE('',#11070,#11071);
#11070 = CARTESIAN_POINT('',(19.676685980685,-1.273416527324));
#11071 = VECTOR('',#11072,1.);
#11072 = DIRECTION('',(-0.382683435828,-0.923879531077));
#11073 = ( GEOMETRIC_REPRESENTATION_CONTEXT(2) 
PARAMETRIC_REPRESENTATION_CONTEXT() REPRESENTATION_CONTEXT('2D SPACE',''
  ) );
#11074 = PCURVE('',#9551,#11075);
#11075 = DEFINITIONAL_REPRESENTATION('',(#11076),#11080);
#11076 = LINE('',#11077,#11078);
#11077 = CARTESIAN_POINT('',(-0.806355710532,0.335846018052));
#11078 = VECTOR('',#11079,1.);
#11079 = DIRECTION('',(1.,0.));
#11080 = ( GEOMETRIC_REPRESENTATION_CONTEXT(2) 
PARAMETRIC_REPRESENTATION_CONTEXT() REPRESENTATION_CONTEXT('2D SPACE',''
  ) );
#11081 = ORIENTED_EDGE('',*,*,#11082,.T.);
#11082 = EDGE_CURVE('',#11060,#11083,#11085,.T.);
#11083 = VERTEX_POINT('',#11084);
#11084 = CARTESIAN_POINT('',(29.020961284637,241.63299568159,-149.4));
#11085 = SURFACE_CURVE('',#11086,(#11090,#11097),.PCURVE_S1.);
#11086 = LINE('',#11087,#11088);
#11087 = CARTESIAN_POINT('',(28.239062786102,240.6140061186,-149.4));
#11088 = VECTOR('',#11089,1.);
#11089 = DIRECTION('',(0.608761579149,0.793353225084,0.));
#11090 = PCURVE('',#8391,#11091);
#11091 = DEFINITIONAL_REPRESENTATION('',(#11092),#11096);
#11092 = LINE('',#11093,#11094);
#11093 = CARTESIAN_POINT('',(19.185166052707,-2.460050591045));
#11094 = VECTOR('',#11095,1.);
#11095 = DIRECTION('',(-0.608761579149,-0.793353225084));
#11096 = ( GEOMETRIC_REPRESENTATION_CONTEXT(2) 
PARAMETRIC_REPRESENTATION_CONTEXT() REPRESENTATION_CONTEXT('2D SPACE',''
  ) );
#11097 = PCURVE('',#9523,#11098);
#11098 = DEFINITIONAL_REPRESENTATION('',(#11099),#11103);
#11099 = LINE('',#11100,#11101);
#11100 = CARTESIAN_POINT('',(-0.806358454134,0.335845756279));
#11101 = VECTOR('',#11102,1.);
#11102 = DIRECTION('',(1.,-2.872002675353E-32));
#11103 = ( GEOMETRIC_REPRESENTATION_CONTEXT(2) 
PARAMETRIC_REPRESENTATION_CONTEXT() REPRESENTATION_CONTEXT('2D SPACE',''
  ) );
#11104 = ORIENTED_EDGE('',*,*,#11105,.T.);
#11105 = EDGE_CURVE('',#11083,#11106,#11108,.T.);
#11106 = VERTEX_POINT('',#11107);
#11107 = CARTESIAN_POINT('',(30.039947032928,242.41489036542,-149.4));
#11108 = SURFACE_CURVE('',#11109,(#11113,#11120),.PCURVE_S1.);
#11109 = LINE('',#11110,#11111);
#11110 = CARTESIAN_POINT('',(29.020961284637,241.63299568159,-149.4));
#11111 = VECTOR('',#11112,1.);
#11112 = DIRECTION('',(0.793353558832,0.608761144201,0.));
#11113 = PCURVE('',#8391,#11114);
#11114 = DEFINITIONAL_REPRESENTATION('',(#11115),#11119);
#11115 = LINE('',#11116,#11117);
#11116 = CARTESIAN_POINT('',(18.403267554172,-3.479040154033));
#11117 = VECTOR('',#11118,1.);
#11118 = DIRECTION('',(-0.793353558832,-0.608761144201));
#11119 = ( GEOMETRIC_REPRESENTATION_CONTEXT(2) 
PARAMETRIC_REPRESENTATION_CONTEXT() REPRESENTATION_CONTEXT('2D SPACE',''
  ) );
#11120 = PCURVE('',#9495,#11121);
#11121 = DEFINITIONAL_REPRESENTATION('',(#11122),#11126);
#11122 = LINE('',#11123,#11124);
#11123 = CARTESIAN_POINT('',(0.806355497737,-0.664153961645));
#11124 = VECTOR('',#11125,1.);
#11125 = DIRECTION('',(-1.,-2.462757242765E-32));
#11126 = ( GEOMETRIC_REPRESENTATION_CONTEXT(2) 
PARAMETRIC_REPRESENTATION_CONTEXT() REPRESENTATION_CONTEXT('2D SPACE',''
  ) );
#11127 = ORIENTED_EDGE('',*,*,#11128,.T.);
#11128 = EDGE_CURVE('',#11106,#11129,#11131,.T.);
#11129 = VERTEX_POINT('',#11130);
#11130 = CARTESIAN_POINT('',(31.226584911346,242.9064102934,-149.4));
#11131 = SURFACE_CURVE('',#11132,(#11136,#11143),.PCURVE_S1.);
#11132 = LINE('',#11133,#11134);
#11133 = CARTESIAN_POINT('',(30.039947032928,242.41489036542,-149.4));
#11134 = VECTOR('',#11135,1.);
#11135 = DIRECTION('',(0.923879966024,0.382682385772,0.));
#11136 = PCURVE('',#8391,#11137);
#11137 = DEFINITIONAL_REPRESENTATION('',(#11138),#11142);
#11138 = LINE('',#11139,#11140);
#11139 = CARTESIAN_POINT('',(17.38428180588,-4.260934837871));
#11140 = VECTOR('',#11141,1.);
#11141 = DIRECTION('',(-0.923879966024,-0.382682385772));
#11142 = ( GEOMETRIC_REPRESENTATION_CONTEXT(2) 
PARAMETRIC_REPRESENTATION_CONTEXT() REPRESENTATION_CONTEXT('2D SPACE',''
  ) );
#11143 = PCURVE('',#9467,#11144);
#11144 = DEFINITIONAL_REPRESENTATION('',(#11145),#11149);
#11145 = LINE('',#11146,#11147);
#11146 = CARTESIAN_POINT('',(0.806357658558,-0.664154167813));
#11147 = VECTOR('',#11148,1.);
#11148 = DIRECTION('',(-1.,0.));
#11149 = ( GEOMETRIC_REPRESENTATION_CONTEXT(2) 
PARAMETRIC_REPRESENTATION_CONTEXT() REPRESENTATION_CONTEXT('2D SPACE',''
  ) );
#11150 = ORIENTED_EDGE('',*,*,#11151,.T.);
#11151 = EDGE_CURVE('',#11129,#11152,#11154,.T.);
#11152 = VERTEX_POINT('',#11153);
#11153 = CARTESIAN_POINT('',(32.499999523163,243.07405860883,-149.4));
#11154 = SURFACE_CURVE('',#11155,(#11159,#11166),.PCURVE_S1.);
#11155 = LINE('',#11156,#11157);
#11156 = CARTESIAN_POINT('',(31.226584911346,242.9064102934,-149.4));
#11157 = VECTOR('',#11158,1.);
#11158 = DIRECTION('',(0.991444851165,0.130526269761,0.));
#11159 = PCURVE('',#8391,#11160);
#11160 = DEFINITIONAL_REPRESENTATION('',(#11161),#11165);
#11161 = LINE('',#11162,#11163);
#11162 = CARTESIAN_POINT('',(16.197643927463,-4.752454765849));
#11163 = VECTOR('',#11164,1.);
#11164 = DIRECTION('',(-0.991444851165,-0.130526269761));
#11165 = ( GEOMETRIC_REPRESENTATION_CONTEXT(2) 
PARAMETRIC_REPRESENTATION_CONTEXT() REPRESENTATION_CONTEXT('2D SPACE',''
  ) );
#11166 = PCURVE('',#9439,#11167);
#11167 = DEFINITIONAL_REPRESENTATION('',(#11168),#11172);
#11168 = LINE('',#11169,#11170);
#11169 = CARTESIAN_POINT('',(0.806355385722,-0.664153950958));
#11170 = VECTOR('',#11171,1.);
#11171 = DIRECTION('',(-1.,0.));
#11172 = ( GEOMETRIC_REPRESENTATION_CONTEXT(2) 
PARAMETRIC_REPRESENTATION_CONTEXT() REPRESENTATION_CONTEXT('2D SPACE',''
  ) );
#11173 = ORIENTED_EDGE('',*,*,#11174,.T.);
#11174 = EDGE_CURVE('',#11152,#11175,#11177,.T.);
#11175 = VERTEX_POINT('',#11176);
#11176 = CARTESIAN_POINT('',(33.773417949677,242.9064102934,-149.4));
#11177 = SURFACE_CURVE('',#11178,(#11182,#11189),.PCURVE_S1.);
#11178 = LINE('',#11179,#11180);
#11179 = CARTESIAN_POINT('',(32.499999523163,243.07405860883,-149.4));
#11180 = VECTOR('',#11181,1.);
#11181 = DIRECTION('',(0.991444901766,-0.130525885413,0.));
#11182 = PCURVE('',#8391,#11183);
#11183 = DEFINITIONAL_REPRESENTATION('',(#11184),#11188);
#11184 = LINE('',#11185,#11186);
#11185 = CARTESIAN_POINT('',(14.924229315646,-4.920103081279));
#11186 = VECTOR('',#11187,1.);
#11187 = DIRECTION('',(-0.991444901766,0.130525885413));
#11188 = ( GEOMETRIC_REPRESENTATION_CONTEXT(2) 
PARAMETRIC_REPRESENTATION_CONTEXT() REPRESENTATION_CONTEXT('2D SPACE',''
  ) );
#11189 = PCURVE('',#9411,#11190);
#11190 = DEFINITIONAL_REPRESENTATION('',(#11191),#11195);
#11191 = LINE('',#11192,#11193);
#11192 = CARTESIAN_POINT('',(0.806357476211,-0.664154150415));
#11193 = VECTOR('',#11194,1.);
#11194 = DIRECTION('',(-1.,-0.));
#11195 = ( GEOMETRIC_REPRESENTATION_CONTEXT(2) 
PARAMETRIC_REPRESENTATION_CONTEXT() REPRESENTATION_CONTEXT('2D SPACE',''
  ) );
#11196 = ORIENTED_EDGE('',*,*,#11197,.T.);
#11197 = EDGE_CURVE('',#11175,#8431,#11198,.T.);
#11198 = SURFACE_CURVE('',#11199,(#11203,#11210),.PCURVE_S1.);
#11199 = LINE('',#11200,#11201);
#11200 = CARTESIAN_POINT('',(33.773417949677,242.9064102934,-149.4));
#11201 = VECTOR('',#11202,1.);
#11202 = DIRECTION('',(0.923879531077,-0.382683435828,0.));
#11203 = PCURVE('',#8391,#11204);
#11204 = DEFINITIONAL_REPRESENTATION('',(#11205),#11209);
#11205 = LINE('',#11206,#11207);
#11206 = CARTESIAN_POINT('',(13.650810889132,-4.752454765849));
#11207 = VECTOR('',#11208,1.);
#11208 = DIRECTION('',(-0.923879531077,0.382683435828));
#11209 = ( GEOMETRIC_REPRESENTATION_CONTEXT(2) 
PARAMETRIC_REPRESENTATION_CONTEXT() REPRESENTATION_CONTEXT('2D SPACE',''
  ) );
#11210 = PCURVE('',#8467,#11211);
#11211 = DEFINITIONAL_REPRESENTATION('',(#11212),#11216);
#11212 = LINE('',#11213,#11214);
#11213 = CARTESIAN_POINT('',(0.806355710532,-0.664153981948));
#11214 = VECTOR('',#11215,1.);
#11215 = DIRECTION('',(-1.,-0.));
#11216 = ( GEOMETRIC_REPRESENTATION_CONTEXT(2) 
PARAMETRIC_REPRESENTATION_CONTEXT() REPRESENTATION_CONTEXT('2D SPACE',''
  ) );
#11217 = ORIENTED_EDGE('',*,*,#8430,.T.);
#11218 = ORIENTED_EDGE('',*,*,#8377,.T.);
#11219 = ORIENTED_EDGE('',*,*,#10039,.T.);
#11220 = ADVANCED_FACE('',(#11221),#8467,.T.);
#11221 = FACE_BOUND('',#11222,.T.);
#11222 = EDGE_LOOP('',(#11223,#11224,#11225,#11226));
#11223 = ORIENTED_EDGE('',*,*,#9372,.T.);
#11224 = ORIENTED_EDGE('',*,*,#8453,.F.);
#11225 = ORIENTED_EDGE('',*,*,#11197,.F.);
#11226 = ORIENTED_EDGE('',*,*,#11227,.T.);
#11227 = EDGE_CURVE('',#11175,#9373,#11228,.T.);
#11228 = SURFACE_CURVE('',#11229,(#11233,#11240),.PCURVE_S1.);
#11229 = LINE('',#11230,#11231);
#11230 = CARTESIAN_POINT('',(33.773417949677,242.9064102934,-149.4));
#11231 = VECTOR('',#11232,1.);
#11232 = DIRECTION('',(-0.,0.,-1.));
#11233 = PCURVE('',#8467,#11234);
#11234 = DEFINITIONAL_REPRESENTATION('',(#11235),#11239);
#11235 = LINE('',#11236,#11237);
#11236 = CARTESIAN_POINT('',(0.806355710532,-0.664153981948));
#11237 = VECTOR('',#11238,1.);
#11238 = DIRECTION('',(0.,1.));
#11239 = ( GEOMETRIC_REPRESENTATION_CONTEXT(2) 
PARAMETRIC_REPRESENTATION_CONTEXT() REPRESENTATION_CONTEXT('2D SPACE',''
  ) );
#11240 = PCURVE('',#9411,#11241);
#11241 = DEFINITIONAL_REPRESENTATION('',(#11242),#11246);
#11242 = LINE('',#11243,#11244);
#11243 = CARTESIAN_POINT('',(-0.47804917538,-0.664154150415));
#11244 = VECTOR('',#11245,1.);
#11245 = DIRECTION('',(0.,1.));
#11246 = ( GEOMETRIC_REPRESENTATION_CONTEXT(2) 
PARAMETRIC_REPRESENTATION_CONTEXT() REPRESENTATION_CONTEXT('2D SPACE',''
  ) );
#11247 = ADVANCED_FACE('',(#11248),#8500,.T.);
#11248 = FACE_BOUND('',#11249,.T.);
#11249 = EDGE_LOOP('',(#11250,#11251,#11274,#11302));
#11250 = ORIENTED_EDGE('',*,*,#8482,.T.);
#11251 = ORIENTED_EDGE('',*,*,#11252,.F.);
#11252 = EDGE_CURVE('',#11253,#8485,#11255,.T.);
#11253 = VERTEX_POINT('',#11254);
#11254 = CARTESIAN_POINT('',(37.119809627533,255.39531715375,
    -143.6399997711));
#11255 = SURFACE_CURVE('',#11256,(#11260,#11267),.PCURVE_S1.);
#11256 = LINE('',#11257,#11258);
#11257 = CARTESIAN_POINT('',(37.119809627533,255.39531715375,
    -143.6399997711));
#11258 = VECTOR('',#11259,1.);
#11259 = DIRECTION('',(-0.,0.,-1.));
#11260 = PCURVE('',#8500,#11261);
#11261 = DEFINITIONAL_REPRESENTATION('',(#11262),#11266);
#11262 = LINE('',#11263,#11264);
#11263 = CARTESIAN_POINT('',(-1.527510112332,-4.182326149546));
#11264 = VECTOR('',#11265,1.);
#11265 = DIRECTION('',(-0.,1.));
#11266 = ( GEOMETRIC_REPRESENTATION_CONTEXT(2) 
PARAMETRIC_REPRESENTATION_CONTEXT() REPRESENTATION_CONTEXT('2D SPACE',''
  ) );
#11267 = PCURVE('',#9277,#11268);
#11268 = DEFINITIONAL_REPRESENTATION('',(#11269),#11273);
#11269 = LINE('',#11270,#11271);
#11270 = CARTESIAN_POINT('',(3.132163234054,-4.182326336493));
#11271 = VECTOR('',#11272,1.);
#11272 = DIRECTION('',(-0.,1.));
#11273 = ( GEOMETRIC_REPRESENTATION_CONTEXT(2) 
PARAMETRIC_REPRESENTATION_CONTEXT() REPRESENTATION_CONTEXT('2D SPACE',''
  ) );
#11274 = ORIENTED_EDGE('',*,*,#11275,.T.);
#11275 = EDGE_CURVE('',#11253,#11276,#11278,.T.);
#11276 = VERTEX_POINT('',#11277);
#11277 = CARTESIAN_POINT('',(41.424785137177,253.61213691694,
    -143.6399997711));
#11278 = SURFACE_CURVE('',#11279,(#11283,#11290),.PCURVE_S1.);
#11279 = LINE('',#11280,#11281);
#11280 = CARTESIAN_POINT('',(37.119809627533,255.39531715375,
    -143.6399997711));
#11281 = VECTOR('',#11282,1.);
#11282 = DIRECTION('',(0.923879457013,-0.382683614635,0.));
#11283 = PCURVE('',#8500,#11284);
#11284 = DEFINITIONAL_REPRESENTATION('',(#11285),#11289);
#11285 = LINE('',#11286,#11287);
#11286 = CARTESIAN_POINT('',(-1.527510112332,-4.182326149546));
#11287 = VECTOR('',#11288,1.);
#11288 = DIRECTION('',(1.,-0.));
#11289 = ( GEOMETRIC_REPRESENTATION_CONTEXT(2) 
PARAMETRIC_REPRESENTATION_CONTEXT() REPRESENTATION_CONTEXT('2D SPACE',''
  ) );
#11290 = PCURVE('',#11291,#11296);
#11291 = PLANE('',#11292);
#11292 = AXIS2_PLACEMENT_3D('',#11293,#11294,#11295);
#11293 = CARTESIAN_POINT('',(49.894066753225,238.15395362836,
    -143.6399997711));
#11294 = DIRECTION('',(0.,0.,1.));
#11295 = DIRECTION('',(-1.,1.224646799147E-16,0.));
#11296 = DEFINITIONAL_REPRESENTATION('',(#11297),#11301);
#11297 = LINE('',#11298,#11299);
#11298 = CARTESIAN_POINT('',(12.774257125692,-17.24136352539));
#11299 = VECTOR('',#11300,1.);
#11300 = DIRECTION('',(-0.923879457013,0.382683614635));
#11301 = ( GEOMETRIC_REPRESENTATION_CONTEXT(2) 
PARAMETRIC_REPRESENTATION_CONTEXT() REPRESENTATION_CONTEXT('2D SPACE',''
  ) );
#11302 = ORIENTED_EDGE('',*,*,#11303,.T.);
#11303 = EDGE_CURVE('',#11276,#8483,#11304,.T.);
#11304 = SURFACE_CURVE('',#11305,(#11309,#11316),.PCURVE_S1.);
#11305 = LINE('',#11306,#11307);
#11306 = CARTESIAN_POINT('',(41.424785137177,253.61213691694,
    -143.6399997711));
#11307 = VECTOR('',#11308,1.);
#11308 = DIRECTION('',(-0.,0.,-1.));
#11309 = PCURVE('',#8500,#11310);
#11310 = DEFINITIONAL_REPRESENTATION('',(#11311),#11315);
#11311 = LINE('',#11312,#11313);
#11312 = CARTESIAN_POINT('',(3.132162182541,-4.182326149546));
#11313 = VECTOR('',#11314,1.);
#11314 = DIRECTION('',(-0.,1.));
#11315 = ( GEOMETRIC_REPRESENTATION_CONTEXT(2) 
PARAMETRIC_REPRESENTATION_CONTEXT() REPRESENTATION_CONTEXT('2D SPACE',''
  ) );
#11316 = PCURVE('',#8528,#11317);
#11317 = DEFINITIONAL_REPRESENTATION('',(#11318),#11322);
#11318 = LINE('',#11319,#11320);
#11319 = CARTESIAN_POINT('',(-1.527511211942,-4.182326452915));
#11320 = VECTOR('',#11321,1.);
#11321 = DIRECTION('',(-0.,1.));
#11322 = ( GEOMETRIC_REPRESENTATION_CONTEXT(2) 
PARAMETRIC_REPRESENTATION_CONTEXT() REPRESENTATION_CONTEXT('2D SPACE',''
  ) );
#11323 = ADVANCED_FACE('',(#11324),#8528,.T.);
#11324 = FACE_BOUND('',#11325,.T.);
#11325 = EDGE_LOOP('',(#11326,#11327,#11328,#11351));
#11326 = ORIENTED_EDGE('',*,*,#8512,.T.);
#11327 = ORIENTED_EDGE('',*,*,#11303,.F.);
#11328 = ORIENTED_EDGE('',*,*,#11329,.T.);
#11329 = EDGE_CURVE('',#11276,#11330,#11332,.T.);
#11330 = VERTEX_POINT('',#11331);
#11331 = CARTESIAN_POINT('',(45.121552944183,250.77550514204,
    -143.6399997711));
#11332 = SURFACE_CURVE('',#11333,(#11337,#11344),.PCURVE_S1.);
#11333 = LINE('',#11334,#11335);
#11334 = CARTESIAN_POINT('',(41.424785137177,253.61213691694,
    -143.6399997711));
#11335 = VECTOR('',#11336,1.);
#11336 = DIRECTION('',(0.793353125918,-0.608761708385,0.));
#11337 = PCURVE('',#8528,#11338);
#11338 = DEFINITIONAL_REPRESENTATION('',(#11339),#11343);
#11339 = LINE('',#11340,#11341);
#11340 = CARTESIAN_POINT('',(-1.527511211942,-4.182326452915));
#11341 = VECTOR('',#11342,1.);
#11342 = DIRECTION('',(1.,-0.));
#11343 = ( GEOMETRIC_REPRESENTATION_CONTEXT(2) 
PARAMETRIC_REPRESENTATION_CONTEXT() REPRESENTATION_CONTEXT('2D SPACE',''
  ) );
#11344 = PCURVE('',#11291,#11345);
#11345 = DEFINITIONAL_REPRESENTATION('',(#11346),#11350);
#11346 = LINE('',#11347,#11348);
#11347 = CARTESIAN_POINT('',(8.469281616048,-15.45818328857));
#11348 = VECTOR('',#11349,1.);
#11349 = DIRECTION('',(-0.793353125918,0.608761708385));
#11350 = ( GEOMETRIC_REPRESENTATION_CONTEXT(2) 
PARAMETRIC_REPRESENTATION_CONTEXT() REPRESENTATION_CONTEXT('2D SPACE',''
  ) );
#11351 = ORIENTED_EDGE('',*,*,#11352,.T.);
#11352 = EDGE_CURVE('',#11330,#8513,#11353,.T.);
#11353 = SURFACE_CURVE('',#11354,(#11358,#11365),.PCURVE_S1.);
#11354 = LINE('',#11355,#11356);
#11355 = CARTESIAN_POINT('',(45.121552944183,250.77550514204,
    -143.6399997711));
#11356 = VECTOR('',#11357,1.);
#11357 = DIRECTION('',(-0.,0.,-1.));
#11358 = PCURVE('',#8528,#11359);
#11359 = DEFINITIONAL_REPRESENTATION('',(#11360),#11364);
#11360 = LINE('',#11361,#11362);
#11361 = CARTESIAN_POINT('',(3.13216388889,-4.182326452915));
#11362 = VECTOR('',#11363,1.);
#11363 = DIRECTION('',(-0.,1.));
#11364 = ( GEOMETRIC_REPRESENTATION_CONTEXT(2) 
PARAMETRIC_REPRESENTATION_CONTEXT() REPRESENTATION_CONTEXT('2D SPACE',''
  ) );
#11365 = PCURVE('',#8556,#11366);
#11366 = DEFINITIONAL_REPRESENTATION('',(#11367),#11371);
#11367 = LINE('',#11368,#11369);
#11368 = CARTESIAN_POINT('',(1.527510163918,2.577674065104));
#11369 = VECTOR('',#11370,1.);
#11370 = DIRECTION('',(0.,-1.));
#11371 = ( GEOMETRIC_REPRESENTATION_CONTEXT(2) 
PARAMETRIC_REPRESENTATION_CONTEXT() REPRESENTATION_CONTEXT('2D SPACE',''
  ) );
#11372 = ADVANCED_FACE('',(#11373),#8556,.T.);
#11373 = FACE_BOUND('',#11374,.T.);
#11374 = EDGE_LOOP('',(#11375,#11376,#11399,#11420));
#11375 = ORIENTED_EDGE('',*,*,#11352,.F.);
#11376 = ORIENTED_EDGE('',*,*,#11377,.T.);
#11377 = EDGE_CURVE('',#11330,#11378,#11380,.T.);
#11378 = VERTEX_POINT('',#11379);
#11379 = CARTESIAN_POINT('',(47.958182811737,247.07873924238,
    -143.6399997711));
#11380 = SURFACE_CURVE('',#11381,(#11385,#11392),.PCURVE_S1.);
#11381 = LINE('',#11382,#11383);
#11382 = CARTESIAN_POINT('',(45.121552944183,250.77550514204,
    -143.6399997711));
#11383 = VECTOR('',#11384,1.);
#11384 = DIRECTION('',(0.60876164844,-0.793353171915,0.));
#11385 = PCURVE('',#8556,#11386);
#11386 = DEFINITIONAL_REPRESENTATION('',(#11387),#11391);
#11387 = LINE('',#11388,#11389);
#11388 = CARTESIAN_POINT('',(1.527510163918,2.577674065104));
#11389 = VECTOR('',#11390,1.);
#11390 = DIRECTION('',(-1.,0.));
#11391 = ( GEOMETRIC_REPRESENTATION_CONTEXT(2) 
PARAMETRIC_REPRESENTATION_CONTEXT() REPRESENTATION_CONTEXT('2D SPACE',''
  ) );
#11392 = PCURVE('',#11291,#11393);
#11393 = DEFINITIONAL_REPRESENTATION('',(#11394),#11398);
#11394 = LINE('',#11395,#11396);
#11395 = CARTESIAN_POINT('',(4.772513809042,-12.62155151367));
#11396 = VECTOR('',#11397,1.);
#11397 = DIRECTION('',(-0.60876164844,0.793353171915));
#11398 = ( GEOMETRIC_REPRESENTATION_CONTEXT(2) 
PARAMETRIC_REPRESENTATION_CONTEXT() REPRESENTATION_CONTEXT('2D SPACE',''
  ) );
#11399 = ORIENTED_EDGE('',*,*,#11400,.T.);
#11400 = EDGE_CURVE('',#11378,#8541,#11401,.T.);
#11401 = SURFACE_CURVE('',#11402,(#11406,#11413),.PCURVE_S1.);
#11402 = LINE('',#11403,#11404);
#11403 = CARTESIAN_POINT('',(47.958182811737,247.07873924238,
    -143.6399997711));
#11404 = VECTOR('',#11405,1.);
#11405 = DIRECTION('',(-0.,0.,-1.));
#11406 = PCURVE('',#8556,#11407);
#11407 = DEFINITIONAL_REPRESENTATION('',(#11408),#11412);
#11408 = LINE('',#11409,#11410);
#11409 = CARTESIAN_POINT('',(-3.132162262591,2.577674065104));
#11410 = VECTOR('',#11411,1.);
#11411 = DIRECTION('',(0.,-1.));
#11412 = ( GEOMETRIC_REPRESENTATION_CONTEXT(2) 
PARAMETRIC_REPRESENTATION_CONTEXT() REPRESENTATION_CONTEXT('2D SPACE',''
  ) );
#11413 = PCURVE('',#8584,#11414);
#11414 = DEFINITIONAL_REPRESENTATION('',(#11415),#11419);
#11415 = LINE('',#11416,#11417);
#11416 = CARTESIAN_POINT('',(1.527510516854,2.577673967733));
#11417 = VECTOR('',#11418,1.);
#11418 = DIRECTION('',(0.,-1.));
#11419 = ( GEOMETRIC_REPRESENTATION_CONTEXT(2) 
PARAMETRIC_REPRESENTATION_CONTEXT() REPRESENTATION_CONTEXT('2D SPACE',''
  ) );
#11420 = ORIENTED_EDGE('',*,*,#8540,.T.);
#11421 = ADVANCED_FACE('',(#11422),#8584,.T.);
#11422 = FACE_BOUND('',#11423,.T.);
#11423 = EDGE_LOOP('',(#11424,#11425,#11448,#11469));
#11424 = ORIENTED_EDGE('',*,*,#11400,.F.);
#11425 = ORIENTED_EDGE('',*,*,#11426,.T.);
#11426 = EDGE_CURVE('',#11378,#11427,#11429,.T.);
#11427 = VERTEX_POINT('',#11428);
#11428 = CARTESIAN_POINT('',(49.741361141205,242.77376182538,
    -143.6399997711));
#11429 = SURFACE_CURVE('',#11430,(#11434,#11441),.PCURVE_S1.);
#11430 = LINE('',#11431,#11432);
#11431 = CARTESIAN_POINT('',(47.958182811737,247.07873924238,
    -143.6399997711));
#11432 = VECTOR('',#11433,1.);
#11433 = DIRECTION('',(0.382683120529,-0.923879661678,0.));
#11434 = PCURVE('',#8584,#11435);
#11435 = DEFINITIONAL_REPRESENTATION('',(#11436),#11440);
#11436 = LINE('',#11437,#11438);
#11437 = CARTESIAN_POINT('',(1.527510516854,2.577673967733));
#11438 = VECTOR('',#11439,1.);
#11439 = DIRECTION('',(-1.,0.));
#11440 = ( GEOMETRIC_REPRESENTATION_CONTEXT(2) 
PARAMETRIC_REPRESENTATION_CONTEXT() REPRESENTATION_CONTEXT('2D SPACE',''
  ) );
#11441 = PCURVE('',#11291,#11442);
#11442 = DEFINITIONAL_REPRESENTATION('',(#11443),#11447);
#11443 = LINE('',#11444,#11445);
#11444 = CARTESIAN_POINT('',(1.935883941488,-8.924785614014));
#11445 = VECTOR('',#11446,1.);
#11446 = DIRECTION('',(-0.382683120529,0.923879661678));
#11447 = ( GEOMETRIC_REPRESENTATION_CONTEXT(2) 
PARAMETRIC_REPRESENTATION_CONTEXT() REPRESENTATION_CONTEXT('2D SPACE',''
  ) );
#11448 = ORIENTED_EDGE('',*,*,#11449,.T.);
#11449 = EDGE_CURVE('',#11427,#8569,#11450,.T.);
#11450 = SURFACE_CURVE('',#11451,(#11455,#11462),.PCURVE_S1.);
#11451 = LINE('',#11452,#11453);
#11452 = CARTESIAN_POINT('',(49.741361141205,242.77376182538,
    -143.6399997711));
#11453 = VECTOR('',#11454,1.);
#11454 = DIRECTION('',(-0.,0.,-1.));
#11455 = PCURVE('',#8584,#11456);
#11456 = DEFINITIONAL_REPRESENTATION('',(#11457),#11461);
#11457 = LINE('',#11458,#11459);
#11458 = CARTESIAN_POINT('',(-3.132162810269,2.577673967733));
#11459 = VECTOR('',#11460,1.);
#11460 = DIRECTION('',(0.,-1.));
#11461 = ( GEOMETRIC_REPRESENTATION_CONTEXT(2) 
PARAMETRIC_REPRESENTATION_CONTEXT() REPRESENTATION_CONTEXT('2D SPACE',''
  ) );
#11462 = PCURVE('',#8612,#11463);
#11463 = DEFINITIONAL_REPRESENTATION('',(#11464),#11468);
#11464 = LINE('',#11465,#11466);
#11465 = CARTESIAN_POINT('',(1.527510146449,2.577674069924));
#11466 = VECTOR('',#11467,1.);
#11467 = DIRECTION('',(0.,-1.));
#11468 = ( GEOMETRIC_REPRESENTATION_CONTEXT(2) 
PARAMETRIC_REPRESENTATION_CONTEXT() REPRESENTATION_CONTEXT('2D SPACE',''
  ) );
#11469 = ORIENTED_EDGE('',*,*,#8568,.T.);
#11470 = ADVANCED_FACE('',(#11471),#8612,.T.);
#11471 = FACE_BOUND('',#11472,.T.);
#11472 = EDGE_LOOP('',(#11473,#11474,#11497,#11518));
#11473 = ORIENTED_EDGE('',*,*,#11449,.F.);
#11474 = ORIENTED_EDGE('',*,*,#11475,.T.);
#11475 = EDGE_CURVE('',#11427,#11476,#11478,.T.);
#11476 = VERTEX_POINT('',#11477);
#11477 = CARTESIAN_POINT('',(50.34957075119,238.15395362836,
    -143.6399997711));
#11478 = SURFACE_CURVE('',#11479,(#11483,#11490),.PCURVE_S1.);
#11479 = LINE('',#11480,#11481);
#11480 = CARTESIAN_POINT('',(49.741361141205,242.77376182538,
    -143.6399997711));
#11481 = VECTOR('',#11482,1.);
#11482 = DIRECTION('',(0.130526260246,-0.991444852418,0.));
#11483 = PCURVE('',#8612,#11484);
#11484 = DEFINITIONAL_REPRESENTATION('',(#11485),#11489);
#11485 = LINE('',#11486,#11487);
#11486 = CARTESIAN_POINT('',(1.527510146449,2.577674069924));
#11487 = VECTOR('',#11488,1.);
#11488 = DIRECTION('',(-1.,0.));
#11489 = ( GEOMETRIC_REPRESENTATION_CONTEXT(2) 
PARAMETRIC_REPRESENTATION_CONTEXT() REPRESENTATION_CONTEXT('2D SPACE',''
  ) );
#11490 = PCURVE('',#11291,#11491);
#11491 = DEFINITIONAL_REPRESENTATION('',(#11492),#11496);
#11492 = LINE('',#11493,#11494);
#11493 = CARTESIAN_POINT('',(0.15270561202,-4.619808197021));
#11494 = VECTOR('',#11495,1.);
#11495 = DIRECTION('',(-0.130526260246,0.991444852418));
#11496 = ( GEOMETRIC_REPRESENTATION_CONTEXT(2) 
PARAMETRIC_REPRESENTATION_CONTEXT() REPRESENTATION_CONTEXT('2D SPACE',''
  ) );
#11497 = ORIENTED_EDGE('',*,*,#11498,.T.);
#11498 = EDGE_CURVE('',#11476,#8597,#11499,.T.);
#11499 = SURFACE_CURVE('',#11500,(#11504,#11511),.PCURVE_S1.);
#11500 = LINE('',#11501,#11502);
#11501 = CARTESIAN_POINT('',(50.34957075119,238.15395362836,
    -143.6399997711));
#11502 = VECTOR('',#11503,1.);
#11503 = DIRECTION('',(-0.,0.,-1.));
#11504 = PCURVE('',#8612,#11505);
#11505 = DEFINITIONAL_REPRESENTATION('',(#11506),#11510);
#11506 = LINE('',#11507,#11508);
#11507 = CARTESIAN_POINT('',(-3.132162235483,2.577674069924));
#11508 = VECTOR('',#11509,1.);
#11509 = DIRECTION('',(0.,-1.));
#11510 = ( GEOMETRIC_REPRESENTATION_CONTEXT(2) 
PARAMETRIC_REPRESENTATION_CONTEXT() REPRESENTATION_CONTEXT('2D SPACE',''
  ) );
#11511 = PCURVE('',#8640,#11512);
#11512 = DEFINITIONAL_REPRESENTATION('',(#11513),#11517);
#11513 = LINE('',#11514,#11515);
#11514 = CARTESIAN_POINT('',(1.527510146449,2.577674069924));
#11515 = VECTOR('',#11516,1.);
#11516 = DIRECTION('',(0.,-1.));
#11517 = ( GEOMETRIC_REPRESENTATION_CONTEXT(2) 
PARAMETRIC_REPRESENTATION_CONTEXT() REPRESENTATION_CONTEXT('2D SPACE',''
  ) );
#11518 = ORIENTED_EDGE('',*,*,#8596,.T.);
#11519 = ADVANCED_FACE('',(#11520),#8640,.T.);
#11520 = FACE_BOUND('',#11521,.T.);
#11521 = EDGE_LOOP('',(#11522,#11523,#11546,#11567));
#11522 = ORIENTED_EDGE('',*,*,#11498,.F.);
#11523 = ORIENTED_EDGE('',*,*,#11524,.T.);
#11524 = EDGE_CURVE('',#11476,#11525,#11527,.T.);
#11525 = VERTEX_POINT('',#11526);
#11526 = CARTESIAN_POINT('',(49.741361141205,233.53414543134,
    -143.6399997711));
#11527 = SURFACE_CURVE('',#11528,(#11532,#11539),.PCURVE_S1.);
#11528 = LINE('',#11529,#11530);
#11529 = CARTESIAN_POINT('',(50.34957075119,238.15395362836,
    -143.6399997711));
#11530 = VECTOR('',#11531,1.);
#11531 = DIRECTION('',(-0.130526260246,-0.991444852418,0.));
#11532 = PCURVE('',#8640,#11533);
#11533 = DEFINITIONAL_REPRESENTATION('',(#11534),#11538);
#11534 = LINE('',#11535,#11536);
#11535 = CARTESIAN_POINT('',(1.527510146449,2.577674069924));
#11536 = VECTOR('',#11537,1.);
#11537 = DIRECTION('',(-1.,0.));
#11538 = ( GEOMETRIC_REPRESENTATION_CONTEXT(2) 
PARAMETRIC_REPRESENTATION_CONTEXT() REPRESENTATION_CONTEXT('2D SPACE',''
  ) );
#11539 = PCURVE('',#11291,#11540);
#11540 = DEFINITIONAL_REPRESENTATION('',(#11541),#11545);
#11541 = LINE('',#11542,#11543);
#11542 = CARTESIAN_POINT('',(-0.455503997965,-5.57831513107E-17));
#11543 = VECTOR('',#11544,1.);
#11544 = DIRECTION('',(0.130526260246,0.991444852418));
#11545 = ( GEOMETRIC_REPRESENTATION_CONTEXT(2) 
PARAMETRIC_REPRESENTATION_CONTEXT() REPRESENTATION_CONTEXT('2D SPACE',''
  ) );
#11546 = ORIENTED_EDGE('',*,*,#11547,.T.);
#11547 = EDGE_CURVE('',#11525,#8625,#11548,.T.);
#11548 = SURFACE_CURVE('',#11549,(#11553,#11560),.PCURVE_S1.);
#11549 = LINE('',#11550,#11551);
#11550 = CARTESIAN_POINT('',(49.741361141205,233.53414543134,
    -143.6399997711));
#11551 = VECTOR('',#11552,1.);
#11552 = DIRECTION('',(-0.,0.,-1.));
#11553 = PCURVE('',#8640,#11554);
#11554 = DEFINITIONAL_REPRESENTATION('',(#11555),#11559);
#11555 = LINE('',#11556,#11557);
#11556 = CARTESIAN_POINT('',(-3.132162235483,2.577674069924));
#11557 = VECTOR('',#11558,1.);
#11558 = DIRECTION('',(0.,-1.));
#11559 = ( GEOMETRIC_REPRESENTATION_CONTEXT(2) 
PARAMETRIC_REPRESENTATION_CONTEXT() REPRESENTATION_CONTEXT('2D SPACE',''
  ) );
#11560 = PCURVE('',#8668,#11561);
#11561 = DEFINITIONAL_REPRESENTATION('',(#11562),#11566);
#11562 = LINE('',#11563,#11564);
#11563 = CARTESIAN_POINT('',(1.527510516854,2.577673967733));
#11564 = VECTOR('',#11565,1.);
#11565 = DIRECTION('',(0.,-1.));
#11566 = ( GEOMETRIC_REPRESENTATION_CONTEXT(2) 
PARAMETRIC_REPRESENTATION_CONTEXT() REPRESENTATION_CONTEXT('2D SPACE',''
  ) );
#11567 = ORIENTED_EDGE('',*,*,#8624,.T.);
#11568 = ADVANCED_FACE('',(#11569),#8668,.T.);
#11569 = FACE_BOUND('',#11570,.T.);
#11570 = EDGE_LOOP('',(#11571,#11572,#11595,#11616));
#11571 = ORIENTED_EDGE('',*,*,#11547,.F.);
#11572 = ORIENTED_EDGE('',*,*,#11573,.T.);
#11573 = EDGE_CURVE('',#11525,#11574,#11576,.T.);
#11574 = VERTEX_POINT('',#11575);
#11575 = CARTESIAN_POINT('',(47.958182811737,229.22916801435,
    -143.6399997711));
#11576 = SURFACE_CURVE('',#11577,(#11581,#11588),.PCURVE_S1.);
#11577 = LINE('',#11578,#11579);
#11578 = CARTESIAN_POINT('',(49.741361141205,233.53414543134,
    -143.6399997711));
#11579 = VECTOR('',#11580,1.);
#11580 = DIRECTION('',(-0.382683120529,-0.923879661678,0.));
#11581 = PCURVE('',#8668,#11582);
#11582 = DEFINITIONAL_REPRESENTATION('',(#11583),#11587);
#11583 = LINE('',#11584,#11585);
#11584 = CARTESIAN_POINT('',(1.527510516854,2.577673967733));
#11585 = VECTOR('',#11586,1.);
#11586 = DIRECTION('',(-1.,0.));
#11587 = ( GEOMETRIC_REPRESENTATION_CONTEXT(2) 
PARAMETRIC_REPRESENTATION_CONTEXT() REPRESENTATION_CONTEXT('2D SPACE',''
  ) );
#11588 = PCURVE('',#11291,#11589);
#11589 = DEFINITIONAL_REPRESENTATION('',(#11590),#11594);
#11590 = LINE('',#11591,#11592);
#11591 = CARTESIAN_POINT('',(0.15270561202,4.619808197021));
#11592 = VECTOR('',#11593,1.);
#11593 = DIRECTION('',(0.382683120529,0.923879661678));
#11594 = ( GEOMETRIC_REPRESENTATION_CONTEXT(2) 
PARAMETRIC_REPRESENTATION_CONTEXT() REPRESENTATION_CONTEXT('2D SPACE',''
  ) );
#11595 = ORIENTED_EDGE('',*,*,#11596,.T.);
#11596 = EDGE_CURVE('',#11574,#8653,#11597,.T.);
#11597 = SURFACE_CURVE('',#11598,(#11602,#11609),.PCURVE_S1.);
#11598 = LINE('',#11599,#11600);
#11599 = CARTESIAN_POINT('',(47.958182811737,229.22916801435,
    -143.6399997711));
#11600 = VECTOR('',#11601,1.);
#11601 = DIRECTION('',(-0.,0.,-1.));
#11602 = PCURVE('',#8668,#11603);
#11603 = DEFINITIONAL_REPRESENTATION('',(#11604),#11608);
#11604 = LINE('',#11605,#11606);
#11605 = CARTESIAN_POINT('',(-3.132162810269,2.577673967733));
#11606 = VECTOR('',#11607,1.);
#11607 = DIRECTION('',(0.,-1.));
#11608 = ( GEOMETRIC_REPRESENTATION_CONTEXT(2) 
PARAMETRIC_REPRESENTATION_CONTEXT() REPRESENTATION_CONTEXT('2D SPACE',''
  ) );
#11609 = PCURVE('',#8696,#11610);
#11610 = DEFINITIONAL_REPRESENTATION('',(#11611),#11615);
#11611 = LINE('',#11612,#11613);
#11612 = CARTESIAN_POINT('',(1.527510163918,2.577674065104));
#11613 = VECTOR('',#11614,1.);
#11614 = DIRECTION('',(0.,-1.));
#11615 = ( GEOMETRIC_REPRESENTATION_CONTEXT(2) 
PARAMETRIC_REPRESENTATION_CONTEXT() REPRESENTATION_CONTEXT('2D SPACE',''
  ) );
#11616 = ORIENTED_EDGE('',*,*,#8652,.T.);
#11617 = ADVANCED_FACE('',(#11618),#8696,.T.);
#11618 = FACE_BOUND('',#11619,.T.);
#11619 = EDGE_LOOP('',(#11620,#11621,#11644,#11665));
#11620 = ORIENTED_EDGE('',*,*,#11596,.F.);
#11621 = ORIENTED_EDGE('',*,*,#11622,.T.);
#11622 = EDGE_CURVE('',#11574,#11623,#11625,.T.);
#11623 = VERTEX_POINT('',#11624);
#11624 = CARTESIAN_POINT('',(45.121552944183,225.53240211469,
    -143.6399997711));
#11625 = SURFACE_CURVE('',#11626,(#11630,#11637),.PCURVE_S1.);
#11626 = LINE('',#11627,#11628);
#11627 = CARTESIAN_POINT('',(47.958182811737,229.22916801435,
    -143.6399997711));
#11628 = VECTOR('',#11629,1.);
#11629 = DIRECTION('',(-0.60876164844,-0.793353171915,0.));
#11630 = PCURVE('',#8696,#11631);
#11631 = DEFINITIONAL_REPRESENTATION('',(#11632),#11636);
#11632 = LINE('',#11633,#11634);
#11633 = CARTESIAN_POINT('',(1.527510163918,2.577674065104));
#11634 = VECTOR('',#11635,1.);
#11635 = DIRECTION('',(-1.,0.));
#11636 = ( GEOMETRIC_REPRESENTATION_CONTEXT(2) 
PARAMETRIC_REPRESENTATION_CONTEXT() REPRESENTATION_CONTEXT('2D SPACE',''
  ) );
#11637 = PCURVE('',#11291,#11638);
#11638 = DEFINITIONAL_REPRESENTATION('',(#11639),#11643);
#11639 = LINE('',#11640,#11641);
#11640 = CARTESIAN_POINT('',(1.935883941488,8.924785614014));
#11641 = VECTOR('',#11642,1.);
#11642 = DIRECTION('',(0.60876164844,0.793353171915));
#11643 = ( GEOMETRIC_REPRESENTATION_CONTEXT(2) 
PARAMETRIC_REPRESENTATION_CONTEXT() REPRESENTATION_CONTEXT('2D SPACE',''
  ) );
#11644 = ORIENTED_EDGE('',*,*,#11645,.T.);
#11645 = EDGE_CURVE('',#11623,#8681,#11646,.T.);
#11646 = SURFACE_CURVE('',#11647,(#11651,#11658),.PCURVE_S1.);
#11647 = LINE('',#11648,#11649);
#11648 = CARTESIAN_POINT('',(45.121552944183,225.53240211469,
    -143.6399997711));
#11649 = VECTOR('',#11650,1.);
#11650 = DIRECTION('',(-0.,0.,-1.));
#11651 = PCURVE('',#8696,#11652);
#11652 = DEFINITIONAL_REPRESENTATION('',(#11653),#11657);
#11653 = LINE('',#11654,#11655);
#11654 = CARTESIAN_POINT('',(-3.132162262591,2.577674065104));
#11655 = VECTOR('',#11656,1.);
#11656 = DIRECTION('',(0.,-1.));
#11657 = ( GEOMETRIC_REPRESENTATION_CONTEXT(2) 
PARAMETRIC_REPRESENTATION_CONTEXT() REPRESENTATION_CONTEXT('2D SPACE',''
  ) );
#11658 = PCURVE('',#8724,#11659);
#11659 = DEFINITIONAL_REPRESENTATION('',(#11660),#11664);
#11660 = LINE('',#11661,#11662);
#11661 = CARTESIAN_POINT('',(-1.527510301893,-4.182326201843));
#11662 = VECTOR('',#11663,1.);
#11663 = DIRECTION('',(-0.,1.));
#11664 = ( GEOMETRIC_REPRESENTATION_CONTEXT(2) 
PARAMETRIC_REPRESENTATION_CONTEXT() REPRESENTATION_CONTEXT('2D SPACE',''
  ) );
#11665 = ORIENTED_EDGE('',*,*,#8680,.T.);
#11666 = ADVANCED_FACE('',(#11667),#8724,.T.);
#11667 = FACE_BOUND('',#11668,.T.);
#11668 = EDGE_LOOP('',(#11669,#11670,#11671,#11694));
#11669 = ORIENTED_EDGE('',*,*,#8708,.T.);
#11670 = ORIENTED_EDGE('',*,*,#11645,.F.);
#11671 = ORIENTED_EDGE('',*,*,#11672,.T.);
#11672 = EDGE_CURVE('',#11623,#11673,#11675,.T.);
#11673 = VERTEX_POINT('',#11674);
#11674 = CARTESIAN_POINT('',(41.424785137177,222.69577415449,
    -143.6399997711));
#11675 = SURFACE_CURVE('',#11676,(#11680,#11687),.PCURVE_S1.);
#11676 = LINE('',#11677,#11678);
#11677 = CARTESIAN_POINT('',(45.121552944183,225.53240211469,
    -143.6399997711));
#11678 = VECTOR('',#11679,1.);
#11679 = DIRECTION('',(-0.793353521301,-0.608761193112,0.));
#11680 = PCURVE('',#8724,#11681);
#11681 = DEFINITIONAL_REPRESENTATION('',(#11682),#11686);
#11682 = LINE('',#11683,#11684);
#11683 = CARTESIAN_POINT('',(-1.527510301893,-4.182326201843));
#11684 = VECTOR('',#11685,1.);
#11685 = DIRECTION('',(1.,0.));
#11686 = ( GEOMETRIC_REPRESENTATION_CONTEXT(2) 
PARAMETRIC_REPRESENTATION_CONTEXT() REPRESENTATION_CONTEXT('2D SPACE',''
  ) );
#11687 = PCURVE('',#11291,#11688);
#11688 = DEFINITIONAL_REPRESENTATION('',(#11689),#11693);
#11689 = LINE('',#11690,#11691);
#11690 = CARTESIAN_POINT('',(4.772513809042,12.621551513672));
#11691 = VECTOR('',#11692,1.);
#11692 = DIRECTION('',(0.793353521301,0.608761193112));
#11693 = ( GEOMETRIC_REPRESENTATION_CONTEXT(2) 
PARAMETRIC_REPRESENTATION_CONTEXT() REPRESENTATION_CONTEXT('2D SPACE',''
  ) );
#11694 = ORIENTED_EDGE('',*,*,#11695,.T.);
#11695 = EDGE_CURVE('',#11673,#8709,#11696,.T.);
#11696 = SURFACE_CURVE('',#11697,(#11701,#11708),.PCURVE_S1.);
#11697 = LINE('',#11698,#11699);
#11698 = CARTESIAN_POINT('',(41.424785137177,222.69577415449,
    -143.6399997711));
#11699 = VECTOR('',#11700,1.);
#11700 = DIRECTION('',(-0.,0.,-1.));
#11701 = PCURVE('',#8724,#11702);
#11702 = DEFINITIONAL_REPRESENTATION('',(#11703),#11707);
#11703 = LINE('',#11704,#11705);
#11704 = CARTESIAN_POINT('',(3.132162476698,-4.182326201843));
#11705 = VECTOR('',#11706,1.);
#11706 = DIRECTION('',(-0.,1.));
#11707 = ( GEOMETRIC_REPRESENTATION_CONTEXT(2) 
PARAMETRIC_REPRESENTATION_CONTEXT() REPRESENTATION_CONTEXT('2D SPACE',''
  ) );
#11708 = PCURVE('',#8752,#11709);
#11709 = DEFINITIONAL_REPRESENTATION('',(#11710),#11714);
#11710 = LINE('',#11711,#11712);
#11711 = CARTESIAN_POINT('',(36.186337141742,1.765405980935));
#11712 = VECTOR('',#11713,1.);
#11713 = DIRECTION('',(0.,-1.));
#11714 = ( GEOMETRIC_REPRESENTATION_CONTEXT(2) 
PARAMETRIC_REPRESENTATION_CONTEXT() REPRESENTATION_CONTEXT('2D SPACE',''
  ) );
#11715 = ADVANCED_FACE('',(#11716),#8752,.T.);
#11716 = FACE_BOUND('',#11717,.T.);
#11717 = EDGE_LOOP('',(#11718,#11719,#11747,#11768));
#11718 = ORIENTED_EDGE('',*,*,#11695,.F.);
#11719 = ORIENTED_EDGE('',*,*,#11720,.T.);
#11720 = EDGE_CURVE('',#11673,#11721,#11723,.T.);
#11721 = VERTEX_POINT('',#11722);
#11722 = CARTESIAN_POINT('',(64.500000476837,150.70149620038,
    -139.6399997711));
#11723 = SURFACE_CURVE('',#11724,(#11728,#11735),.PCURVE_S1.);
#11724 = LINE('',#11725,#11726);
#11725 = CARTESIAN_POINT('',(41.424785137177,222.69577415449,
    -143.6399997711));
#11726 = VECTOR('',#11727,1.);
#11727 = DIRECTION('',(0.304793884379,-0.950951716276,5.283484984081E-02
    ));
#11728 = PCURVE('',#8752,#11729);
#11729 = DEFINITIONAL_REPRESENTATION('',(#11730),#11734);
#11730 = LINE('',#11731,#11732);
#11731 = CARTESIAN_POINT('',(36.186337141742,1.765405980935));
#11732 = VECTOR('',#11733,1.);
#11733 = DIRECTION('',(-0.998603263885,5.283484984081E-02));
#11734 = ( GEOMETRIC_REPRESENTATION_CONTEXT(2) 
PARAMETRIC_REPRESENTATION_CONTEXT() REPRESENTATION_CONTEXT('2D SPACE',''
  ) );
#11735 = PCURVE('',#11736,#11741);
#11736 = PLANE('',#11737);
#11737 = AXIS2_PLACEMENT_3D('',#11738,#11739,#11740);
#11738 = CARTESIAN_POINT('',(51.903544961183,185.84478756747,
    -141.550258893));
#11739 = DIRECTION('',(3.166100287895E-02,6.556033831979E-02,
    0.997346190115));
#11740 = DIRECTION('',(-1.222009455745E-16,-0.997846445682,
    6.559322251244E-02));
#11741 = DEFINITIONAL_REPRESENTATION('',(#11742),#11746);
#11742 = LINE('',#11743,#11744);
#11743 = CARTESIAN_POINT('',(-36.90869882414,-10.48401583039));
#11744 = VECTOR('',#11745,1.);
#11745 = DIRECTION('',(0.952369398163,0.304946764932));
#11746 = ( GEOMETRIC_REPRESENTATION_CONTEXT(2) 
PARAMETRIC_REPRESENTATION_CONTEXT() REPRESENTATION_CONTEXT('2D SPACE',''
  ) );
#11747 = ORIENTED_EDGE('',*,*,#11748,.F.);
#11748 = EDGE_CURVE('',#8737,#11721,#11749,.T.);
#11749 = SURFACE_CURVE('',#11750,(#11754,#11761),.PCURVE_S1.);
#11750 = LINE('',#11751,#11752);
#11751 = CARTESIAN_POINT('',(64.500000476837,150.70149620038,-150.4));
#11752 = VECTOR('',#11753,1.);
#11753 = DIRECTION('',(0.,0.,1.));
#11754 = PCURVE('',#8752,#11755);
#11755 = DEFINITIONAL_REPRESENTATION('',(#11756),#11760);
#11756 = LINE('',#11757,#11758);
#11757 = CARTESIAN_POINT('',(-39.41552540875,-4.994594247947));
#11758 = VECTOR('',#11759,1.);
#11759 = DIRECTION('',(0.,1.));
#11760 = ( GEOMETRIC_REPRESENTATION_CONTEXT(2) 
PARAMETRIC_REPRESENTATION_CONTEXT() REPRESENTATION_CONTEXT('2D SPACE',''
  ) );
#11761 = PCURVE('',#8780,#11762);
#11762 = DEFINITIONAL_REPRESENTATION('',(#11763),#11767);
#11763 = LINE('',#11764,#11765);
#11764 = CARTESIAN_POINT('',(9.684428895623,12.23253086695));
#11765 = VECTOR('',#11766,1.);
#11766 = DIRECTION('',(-1.,0.));
#11767 = ( GEOMETRIC_REPRESENTATION_CONTEXT(2) 
PARAMETRIC_REPRESENTATION_CONTEXT() REPRESENTATION_CONTEXT('2D SPACE',''
  ) );
#11768 = ORIENTED_EDGE('',*,*,#8736,.T.);
#11769 = ADVANCED_FACE('',(#11770),#8780,.T.);
#11770 = FACE_BOUND('',#11771,.T.);
#11771 = EDGE_LOOP('',(#11772,#11773,#11801,#11822));
#11772 = ORIENTED_EDGE('',*,*,#11748,.T.);
#11773 = ORIENTED_EDGE('',*,*,#11774,.T.);
#11774 = EDGE_CURVE('',#11721,#11775,#11777,.T.);
#11775 = VERTEX_POINT('',#11776);
#11776 = CARTESIAN_POINT('',(64.500000476837,119.387577133,
    -139.6399997711));
#11777 = SURFACE_CURVE('',#11778,(#11782,#11789),.PCURVE_S1.);
#11778 = LINE('',#11779,#11780);
#11779 = CARTESIAN_POINT('',(64.500000476837,150.70149620038,
    -139.6399997711));
#11780 = VECTOR('',#11781,1.);
#11781 = DIRECTION('',(0.,-1.,0.));
#11782 = PCURVE('',#8780,#11783);
#11783 = DEFINITIONAL_REPRESENTATION('',(#11784),#11788);
#11784 = LINE('',#11785,#11786);
#11785 = CARTESIAN_POINT('',(-1.075571333259,12.23253086695));
#11786 = VECTOR('',#11787,1.);
#11787 = DIRECTION('',(0.,-1.));
#11788 = ( GEOMETRIC_REPRESENTATION_CONTEXT(2) 
PARAMETRIC_REPRESENTATION_CONTEXT() REPRESENTATION_CONTEXT('2D SPACE',''
  ) );
#11789 = PCURVE('',#11790,#11795);
#11790 = PLANE('',#11791);
#11791 = AXIS2_PLACEMENT_3D('',#11792,#11793,#11794);
#11792 = CARTESIAN_POINT('',(63.991496803482,137.73111376434,
    -139.6399997711));
#11793 = DIRECTION('',(0.,0.,1.));
#11794 = DIRECTION('',(-1.,1.224646799147E-16,0.));
#11795 = DEFINITIONAL_REPRESENTATION('',(#11796),#11800);
#11796 = LINE('',#11797,#11798);
#11797 = CARTESIAN_POINT('',(-0.508503673355,-12.97038243605));
#11798 = VECTOR('',#11799,1.);
#11799 = DIRECTION('',(-1.224646799147E-16,1.));
#11800 = ( GEOMETRIC_REPRESENTATION_CONTEXT(2) 
PARAMETRIC_REPRESENTATION_CONTEXT() REPRESENTATION_CONTEXT('2D SPACE',''
  ) );
#11801 = ORIENTED_EDGE('',*,*,#11802,.F.);
#11802 = EDGE_CURVE('',#8765,#11775,#11803,.T.);
#11803 = SURFACE_CURVE('',#11804,(#11808,#11815),.PCURVE_S1.);
#11804 = LINE('',#11805,#11806);
#11805 = CARTESIAN_POINT('',(64.500000476837,119.387577133,-150.4));
#11806 = VECTOR('',#11807,1.);
#11807 = DIRECTION('',(0.,0.,1.));
#11808 = PCURVE('',#8780,#11809);
#11809 = DEFINITIONAL_REPRESENTATION('',(#11810),#11814);
#11810 = LINE('',#11811,#11812);
#11811 = CARTESIAN_POINT('',(9.684428895623,-19.08138820043));
#11812 = VECTOR('',#11813,1.);
#11813 = DIRECTION('',(-1.,0.));
#11814 = ( GEOMETRIC_REPRESENTATION_CONTEXT(2) 
PARAMETRIC_REPRESENTATION_CONTEXT() REPRESENTATION_CONTEXT('2D SPACE',''
  ) );
#11815 = PCURVE('',#8808,#11816);
#11816 = DEFINITIONAL_REPRESENTATION('',(#11817),#11821);
#11817 = LINE('',#11818,#11819);
#11818 = CARTESIAN_POINT('',(0.,64.000000953674));
#11819 = VECTOR('',#11820,1.);
#11820 = DIRECTION('',(1.,0.));
#11821 = ( GEOMETRIC_REPRESENTATION_CONTEXT(2) 
PARAMETRIC_REPRESENTATION_CONTEXT() REPRESENTATION_CONTEXT('2D SPACE',''
  ) );
#11822 = ORIENTED_EDGE('',*,*,#8764,.F.);
#11823 = ADVANCED_FACE('',(#11824),#8808,.F.);
#11824 = FACE_BOUND('',#11825,.F.);
#11825 = EDGE_LOOP('',(#11826,#11827,#11850,#11871,#11872,#11873,#11896,
    #11924));
#11826 = ORIENTED_EDGE('',*,*,#8904,.F.);
#11827 = ORIENTED_EDGE('',*,*,#11828,.T.);
#11828 = EDGE_CURVE('',#8905,#11829,#11831,.T.);
#11829 = VERTEX_POINT('',#11830);
#11830 = CARTESIAN_POINT('',(0.499999523163,119.387577133,
    -139.6399997711));
#11831 = SURFACE_CURVE('',#11832,(#11836,#11843),.PCURVE_S1.);
#11832 = LINE('',#11833,#11834);
#11833 = CARTESIAN_POINT('',(0.499999523163,119.387577133,-150.4));
#11834 = VECTOR('',#11835,1.);
#11835 = DIRECTION('',(0.,0.,1.));
#11836 = PCURVE('',#8808,#11837);
#11837 = DEFINITIONAL_REPRESENTATION('',(#11838),#11842);
#11838 = LINE('',#11839,#11840);
#11839 = CARTESIAN_POINT('',(0.,0.));
#11840 = VECTOR('',#11841,1.);
#11841 = DIRECTION('',(1.,0.));
#11842 = ( GEOMETRIC_REPRESENTATION_CONTEXT(2) 
PARAMETRIC_REPRESENTATION_CONTEXT() REPRESENTATION_CONTEXT('2D SPACE',''
  ) );
#11843 = PCURVE('',#8943,#11844);
#11844 = DEFINITIONAL_REPRESENTATION('',(#11845),#11849);
#11845 = LINE('',#11846,#11847);
#11846 = CARTESIAN_POINT('',(-1.903611002093,-19.63334864604));
#11847 = VECTOR('',#11848,1.);
#11848 = DIRECTION('',(1.,0.));
#11849 = ( GEOMETRIC_REPRESENTATION_CONTEXT(2) 
PARAMETRIC_REPRESENTATION_CONTEXT() REPRESENTATION_CONTEXT('2D SPACE',''
  ) );
#11850 = ORIENTED_EDGE('',*,*,#11851,.T.);
#11851 = EDGE_CURVE('',#11829,#11775,#11852,.T.);
#11852 = SURFACE_CURVE('',#11853,(#11857,#11864),.PCURVE_S1.);
#11853 = LINE('',#11854,#11855);
#11854 = CARTESIAN_POINT('',(0.499999523163,119.387577133,
    -139.6399997711));
#11855 = VECTOR('',#11856,1.);
#11856 = DIRECTION('',(1.,0.,0.));
#11857 = PCURVE('',#8808,#11858);
#11858 = DEFINITIONAL_REPRESENTATION('',(#11859),#11863);
#11859 = LINE('',#11860,#11861);
#11860 = CARTESIAN_POINT('',(10.760000228882,0.));
#11861 = VECTOR('',#11862,1.);
#11862 = DIRECTION('',(0.,1.));
#11863 = ( GEOMETRIC_REPRESENTATION_CONTEXT(2) 
PARAMETRIC_REPRESENTATION_CONTEXT() REPRESENTATION_CONTEXT('2D SPACE',''
  ) );
#11864 = PCURVE('',#11790,#11865);
#11865 = DEFINITIONAL_REPRESENTATION('',(#11866),#11870);
#11866 = LINE('',#11867,#11868);
#11867 = CARTESIAN_POINT('',(63.491497280319,18.343536631333));
#11868 = VECTOR('',#11869,1.);
#11869 = DIRECTION('',(-1.,-1.224646799147E-16));
#11870 = ( GEOMETRIC_REPRESENTATION_CONTEXT(2) 
PARAMETRIC_REPRESENTATION_CONTEXT() REPRESENTATION_CONTEXT('2D SPACE',''
  ) );
#11871 = ORIENTED_EDGE('',*,*,#11802,.F.);
#11872 = ORIENTED_EDGE('',*,*,#8792,.F.);
#11873 = ORIENTED_EDGE('',*,*,#11874,.T.);
#11874 = EDGE_CURVE('',#8793,#11875,#11877,.T.);
#11875 = VERTEX_POINT('',#11876);
#11876 = CARTESIAN_POINT('',(49.8,119.387577133,-140.4));
#11877 = SURFACE_CURVE('',#11878,(#11882,#11889),.PCURVE_S1.);
#11878 = LINE('',#11879,#11880);
#11879 = CARTESIAN_POINT('',(49.8,119.387577133,-150.4));
#11880 = VECTOR('',#11881,1.);
#11881 = DIRECTION('',(0.,0.,1.));
#11882 = PCURVE('',#8808,#11883);
#11883 = DEFINITIONAL_REPRESENTATION('',(#11884),#11888);
#11884 = LINE('',#11885,#11886);
#11885 = CARTESIAN_POINT('',(0.,49.300000476837));
#11886 = VECTOR('',#11887,1.);
#11887 = DIRECTION('',(1.,0.));
#11888 = ( GEOMETRIC_REPRESENTATION_CONTEXT(2) 
PARAMETRIC_REPRESENTATION_CONTEXT() REPRESENTATION_CONTEXT('2D SPACE',''
  ) );
#11889 = PCURVE('',#8836,#11890);
#11890 = DEFINITIONAL_REPRESENTATION('',(#11891),#11895);
#11891 = LINE('',#11892,#11893);
#11892 = CARTESIAN_POINT('',(0.,-13.07106781186));
#11893 = VECTOR('',#11894,1.);
#11894 = DIRECTION('',(1.,0.));
#11895 = ( GEOMETRIC_REPRESENTATION_CONTEXT(2) 
PARAMETRIC_REPRESENTATION_CONTEXT() REPRESENTATION_CONTEXT('2D SPACE',''
  ) );
#11896 = ORIENTED_EDGE('',*,*,#11897,.F.);
#11897 = EDGE_CURVE('',#11898,#11875,#11900,.T.);
#11898 = VERTEX_POINT('',#11899);
#11899 = CARTESIAN_POINT('',(15.2,119.387577133,-140.4));
#11900 = SURFACE_CURVE('',#11901,(#11905,#11912),.PCURVE_S1.);
#11901 = LINE('',#11902,#11903);
#11902 = CARTESIAN_POINT('',(15.2,119.387577133,-140.4));
#11903 = VECTOR('',#11904,1.);
#11904 = DIRECTION('',(1.,0.,0.));
#11905 = PCURVE('',#8808,#11906);
#11906 = DEFINITIONAL_REPRESENTATION('',(#11907),#11911);
#11907 = LINE('',#11908,#11909);
#11908 = CARTESIAN_POINT('',(10.,14.700000476837));
#11909 = VECTOR('',#11910,1.);
#11910 = DIRECTION('',(0.,1.));
#11911 = ( GEOMETRIC_REPRESENTATION_CONTEXT(2) 
PARAMETRIC_REPRESENTATION_CONTEXT() REPRESENTATION_CONTEXT('2D SPACE',''
  ) );
#11912 = PCURVE('',#11913,#11918);
#11913 = PLANE('',#11914);
#11914 = AXIS2_PLACEMENT_3D('',#11915,#11916,#11917);
#11915 = CARTESIAN_POINT('',(15.2,106.31650932114,-140.4));
#11916 = DIRECTION('',(0.,0.,1.));
#11917 = DIRECTION('',(1.,0.,0.));
#11918 = DEFINITIONAL_REPRESENTATION('',(#11919),#11923);
#11919 = LINE('',#11920,#11921);
#11920 = CARTESIAN_POINT('',(0.,13.071067811865));
#11921 = VECTOR('',#11922,1.);
#11922 = DIRECTION('',(1.,0.));
#11923 = ( GEOMETRIC_REPRESENTATION_CONTEXT(2) 
PARAMETRIC_REPRESENTATION_CONTEXT() REPRESENTATION_CONTEXT('2D SPACE',''
  ) );
#11924 = ORIENTED_EDGE('',*,*,#11925,.F.);
#11925 = EDGE_CURVE('',#8877,#11898,#11926,.T.);
#11926 = SURFACE_CURVE('',#11927,(#11931,#11938),.PCURVE_S1.);
#11927 = LINE('',#11928,#11929);
#11928 = CARTESIAN_POINT('',(15.2,119.387577133,-150.4));
#11929 = VECTOR('',#11930,1.);
#11930 = DIRECTION('',(0.,0.,1.));
#11931 = PCURVE('',#8808,#11932);
#11932 = DEFINITIONAL_REPRESENTATION('',(#11933),#11937);
#11933 = LINE('',#11934,#11935);
#11934 = CARTESIAN_POINT('',(0.,14.700000476837));
#11935 = VECTOR('',#11936,1.);
#11936 = DIRECTION('',(1.,0.));
#11937 = ( GEOMETRIC_REPRESENTATION_CONTEXT(2) 
PARAMETRIC_REPRESENTATION_CONTEXT() REPRESENTATION_CONTEXT('2D SPACE',''
  ) );
#11938 = PCURVE('',#8892,#11939);
#11939 = DEFINITIONAL_REPRESENTATION('',(#11940),#11944);
#11940 = LINE('',#11941,#11942);
#11941 = CARTESIAN_POINT('',(0.,-13.07106781186));
#11942 = VECTOR('',#11943,1.);
#11943 = DIRECTION('',(1.,0.));
#11944 = ( GEOMETRIC_REPRESENTATION_CONTEXT(2) 
PARAMETRIC_REPRESENTATION_CONTEXT() REPRESENTATION_CONTEXT('2D SPACE',''
  ) );
#11945 = ADVANCED_FACE('',(#11946,#11994),#8836,.T.);
#11946 = FACE_BOUND('',#11947,.T.);
#11947 = EDGE_LOOP('',(#11948,#11971,#11972,#11973));
#11948 = ORIENTED_EDGE('',*,*,#11949,.F.);
#11949 = EDGE_CURVE('',#8821,#11950,#11952,.T.);
#11950 = VERTEX_POINT('',#11951);
#11951 = CARTESIAN_POINT('',(49.8,106.31650932114,-140.4));
#11952 = SURFACE_CURVE('',#11953,(#11957,#11964),.PCURVE_S1.);
#11953 = LINE('',#11954,#11955);
#11954 = CARTESIAN_POINT('',(49.8,106.31650932114,-150.4));
#11955 = VECTOR('',#11956,1.);
#11956 = DIRECTION('',(0.,0.,1.));
#11957 = PCURVE('',#8836,#11958);
#11958 = DEFINITIONAL_REPRESENTATION('',(#11959),#11963);
#11959 = LINE('',#11960,#11961);
#11960 = CARTESIAN_POINT('',(0.,0.));
#11961 = VECTOR('',#11962,1.);
#11962 = DIRECTION('',(1.,0.));
#11963 = ( GEOMETRIC_REPRESENTATION_CONTEXT(2) 
PARAMETRIC_REPRESENTATION_CONTEXT() REPRESENTATION_CONTEXT('2D SPACE',''
  ) );
#11964 = PCURVE('',#8864,#11965);
#11965 = DEFINITIONAL_REPRESENTATION('',(#11966),#11970);
#11966 = LINE('',#11967,#11968);
#11967 = CARTESIAN_POINT('',(0.,34.6));
#11968 = VECTOR('',#11969,1.);
#11969 = DIRECTION('',(1.,0.));
#11970 = ( GEOMETRIC_REPRESENTATION_CONTEXT(2) 
PARAMETRIC_REPRESENTATION_CONTEXT() REPRESENTATION_CONTEXT('2D SPACE',''
  ) );
#11971 = ORIENTED_EDGE('',*,*,#8820,.T.);
#11972 = ORIENTED_EDGE('',*,*,#11874,.T.);
#11973 = ORIENTED_EDGE('',*,*,#11974,.F.);
#11974 = EDGE_CURVE('',#11950,#11875,#11975,.T.);
#11975 = SURFACE_CURVE('',#11976,(#11980,#11987),.PCURVE_S1.);
#11976 = LINE('',#11977,#11978);
#11977 = CARTESIAN_POINT('',(49.8,106.31650932114,-140.4));
#11978 = VECTOR('',#11979,1.);
#11979 = DIRECTION('',(0.,1.,0.));
#11980 = PCURVE('',#8836,#11981);
#11981 = DEFINITIONAL_REPRESENTATION('',(#11982),#11986);
#11982 = LINE('',#11983,#11984);
#11983 = CARTESIAN_POINT('',(10.,0.));
#11984 = VECTOR('',#11985,1.);
#11985 = DIRECTION('',(0.,-1.));
#11986 = ( GEOMETRIC_REPRESENTATION_CONTEXT(2) 
PARAMETRIC_REPRESENTATION_CONTEXT() REPRESENTATION_CONTEXT('2D SPACE',''
  ) );
#11987 = PCURVE('',#11913,#11988);
#11988 = DEFINITIONAL_REPRESENTATION('',(#11989),#11993);
#11989 = LINE('',#11990,#11991);
#11990 = CARTESIAN_POINT('',(34.6,0.));
#11991 = VECTOR('',#11992,1.);
#11992 = DIRECTION('',(0.,1.));
#11993 = ( GEOMETRIC_REPRESENTATION_CONTEXT(2) 
PARAMETRIC_REPRESENTATION_CONTEXT() REPRESENTATION_CONTEXT('2D SPACE',''
  ) );
#11994 = FACE_BOUND('',#11995,.T.);
#11995 = EDGE_LOOP('',(#11996));
#11996 = ORIENTED_EDGE('',*,*,#11997,.T.);
#11997 = EDGE_CURVE('',#11998,#11998,#12000,.T.);
#11998 = VERTEX_POINT('',#11999);
#11999 = CARTESIAN_POINT('',(49.8,113.31650932114,-145.4));
#12000 = SURFACE_CURVE('',#12001,(#12006,#12017),.PCURVE_S1.);
#12001 = CIRCLE('',#12002,2.);
#12002 = AXIS2_PLACEMENT_3D('',#12003,#12004,#12005);
#12003 = CARTESIAN_POINT('',(49.8,111.31650932114,-145.4));
#12004 = DIRECTION('',(-1.,0.,0.));
#12005 = DIRECTION('',(0.,1.,0.));
#12006 = PCURVE('',#8836,#12007);
#12007 = DEFINITIONAL_REPRESENTATION('',(#12008),#12016);
#12008 = ( BOUNDED_CURVE() B_SPLINE_CURVE(2,(#12009,#12010,#12011,#12012
    ,#12013,#12014,#12015),.UNSPECIFIED.,.T.,.F.) 
B_SPLINE_CURVE_WITH_KNOTS((1,2,2,2,2,1),(-2.094395102393,0.,
    2.094395102393,4.188790204786,6.28318530718,8.377580409573),
.UNSPECIFIED.) CURVE() GEOMETRIC_REPRESENTATION_ITEM() 
RATIONAL_B_SPLINE_CURVE((1.,0.5,1.,0.5,1.,0.5,1.)) REPRESENTATION_ITEM(
  '') );
#12009 = CARTESIAN_POINT('',(5.,-7.));
#12010 = CARTESIAN_POINT('',(1.535898384862,-7.));
#12011 = CARTESIAN_POINT('',(3.267949192431,-4.));
#12012 = CARTESIAN_POINT('',(5.,-1.));
#12013 = CARTESIAN_POINT('',(6.732050807569,-4.));
#12014 = CARTESIAN_POINT('',(8.464101615138,-7.));
#12015 = CARTESIAN_POINT('',(5.,-7.));
#12016 = ( GEOMETRIC_REPRESENTATION_CONTEXT(2) 
PARAMETRIC_REPRESENTATION_CONTEXT() REPRESENTATION_CONTEXT('2D SPACE',''
  ) );
#12017 = PCURVE('',#12018,#12023);
#12018 = CYLINDRICAL_SURFACE('',#12019,2.);
#12019 = AXIS2_PLACEMENT_3D('',#12020,#12021,#12022);
#12020 = CARTESIAN_POINT('',(-1.,111.31650932114,-145.4));
#12021 = DIRECTION('',(-1.,-0.,-0.));
#12022 = DIRECTION('',(0.,1.,0.));
#12023 = DEFINITIONAL_REPRESENTATION('',(#12024),#12028);
#12024 = LINE('',#12025,#12026);
#12025 = CARTESIAN_POINT('',(-6.28318530718,-50.8));
#12026 = VECTOR('',#12027,1.);
#12027 = DIRECTION('',(1.,-0.));
#12028 = ( GEOMETRIC_REPRESENTATION_CONTEXT(2) 
PARAMETRIC_REPRESENTATION_CONTEXT() REPRESENTATION_CONTEXT('2D SPACE',''
  ) );
#12029 = ADVANCED_FACE('',(#12030),#8864,.F.);
#12030 = FACE_BOUND('',#12031,.F.);
#12031 = EDGE_LOOP('',(#12032,#12033,#12056,#12077));
#12032 = ORIENTED_EDGE('',*,*,#8848,.F.);
#12033 = ORIENTED_EDGE('',*,*,#12034,.T.);
#12034 = EDGE_CURVE('',#8849,#12035,#12037,.T.);
#12035 = VERTEX_POINT('',#12036);
#12036 = CARTESIAN_POINT('',(15.2,106.31650932114,-140.4));
#12037 = SURFACE_CURVE('',#12038,(#12042,#12049),.PCURVE_S1.);
#12038 = LINE('',#12039,#12040);
#12039 = CARTESIAN_POINT('',(15.2,106.31650932114,-150.4));
#12040 = VECTOR('',#12041,1.);
#12041 = DIRECTION('',(0.,0.,1.));
#12042 = PCURVE('',#8864,#12043);
#12043 = DEFINITIONAL_REPRESENTATION('',(#12044),#12048);
#12044 = LINE('',#12045,#12046);
#12045 = CARTESIAN_POINT('',(0.,0.));
#12046 = VECTOR('',#12047,1.);
#12047 = DIRECTION('',(1.,0.));
#12048 = ( GEOMETRIC_REPRESENTATION_CONTEXT(2) 
PARAMETRIC_REPRESENTATION_CONTEXT() REPRESENTATION_CONTEXT('2D SPACE',''
  ) );
#12049 = PCURVE('',#8892,#12050);
#12050 = DEFINITIONAL_REPRESENTATION('',(#12051),#12055);
#12051 = LINE('',#12052,#12053);
#12052 = CARTESIAN_POINT('',(0.,0.));
#12053 = VECTOR('',#12054,1.);
#12054 = DIRECTION('',(1.,0.));
#12055 = ( GEOMETRIC_REPRESENTATION_CONTEXT(2) 
PARAMETRIC_REPRESENTATION_CONTEXT() REPRESENTATION_CONTEXT('2D SPACE',''
  ) );
#12056 = ORIENTED_EDGE('',*,*,#12057,.T.);
#12057 = EDGE_CURVE('',#12035,#11950,#12058,.T.);
#12058 = SURFACE_CURVE('',#12059,(#12063,#12070),.PCURVE_S1.);
#12059 = LINE('',#12060,#12061);
#12060 = CARTESIAN_POINT('',(15.2,106.31650932114,-140.4));
#12061 = VECTOR('',#12062,1.);
#12062 = DIRECTION('',(1.,0.,0.));
#12063 = PCURVE('',#8864,#12064);
#12064 = DEFINITIONAL_REPRESENTATION('',(#12065),#12069);
#12065 = LINE('',#12066,#12067);
#12066 = CARTESIAN_POINT('',(10.,0.));
#12067 = VECTOR('',#12068,1.);
#12068 = DIRECTION('',(0.,1.));
#12069 = ( GEOMETRIC_REPRESENTATION_CONTEXT(2) 
PARAMETRIC_REPRESENTATION_CONTEXT() REPRESENTATION_CONTEXT('2D SPACE',''
  ) );
#12070 = PCURVE('',#11913,#12071);
#12071 = DEFINITIONAL_REPRESENTATION('',(#12072),#12076);
#12072 = LINE('',#12073,#12074);
#12073 = CARTESIAN_POINT('',(0.,0.));
#12074 = VECTOR('',#12075,1.);
#12075 = DIRECTION('',(1.,0.));
#12076 = ( GEOMETRIC_REPRESENTATION_CONTEXT(2) 
PARAMETRIC_REPRESENTATION_CONTEXT() REPRESENTATION_CONTEXT('2D SPACE',''
  ) );
#12077 = ORIENTED_EDGE('',*,*,#11949,.F.);
#12078 = ADVANCED_FACE('',(#12079,#12105),#8892,.F.);
#12079 = FACE_BOUND('',#12080,.F.);
#12080 = EDGE_LOOP('',(#12081,#12082,#12083,#12084));
#12081 = ORIENTED_EDGE('',*,*,#12034,.F.);
#12082 = ORIENTED_EDGE('',*,*,#8876,.T.);
#12083 = ORIENTED_EDGE('',*,*,#11925,.T.);
#12084 = ORIENTED_EDGE('',*,*,#12085,.F.);
#12085 = EDGE_CURVE('',#12035,#11898,#12086,.T.);
#12086 = SURFACE_CURVE('',#12087,(#12091,#12098),.PCURVE_S1.);
#12087 = LINE('',#12088,#12089);
#12088 = CARTESIAN_POINT('',(15.2,106.31650932114,-140.4));
#12089 = VECTOR('',#12090,1.);
#12090 = DIRECTION('',(0.,1.,0.));
#12091 = PCURVE('',#8892,#12092);
#12092 = DEFINITIONAL_REPRESENTATION('',(#12093),#12097);
#12093 = LINE('',#12094,#12095);
#12094 = CARTESIAN_POINT('',(10.,0.));
#12095 = VECTOR('',#12096,1.);
#12096 = DIRECTION('',(0.,-1.));
#12097 = ( GEOMETRIC_REPRESENTATION_CONTEXT(2) 
PARAMETRIC_REPRESENTATION_CONTEXT() REPRESENTATION_CONTEXT('2D SPACE',''
  ) );
#12098 = PCURVE('',#11913,#12099);
#12099 = DEFINITIONAL_REPRESENTATION('',(#12100),#12104);
#12100 = LINE('',#12101,#12102);
#12101 = CARTESIAN_POINT('',(0.,0.));
#12102 = VECTOR('',#12103,1.);
#12103 = DIRECTION('',(0.,1.));
#12104 = ( GEOMETRIC_REPRESENTATION_CONTEXT(2) 
PARAMETRIC_REPRESENTATION_CONTEXT() REPRESENTATION_CONTEXT('2D SPACE',''
  ) );
#12105 = FACE_BOUND('',#12106,.F.);
#12106 = EDGE_LOOP('',(#12107));
#12107 = ORIENTED_EDGE('',*,*,#12108,.T.);
#12108 = EDGE_CURVE('',#12109,#12109,#12111,.T.);
#12109 = VERTEX_POINT('',#12110);
#12110 = CARTESIAN_POINT('',(15.2,113.31650932114,-145.4));
#12111 = SURFACE_CURVE('',#12112,(#12117,#12128),.PCURVE_S1.);
#12112 = CIRCLE('',#12113,2.);
#12113 = AXIS2_PLACEMENT_3D('',#12114,#12115,#12116);
#12114 = CARTESIAN_POINT('',(15.2,111.31650932114,-145.4));
#12115 = DIRECTION('',(-1.,0.,0.));
#12116 = DIRECTION('',(0.,1.,0.));
#12117 = PCURVE('',#8892,#12118);
#12118 = DEFINITIONAL_REPRESENTATION('',(#12119),#12127);
#12119 = ( BOUNDED_CURVE() B_SPLINE_CURVE(2,(#12120,#12121,#12122,#12123
    ,#12124,#12125,#12126),.UNSPECIFIED.,.T.,.F.) 
B_SPLINE_CURVE_WITH_KNOTS((1,2,2,2,2,1),(-2.094395102393,0.,
    2.094395102393,4.188790204786,6.28318530718,8.377580409573),
.UNSPECIFIED.) CURVE() GEOMETRIC_REPRESENTATION_ITEM() 
RATIONAL_B_SPLINE_CURVE((1.,0.5,1.,0.5,1.,0.5,1.)) REPRESENTATION_ITEM(
  '') );
#12120 = CARTESIAN_POINT('',(5.,-7.));
#12121 = CARTESIAN_POINT('',(1.535898384862,-7.));
#12122 = CARTESIAN_POINT('',(3.267949192431,-4.));
#12123 = CARTESIAN_POINT('',(5.,-1.));
#12124 = CARTESIAN_POINT('',(6.732050807569,-4.));
#12125 = CARTESIAN_POINT('',(8.464101615138,-7.));
#12126 = CARTESIAN_POINT('',(5.,-7.));
#12127 = ( GEOMETRIC_REPRESENTATION_CONTEXT(2) 
PARAMETRIC_REPRESENTATION_CONTEXT() REPRESENTATION_CONTEXT('2D SPACE',''
  ) );
#12128 = PCURVE('',#12018,#12129);
#12129 = DEFINITIONAL_REPRESENTATION('',(#12130),#12134);
#12130 = LINE('',#12131,#12132);
#12131 = CARTESIAN_POINT('',(-6.28318530718,-16.2));
#12132 = VECTOR('',#12133,1.);
#12133 = DIRECTION('',(1.,-0.));
#12134 = ( GEOMETRIC_REPRESENTATION_CONTEXT(2) 
PARAMETRIC_REPRESENTATION_CONTEXT() REPRESENTATION_CONTEXT('2D SPACE',''
  ) );
#12135 = ADVANCED_FACE('',(#12136),#8943,.T.);
#12136 = FACE_BOUND('',#12137,.T.);
#12137 = EDGE_LOOP('',(#12138,#12161,#12162,#12163));
#12138 = ORIENTED_EDGE('',*,*,#12139,.F.);
#12139 = EDGE_CURVE('',#8928,#12140,#12142,.T.);
#12140 = VERTEX_POINT('',#12141);
#12141 = CARTESIAN_POINT('',(0.499999523163,150.70149620038,
    -139.6399997711));
#12142 = SURFACE_CURVE('',#12143,(#12147,#12154),.PCURVE_S1.);
#12143 = LINE('',#12144,#12145);
#12144 = CARTESIAN_POINT('',(0.499999523163,150.70149620038,-150.4));
#12145 = VECTOR('',#12146,1.);
#12146 = DIRECTION('',(0.,0.,1.));
#12147 = PCURVE('',#8943,#12148);
#12148 = DEFINITIONAL_REPRESENTATION('',(#12149),#12153);
#12149 = LINE('',#12150,#12151);
#12150 = CARTESIAN_POINT('',(-1.903611002093,11.680570421343));
#12151 = VECTOR('',#12152,1.);
#12152 = DIRECTION('',(1.,0.));
#12153 = ( GEOMETRIC_REPRESENTATION_CONTEXT(2) 
PARAMETRIC_REPRESENTATION_CONTEXT() REPRESENTATION_CONTEXT('2D SPACE',''
  ) );
#12154 = PCURVE('',#8971,#12155);
#12155 = DEFINITIONAL_REPRESENTATION('',(#12156),#12160);
#12156 = LINE('',#12157,#12158);
#12157 = CARTESIAN_POINT('',(39.415525262925,-1.765405981224));
#12158 = VECTOR('',#12159,1.);
#12159 = DIRECTION('',(2.465190328816E-32,1.));
#12160 = ( GEOMETRIC_REPRESENTATION_CONTEXT(2) 
PARAMETRIC_REPRESENTATION_CONTEXT() REPRESENTATION_CONTEXT('2D SPACE',''
  ) );
#12161 = ORIENTED_EDGE('',*,*,#8927,.F.);
#12162 = ORIENTED_EDGE('',*,*,#11828,.T.);
#12163 = ORIENTED_EDGE('',*,*,#12164,.T.);
#12164 = EDGE_CURVE('',#11829,#12140,#12165,.T.);
#12165 = SURFACE_CURVE('',#12166,(#12170,#12177),.PCURVE_S1.);
#12166 = LINE('',#12167,#12168);
#12167 = CARTESIAN_POINT('',(0.499999523163,119.387577133,
    -139.6399997711));
#12168 = VECTOR('',#12169,1.);
#12169 = DIRECTION('',(1.134547761702E-16,1.,0.));
#12170 = PCURVE('',#8943,#12171);
#12171 = DEFINITIONAL_REPRESENTATION('',(#12172),#12176);
#12172 = LINE('',#12173,#12174);
#12173 = CARTESIAN_POINT('',(8.856389226789,-19.63334864604));
#12174 = VECTOR('',#12175,1.);
#12175 = DIRECTION('',(0.,1.));
#12176 = ( GEOMETRIC_REPRESENTATION_CONTEXT(2) 
PARAMETRIC_REPRESENTATION_CONTEXT() REPRESENTATION_CONTEXT('2D SPACE',''
  ) );
#12177 = PCURVE('',#11790,#12178);
#12178 = DEFINITIONAL_REPRESENTATION('',(#12179),#12183);
#12179 = LINE('',#12180,#12181);
#12180 = CARTESIAN_POINT('',(63.491497280319,18.343536631333));
#12181 = VECTOR('',#12182,1.);
#12182 = DIRECTION('',(9.009903744573E-18,-1.));
#12183 = ( GEOMETRIC_REPRESENTATION_CONTEXT(2) 
PARAMETRIC_REPRESENTATION_CONTEXT() REPRESENTATION_CONTEXT('2D SPACE',''
  ) );
#12184 = ADVANCED_FACE('',(#12185),#8971,.T.);
#12185 = FACE_BOUND('',#12186,.T.);
#12186 = EDGE_LOOP('',(#12187,#12210,#12211,#12212));
#12187 = ORIENTED_EDGE('',*,*,#12188,.F.);
#12188 = EDGE_CURVE('',#8956,#12189,#12191,.T.);
#12189 = VERTEX_POINT('',#12190);
#12190 = CARTESIAN_POINT('',(23.575213909149,222.69577415449,
    -143.6399997711));
#12191 = SURFACE_CURVE('',#12192,(#12196,#12203),.PCURVE_S1.);
#12192 = LINE('',#12193,#12194);
#12193 = CARTESIAN_POINT('',(23.575213909149,222.69577415449,-150.4));
#12194 = VECTOR('',#12195,1.);
#12195 = DIRECTION('',(0.,0.,1.));
#12196 = PCURVE('',#8971,#12197);
#12197 = DEFINITIONAL_REPRESENTATION('',(#12198),#12202);
#12198 = LINE('',#12199,#12200);
#12199 = CARTESIAN_POINT('',(-36.18633699649,-1.765405981224));
#12200 = VECTOR('',#12201,1.);
#12201 = DIRECTION('',(2.465190328816E-32,1.));
#12202 = ( GEOMETRIC_REPRESENTATION_CONTEXT(2) 
PARAMETRIC_REPRESENTATION_CONTEXT() REPRESENTATION_CONTEXT('2D SPACE',''
  ) );
#12203 = PCURVE('',#8999,#12204);
#12204 = DEFINITIONAL_REPRESENTATION('',(#12205),#12209);
#12205 = LINE('',#12206,#12207);
#12206 = CARTESIAN_POINT('',(-1.527509708894,2.57767419064));
#12207 = VECTOR('',#12208,1.);
#12208 = DIRECTION('',(0.,-1.));
#12209 = ( GEOMETRIC_REPRESENTATION_CONTEXT(2) 
PARAMETRIC_REPRESENTATION_CONTEXT() REPRESENTATION_CONTEXT('2D SPACE',''
  ) );
#12210 = ORIENTED_EDGE('',*,*,#8955,.T.);
#12211 = ORIENTED_EDGE('',*,*,#12139,.T.);
#12212 = ORIENTED_EDGE('',*,*,#12213,.T.);
#12213 = EDGE_CURVE('',#12140,#12189,#12214,.T.);
#12214 = SURFACE_CURVE('',#12215,(#12219,#12226),.PCURVE_S1.);
#12215 = LINE('',#12216,#12217);
#12216 = CARTESIAN_POINT('',(0.499999523163,150.70149620038,
    -139.6399997711));
#12217 = VECTOR('',#12218,1.);
#12218 = DIRECTION('',(0.304793872952,0.950951719927,-5.283485004367E-02
    ));
#12219 = PCURVE('',#8971,#12220);
#12220 = DEFINITIONAL_REPRESENTATION('',(#12221),#12225);
#12221 = LINE('',#12222,#12223);
#12222 = CARTESIAN_POINT('',(39.415525262925,8.994594247658));
#12223 = VECTOR('',#12224,1.);
#12224 = DIRECTION('',(-0.998603263875,-5.283485004367E-02));
#12225 = ( GEOMETRIC_REPRESENTATION_CONTEXT(2) 
PARAMETRIC_REPRESENTATION_CONTEXT() REPRESENTATION_CONTEXT('2D SPACE',''
  ) );
#12226 = PCURVE('',#12227,#12232);
#12227 = PLANE('',#12228);
#12228 = AXIS2_PLACEMENT_3D('',#12229,#12230,#12231);
#12229 = CARTESIAN_POINT('',(13.096454396358,185.84478775378,
    -141.5502589035));
#12230 = DIRECTION('',(-3.166100838169E-02,6.556033964954E-02,
    0.997346189852));
#12231 = DIRECTION('',(-1.226346264327E-16,-0.997846445594,
    6.559322385429E-02));
#12232 = DEFINITIONAL_REPRESENTATION('',(#12233),#12237);
#12233 = LINE('',#12234,#12235);
#12234 = CARTESIAN_POINT('',(35.192908617919,-12.60277308941));
#12235 = VECTOR('',#12236,1.);
#12236 = DIRECTION('',(-0.952369401807,0.304946753553));
#12237 = ( GEOMETRIC_REPRESENTATION_CONTEXT(2) 
PARAMETRIC_REPRESENTATION_CONTEXT() REPRESENTATION_CONTEXT('2D SPACE',''
  ) );
#12238 = ADVANCED_FACE('',(#12239),#8999,.T.);
#12239 = FACE_BOUND('',#12240,.T.);
#12240 = EDGE_LOOP('',(#12241,#12242,#12243,#12266));
#12241 = ORIENTED_EDGE('',*,*,#8983,.T.);
#12242 = ORIENTED_EDGE('',*,*,#12188,.T.);
#12243 = ORIENTED_EDGE('',*,*,#12244,.T.);
#12244 = EDGE_CURVE('',#12189,#12245,#12247,.T.);
#12245 = VERTEX_POINT('',#12246);
#12246 = CARTESIAN_POINT('',(19.878448009491,225.53240211469,
    -143.6399997711));
#12247 = SURFACE_CURVE('',#12248,(#12252,#12259),.PCURVE_S1.);
#12248 = LINE('',#12249,#12250);
#12249 = CARTESIAN_POINT('',(23.575213909149,222.69577415449,
    -143.6399997711));
#12250 = VECTOR('',#12251,1.);
#12251 = DIRECTION('',(-0.793353369607,0.608761390803,0.));
#12252 = PCURVE('',#8999,#12253);
#12253 = DEFINITIONAL_REPRESENTATION('',(#12254),#12258);
#12254 = LINE('',#12255,#12256);
#12255 = CARTESIAN_POINT('',(-1.527509708894,-4.182326038242));
#12256 = VECTOR('',#12257,1.);
#12257 = DIRECTION('',(1.,0.));
#12258 = ( GEOMETRIC_REPRESENTATION_CONTEXT(2) 
PARAMETRIC_REPRESENTATION_CONTEXT() REPRESENTATION_CONTEXT('2D SPACE',''
  ) );
#12259 = PCURVE('',#11291,#12260);
#12260 = DEFINITIONAL_REPRESENTATION('',(#12261),#12265);
#12261 = LINE('',#12262,#12263);
#12262 = CARTESIAN_POINT('',(26.318852844076,15.458179473877));
#12263 = VECTOR('',#12264,1.);
#12264 = DIRECTION('',(0.793353369607,-0.608761390803));
#12265 = ( GEOMETRIC_REPRESENTATION_CONTEXT(2) 
PARAMETRIC_REPRESENTATION_CONTEXT() REPRESENTATION_CONTEXT('2D SPACE',''
  ) );
#12266 = ORIENTED_EDGE('',*,*,#12267,.T.);
#12267 = EDGE_CURVE('',#12245,#8984,#12268,.T.);
#12268 = SURFACE_CURVE('',#12269,(#12273,#12280),.PCURVE_S1.);
#12269 = LINE('',#12270,#12271);
#12270 = CARTESIAN_POINT('',(19.878448009491,225.53240211469,
    -143.6399997711));
#12271 = VECTOR('',#12272,1.);
#12272 = DIRECTION('',(-0.,0.,-1.));
#12273 = PCURVE('',#8999,#12274);
#12274 = DEFINITIONAL_REPRESENTATION('',(#12275),#12279);
#12275 = LINE('',#12276,#12277);
#12276 = CARTESIAN_POINT('',(3.132161556495,-4.182326038242));
#12277 = VECTOR('',#12278,1.);
#12278 = DIRECTION('',(0.,1.));
#12279 = ( GEOMETRIC_REPRESENTATION_CONTEXT(2) 
PARAMETRIC_REPRESENTATION_CONTEXT() REPRESENTATION_CONTEXT('2D SPACE',''
  ) );
#12280 = PCURVE('',#9027,#12281);
#12281 = DEFINITIONAL_REPRESENTATION('',(#12282),#12286);
#12282 = LINE('',#12283,#12284);
#12283 = CARTESIAN_POINT('',(3.132161556495,4.182326038242));
#12284 = VECTOR('',#12285,1.);
#12285 = DIRECTION('',(0.,-1.));
#12286 = ( GEOMETRIC_REPRESENTATION_CONTEXT(2) 
PARAMETRIC_REPRESENTATION_CONTEXT() REPRESENTATION_CONTEXT('2D SPACE',''
  ) );
#12287 = ADVANCED_FACE('',(#12288),#9027,.T.);
#12288 = FACE_BOUND('',#12289,.T.);
#12289 = EDGE_LOOP('',(#12290,#12313,#12314,#12315));
#12290 = ORIENTED_EDGE('',*,*,#12291,.T.);
#12291 = EDGE_CURVE('',#12292,#9012,#12294,.T.);
#12292 = VERTEX_POINT('',#12293);
#12293 = CARTESIAN_POINT('',(17.041820049286,229.22916801435,
    -143.6399997711));
#12294 = SURFACE_CURVE('',#12295,(#12299,#12306),.PCURVE_S1.);
#12295 = LINE('',#12296,#12297);
#12296 = CARTESIAN_POINT('',(17.041820049286,229.22916801435,
    -143.6399997711));
#12297 = VECTOR('',#12298,1.);
#12298 = DIRECTION('',(-0.,0.,-1.));
#12299 = PCURVE('',#9027,#12300);
#12300 = DEFINITIONAL_REPRESENTATION('',(#12301),#12305);
#12301 = LINE('',#12302,#12303);
#12302 = CARTESIAN_POINT('',(-1.527509708894,4.182326038242));
#12303 = VECTOR('',#12304,1.);
#12304 = DIRECTION('',(0.,-1.));
#12305 = ( GEOMETRIC_REPRESENTATION_CONTEXT(2) 
PARAMETRIC_REPRESENTATION_CONTEXT() REPRESENTATION_CONTEXT('2D SPACE',''
  ) );
#12306 = PCURVE('',#9055,#12307);
#12307 = DEFINITIONAL_REPRESENTATION('',(#12308),#12312);
#12308 = LINE('',#12309,#12310);
#12309 = CARTESIAN_POINT('',(3.132163254139,4.182326340064));
#12310 = VECTOR('',#12311,1.);
#12311 = DIRECTION('',(0.,-1.));
#12312 = ( GEOMETRIC_REPRESENTATION_CONTEXT(2) 
PARAMETRIC_REPRESENTATION_CONTEXT() REPRESENTATION_CONTEXT('2D SPACE',''
  ) );
#12313 = ORIENTED_EDGE('',*,*,#9011,.T.);
#12314 = ORIENTED_EDGE('',*,*,#12267,.F.);
#12315 = ORIENTED_EDGE('',*,*,#12316,.T.);
#12316 = EDGE_CURVE('',#12245,#12292,#12317,.T.);
#12317 = SURFACE_CURVE('',#12318,(#12322,#12329),.PCURVE_S1.);
#12318 = LINE('',#12319,#12320);
#12319 = CARTESIAN_POINT('',(19.878448009491,225.53240211469,
    -143.6399997711));
#12320 = VECTOR('',#12321,1.);
#12321 = DIRECTION('',(-0.608761390803,0.793353369607,0.));
#12322 = PCURVE('',#9027,#12323);
#12323 = DEFINITIONAL_REPRESENTATION('',(#12324),#12328);
#12324 = LINE('',#12325,#12326);
#12325 = CARTESIAN_POINT('',(3.132161556495,4.182326038242));
#12326 = VECTOR('',#12327,1.);
#12327 = DIRECTION('',(-1.,0.));
#12328 = ( GEOMETRIC_REPRESENTATION_CONTEXT(2) 
PARAMETRIC_REPRESENTATION_CONTEXT() REPRESENTATION_CONTEXT('2D SPACE',''
  ) );
#12329 = PCURVE('',#11291,#12330);
#12330 = DEFINITIONAL_REPRESENTATION('',(#12331),#12335);
#12331 = LINE('',#12332,#12333);
#12332 = CARTESIAN_POINT('',(30.015618743734,12.621551513672));
#12333 = VECTOR('',#12334,1.);
#12334 = DIRECTION('',(0.608761390803,-0.793353369607));
#12335 = ( GEOMETRIC_REPRESENTATION_CONTEXT(2) 
PARAMETRIC_REPRESENTATION_CONTEXT() REPRESENTATION_CONTEXT('2D SPACE',''
  ) );
#12336 = ADVANCED_FACE('',(#12337),#9055,.T.);
#12337 = FACE_BOUND('',#12338,.T.);
#12338 = EDGE_LOOP('',(#12339,#12362,#12363,#12364));
#12339 = ORIENTED_EDGE('',*,*,#12340,.T.);
#12340 = EDGE_CURVE('',#12341,#9040,#12343,.T.);
#12341 = VERTEX_POINT('',#12342);
#12342 = CARTESIAN_POINT('',(15.258639812469,233.53414543134,
    -143.6399997711));
#12343 = SURFACE_CURVE('',#12344,(#12348,#12355),.PCURVE_S1.);
#12344 = LINE('',#12345,#12346);
#12345 = CARTESIAN_POINT('',(15.258639812469,233.53414543134,
    -143.6399997711));
#12346 = VECTOR('',#12347,1.);
#12347 = DIRECTION('',(-0.,0.,-1.));
#12348 = PCURVE('',#9055,#12349);
#12349 = DEFINITIONAL_REPRESENTATION('',(#12350),#12354);
#12350 = LINE('',#12351,#12352);
#12351 = CARTESIAN_POINT('',(-1.527510802894,4.182326340064));
#12352 = VECTOR('',#12353,1.);
#12353 = DIRECTION('',(0.,-1.));
#12354 = ( GEOMETRIC_REPRESENTATION_CONTEXT(2) 
PARAMETRIC_REPRESENTATION_CONTEXT() REPRESENTATION_CONTEXT('2D SPACE',''
  ) );
#12355 = PCURVE('',#9083,#12356);
#12356 = DEFINITIONAL_REPRESENTATION('',(#12357),#12361);
#12357 = LINE('',#12358,#12359);
#12358 = CARTESIAN_POINT('',(3.13216238688,4.182326185875));
#12359 = VECTOR('',#12360,1.);
#12360 = DIRECTION('',(0.,-1.));
#12361 = ( GEOMETRIC_REPRESENTATION_CONTEXT(2) 
PARAMETRIC_REPRESENTATION_CONTEXT() REPRESENTATION_CONTEXT('2D SPACE',''
  ) );
#12362 = ORIENTED_EDGE('',*,*,#9039,.T.);
#12363 = ORIENTED_EDGE('',*,*,#12291,.F.);
#12364 = ORIENTED_EDGE('',*,*,#12365,.T.);
#12365 = EDGE_CURVE('',#12292,#12341,#12366,.T.);
#12366 = SURFACE_CURVE('',#12367,(#12371,#12378),.PCURVE_S1.);
#12367 = LINE('',#12368,#12369);
#12368 = CARTESIAN_POINT('',(17.041820049286,229.22916801435,
    -143.6399997711));
#12369 = VECTOR('',#12370,1.);
#12370 = DIRECTION('',(-0.382683469915,0.923879516958,0.));
#12371 = PCURVE('',#9055,#12372);
#12372 = DEFINITIONAL_REPRESENTATION('',(#12373),#12377);
#12373 = LINE('',#12374,#12375);
#12374 = CARTESIAN_POINT('',(3.132163254139,4.182326340064));
#12375 = VECTOR('',#12376,1.);
#12376 = DIRECTION('',(-1.,0.));
#12377 = ( GEOMETRIC_REPRESENTATION_CONTEXT(2) 
PARAMETRIC_REPRESENTATION_CONTEXT() REPRESENTATION_CONTEXT('2D SPACE',''
  ) );
#12378 = PCURVE('',#11291,#12379);
#12379 = DEFINITIONAL_REPRESENTATION('',(#12380),#12384);
#12380 = LINE('',#12381,#12382);
#12381 = CARTESIAN_POINT('',(32.852246703939,8.924785614014));
#12382 = VECTOR('',#12383,1.);
#12383 = DIRECTION('',(0.382683469915,-0.923879516958));
#12384 = ( GEOMETRIC_REPRESENTATION_CONTEXT(2) 
PARAMETRIC_REPRESENTATION_CONTEXT() REPRESENTATION_CONTEXT('2D SPACE',''
  ) );
#12385 = ADVANCED_FACE('',(#12386),#9083,.T.);
#12386 = FACE_BOUND('',#12387,.T.);
#12387 = EDGE_LOOP('',(#12388,#12411,#12412,#12413));
#12388 = ORIENTED_EDGE('',*,*,#12389,.T.);
#12389 = EDGE_CURVE('',#12390,#9068,#12392,.T.);
#12390 = VERTEX_POINT('',#12391);
#12391 = CARTESIAN_POINT('',(14.650428295135,238.15395362836,
    -143.6399997711));
#12392 = SURFACE_CURVE('',#12393,(#12397,#12404),.PCURVE_S1.);
#12393 = LINE('',#12394,#12395);
#12394 = CARTESIAN_POINT('',(14.650428295135,238.15395362836,
    -143.6399997711));
#12395 = VECTOR('',#12396,1.);
#12396 = DIRECTION('',(-0.,0.,-1.));
#12397 = PCURVE('',#9083,#12398);
#12398 = DEFINITIONAL_REPRESENTATION('',(#12399),#12403);
#12399 = LINE('',#12400,#12401);
#12400 = CARTESIAN_POINT('',(-1.527510244012,4.182326185875));
#12401 = VECTOR('',#12402,1.);
#12402 = DIRECTION('',(0.,-1.));
#12403 = ( GEOMETRIC_REPRESENTATION_CONTEXT(2) 
PARAMETRIC_REPRESENTATION_CONTEXT() REPRESENTATION_CONTEXT('2D SPACE',''
  ) );
#12404 = PCURVE('',#9111,#12405);
#12405 = DEFINITIONAL_REPRESENTATION('',(#12406),#12410);
#12406 = LINE('',#12407,#12408);
#12407 = CARTESIAN_POINT('',(3.13216238688,4.182326185875));
#12408 = VECTOR('',#12409,1.);
#12409 = DIRECTION('',(-0.,-1.));
#12410 = ( GEOMETRIC_REPRESENTATION_CONTEXT(2) 
PARAMETRIC_REPRESENTATION_CONTEXT() REPRESENTATION_CONTEXT('2D SPACE',''
  ) );
#12411 = ORIENTED_EDGE('',*,*,#9067,.T.);
#12412 = ORIENTED_EDGE('',*,*,#12340,.F.);
#12413 = ORIENTED_EDGE('',*,*,#12414,.T.);
#12414 = EDGE_CURVE('',#12341,#12390,#12415,.T.);
#12415 = SURFACE_CURVE('',#12416,(#12420,#12427),.PCURVE_S1.);
#12416 = LINE('',#12417,#12418);
#12417 = CARTESIAN_POINT('',(15.258639812469,233.53414543134,
    -143.6399997711));
#12418 = VECTOR('',#12419,1.);
#12419 = DIRECTION('',(-0.130526662603,0.991444799447,0.));
#12420 = PCURVE('',#9083,#12421);
#12421 = DEFINITIONAL_REPRESENTATION('',(#12422),#12426);
#12422 = LINE('',#12423,#12424);
#12423 = CARTESIAN_POINT('',(3.13216238688,4.182326185875));
#12424 = VECTOR('',#12425,1.);
#12425 = DIRECTION('',(-1.,0.));
#12426 = ( GEOMETRIC_REPRESENTATION_CONTEXT(2) 
PARAMETRIC_REPRESENTATION_CONTEXT() REPRESENTATION_CONTEXT('2D SPACE',''
  ) );
#12427 = PCURVE('',#11291,#12428);
#12428 = DEFINITIONAL_REPRESENTATION('',(#12429),#12433);
#12429 = LINE('',#12430,#12431);
#12430 = CARTESIAN_POINT('',(34.635426940755,4.619808197021));
#12431 = VECTOR('',#12432,1.);
#12432 = DIRECTION('',(0.130526662603,-0.991444799447));
#12433 = ( GEOMETRIC_REPRESENTATION_CONTEXT(2) 
PARAMETRIC_REPRESENTATION_CONTEXT() REPRESENTATION_CONTEXT('2D SPACE',''
  ) );
#12434 = ADVANCED_FACE('',(#12435),#9111,.T.);
#12435 = FACE_BOUND('',#12436,.T.);
#12436 = EDGE_LOOP('',(#12437,#12460,#12461,#12462));
#12437 = ORIENTED_EDGE('',*,*,#12438,.T.);
#12438 = EDGE_CURVE('',#12439,#9096,#12441,.T.);
#12439 = VERTEX_POINT('',#12440);
#12440 = CARTESIAN_POINT('',(15.258639812469,242.77376182538,
    -143.6399997711));
#12441 = SURFACE_CURVE('',#12442,(#12446,#12453),.PCURVE_S1.);
#12442 = LINE('',#12443,#12444);
#12443 = CARTESIAN_POINT('',(15.258639812469,242.77376182538,
    -143.6399997711));
#12444 = VECTOR('',#12445,1.);
#12445 = DIRECTION('',(-0.,0.,-1.));
#12446 = PCURVE('',#9111,#12447);
#12447 = DEFINITIONAL_REPRESENTATION('',(#12448),#12452);
#12448 = LINE('',#12449,#12450);
#12449 = CARTESIAN_POINT('',(-1.527510244012,4.182326185875));
#12450 = VECTOR('',#12451,1.);
#12451 = DIRECTION('',(-0.,-1.));
#12452 = ( GEOMETRIC_REPRESENTATION_CONTEXT(2) 
PARAMETRIC_REPRESENTATION_CONTEXT() REPRESENTATION_CONTEXT('2D SPACE',''
  ) );
#12453 = PCURVE('',#9139,#12454);
#12454 = DEFINITIONAL_REPRESENTATION('',(#12455),#12459);
#12455 = LINE('',#12456,#12457);
#12456 = CARTESIAN_POINT('',(3.132163254139,4.182326340064));
#12457 = VECTOR('',#12458,1.);
#12458 = DIRECTION('',(-0.,-1.));
#12459 = ( GEOMETRIC_REPRESENTATION_CONTEXT(2) 
PARAMETRIC_REPRESENTATION_CONTEXT() REPRESENTATION_CONTEXT('2D SPACE',''
  ) );
#12460 = ORIENTED_EDGE('',*,*,#9095,.T.);
#12461 = ORIENTED_EDGE('',*,*,#12389,.F.);
#12462 = ORIENTED_EDGE('',*,*,#12463,.T.);
#12463 = EDGE_CURVE('',#12390,#12439,#12464,.T.);
#12464 = SURFACE_CURVE('',#12465,(#12469,#12476),.PCURVE_S1.);
#12465 = LINE('',#12466,#12467);
#12466 = CARTESIAN_POINT('',(14.650428295135,238.15395362836,
    -143.6399997711));
#12467 = VECTOR('',#12468,1.);
#12468 = DIRECTION('',(0.130526662603,0.991444799447,0.));
#12469 = PCURVE('',#9111,#12470);
#12470 = DEFINITIONAL_REPRESENTATION('',(#12471),#12475);
#12471 = LINE('',#12472,#12473);
#12472 = CARTESIAN_POINT('',(3.13216238688,4.182326185875));
#12473 = VECTOR('',#12474,1.);
#12474 = DIRECTION('',(-1.,0.));
#12475 = ( GEOMETRIC_REPRESENTATION_CONTEXT(2) 
PARAMETRIC_REPRESENTATION_CONTEXT() REPRESENTATION_CONTEXT('2D SPACE',''
  ) );
#12476 = PCURVE('',#11291,#12477);
#12477 = DEFINITIONAL_REPRESENTATION('',(#12478),#12482);
#12478 = LINE('',#12479,#12480);
#12479 = CARTESIAN_POINT('',(35.243638458089,4.316100902801E-15));
#12480 = VECTOR('',#12481,1.);
#12481 = DIRECTION('',(-0.130526662603,-0.991444799447));
#12482 = ( GEOMETRIC_REPRESENTATION_CONTEXT(2) 
PARAMETRIC_REPRESENTATION_CONTEXT() REPRESENTATION_CONTEXT('2D SPACE',''
  ) );
#12483 = ADVANCED_FACE('',(#12484),#9139,.T.);
#12484 = FACE_BOUND('',#12485,.T.);
#12485 = EDGE_LOOP('',(#12486,#12509,#12510,#12511));
#12486 = ORIENTED_EDGE('',*,*,#12487,.T.);
#12487 = EDGE_CURVE('',#12488,#9124,#12490,.T.);
#12488 = VERTEX_POINT('',#12489);
#12489 = CARTESIAN_POINT('',(17.041820049286,247.07873924238,
    -143.6399997711));
#12490 = SURFACE_CURVE('',#12491,(#12495,#12502),.PCURVE_S1.);
#12491 = LINE('',#12492,#12493);
#12492 = CARTESIAN_POINT('',(17.041820049286,247.07873924238,
    -143.6399997711));
#12493 = VECTOR('',#12494,1.);
#12494 = DIRECTION('',(-0.,0.,-1.));
#12495 = PCURVE('',#9139,#12496);
#12496 = DEFINITIONAL_REPRESENTATION('',(#12497),#12501);
#12497 = LINE('',#12498,#12499);
#12498 = CARTESIAN_POINT('',(-1.527510802894,4.182326340064));
#12499 = VECTOR('',#12500,1.);
#12500 = DIRECTION('',(-0.,-1.));
#12501 = ( GEOMETRIC_REPRESENTATION_CONTEXT(2) 
PARAMETRIC_REPRESENTATION_CONTEXT() REPRESENTATION_CONTEXT('2D SPACE',''
  ) );
#12502 = PCURVE('',#9167,#12503);
#12503 = DEFINITIONAL_REPRESENTATION('',(#12504),#12508);
#12504 = LINE('',#12505,#12506);
#12505 = CARTESIAN_POINT('',(3.132161556495,4.182326038242));
#12506 = VECTOR('',#12507,1.);
#12507 = DIRECTION('',(-0.,-1.));
#12508 = ( GEOMETRIC_REPRESENTATION_CONTEXT(2) 
PARAMETRIC_REPRESENTATION_CONTEXT() REPRESENTATION_CONTEXT('2D SPACE',''
  ) );
#12509 = ORIENTED_EDGE('',*,*,#9123,.T.);
#12510 = ORIENTED_EDGE('',*,*,#12438,.F.);
#12511 = ORIENTED_EDGE('',*,*,#12512,.T.);
#12512 = EDGE_CURVE('',#12439,#12488,#12513,.T.);
#12513 = SURFACE_CURVE('',#12514,(#12518,#12525),.PCURVE_S1.);
#12514 = LINE('',#12515,#12516);
#12515 = CARTESIAN_POINT('',(15.258639812469,242.77376182538,
    -143.6399997711));
#12516 = VECTOR('',#12517,1.);
#12517 = DIRECTION('',(0.382683469915,0.923879516958,0.));
#12518 = PCURVE('',#9139,#12519);
#12519 = DEFINITIONAL_REPRESENTATION('',(#12520),#12524);
#12520 = LINE('',#12521,#12522);
#12521 = CARTESIAN_POINT('',(3.132163254139,4.182326340064));
#12522 = VECTOR('',#12523,1.);
#12523 = DIRECTION('',(-1.,0.));
#12524 = ( GEOMETRIC_REPRESENTATION_CONTEXT(2) 
PARAMETRIC_REPRESENTATION_CONTEXT() REPRESENTATION_CONTEXT('2D SPACE',''
  ) );
#12525 = PCURVE('',#11291,#12526);
#12526 = DEFINITIONAL_REPRESENTATION('',(#12527),#12531);
#12527 = LINE('',#12528,#12529);
#12528 = CARTESIAN_POINT('',(34.635426940755,-4.619808197021));
#12529 = VECTOR('',#12530,1.);
#12530 = DIRECTION('',(-0.382683469915,-0.923879516958));
#12531 = ( GEOMETRIC_REPRESENTATION_CONTEXT(2) 
PARAMETRIC_REPRESENTATION_CONTEXT() REPRESENTATION_CONTEXT('2D SPACE',''
  ) );
#12532 = ADVANCED_FACE('',(#12533),#9167,.T.);
#12533 = FACE_BOUND('',#12534,.T.);
#12534 = EDGE_LOOP('',(#12535,#12558,#12559,#12560));
#12535 = ORIENTED_EDGE('',*,*,#12536,.T.);
#12536 = EDGE_CURVE('',#12537,#9152,#12539,.T.);
#12537 = VERTEX_POINT('',#12538);
#12538 = CARTESIAN_POINT('',(19.878448009491,250.77550514204,
    -143.6399997711));
#12539 = SURFACE_CURVE('',#12540,(#12544,#12551),.PCURVE_S1.);
#12540 = LINE('',#12541,#12542);
#12541 = CARTESIAN_POINT('',(19.878448009491,250.77550514204,
    -143.6399997711));
#12542 = VECTOR('',#12543,1.);
#12543 = DIRECTION('',(-0.,0.,-1.));
#12544 = PCURVE('',#9167,#12545);
#12545 = DEFINITIONAL_REPRESENTATION('',(#12546),#12550);
#12546 = LINE('',#12547,#12548);
#12547 = CARTESIAN_POINT('',(-1.527509708894,4.182326038242));
#12548 = VECTOR('',#12549,1.);
#12549 = DIRECTION('',(-0.,-1.));
#12550 = ( GEOMETRIC_REPRESENTATION_CONTEXT(2) 
PARAMETRIC_REPRESENTATION_CONTEXT() REPRESENTATION_CONTEXT('2D SPACE',''
  ) );
#12551 = PCURVE('',#9195,#12552);
#12552 = DEFINITIONAL_REPRESENTATION('',(#12553),#12557);
#12553 = LINE('',#12554,#12555);
#12554 = CARTESIAN_POINT('',(-1.527510618943,-4.182326289314));
#12555 = VECTOR('',#12556,1.);
#12556 = DIRECTION('',(0.,1.));
#12557 = ( GEOMETRIC_REPRESENTATION_CONTEXT(2) 
PARAMETRIC_REPRESENTATION_CONTEXT() REPRESENTATION_CONTEXT('2D SPACE',''
  ) );
#12558 = ORIENTED_EDGE('',*,*,#9151,.T.);
#12559 = ORIENTED_EDGE('',*,*,#12487,.F.);
#12560 = ORIENTED_EDGE('',*,*,#12561,.T.);
#12561 = EDGE_CURVE('',#12488,#12537,#12562,.T.);
#12562 = SURFACE_CURVE('',#12563,(#12567,#12574),.PCURVE_S1.);
#12563 = LINE('',#12564,#12565);
#12564 = CARTESIAN_POINT('',(17.041820049286,247.07873924238,
    -143.6399997711));
#12565 = VECTOR('',#12566,1.);
#12566 = DIRECTION('',(0.608761390803,0.793353369607,0.));
#12567 = PCURVE('',#9167,#12568);
#12568 = DEFINITIONAL_REPRESENTATION('',(#12569),#12573);
#12569 = LINE('',#12570,#12571);
#12570 = CARTESIAN_POINT('',(3.132161556495,4.182326038242));
#12571 = VECTOR('',#12572,1.);
#12572 = DIRECTION('',(-1.,0.));
#12573 = ( GEOMETRIC_REPRESENTATION_CONTEXT(2) 
PARAMETRIC_REPRESENTATION_CONTEXT() REPRESENTATION_CONTEXT('2D SPACE',''
  ) );
#12574 = PCURVE('',#11291,#12575);
#12575 = DEFINITIONAL_REPRESENTATION('',(#12576),#12580);
#12576 = LINE('',#12577,#12578);
#12577 = CARTESIAN_POINT('',(32.852246703939,-8.924785614014));
#12578 = VECTOR('',#12579,1.);
#12579 = DIRECTION('',(-0.608761390803,-0.793353369607));
#12580 = ( GEOMETRIC_REPRESENTATION_CONTEXT(2) 
PARAMETRIC_REPRESENTATION_CONTEXT() REPRESENTATION_CONTEXT('2D SPACE',''
  ) );
#12581 = ADVANCED_FACE('',(#12582),#9195,.T.);
#12582 = FACE_BOUND('',#12583,.T.);
#12583 = EDGE_LOOP('',(#12584,#12585,#12586,#12609));
#12584 = ORIENTED_EDGE('',*,*,#9179,.T.);
#12585 = ORIENTED_EDGE('',*,*,#12536,.F.);
#12586 = ORIENTED_EDGE('',*,*,#12587,.T.);
#12587 = EDGE_CURVE('',#12537,#12588,#12590,.T.);
#12588 = VERTEX_POINT('',#12589);
#12589 = CARTESIAN_POINT('',(23.575213909149,253.61213691694,
    -143.6399997711));
#12590 = SURFACE_CURVE('',#12591,(#12595,#12602),.PCURVE_S1.);
#12591 = LINE('',#12592,#12593);
#12592 = CARTESIAN_POINT('',(19.878448009491,250.77550514204,
    -143.6399997711));
#12593 = VECTOR('',#12594,1.);
#12594 = DIRECTION('',(0.793352974224,0.608761906077,0.));
#12595 = PCURVE('',#9195,#12596);
#12596 = DEFINITIONAL_REPRESENTATION('',(#12597),#12601);
#12597 = LINE('',#12598,#12599);
#12598 = CARTESIAN_POINT('',(-1.527510618943,-4.182326289314));
#12599 = VECTOR('',#12600,1.);
#12600 = DIRECTION('',(1.,0.));
#12601 = ( GEOMETRIC_REPRESENTATION_CONTEXT(2) 
PARAMETRIC_REPRESENTATION_CONTEXT() REPRESENTATION_CONTEXT('2D SPACE',''
  ) );
#12602 = PCURVE('',#11291,#12603);
#12603 = DEFINITIONAL_REPRESENTATION('',(#12604),#12608);
#12604 = LINE('',#12605,#12606);
#12605 = CARTESIAN_POINT('',(30.015618743734,-12.62155151367));
#12606 = VECTOR('',#12607,1.);
#12607 = DIRECTION('',(-0.793352974224,-0.608761906077));
#12608 = ( GEOMETRIC_REPRESENTATION_CONTEXT(2) 
PARAMETRIC_REPRESENTATION_CONTEXT() REPRESENTATION_CONTEXT('2D SPACE',''
  ) );
#12609 = ORIENTED_EDGE('',*,*,#12610,.T.);
#12610 = EDGE_CURVE('',#12588,#9180,#12611,.T.);
#12611 = SURFACE_CURVE('',#12612,(#12616,#12623),.PCURVE_S1.);
#12612 = LINE('',#12613,#12614);
#12613 = CARTESIAN_POINT('',(23.575213909149,253.61213691694,
    -143.6399997711));
#12614 = VECTOR('',#12615,1.);
#12615 = DIRECTION('',(-0.,0.,-1.));
#12616 = PCURVE('',#9195,#12617);
#12617 = DEFINITIONAL_REPRESENTATION('',(#12618),#12622);
#12618 = LINE('',#12619,#12620);
#12619 = CARTESIAN_POINT('',(3.132162968688,-4.182326289314));
#12620 = VECTOR('',#12621,1.);
#12621 = DIRECTION('',(0.,1.));
#12622 = ( GEOMETRIC_REPRESENTATION_CONTEXT(2) 
PARAMETRIC_REPRESENTATION_CONTEXT() REPRESENTATION_CONTEXT('2D SPACE',''
  ) );
#12623 = PCURVE('',#9223,#12624);
#12624 = DEFINITIONAL_REPRESENTATION('',(#12625),#12629);
#12625 = LINE('',#12626,#12627);
#12626 = CARTESIAN_POINT('',(-1.527510802894,-4.182326340064));
#12627 = VECTOR('',#12628,1.);
#12628 = DIRECTION('',(0.,1.));
#12629 = ( GEOMETRIC_REPRESENTATION_CONTEXT(2) 
PARAMETRIC_REPRESENTATION_CONTEXT() REPRESENTATION_CONTEXT('2D SPACE',''
  ) );
#12630 = ADVANCED_FACE('',(#12631),#9223,.T.);
#12631 = FACE_BOUND('',#12632,.T.);
#12632 = EDGE_LOOP('',(#12633,#12634,#12635,#12658));
#12633 = ORIENTED_EDGE('',*,*,#9207,.T.);
#12634 = ORIENTED_EDGE('',*,*,#12610,.F.);
#12635 = ORIENTED_EDGE('',*,*,#12636,.T.);
#12636 = EDGE_CURVE('',#12588,#12637,#12639,.T.);
#12637 = VERTEX_POINT('',#12638);
#12638 = CARTESIAN_POINT('',(27.880191326141,255.39531715375,
    -143.6399997711));
#12639 = SURFACE_CURVE('',#12640,(#12644,#12651),.PCURVE_S1.);
#12640 = LINE('',#12641,#12642);
#12641 = CARTESIAN_POINT('',(23.575213909149,253.61213691694,
    -143.6399997711));
#12642 = VECTOR('',#12643,1.);
#12643 = DIRECTION('',(0.923879516958,0.382683469915,0.));
#12644 = PCURVE('',#9223,#12645);
#12645 = DEFINITIONAL_REPRESENTATION('',(#12646),#12650);
#12646 = LINE('',#12647,#12648);
#12647 = CARTESIAN_POINT('',(-1.527510802894,-4.182326340064));
#12648 = VECTOR('',#12649,1.);
#12649 = DIRECTION('',(1.,0.));
#12650 = ( GEOMETRIC_REPRESENTATION_CONTEXT(2) 
PARAMETRIC_REPRESENTATION_CONTEXT() REPRESENTATION_CONTEXT('2D SPACE',''
  ) );
#12651 = PCURVE('',#11291,#12652);
#12652 = DEFINITIONAL_REPRESENTATION('',(#12653),#12657);
#12653 = LINE('',#12654,#12655);
#12654 = CARTESIAN_POINT('',(26.318852844076,-15.45818328857));
#12655 = VECTOR('',#12656,1.);
#12656 = DIRECTION('',(-0.923879516958,-0.382683469915));
#12657 = ( GEOMETRIC_REPRESENTATION_CONTEXT(2) 
PARAMETRIC_REPRESENTATION_CONTEXT() REPRESENTATION_CONTEXT('2D SPACE',''
  ) );
#12658 = ORIENTED_EDGE('',*,*,#12659,.T.);
#12659 = EDGE_CURVE('',#12637,#9208,#12660,.T.);
#12660 = SURFACE_CURVE('',#12661,(#12665,#12672),.PCURVE_S1.);
#12661 = LINE('',#12662,#12663);
#12662 = CARTESIAN_POINT('',(27.880191326141,255.39531715375,
    -143.6399997711));
#12663 = VECTOR('',#12664,1.);
#12664 = DIRECTION('',(-0.,0.,-1.));
#12665 = PCURVE('',#9223,#12666);
#12666 = DEFINITIONAL_REPRESENTATION('',(#12667),#12671);
#12667 = LINE('',#12668,#12669);
#12668 = CARTESIAN_POINT('',(3.132163254139,-4.182326340064));
#12669 = VECTOR('',#12670,1.);
#12670 = DIRECTION('',(0.,1.));
#12671 = ( GEOMETRIC_REPRESENTATION_CONTEXT(2) 
PARAMETRIC_REPRESENTATION_CONTEXT() REPRESENTATION_CONTEXT('2D SPACE',''
  ) );
#12672 = PCURVE('',#9251,#12673);
#12673 = DEFINITIONAL_REPRESENTATION('',(#12674),#12678);
#12674 = LINE('',#12675,#12676);
#12675 = CARTESIAN_POINT('',(-1.527510048886,-4.182326132042));
#12676 = VECTOR('',#12677,1.);
#12677 = DIRECTION('',(0.,1.));
#12678 = ( GEOMETRIC_REPRESENTATION_CONTEXT(2) 
PARAMETRIC_REPRESENTATION_CONTEXT() REPRESENTATION_CONTEXT('2D SPACE',''
  ) );
#12679 = ADVANCED_FACE('',(#12680),#9251,.T.);
#12680 = FACE_BOUND('',#12681,.T.);
#12681 = EDGE_LOOP('',(#12682,#12683,#12684,#12707));
#12682 = ORIENTED_EDGE('',*,*,#9235,.T.);
#12683 = ORIENTED_EDGE('',*,*,#12659,.F.);
#12684 = ORIENTED_EDGE('',*,*,#12685,.T.);
#12685 = EDGE_CURVE('',#12637,#12686,#12688,.T.);
#12686 = VERTEX_POINT('',#12687);
#12687 = CARTESIAN_POINT('',(32.499999523163,256.00352485639,
    -143.6399997711));
#12688 = SURFACE_CURVE('',#12689,(#12693,#12700),.PCURVE_S1.);
#12689 = LINE('',#12690,#12691);
#12690 = CARTESIAN_POINT('',(27.880191326141,255.39531715375,
    -143.6399997711));
#12691 = VECTOR('',#12692,1.);
#12692 = DIRECTION('',(0.991444905389,0.130525857889,0.));
#12693 = PCURVE('',#9251,#12694);
#12694 = DEFINITIONAL_REPRESENTATION('',(#12695),#12699);
#12695 = LINE('',#12696,#12697);
#12696 = CARTESIAN_POINT('',(-1.527510048886,-4.182326132042));
#12697 = VECTOR('',#12698,1.);
#12698 = DIRECTION('',(1.,0.));
#12699 = ( GEOMETRIC_REPRESENTATION_CONTEXT(2) 
PARAMETRIC_REPRESENTATION_CONTEXT() REPRESENTATION_CONTEXT('2D SPACE',''
  ) );
#12700 = PCURVE('',#11291,#12701);
#12701 = DEFINITIONAL_REPRESENTATION('',(#12702),#12706);
#12702 = LINE('',#12703,#12704);
#12703 = CARTESIAN_POINT('',(22.013875427084,-17.24136352539));
#12704 = VECTOR('',#12705,1.);
#12705 = DIRECTION('',(-0.991444905389,-0.130525857889));
#12706 = ( GEOMETRIC_REPRESENTATION_CONTEXT(2) 
PARAMETRIC_REPRESENTATION_CONTEXT() REPRESENTATION_CONTEXT('2D SPACE',''
  ) );
#12707 = ORIENTED_EDGE('',*,*,#12708,.T.);
#12708 = EDGE_CURVE('',#12686,#9236,#12709,.T.);
#12709 = SURFACE_CURVE('',#12710,(#12714,#12721),.PCURVE_S1.);
#12710 = LINE('',#12711,#12712);
#12711 = CARTESIAN_POINT('',(32.499999523163,256.00352485639,
    -143.6399997711));
#12712 = VECTOR('',#12713,1.);
#12713 = DIRECTION('',(-0.,0.,-1.));
#12714 = PCURVE('',#9251,#12715);
#12715 = DEFINITIONAL_REPRESENTATION('',(#12716),#12720);
#12716 = LINE('',#12717,#12718);
#12717 = CARTESIAN_POINT('',(3.132162084088,-4.182326132042));
#12718 = VECTOR('',#12719,1.);
#12719 = DIRECTION('',(0.,1.));
#12720 = ( GEOMETRIC_REPRESENTATION_CONTEXT(2) 
PARAMETRIC_REPRESENTATION_CONTEXT() REPRESENTATION_CONTEXT('2D SPACE',''
  ) );
#12721 = PCURVE('',#9277,#12722);
#12722 = DEFINITIONAL_REPRESENTATION('',(#12723),#12727);
#12723 = LINE('',#12724,#12725);
#12724 = CARTESIAN_POINT('',(-1.527510789951,-4.182326336493));
#12725 = VECTOR('',#12726,1.);
#12726 = DIRECTION('',(-0.,1.));
#12727 = ( GEOMETRIC_REPRESENTATION_CONTEXT(2) 
PARAMETRIC_REPRESENTATION_CONTEXT() REPRESENTATION_CONTEXT('2D SPACE',''
  ) );
#12728 = ADVANCED_FACE('',(#12729),#9277,.T.);
#12729 = FACE_BOUND('',#12730,.T.);
#12730 = EDGE_LOOP('',(#12731,#12732,#12733,#12754));
#12731 = ORIENTED_EDGE('',*,*,#9263,.T.);
#12732 = ORIENTED_EDGE('',*,*,#12708,.F.);
#12733 = ORIENTED_EDGE('',*,*,#12734,.T.);
#12734 = EDGE_CURVE('',#12686,#11253,#12735,.T.);
#12735 = SURFACE_CURVE('',#12736,(#12740,#12747),.PCURVE_S1.);
#12736 = LINE('',#12737,#12738);
#12737 = CARTESIAN_POINT('',(32.499999523163,256.00352485639,
    -143.6399997711));
#12738 = VECTOR('',#12739,1.);
#12739 = DIRECTION('',(0.991444912363,-0.130525804918,0.));
#12740 = PCURVE('',#9277,#12741);
#12741 = DEFINITIONAL_REPRESENTATION('',(#12742),#12746);
#12742 = LINE('',#12743,#12744);
#12743 = CARTESIAN_POINT('',(-1.527510789951,-4.182326336493));
#12744 = VECTOR('',#12745,1.);
#12745 = DIRECTION('',(1.,-0.));
#12746 = ( GEOMETRIC_REPRESENTATION_CONTEXT(2) 
PARAMETRIC_REPRESENTATION_CONTEXT() REPRESENTATION_CONTEXT('2D SPACE',''
  ) );
#12747 = PCURVE('',#11291,#12748);
#12748 = DEFINITIONAL_REPRESENTATION('',(#12749),#12753);
#12749 = LINE('',#12750,#12751);
#12750 = CARTESIAN_POINT('',(17.394067230062,-17.84957122802));
#12751 = VECTOR('',#12752,1.);
#12752 = DIRECTION('',(-0.991444912363,0.130525804918));
#12753 = ( GEOMETRIC_REPRESENTATION_CONTEXT(2) 
PARAMETRIC_REPRESENTATION_CONTEXT() REPRESENTATION_CONTEXT('2D SPACE',''
  ) );
#12754 = ORIENTED_EDGE('',*,*,#11252,.T.);
#12755 = ADVANCED_FACE('',(#12756),#9309,.T.);
#12756 = FACE_BOUND('',#12757,.T.);
#12757 = EDGE_LOOP('',(#12758,#12779,#12780,#12801));
#12758 = ORIENTED_EDGE('',*,*,#12759,.T.);
#12759 = EDGE_CURVE('',#10738,#9292,#12760,.T.);
#12760 = SURFACE_CURVE('',#12761,(#12765,#12772),.PCURVE_S1.);
#12761 = LINE('',#12762,#12763);
#12762 = CARTESIAN_POINT('',(37.42010641098,238.15395362836,-149.4));
#12763 = VECTOR('',#12764,1.);
#12764 = DIRECTION('',(-0.,0.,-1.));
#12765 = PCURVE('',#9309,#12766);
#12766 = DEFINITIONAL_REPRESENTATION('',(#12767),#12771);
#12767 = LINE('',#12768,#12769);
#12768 = CARTESIAN_POINT('',(-0.47804917538,0.664154150415));
#12769 = VECTOR('',#12770,1.);
#12770 = DIRECTION('',(-0.,-1.));
#12771 = ( GEOMETRIC_REPRESENTATION_CONTEXT(2) 
PARAMETRIC_REPRESENTATION_CONTEXT() REPRESENTATION_CONTEXT('2D SPACE',''
  ) );
#12772 = PCURVE('',#9337,#12773);
#12773 = DEFINITIONAL_REPRESENTATION('',(#12774),#12778);
#12774 = LINE('',#12775,#12776);
#12775 = CARTESIAN_POINT('',(0.806357476211,0.664154150415));
#12776 = VECTOR('',#12777,1.);
#12777 = DIRECTION('',(0.,-1.));
#12778 = ( GEOMETRIC_REPRESENTATION_CONTEXT(2) 
PARAMETRIC_REPRESENTATION_CONTEXT() REPRESENTATION_CONTEXT('2D SPACE',''
  ) );
#12779 = ORIENTED_EDGE('',*,*,#9291,.T.);
#12780 = ORIENTED_EDGE('',*,*,#12781,.F.);
#12781 = EDGE_CURVE('',#10761,#9294,#12782,.T.);
#12782 = SURFACE_CURVE('',#12783,(#12787,#12794),.PCURVE_S1.);
#12783 = LINE('',#12784,#12785);
#12784 = CARTESIAN_POINT('',(37.252458095551,236.88053520185,-149.4));
#12785 = VECTOR('',#12786,1.);
#12786 = DIRECTION('',(-0.,0.,-1.));
#12787 = PCURVE('',#9309,#12788);
#12788 = DEFINITIONAL_REPRESENTATION('',(#12789),#12793);
#12789 = LINE('',#12790,#12791);
#12790 = CARTESIAN_POINT('',(0.806357476211,0.664154150415));
#12791 = VECTOR('',#12792,1.);
#12792 = DIRECTION('',(-0.,-1.));
#12793 = ( GEOMETRIC_REPRESENTATION_CONTEXT(2) 
PARAMETRIC_REPRESENTATION_CONTEXT() REPRESENTATION_CONTEXT('2D SPACE',''
  ) );
#12794 = PCURVE('',#9885,#12795);
#12795 = DEFINITIONAL_REPRESENTATION('',(#12796),#12800);
#12796 = LINE('',#12797,#12798);
#12797 = CARTESIAN_POINT('',(-0.478047746635,0.664153981948));
#12798 = VECTOR('',#12799,1.);
#12799 = DIRECTION('',(-0.,-1.));
#12800 = ( GEOMETRIC_REPRESENTATION_CONTEXT(2) 
PARAMETRIC_REPRESENTATION_CONTEXT() REPRESENTATION_CONTEXT('2D SPACE',''
  ) );
#12801 = ORIENTED_EDGE('',*,*,#10760,.F.);
#12802 = ADVANCED_FACE('',(#12803),#9337,.T.);
#12803 = FACE_BOUND('',#12804,.T.);
#12804 = EDGE_LOOP('',(#12805,#12806,#12807,#12808));
#12805 = ORIENTED_EDGE('',*,*,#10016,.T.);
#12806 = ORIENTED_EDGE('',*,*,#9321,.T.);
#12807 = ORIENTED_EDGE('',*,*,#12759,.F.);
#12808 = ORIENTED_EDGE('',*,*,#10737,.F.);
#12809 = ADVANCED_FACE('',(#12810),#9411,.T.);
#12810 = FACE_BOUND('',#12811,.T.);
#12811 = EDGE_LOOP('',(#12812,#12813,#12814,#12815));
#12812 = ORIENTED_EDGE('',*,*,#9395,.T.);
#12813 = ORIENTED_EDGE('',*,*,#11227,.F.);
#12814 = ORIENTED_EDGE('',*,*,#11174,.F.);
#12815 = ORIENTED_EDGE('',*,*,#12816,.T.);
#12816 = EDGE_CURVE('',#11152,#9396,#12817,.T.);
#12817 = SURFACE_CURVE('',#12818,(#12822,#12829),.PCURVE_S1.);
#12818 = LINE('',#12819,#12820);
#12819 = CARTESIAN_POINT('',(32.499999523163,243.07405860883,-149.4));
#12820 = VECTOR('',#12821,1.);
#12821 = DIRECTION('',(-0.,0.,-1.));
#12822 = PCURVE('',#9411,#12823);
#12823 = DEFINITIONAL_REPRESENTATION('',(#12824),#12828);
#12824 = LINE('',#12825,#12826);
#12825 = CARTESIAN_POINT('',(0.806357476211,-0.664154150415));
#12826 = VECTOR('',#12827,1.);
#12827 = DIRECTION('',(0.,1.));
#12828 = ( GEOMETRIC_REPRESENTATION_CONTEXT(2) 
PARAMETRIC_REPRESENTATION_CONTEXT() REPRESENTATION_CONTEXT('2D SPACE',''
  ) );
#12829 = PCURVE('',#9439,#12830);
#12830 = DEFINITIONAL_REPRESENTATION('',(#12831),#12835);
#12831 = LINE('',#12832,#12833);
#12832 = CARTESIAN_POINT('',(-0.478047483807,-0.664153950958));
#12833 = VECTOR('',#12834,1.);
#12834 = DIRECTION('',(-0.,1.));
#12835 = ( GEOMETRIC_REPRESENTATION_CONTEXT(2) 
PARAMETRIC_REPRESENTATION_CONTEXT() REPRESENTATION_CONTEXT('2D SPACE',''
  ) );
#12836 = ADVANCED_FACE('',(#12837),#9439,.T.);
#12837 = FACE_BOUND('',#12838,.T.);
#12838 = EDGE_LOOP('',(#12839,#12840,#12841,#12842));
#12839 = ORIENTED_EDGE('',*,*,#9423,.T.);
#12840 = ORIENTED_EDGE('',*,*,#12816,.F.);
#12841 = ORIENTED_EDGE('',*,*,#11151,.F.);
#12842 = ORIENTED_EDGE('',*,*,#12843,.T.);
#12843 = EDGE_CURVE('',#11129,#9424,#12844,.T.);
#12844 = SURFACE_CURVE('',#12845,(#12849,#12856),.PCURVE_S1.);
#12845 = LINE('',#12846,#12847);
#12846 = CARTESIAN_POINT('',(31.226584911346,242.9064102934,-149.4));
#12847 = VECTOR('',#12848,1.);
#12848 = DIRECTION('',(-0.,0.,-1.));
#12849 = PCURVE('',#9439,#12850);
#12850 = DEFINITIONAL_REPRESENTATION('',(#12851),#12855);
#12851 = LINE('',#12852,#12853);
#12852 = CARTESIAN_POINT('',(0.806355385722,-0.664153950958));
#12853 = VECTOR('',#12854,1.);
#12854 = DIRECTION('',(-0.,1.));
#12855 = ( GEOMETRIC_REPRESENTATION_CONTEXT(2) 
PARAMETRIC_REPRESENTATION_CONTEXT() REPRESENTATION_CONTEXT('2D SPACE',''
  ) );
#12856 = PCURVE('',#9467,#12857);
#12857 = DEFINITIONAL_REPRESENTATION('',(#12858),#12862);
#12858 = LINE('',#12859,#12860);
#12859 = CARTESIAN_POINT('',(-0.478049322931,-0.664154167813));
#12860 = VECTOR('',#12861,1.);
#12861 = DIRECTION('',(-0.,1.));
#12862 = ( GEOMETRIC_REPRESENTATION_CONTEXT(2) 
PARAMETRIC_REPRESENTATION_CONTEXT() REPRESENTATION_CONTEXT('2D SPACE',''
  ) );
#12863 = ADVANCED_FACE('',(#12864),#9467,.T.);
#12864 = FACE_BOUND('',#12865,.T.);
#12865 = EDGE_LOOP('',(#12866,#12867,#12868,#12869));
#12866 = ORIENTED_EDGE('',*,*,#9451,.T.);
#12867 = ORIENTED_EDGE('',*,*,#12843,.F.);
#12868 = ORIENTED_EDGE('',*,*,#11128,.F.);
#12869 = ORIENTED_EDGE('',*,*,#12870,.T.);
#12870 = EDGE_CURVE('',#11106,#9452,#12871,.T.);
#12871 = SURFACE_CURVE('',#12872,(#12876,#12883),.PCURVE_S1.);
#12872 = LINE('',#12873,#12874);
#12873 = CARTESIAN_POINT('',(30.039947032928,242.41489036542,-149.4));
#12874 = VECTOR('',#12875,1.);
#12875 = DIRECTION('',(-0.,0.,-1.));
#12876 = PCURVE('',#9467,#12877);
#12877 = DEFINITIONAL_REPRESENTATION('',(#12878),#12882);
#12878 = LINE('',#12879,#12880);
#12879 = CARTESIAN_POINT('',(0.806357658558,-0.664154167813));
#12880 = VECTOR('',#12881,1.);
#12881 = DIRECTION('',(-0.,1.));
#12882 = ( GEOMETRIC_REPRESENTATION_CONTEXT(2) 
PARAMETRIC_REPRESENTATION_CONTEXT() REPRESENTATION_CONTEXT('2D SPACE',''
  ) );
#12883 = PCURVE('',#9495,#12884);
#12884 = DEFINITIONAL_REPRESENTATION('',(#12885),#12889);
#12885 = LINE('',#12886,#12887);
#12886 = CARTESIAN_POINT('',(-0.478047574446,-0.664153961645));
#12887 = VECTOR('',#12888,1.);
#12888 = DIRECTION('',(0.,1.));
#12889 = ( GEOMETRIC_REPRESENTATION_CONTEXT(2) 
PARAMETRIC_REPRESENTATION_CONTEXT() REPRESENTATION_CONTEXT('2D SPACE',''
  ) );
#12890 = ADVANCED_FACE('',(#12891),#9495,.T.);
#12891 = FACE_BOUND('',#12892,.T.);
#12892 = EDGE_LOOP('',(#12893,#12894,#12895,#12896));
#12893 = ORIENTED_EDGE('',*,*,#9479,.T.);
#12894 = ORIENTED_EDGE('',*,*,#12870,.F.);
#12895 = ORIENTED_EDGE('',*,*,#11105,.F.);
#12896 = ORIENTED_EDGE('',*,*,#12897,.T.);
#12897 = EDGE_CURVE('',#11083,#9480,#12898,.T.);
#12898 = SURFACE_CURVE('',#12899,(#12903,#12910),.PCURVE_S1.);
#12899 = LINE('',#12900,#12901);
#12900 = CARTESIAN_POINT('',(29.020961284637,241.63299568159,-149.4));
#12901 = VECTOR('',#12902,1.);
#12902 = DIRECTION('',(-0.,0.,-1.));
#12903 = PCURVE('',#9495,#12904);
#12904 = DEFINITIONAL_REPRESENTATION('',(#12905),#12909);
#12905 = LINE('',#12906,#12907);
#12906 = CARTESIAN_POINT('',(0.806355497737,-0.664153961645));
#12907 = VECTOR('',#12908,1.);
#12908 = DIRECTION('',(0.,1.));
#12909 = ( GEOMETRIC_REPRESENTATION_CONTEXT(2) 
PARAMETRIC_REPRESENTATION_CONTEXT() REPRESENTATION_CONTEXT('2D SPACE',''
  ) );
#12910 = PCURVE('',#9523,#12911);
#12911 = DEFINITIONAL_REPRESENTATION('',(#12912),#12916);
#12912 = LINE('',#12913,#12914);
#12913 = CARTESIAN_POINT('',(0.478049966693,0.335845756279));
#12914 = VECTOR('',#12915,1.);
#12915 = DIRECTION('',(0.,-1.));
#12916 = ( GEOMETRIC_REPRESENTATION_CONTEXT(2) 
PARAMETRIC_REPRESENTATION_CONTEXT() REPRESENTATION_CONTEXT('2D SPACE',''
  ) );
#12917 = ADVANCED_FACE('',(#12918),#9523,.T.);
#12918 = FACE_BOUND('',#12919,.T.);
#12919 = EDGE_LOOP('',(#12920,#12921,#12922,#12943));
#12920 = ORIENTED_EDGE('',*,*,#12897,.F.);
#12921 = ORIENTED_EDGE('',*,*,#11082,.F.);
#12922 = ORIENTED_EDGE('',*,*,#12923,.T.);
#12923 = EDGE_CURVE('',#11060,#9508,#12924,.T.);
#12924 = SURFACE_CURVE('',#12925,(#12929,#12936),.PCURVE_S1.);
#12925 = LINE('',#12926,#12927);
#12926 = CARTESIAN_POINT('',(28.239062786102,240.6140061186,-149.4));
#12927 = VECTOR('',#12928,1.);
#12928 = DIRECTION('',(-0.,0.,-1.));
#12929 = PCURVE('',#9523,#12930);
#12930 = DEFINITIONAL_REPRESENTATION('',(#12931),#12935);
#12931 = LINE('',#12932,#12933);
#12932 = CARTESIAN_POINT('',(-0.806358454134,0.335845756279));
#12933 = VECTOR('',#12934,1.);
#12934 = DIRECTION('',(0.,-1.));
#12935 = ( GEOMETRIC_REPRESENTATION_CONTEXT(2) 
PARAMETRIC_REPRESENTATION_CONTEXT() REPRESENTATION_CONTEXT('2D SPACE',''
  ) );
#12936 = PCURVE('',#9551,#12937);
#12937 = DEFINITIONAL_REPRESENTATION('',(#12938),#12942);
#12938 = LINE('',#12939,#12940);
#12939 = CARTESIAN_POINT('',(0.478047746635,0.335846018052));
#12940 = VECTOR('',#12941,1.);
#12941 = DIRECTION('',(0.,-1.));
#12942 = ( GEOMETRIC_REPRESENTATION_CONTEXT(2) 
PARAMETRIC_REPRESENTATION_CONTEXT() REPRESENTATION_CONTEXT('2D SPACE',''
  ) );
#12943 = ORIENTED_EDGE('',*,*,#9507,.T.);
#12944 = ADVANCED_FACE('',(#12945),#9551,.T.);
#12945 = FACE_BOUND('',#12946,.T.);
#12946 = EDGE_LOOP('',(#12947,#12948,#12949,#12970));
#12947 = ORIENTED_EDGE('',*,*,#12923,.F.);
#12948 = ORIENTED_EDGE('',*,*,#11059,.F.);
#12949 = ORIENTED_EDGE('',*,*,#12950,.T.);
#12950 = EDGE_CURVE('',#11037,#9536,#12951,.T.);
#12951 = SURFACE_CURVE('',#12952,(#12956,#12963),.PCURVE_S1.);
#12952 = LINE('',#12953,#12954);
#12953 = CARTESIAN_POINT('',(27.747542858124,239.42737205488,-149.4));
#12954 = VECTOR('',#12955,1.);
#12955 = DIRECTION('',(-0.,0.,-1.));
#12956 = PCURVE('',#9551,#12957);
#12957 = DEFINITIONAL_REPRESENTATION('',(#12958),#12962);
#12958 = LINE('',#12959,#12960);
#12959 = CARTESIAN_POINT('',(-0.806355710532,0.335846018052));
#12960 = VECTOR('',#12961,1.);
#12961 = DIRECTION('',(0.,-1.));
#12962 = ( GEOMETRIC_REPRESENTATION_CONTEXT(2) 
PARAMETRIC_REPRESENTATION_CONTEXT() REPRESENTATION_CONTEXT('2D SPACE',''
  ) );
#12963 = PCURVE('',#9579,#12964);
#12964 = DEFINITIONAL_REPRESENTATION('',(#12965),#12969);
#12965 = LINE('',#12966,#12967);
#12966 = CARTESIAN_POINT('',(0.47804917538,0.335845849585));
#12967 = VECTOR('',#12968,1.);
#12968 = DIRECTION('',(0.,-1.));
#12969 = ( GEOMETRIC_REPRESENTATION_CONTEXT(2) 
PARAMETRIC_REPRESENTATION_CONTEXT() REPRESENTATION_CONTEXT('2D SPACE',''
  ) );
#12970 = ORIENTED_EDGE('',*,*,#9535,.T.);
#12971 = ADVANCED_FACE('',(#12972),#9579,.T.);
#12972 = FACE_BOUND('',#12973,.T.);
#12973 = EDGE_LOOP('',(#12974,#12975,#12976,#12997));
#12974 = ORIENTED_EDGE('',*,*,#12950,.F.);
#12975 = ORIENTED_EDGE('',*,*,#11036,.F.);
#12976 = ORIENTED_EDGE('',*,*,#12977,.T.);
#12977 = EDGE_CURVE('',#11014,#9564,#12978,.T.);
#12978 = SURFACE_CURVE('',#12979,(#12983,#12990),.PCURVE_S1.);
#12979 = LINE('',#12980,#12981);
#12980 = CARTESIAN_POINT('',(27.579894542694,238.15395362836,-149.4));
#12981 = VECTOR('',#12982,1.);
#12982 = DIRECTION('',(-0.,0.,-1.));
#12983 = PCURVE('',#9579,#12984);
#12984 = DEFINITIONAL_REPRESENTATION('',(#12985),#12989);
#12985 = LINE('',#12986,#12987);
#12986 = CARTESIAN_POINT('',(-0.806357476211,0.335845849585));
#12987 = VECTOR('',#12988,1.);
#12988 = DIRECTION('',(0.,-1.));
#12989 = ( GEOMETRIC_REPRESENTATION_CONTEXT(2) 
PARAMETRIC_REPRESENTATION_CONTEXT() REPRESENTATION_CONTEXT('2D SPACE',''
  ) );
#12990 = PCURVE('',#9607,#12991);
#12991 = DEFINITIONAL_REPRESENTATION('',(#12992),#12996);
#12992 = LINE('',#12993,#12994);
#12993 = CARTESIAN_POINT('',(0.47804917538,0.335845849585));
#12994 = VECTOR('',#12995,1.);
#12995 = DIRECTION('',(0.,-1.));
#12996 = ( GEOMETRIC_REPRESENTATION_CONTEXT(2) 
PARAMETRIC_REPRESENTATION_CONTEXT() REPRESENTATION_CONTEXT('2D SPACE',''
  ) );
#12997 = ORIENTED_EDGE('',*,*,#9563,.T.);
#12998 = ADVANCED_FACE('',(#12999),#9607,.T.);
#12999 = FACE_BOUND('',#13000,.T.);
#13000 = EDGE_LOOP('',(#13001,#13002,#13003,#13024));
#13001 = ORIENTED_EDGE('',*,*,#12977,.F.);
#13002 = ORIENTED_EDGE('',*,*,#11013,.F.);
#13003 = ORIENTED_EDGE('',*,*,#13004,.T.);
#13004 = EDGE_CURVE('',#10991,#9592,#13005,.T.);
#13005 = SURFACE_CURVE('',#13006,(#13010,#13017),.PCURVE_S1.);
#13006 = LINE('',#13007,#13008);
#13007 = CARTESIAN_POINT('',(27.747542858124,236.88053520185,-149.4));
#13008 = VECTOR('',#13009,1.);
#13009 = DIRECTION('',(-0.,0.,-1.));
#13010 = PCURVE('',#9607,#13011);
#13011 = DEFINITIONAL_REPRESENTATION('',(#13012),#13016);
#13012 = LINE('',#13013,#13014);
#13013 = CARTESIAN_POINT('',(-0.806357476211,0.335845849585));
#13014 = VECTOR('',#13015,1.);
#13015 = DIRECTION('',(0.,-1.));
#13016 = ( GEOMETRIC_REPRESENTATION_CONTEXT(2) 
PARAMETRIC_REPRESENTATION_CONTEXT() REPRESENTATION_CONTEXT('2D SPACE',''
  ) );
#13017 = PCURVE('',#9635,#13018);
#13018 = DEFINITIONAL_REPRESENTATION('',(#13019),#13023);
#13019 = LINE('',#13020,#13021);
#13020 = CARTESIAN_POINT('',(0.478047746635,0.335846018052));
#13021 = VECTOR('',#13022,1.);
#13022 = DIRECTION('',(0.,-1.));
#13023 = ( GEOMETRIC_REPRESENTATION_CONTEXT(2) 
PARAMETRIC_REPRESENTATION_CONTEXT() REPRESENTATION_CONTEXT('2D SPACE',''
  ) );
#13024 = ORIENTED_EDGE('',*,*,#9591,.T.);
#13025 = ADVANCED_FACE('',(#13026),#9635,.T.);
#13026 = FACE_BOUND('',#13027,.T.);
#13027 = EDGE_LOOP('',(#13028,#13029,#13030,#13051));
#13028 = ORIENTED_EDGE('',*,*,#13004,.F.);
#13029 = ORIENTED_EDGE('',*,*,#10990,.F.);
#13030 = ORIENTED_EDGE('',*,*,#13031,.T.);
#13031 = EDGE_CURVE('',#10968,#9620,#13032,.T.);
#13032 = SURFACE_CURVE('',#13033,(#13037,#13044),.PCURVE_S1.);
#13033 = LINE('',#13034,#13035);
#13034 = CARTESIAN_POINT('',(28.239062786102,235.69390113813,-149.4));
#13035 = VECTOR('',#13036,1.);
#13036 = DIRECTION('',(-0.,0.,-1.));
#13037 = PCURVE('',#9635,#13038);
#13038 = DEFINITIONAL_REPRESENTATION('',(#13039),#13043);
#13039 = LINE('',#13040,#13041);
#13040 = CARTESIAN_POINT('',(-0.806355710532,0.335846018052));
#13041 = VECTOR('',#13042,1.);
#13042 = DIRECTION('',(0.,-1.));
#13043 = ( GEOMETRIC_REPRESENTATION_CONTEXT(2) 
PARAMETRIC_REPRESENTATION_CONTEXT() REPRESENTATION_CONTEXT('2D SPACE',''
  ) );
#13044 = PCURVE('',#9663,#13045);
#13045 = DEFINITIONAL_REPRESENTATION('',(#13046),#13050);
#13046 = LINE('',#13047,#13048);
#13047 = CARTESIAN_POINT('',(0.478048613098,0.335845915885));
#13048 = VECTOR('',#13049,1.);
#13049 = DIRECTION('',(0.,-1.));
#13050 = ( GEOMETRIC_REPRESENTATION_CONTEXT(2) 
PARAMETRIC_REPRESENTATION_CONTEXT() REPRESENTATION_CONTEXT('2D SPACE',''
  ) );
#13051 = ORIENTED_EDGE('',*,*,#9619,.T.);
#13052 = ADVANCED_FACE('',(#13053),#9663,.T.);
#13053 = FACE_BOUND('',#13054,.T.);
#13054 = EDGE_LOOP('',(#13055,#13056,#13057,#13078));
#13055 = ORIENTED_EDGE('',*,*,#13031,.F.);
#13056 = ORIENTED_EDGE('',*,*,#10967,.F.);
#13057 = ORIENTED_EDGE('',*,*,#13058,.T.);
#13058 = EDGE_CURVE('',#10945,#9648,#13059,.T.);
#13059 = SURFACE_CURVE('',#13060,(#13064,#13071),.PCURVE_S1.);
#13060 = LINE('',#13061,#13062);
#13061 = CARTESIAN_POINT('',(29.020961284637,234.67491538984,-149.4));
#13062 = VECTOR('',#13063,1.);
#13063 = DIRECTION('',(-0.,0.,-1.));
#13064 = PCURVE('',#9663,#13065);
#13065 = DEFINITIONAL_REPRESENTATION('',(#13066),#13070);
#13066 = LINE('',#13067,#13068);
#13067 = CARTESIAN_POINT('',(-0.806356781329,0.335845915885));
#13068 = VECTOR('',#13069,1.);
#13069 = DIRECTION('',(0.,-1.));
#13070 = ( GEOMETRIC_REPRESENTATION_CONTEXT(2) 
PARAMETRIC_REPRESENTATION_CONTEXT() REPRESENTATION_CONTEXT('2D SPACE',''
  ) );
#13071 = PCURVE('',#9691,#13072);
#13072 = DEFINITIONAL_REPRESENTATION('',(#13073),#13077);
#13073 = LINE('',#13074,#13075);
#13074 = CARTESIAN_POINT('',(-0.478048613098,-0.664154084115));
#13075 = VECTOR('',#13076,1.);
#13076 = DIRECTION('',(-0.,1.));
#13077 = ( GEOMETRIC_REPRESENTATION_CONTEXT(2) 
PARAMETRIC_REPRESENTATION_CONTEXT() REPRESENTATION_CONTEXT('2D SPACE',''
  ) );
#13078 = ORIENTED_EDGE('',*,*,#9647,.T.);
#13079 = ADVANCED_FACE('',(#13080),#9691,.T.);
#13080 = FACE_BOUND('',#13081,.T.);
#13081 = EDGE_LOOP('',(#13082,#13083,#13084,#13085));
#13082 = ORIENTED_EDGE('',*,*,#9675,.T.);
#13083 = ORIENTED_EDGE('',*,*,#13058,.F.);
#13084 = ORIENTED_EDGE('',*,*,#10944,.F.);
#13085 = ORIENTED_EDGE('',*,*,#13086,.T.);
#13086 = EDGE_CURVE('',#10922,#9676,#13087,.T.);
#13087 = SURFACE_CURVE('',#13088,(#13092,#13099),.PCURVE_S1.);
#13088 = LINE('',#13089,#13090);
#13089 = CARTESIAN_POINT('',(30.039947032928,233.8930168913,-149.4));
#13090 = VECTOR('',#13091,1.);
#13091 = DIRECTION('',(-0.,0.,-1.));
#13092 = PCURVE('',#9691,#13093);
#13093 = DEFINITIONAL_REPRESENTATION('',(#13094),#13098);
#13094 = LINE('',#13095,#13096);
#13095 = CARTESIAN_POINT('',(0.806356781329,-0.664154084115));
#13096 = VECTOR('',#13097,1.);
#13097 = DIRECTION('',(-0.,1.));
#13098 = ( GEOMETRIC_REPRESENTATION_CONTEXT(2) 
PARAMETRIC_REPRESENTATION_CONTEXT() REPRESENTATION_CONTEXT('2D SPACE',''
  ) );
#13099 = PCURVE('',#9719,#13100);
#13100 = DEFINITIONAL_REPRESENTATION('',(#13101),#13105);
#13101 = LINE('',#13102,#13103);
#13102 = CARTESIAN_POINT('',(-0.478049322931,-0.664154167813));
#13103 = VECTOR('',#13104,1.);
#13104 = DIRECTION('',(-0.,1.));
#13105 = ( GEOMETRIC_REPRESENTATION_CONTEXT(2) 
PARAMETRIC_REPRESENTATION_CONTEXT() REPRESENTATION_CONTEXT('2D SPACE',''
  ) );
#13106 = ADVANCED_FACE('',(#13107),#9719,.T.);
#13107 = FACE_BOUND('',#13108,.T.);
#13108 = EDGE_LOOP('',(#13109,#13110,#13111,#13112));
#13109 = ORIENTED_EDGE('',*,*,#9703,.T.);
#13110 = ORIENTED_EDGE('',*,*,#13086,.F.);
#13111 = ORIENTED_EDGE('',*,*,#10921,.F.);
#13112 = ORIENTED_EDGE('',*,*,#13113,.T.);
#13113 = EDGE_CURVE('',#10899,#9704,#13114,.T.);
#13114 = SURFACE_CURVE('',#13115,(#13119,#13126),.PCURVE_S1.);
#13115 = LINE('',#13116,#13117);
#13116 = CARTESIAN_POINT('',(31.226584911346,233.40149696332,-149.4));
#13117 = VECTOR('',#13118,1.);
#13118 = DIRECTION('',(-0.,0.,-1.));
#13119 = PCURVE('',#9719,#13120);
#13120 = DEFINITIONAL_REPRESENTATION('',(#13121),#13125);
#13121 = LINE('',#13122,#13123);
#13122 = CARTESIAN_POINT('',(0.806357658557,-0.664154167813));
#13123 = VECTOR('',#13124,1.);
#13124 = DIRECTION('',(-0.,1.));
#13125 = ( GEOMETRIC_REPRESENTATION_CONTEXT(2) 
PARAMETRIC_REPRESENTATION_CONTEXT() REPRESENTATION_CONTEXT('2D SPACE',''
  ) );
#13126 = PCURVE('',#9747,#13127);
#13127 = DEFINITIONAL_REPRESENTATION('',(#13128),#13132);
#13128 = LINE('',#13129,#13130);
#13129 = CARTESIAN_POINT('',(-0.478047483807,-0.664153950958));
#13130 = VECTOR('',#13131,1.);
#13131 = DIRECTION('',(-0.,1.));
#13132 = ( GEOMETRIC_REPRESENTATION_CONTEXT(2) 
PARAMETRIC_REPRESENTATION_CONTEXT() REPRESENTATION_CONTEXT('2D SPACE',''
  ) );
#13133 = ADVANCED_FACE('',(#13134),#9747,.T.);
#13134 = FACE_BOUND('',#13135,.T.);
#13135 = EDGE_LOOP('',(#13136,#13137,#13138,#13139));
#13136 = ORIENTED_EDGE('',*,*,#9731,.T.);
#13137 = ORIENTED_EDGE('',*,*,#13113,.F.);
#13138 = ORIENTED_EDGE('',*,*,#10898,.F.);
#13139 = ORIENTED_EDGE('',*,*,#13140,.F.);
#13140 = EDGE_CURVE('',#9732,#10876,#13141,.T.);
#13141 = SURFACE_CURVE('',#13142,(#13146,#13153),.PCURVE_S1.);
#13142 = LINE('',#13143,#13144);
#13143 = CARTESIAN_POINT('',(32.499999523163,233.23384864789,-150.4));
#13144 = VECTOR('',#13145,1.);
#13145 = DIRECTION('',(0.,0.,1.));
#13146 = PCURVE('',#9747,#13147);
#13147 = DEFINITIONAL_REPRESENTATION('',(#13148),#13152);
#13148 = LINE('',#13149,#13150);
#13149 = CARTESIAN_POINT('',(0.806355385722,0.335846049042));
#13150 = VECTOR('',#13151,1.);
#13151 = DIRECTION('',(0.,-1.));
#13152 = ( GEOMETRIC_REPRESENTATION_CONTEXT(2) 
PARAMETRIC_REPRESENTATION_CONTEXT() REPRESENTATION_CONTEXT('2D SPACE',''
  ) );
#13153 = PCURVE('',#9775,#13154);
#13154 = DEFINITIONAL_REPRESENTATION('',(#13155),#13159);
#13155 = LINE('',#13156,#13157);
#13156 = CARTESIAN_POINT('',(-0.47804917538,0.335845849585));
#13157 = VECTOR('',#13158,1.);
#13158 = DIRECTION('',(0.,-1.));
#13159 = ( GEOMETRIC_REPRESENTATION_CONTEXT(2) 
PARAMETRIC_REPRESENTATION_CONTEXT() REPRESENTATION_CONTEXT('2D SPACE',''
  ) );
#13160 = ADVANCED_FACE('',(#13161),#9775,.T.);
#13161 = FACE_BOUND('',#13162,.T.);
#13162 = EDGE_LOOP('',(#13163,#13164,#13165,#13166));
#13163 = ORIENTED_EDGE('',*,*,#9759,.T.);
#13164 = ORIENTED_EDGE('',*,*,#13140,.T.);
#13165 = ORIENTED_EDGE('',*,*,#10875,.F.);
#13166 = ORIENTED_EDGE('',*,*,#13167,.T.);
#13167 = EDGE_CURVE('',#10853,#9760,#13168,.T.);
#13168 = SURFACE_CURVE('',#13169,(#13173,#13180),.PCURVE_S1.);
#13169 = LINE('',#13170,#13171);
#13170 = CARTESIAN_POINT('',(33.773417949677,233.40149696332,-149.4));
#13171 = VECTOR('',#13172,1.);
#13172 = DIRECTION('',(-0.,0.,-1.));
#13173 = PCURVE('',#9775,#13174);
#13174 = DEFINITIONAL_REPRESENTATION('',(#13175),#13179);
#13175 = LINE('',#13176,#13177);
#13176 = CARTESIAN_POINT('',(0.806357476211,-0.664154150415));
#13177 = VECTOR('',#13178,1.);
#13178 = DIRECTION('',(0.,1.));
#13179 = ( GEOMETRIC_REPRESENTATION_CONTEXT(2) 
PARAMETRIC_REPRESENTATION_CONTEXT() REPRESENTATION_CONTEXT('2D SPACE',''
  ) );
#13180 = PCURVE('',#9803,#13181);
#13181 = DEFINITIONAL_REPRESENTATION('',(#13182),#13186);
#13182 = LINE('',#13183,#13184);
#13183 = CARTESIAN_POINT('',(-0.478047746635,-0.664153981948));
#13184 = VECTOR('',#13185,1.);
#13185 = DIRECTION('',(0.,1.));
#13186 = ( GEOMETRIC_REPRESENTATION_CONTEXT(2) 
PARAMETRIC_REPRESENTATION_CONTEXT() REPRESENTATION_CONTEXT('2D SPACE',''
  ) );
#13187 = ADVANCED_FACE('',(#13188),#9803,.T.);
#13188 = FACE_BOUND('',#13189,.T.);
#13189 = EDGE_LOOP('',(#13190,#13191,#13192,#13193));
#13190 = ORIENTED_EDGE('',*,*,#9787,.T.);
#13191 = ORIENTED_EDGE('',*,*,#13167,.F.);
#13192 = ORIENTED_EDGE('',*,*,#10852,.F.);
#13193 = ORIENTED_EDGE('',*,*,#13194,.T.);
#13194 = EDGE_CURVE('',#10830,#9788,#13195,.T.);
#13195 = SURFACE_CURVE('',#13196,(#13200,#13207),.PCURVE_S1.);
#13196 = LINE('',#13197,#13198);
#13197 = CARTESIAN_POINT('',(34.960052013397,233.8930168913,-149.4));
#13198 = VECTOR('',#13199,1.);
#13199 = DIRECTION('',(-0.,0.,-1.));
#13200 = PCURVE('',#9803,#13201);
#13201 = DEFINITIONAL_REPRESENTATION('',(#13202),#13206);
#13202 = LINE('',#13203,#13204);
#13203 = CARTESIAN_POINT('',(0.806355710532,-0.664153981948));
#13204 = VECTOR('',#13205,1.);
#13205 = DIRECTION('',(0.,1.));
#13206 = ( GEOMETRIC_REPRESENTATION_CONTEXT(2) 
PARAMETRIC_REPRESENTATION_CONTEXT() REPRESENTATION_CONTEXT('2D SPACE',''
  ) );
#13207 = PCURVE('',#9831,#13208);
#13208 = DEFINITIONAL_REPRESENTATION('',(#13209),#13213);
#13209 = LINE('',#13210,#13211);
#13210 = CARTESIAN_POINT('',(-0.478049966693,-0.664154243721));
#13211 = VECTOR('',#13212,1.);
#13212 = DIRECTION('',(0.,1.));
#13213 = ( GEOMETRIC_REPRESENTATION_CONTEXT(2) 
PARAMETRIC_REPRESENTATION_CONTEXT() REPRESENTATION_CONTEXT('2D SPACE',''
  ) );
#13214 = ADVANCED_FACE('',(#13215),#9831,.T.);
#13215 = FACE_BOUND('',#13216,.T.);
#13216 = EDGE_LOOP('',(#13217,#13218,#13219,#13220));
#13217 = ORIENTED_EDGE('',*,*,#9815,.T.);
#13218 = ORIENTED_EDGE('',*,*,#13194,.F.);
#13219 = ORIENTED_EDGE('',*,*,#10829,.F.);
#13220 = ORIENTED_EDGE('',*,*,#13221,.T.);
#13221 = EDGE_CURVE('',#10807,#9816,#13222,.T.);
#13222 = SURFACE_CURVE('',#13223,(#13227,#13234),.PCURVE_S1.);
#13223 = LINE('',#13224,#13225);
#13224 = CARTESIAN_POINT('',(35.979041576385,234.67491538984,-149.4));
#13225 = VECTOR('',#13226,1.);
#13226 = DIRECTION('',(-0.,0.,-1.));
#13227 = PCURVE('',#9831,#13228);
#13228 = DEFINITIONAL_REPRESENTATION('',(#13229),#13233);
#13229 = LINE('',#13230,#13231);
#13230 = CARTESIAN_POINT('',(0.806358454134,-0.664154243721));
#13231 = VECTOR('',#13232,1.);
#13232 = DIRECTION('',(0.,1.));
#13233 = ( GEOMETRIC_REPRESENTATION_CONTEXT(2) 
PARAMETRIC_REPRESENTATION_CONTEXT() REPRESENTATION_CONTEXT('2D SPACE',''
  ) );
#13234 = PCURVE('',#9859,#13235);
#13235 = DEFINITIONAL_REPRESENTATION('',(#13236),#13240);
#13236 = LINE('',#13237,#13238);
#13237 = CARTESIAN_POINT('',(0.806356139532,0.66415402288));
#13238 = VECTOR('',#13239,1.);
#13239 = DIRECTION('',(-1.232595164408E-32,-1.));
#13240 = ( GEOMETRIC_REPRESENTATION_CONTEXT(2) 
PARAMETRIC_REPRESENTATION_CONTEXT() REPRESENTATION_CONTEXT('2D SPACE',''
  ) );
#13241 = ADVANCED_FACE('',(#13242),#9859,.T.);
#13242 = FACE_BOUND('',#13243,.T.);
#13243 = EDGE_LOOP('',(#13244,#13265,#13266,#13267));
#13244 = ORIENTED_EDGE('',*,*,#13245,.T.);
#13245 = EDGE_CURVE('',#10784,#9844,#13246,.T.);
#13246 = SURFACE_CURVE('',#13247,(#13251,#13258),.PCURVE_S1.);
#13247 = LINE('',#13248,#13249);
#13248 = CARTESIAN_POINT('',(36.760938167572,235.69390113813,-149.4));
#13249 = VECTOR('',#13250,1.);
#13250 = DIRECTION('',(-0.,0.,-1.));
#13251 = PCURVE('',#9859,#13252);
#13252 = DEFINITIONAL_REPRESENTATION('',(#13253),#13257);
#13253 = LINE('',#13254,#13255);
#13254 = CARTESIAN_POINT('',(-0.478048093772,0.66415402288));
#13255 = VECTOR('',#13256,1.);
#13256 = DIRECTION('',(-1.232595164408E-32,-1.));
#13257 = ( GEOMETRIC_REPRESENTATION_CONTEXT(2) 
PARAMETRIC_REPRESENTATION_CONTEXT() REPRESENTATION_CONTEXT('2D SPACE',''
  ) );
#13258 = PCURVE('',#9885,#13259);
#13259 = DEFINITIONAL_REPRESENTATION('',(#13260),#13264);
#13260 = LINE('',#13261,#13262);
#13261 = CARTESIAN_POINT('',(0.806355710532,0.664153981948));
#13262 = VECTOR('',#13263,1.);
#13263 = DIRECTION('',(-0.,-1.));
#13264 = ( GEOMETRIC_REPRESENTATION_CONTEXT(2) 
PARAMETRIC_REPRESENTATION_CONTEXT() REPRESENTATION_CONTEXT('2D SPACE',''
  ) );
#13265 = ORIENTED_EDGE('',*,*,#9843,.T.);
#13266 = ORIENTED_EDGE('',*,*,#13221,.F.);
#13267 = ORIENTED_EDGE('',*,*,#10806,.F.);
#13268 = ADVANCED_FACE('',(#13269),#9885,.T.);
#13269 = FACE_BOUND('',#13270,.T.);
#13270 = EDGE_LOOP('',(#13271,#13272,#13273,#13274));
#13271 = ORIENTED_EDGE('',*,*,#12781,.T.);
#13272 = ORIENTED_EDGE('',*,*,#9871,.T.);
#13273 = ORIENTED_EDGE('',*,*,#13245,.F.);
#13274 = ORIENTED_EDGE('',*,*,#10783,.F.);
#13275 = ADVANCED_FACE('',(#13276),#9917,.T.);
#13276 = FACE_BOUND('',#13277,.T.);
#13277 = EDGE_LOOP('',(#13278,#13279,#13302,#13325));
#13278 = ORIENTED_EDGE('',*,*,#9899,.T.);
#13279 = ORIENTED_EDGE('',*,*,#13280,.T.);
#13280 = EDGE_CURVE('',#9902,#13281,#13283,.T.);
#13281 = VERTEX_POINT('',#13282);
#13282 = CARTESIAN_POINT('',(37.598023891449,218.25358970624,
    -143.6399997711));
#13283 = SURFACE_CURVE('',#13284,(#13288,#13295),.PCURVE_S1.);
#13284 = LINE('',#13285,#13286);
#13285 = CARTESIAN_POINT('',(37.598023891449,218.25358970624,-150.4));
#13286 = VECTOR('',#13287,1.);
#13287 = DIRECTION('',(0.,0.,1.));
#13288 = PCURVE('',#9917,#13289);
#13289 = DEFINITIONAL_REPRESENTATION('',(#13290),#13294);
#13290 = LINE('',#13291,#13292);
#13291 = CARTESIAN_POINT('',(-2.199347530486,-3.917370830657));
#13292 = VECTOR('',#13293,1.);
#13293 = DIRECTION('',(1.,0.));
#13294 = ( GEOMETRIC_REPRESENTATION_CONTEXT(2) 
PARAMETRIC_REPRESENTATION_CONTEXT() REPRESENTATION_CONTEXT('2D SPACE',''
  ) );
#13295 = PCURVE('',#9999,#13296);
#13296 = DEFINITIONAL_REPRESENTATION('',(#13297),#13301);
#13297 = LINE('',#13298,#13299);
#13298 = CARTESIAN_POINT('',(-32.2874362079,-1.77405878876));
#13299 = VECTOR('',#13300,1.);
#13300 = DIRECTION('',(-2.465190328816E-32,1.));
#13301 = ( GEOMETRIC_REPRESENTATION_CONTEXT(2) 
PARAMETRIC_REPRESENTATION_CONTEXT() REPRESENTATION_CONTEXT('2D SPACE',''
  ) );
#13302 = ORIENTED_EDGE('',*,*,#13303,.T.);
#13303 = EDGE_CURVE('',#13281,#13304,#13306,.T.);
#13304 = VERTEX_POINT('',#13305);
#13305 = CARTESIAN_POINT('',(27.401977062225,218.25358970624,
    -143.6399997711));
#13306 = SURFACE_CURVE('',#13307,(#13311,#13318),.PCURVE_S1.);
#13307 = LINE('',#13308,#13309);
#13308 = CARTESIAN_POINT('',(37.598023891449,218.25358970624,
    -143.6399997711));
#13309 = VECTOR('',#13310,1.);
#13310 = DIRECTION('',(-1.,1.224646799147E-16,0.));
#13311 = PCURVE('',#9917,#13312);
#13312 = DEFINITIONAL_REPRESENTATION('',(#13313),#13317);
#13313 = LINE('',#13314,#13315);
#13314 = CARTESIAN_POINT('',(4.560652698396,-3.917370830657));
#13315 = VECTOR('',#13316,1.);
#13316 = DIRECTION('',(0.,1.));
#13317 = ( GEOMETRIC_REPRESENTATION_CONTEXT(2) 
PARAMETRIC_REPRESENTATION_CONTEXT() REPRESENTATION_CONTEXT('2D SPACE',''
  ) );
#13318 = PCURVE('',#11291,#13319);
#13319 = DEFINITIONAL_REPRESENTATION('',(#13320),#13324);
#13320 = LINE('',#13321,#13322);
#13321 = CARTESIAN_POINT('',(12.296042861776,19.900363922119));
#13322 = VECTOR('',#13323,1.);
#13323 = DIRECTION('',(1.,0.));
#13324 = ( GEOMETRIC_REPRESENTATION_CONTEXT(2) 
PARAMETRIC_REPRESENTATION_CONTEXT() REPRESENTATION_CONTEXT('2D SPACE',''
  ) );
#13325 = ORIENTED_EDGE('',*,*,#13326,.T.);
#13326 = EDGE_CURVE('',#13304,#9900,#13327,.T.);
#13327 = SURFACE_CURVE('',#13328,(#13332,#13339),.PCURVE_S1.);
#13328 = LINE('',#13329,#13330);
#13329 = CARTESIAN_POINT('',(27.401977062225,218.25358970624,
    -143.6399997711));
#13330 = VECTOR('',#13331,1.);
#13331 = DIRECTION('',(-0.,0.,-1.));
#13332 = PCURVE('',#9917,#13333);
#13333 = DEFINITIONAL_REPRESENTATION('',(#13334),#13338);
#13334 = LINE('',#13335,#13336);
#13335 = CARTESIAN_POINT('',(4.560652698396,6.278675998566));
#13336 = VECTOR('',#13337,1.);
#13337 = DIRECTION('',(-1.,0.));
#13338 = ( GEOMETRIC_REPRESENTATION_CONTEXT(2) 
PARAMETRIC_REPRESENTATION_CONTEXT() REPRESENTATION_CONTEXT('2D SPACE',''
  ) );
#13339 = PCURVE('',#9945,#13340);
#13340 = DEFINITIONAL_REPRESENTATION('',(#13341),#13345);
#13341 = LINE('',#13342,#13343);
#13342 = CARTESIAN_POINT('',(32.287436498265,1.774058788041));
#13343 = VECTOR('',#13344,1.);
#13344 = DIRECTION('',(1.094764425254E-47,-1.));
#13345 = ( GEOMETRIC_REPRESENTATION_CONTEXT(2) 
PARAMETRIC_REPRESENTATION_CONTEXT() REPRESENTATION_CONTEXT('2D SPACE',''
  ) );
#13346 = ADVANCED_FACE('',(#13347),#9945,.T.);
#13347 = FACE_BOUND('',#13348,.T.);
#13348 = EDGE_LOOP('',(#13349,#13350,#13378,#13406,#13427));
#13349 = ORIENTED_EDGE('',*,*,#13326,.F.);
#13350 = ORIENTED_EDGE('',*,*,#13351,.T.);
#13351 = EDGE_CURVE('',#13304,#13352,#13354,.T.);
#13352 = VERTEX_POINT('',#13353);
#13353 = CARTESIAN_POINT('',(6.712089061737,153.70149620038,
    -139.6399997711));
#13354 = SURFACE_CURVE('',#13355,(#13359,#13366),.PCURVE_S1.);
#13355 = LINE('',#13356,#13357);
#13356 = CARTESIAN_POINT('',(27.401977062225,218.25358970624,
    -143.6399997711));
#13357 = VECTOR('',#13358,1.);
#13358 = DIRECTION('',(-0.304690206505,-0.950628186107,
    5.890611036624E-02));
#13359 = PCURVE('',#9945,#13360);
#13360 = DEFINITIONAL_REPRESENTATION('',(#13361),#13365);
#13361 = LINE('',#13362,#13363);
#13362 = CARTESIAN_POINT('',(32.287436498265,1.774058788041));
#13363 = VECTOR('',#13364,1.);
#13364 = DIRECTION('',(-0.998263527412,5.890611036624E-02));
#13365 = ( GEOMETRIC_REPRESENTATION_CONTEXT(2) 
PARAMETRIC_REPRESENTATION_CONTEXT() REPRESENTATION_CONTEXT('2D SPACE',''
  ) );
#13366 = PCURVE('',#13367,#13372);
#13367 = PLANE('',#13368);
#13368 = AXIS2_PLACEMENT_3D('',#13369,#13370,#13371);
#13369 = CARTESIAN_POINT('',(16.458866601922,188.46376224817,
    -141.7209241899));
#13370 = DIRECTION('',(5.230032329667E-02,4.505462400709E-02,
    0.997614533294));
#13371 = DIRECTION('',(-0.998628615854,1.227304146633E-16,
    5.23534869626E-02));
#13372 = DEFINITIONAL_REPRESENTATION('',(#13373),#13377);
#13373 = LINE('',#13374,#13375);
#13374 = CARTESIAN_POINT('',(-11.02857355053,-29.82010903828));
#13375 = VECTOR('',#13376,1.);
#13376 = DIRECTION('',(0.307356299468,0.951594506698));
#13377 = ( GEOMETRIC_REPRESENTATION_CONTEXT(2) 
PARAMETRIC_REPRESENTATION_CONTEXT() REPRESENTATION_CONTEXT('2D SPACE',''
  ) );
#13378 = ORIENTED_EDGE('',*,*,#13379,.F.);
#13379 = EDGE_CURVE('',#13380,#13352,#13382,.T.);
#13380 = VERTEX_POINT('',#13381);
#13381 = CARTESIAN_POINT('',(6.712089061737,153.70149620038,
    -145.1399997711));
#13382 = SURFACE_CURVE('',#13383,(#13387,#13394),.PCURVE_S1.);
#13383 = LINE('',#13384,#13385);
#13384 = CARTESIAN_POINT('',(6.712089061737,153.70149620038,
    -145.1399997711));
#13385 = VECTOR('',#13386,1.);
#13386 = DIRECTION('',(0.,0.,1.));
#13387 = PCURVE('',#9945,#13388);
#13388 = DEFINITIONAL_REPRESENTATION('',(#13389),#13393);
#13389 = LINE('',#13390,#13391);
#13390 = CARTESIAN_POINT('',(-35.49931915106,0.274058788041));
#13391 = VECTOR('',#13392,1.);
#13392 = DIRECTION('',(-1.094764425254E-47,1.));
#13393 = ( GEOMETRIC_REPRESENTATION_CONTEXT(2) 
PARAMETRIC_REPRESENTATION_CONTEXT() REPRESENTATION_CONTEXT('2D SPACE',''
  ) );
#13394 = PCURVE('',#13395,#13400);
#13395 = PLANE('',#13396);
#13396 = AXIS2_PLACEMENT_3D('',#13397,#13398,#13399);
#13397 = CARTESIAN_POINT('',(5.068859733575,151.75088556745,
    -140.9216497107));
#13398 = DIRECTION('',(0.764793374984,-0.644275634788,
    -3.053113317719E-16));
#13399 = DIRECTION('',(0.644275634788,0.764793374984,0.));
#13400 = DEFINITIONAL_REPRESENTATION('',(#13401),#13405);
#13401 = LINE('',#13402,#13403);
#13402 = CARTESIAN_POINT('',(2.550506707743,-4.21835006034));
#13403 = VECTOR('',#13404,1.);
#13404 = DIRECTION('',(0.,1.));
#13405 = ( GEOMETRIC_REPRESENTATION_CONTEXT(2) 
PARAMETRIC_REPRESENTATION_CONTEXT() REPRESENTATION_CONTEXT('2D SPACE',''
  ) );
#13406 = ORIENTED_EDGE('',*,*,#13407,.T.);
#13407 = EDGE_CURVE('',#13380,#9930,#13408,.T.);
#13408 = SURFACE_CURVE('',#13409,(#13413,#13420),.PCURVE_S1.);
#13409 = LINE('',#13410,#13411);
#13410 = CARTESIAN_POINT('',(6.712089061737,153.70149620038,
    -143.6399997711));
#13411 = VECTOR('',#13412,1.);
#13412 = DIRECTION('',(-0.,0.,-1.));
#13413 = PCURVE('',#9945,#13414);
#13414 = DEFINITIONAL_REPRESENTATION('',(#13415),#13419);
#13415 = LINE('',#13416,#13417);
#13416 = CARTESIAN_POINT('',(-35.49931915106,1.774058788041));
#13417 = VECTOR('',#13418,1.);
#13418 = DIRECTION('',(1.094764425254E-47,-1.));
#13419 = ( GEOMETRIC_REPRESENTATION_CONTEXT(2) 
PARAMETRIC_REPRESENTATION_CONTEXT() REPRESENTATION_CONTEXT('2D SPACE',''
  ) );
#13420 = PCURVE('',#9973,#13421);
#13421 = DEFINITIONAL_REPRESENTATION('',(#13422),#13426);
#13422 = LINE('',#13423,#13424);
#13423 = CARTESIAN_POINT('',(-5.378117981817,24.53979259405));
#13424 = VECTOR('',#13425,1.);
#13425 = DIRECTION('',(1.,0.));
#13426 = ( GEOMETRIC_REPRESENTATION_CONTEXT(2) 
PARAMETRIC_REPRESENTATION_CONTEXT() REPRESENTATION_CONTEXT('2D SPACE',''
  ) );
#13427 = ORIENTED_EDGE('',*,*,#9929,.T.);
#13428 = ADVANCED_FACE('',(#13429),#9973,.T.);
#13429 = FACE_BOUND('',#13430,.T.);
#13430 = EDGE_LOOP('',(#13431,#13432,#13433,#13461));
#13431 = ORIENTED_EDGE('',*,*,#9957,.T.);
#13432 = ORIENTED_EDGE('',*,*,#13407,.F.);
#13433 = ORIENTED_EDGE('',*,*,#13434,.T.);
#13434 = EDGE_CURVE('',#13380,#13435,#13437,.T.);
#13435 = VERTEX_POINT('',#13436);
#13436 = CARTESIAN_POINT('',(58.287909984589,153.70149620038,
    -145.1399997711));
#13437 = SURFACE_CURVE('',#13438,(#13442,#13449),.PCURVE_S1.);
#13438 = LINE('',#13439,#13440);
#13439 = CARTESIAN_POINT('',(6.712089061737,153.70149620038,
    -145.1399997711));
#13440 = VECTOR('',#13441,1.);
#13441 = DIRECTION('',(1.,-1.224646799147E-16,0.));
#13442 = PCURVE('',#9973,#13443);
#13443 = DEFINITIONAL_REPRESENTATION('',(#13444),#13448);
#13444 = LINE('',#13445,#13446);
#13445 = CARTESIAN_POINT('',(-3.878117981817,24.53979259405));
#13446 = VECTOR('',#13447,1.);
#13447 = DIRECTION('',(-0.,-1.));
#13448 = ( GEOMETRIC_REPRESENTATION_CONTEXT(2) 
PARAMETRIC_REPRESENTATION_CONTEXT() REPRESENTATION_CONTEXT('2D SPACE',''
  ) );
#13449 = PCURVE('',#13450,#13455);
#13450 = PLANE('',#13451);
#13451 = AXIS2_PLACEMENT_3D('',#13452,#13453,#13454);
#13452 = CARTESIAN_POINT('',(33.025502233465,149.97749838507,
    -145.1399997711));
#13453 = DIRECTION('',(0.,0.,1.));
#13454 = DIRECTION('',(-1.,1.224646799147E-16,0.));
#13455 = DEFINITIONAL_REPRESENTATION('',(#13456),#13460);
#13456 = LINE('',#13457,#13458);
#13457 = CARTESIAN_POINT('',(26.313413171728,-3.723997815319));
#13458 = VECTOR('',#13459,1.);
#13459 = DIRECTION('',(-1.,0.));
#13460 = ( GEOMETRIC_REPRESENTATION_CONTEXT(2) 
PARAMETRIC_REPRESENTATION_CONTEXT() REPRESENTATION_CONTEXT('2D SPACE',''
  ) );
#13461 = ORIENTED_EDGE('',*,*,#13462,.T.);
#13462 = EDGE_CURVE('',#13435,#9958,#13463,.T.);
#13463 = SURFACE_CURVE('',#13464,(#13468,#13475),.PCURVE_S1.);
#13464 = LINE('',#13465,#13466);
#13465 = CARTESIAN_POINT('',(58.287909984589,153.70149620038,
    -145.1399997711));
#13466 = VECTOR('',#13467,1.);
#13467 = DIRECTION('',(-0.,0.,-1.));
#13468 = PCURVE('',#9973,#13469);
#13469 = DEFINITIONAL_REPRESENTATION('',(#13470),#13474);
#13470 = LINE('',#13471,#13472);
#13471 = CARTESIAN_POINT('',(-3.878117981817,-27.0360283288));
#13472 = VECTOR('',#13473,1.);
#13473 = DIRECTION('',(1.,0.));
#13474 = ( GEOMETRIC_REPRESENTATION_CONTEXT(2) 
PARAMETRIC_REPRESENTATION_CONTEXT() REPRESENTATION_CONTEXT('2D SPACE',''
  ) );
#13475 = PCURVE('',#9999,#13476);
#13476 = DEFINITIONAL_REPRESENTATION('',(#13477),#13481);
#13477 = LINE('',#13478,#13479);
#13478 = CARTESIAN_POINT('',(35.499318859265,3.485941440122));
#13479 = VECTOR('',#13480,1.);
#13480 = DIRECTION('',(2.465190328816E-32,-1.));
#13481 = ( GEOMETRIC_REPRESENTATION_CONTEXT(2) 
PARAMETRIC_REPRESENTATION_CONTEXT() REPRESENTATION_CONTEXT('2D SPACE',''
  ) );
#13482 = ADVANCED_FACE('',(#13483),#9999,.T.);
#13483 = FACE_BOUND('',#13484,.T.);
#13484 = EDGE_LOOP('',(#13485,#13486,#13487,#13488,#13516));
#13485 = ORIENTED_EDGE('',*,*,#13280,.F.);
#13486 = ORIENTED_EDGE('',*,*,#9985,.T.);
#13487 = ORIENTED_EDGE('',*,*,#13462,.F.);
#13488 = ORIENTED_EDGE('',*,*,#13489,.T.);
#13489 = EDGE_CURVE('',#13435,#13490,#13492,.T.);
#13490 = VERTEX_POINT('',#13491);
#13491 = CARTESIAN_POINT('',(58.287909984589,153.70149620038,
    -139.6399997711));
#13492 = SURFACE_CURVE('',#13493,(#13497,#13504),.PCURVE_S1.);
#13493 = LINE('',#13494,#13495);
#13494 = CARTESIAN_POINT('',(58.287909984589,153.70149620038,
    -145.1399997711));
#13495 = VECTOR('',#13496,1.);
#13496 = DIRECTION('',(0.,0.,1.));
#13497 = PCURVE('',#9999,#13498);
#13498 = DEFINITIONAL_REPRESENTATION('',(#13499),#13503);
#13499 = LINE('',#13500,#13501);
#13500 = CARTESIAN_POINT('',(35.499318859265,3.485941440122));
#13501 = VECTOR('',#13502,1.);
#13502 = DIRECTION('',(-2.465190328816E-32,1.));
#13503 = ( GEOMETRIC_REPRESENTATION_CONTEXT(2) 
PARAMETRIC_REPRESENTATION_CONTEXT() REPRESENTATION_CONTEXT('2D SPACE',''
  ) );
#13504 = PCURVE('',#13505,#13510);
#13505 = PLANE('',#13506);
#13506 = AXIS2_PLACEMENT_3D('',#13507,#13508,#13509);
#13507 = CARTESIAN_POINT('',(60.179712869083,151.45581452762,
    -144.7225318764));
#13508 = DIRECTION('',(-0.764793303107,-0.64427572011,3.260120727053E-16
    ));
#13509 = DIRECTION('',(0.64427572011,-0.764793303107,2.465190328816E-32)
  );
#13510 = DEFINITIONAL_REPRESENTATION('',(#13511),#13515);
#13511 = LINE('',#13512,#13513);
#13512 = CARTESIAN_POINT('',(-2.936324969955,-0.417467894657));
#13513 = VECTOR('',#13514,1.);
#13514 = DIRECTION('',(2.465190328816E-32,1.));
#13515 = ( GEOMETRIC_REPRESENTATION_CONTEXT(2) 
PARAMETRIC_REPRESENTATION_CONTEXT() REPRESENTATION_CONTEXT('2D SPACE',''
  ) );
#13516 = ORIENTED_EDGE('',*,*,#13517,.T.);
#13517 = EDGE_CURVE('',#13490,#13281,#13518,.T.);
#13518 = SURFACE_CURVE('',#13519,(#13523,#13530),.PCURVE_S1.);
#13519 = LINE('',#13520,#13521);
#13520 = CARTESIAN_POINT('',(58.287909984589,153.70149620038,
    -139.6399997711));
#13521 = VECTOR('',#13522,1.);
#13522 = DIRECTION('',(-0.304690181025,0.950628194243,
    -5.890611087038E-02));
#13523 = PCURVE('',#9999,#13524);
#13524 = DEFINITIONAL_REPRESENTATION('',(#13525),#13529);
#13525 = LINE('',#13526,#13527);
#13526 = CARTESIAN_POINT('',(35.499318859265,8.985941440122));
#13527 = VECTOR('',#13528,1.);
#13528 = DIRECTION('',(-0.998263527382,-5.890611087038E-02));
#13529 = ( GEOMETRIC_REPRESENTATION_CONTEXT(2) 
PARAMETRIC_REPRESENTATION_CONTEXT() REPRESENTATION_CONTEXT('2D SPACE',''
  ) );
#13530 = PCURVE('',#13531,#13536);
#13531 = PLANE('',#13532);
#13532 = AXIS2_PLACEMENT_3D('',#13533,#13534,#13535);
#13533 = CARTESIAN_POINT('',(48.541133009869,188.46376198313,
    -141.7209241737));
#13534 = DIRECTION('',(-5.230034355921E-02,4.505461900616E-02,
    0.997614532457));
#13535 = DIRECTION('',(-0.998628614791,1.218630527951E-16,
    -5.235350723391E-02));
#13536 = DEFINITIONAL_REPRESENTATION('',(#13537),#13541);
#13537 = LINE('',#13538,#13539);
#13538 = CARTESIAN_POINT('',(-9.842354079712,34.79760187548));
#13539 = VECTOR('',#13540,1.);
#13540 = DIRECTION('',(0.307356274919,-0.951594514627));
#13541 = ( GEOMETRIC_REPRESENTATION_CONTEXT(2) 
PARAMETRIC_REPRESENTATION_CONTEXT() REPRESENTATION_CONTEXT('2D SPACE',''
  ) );
#13542 = ADVANCED_FACE('',(#13543),#10081,.T.);
#13543 = FACE_BOUND('',#13544,.T.);
#13544 = EDGE_LOOP('',(#13545,#13568,#13569,#13592));
#13545 = ORIENTED_EDGE('',*,*,#13546,.F.);
#13546 = EDGE_CURVE('',#10066,#13547,#13549,.T.);
#13547 = VERTEX_POINT('',#13548);
#13548 = CARTESIAN_POINT('',(47.815053462982,238.15395362836,
    -143.6399997711));
#13549 = SURFACE_CURVE('',#13550,(#13554,#13561),.PCURVE_S1.);
#13550 = LINE('',#13551,#13552);
#13551 = CARTESIAN_POINT('',(47.815053462982,238.15395362836,-149.4));
#13552 = VECTOR('',#13553,1.);
#13553 = DIRECTION('',(0.,0.,1.));
#13554 = PCURVE('',#10081,#13555);
#13555 = DEFINITIONAL_REPRESENTATION('',(#13556),#13560);
#13556 = LINE('',#13557,#13558);
#13557 = CARTESIAN_POINT('',(-1.312394714758,-2.193380417446));
#13558 = VECTOR('',#13559,1.);
#13559 = DIRECTION('',(0.,1.));
#13560 = ( GEOMETRIC_REPRESENTATION_CONTEXT(2) 
PARAMETRIC_REPRESENTATION_CONTEXT() REPRESENTATION_CONTEXT('2D SPACE',''
  ) );
#13561 = PCURVE('',#10109,#13562);
#13562 = DEFINITIONAL_REPRESENTATION('',(#13563),#13567);
#13563 = LINE('',#13564,#13565);
#13564 = CARTESIAN_POINT('',(2.685636406156,-3.566620217813));
#13565 = VECTOR('',#13566,1.);
#13566 = DIRECTION('',(0.,1.));
#13567 = ( GEOMETRIC_REPRESENTATION_CONTEXT(2) 
PARAMETRIC_REPRESENTATION_CONTEXT() REPRESENTATION_CONTEXT('2D SPACE',''
  ) );
#13568 = ORIENTED_EDGE('',*,*,#10063,.F.);
#13569 = ORIENTED_EDGE('',*,*,#13570,.T.);
#13570 = EDGE_CURVE('',#10064,#13571,#13573,.T.);
#13571 = VERTEX_POINT('',#13572);
#13572 = CARTESIAN_POINT('',(47.293206691742,234.19012840253,
    -143.6399997711));
#13573 = SURFACE_CURVE('',#13574,(#13578,#13585),.PCURVE_S1.);
#13574 = LINE('',#13575,#13576);
#13575 = CARTESIAN_POINT('',(47.293206691742,234.19012840253,-149.4));
#13576 = VECTOR('',#13577,1.);
#13577 = DIRECTION('',(0.,0.,1.));
#13578 = PCURVE('',#10081,#13579);
#13579 = DEFINITIONAL_REPRESENTATION('',(#13580),#13584);
#13580 = LINE('',#13581,#13582);
#13581 = CARTESIAN_POINT('',(2.685634108748,-2.193380417446));
#13582 = VECTOR('',#13583,1.);
#13583 = DIRECTION('',(0.,1.));
#13584 = ( GEOMETRIC_REPRESENTATION_CONTEXT(2) 
PARAMETRIC_REPRESENTATION_CONTEXT() REPRESENTATION_CONTEXT('2D SPACE',''
  ) );
#13585 = PCURVE('',#10723,#13586);
#13586 = DEFINITIONAL_REPRESENTATION('',(#13587),#13591);
#13587 = LINE('',#13588,#13589);
#13588 = CARTESIAN_POINT('',(-1.312397114547,-2.19337976058));
#13589 = VECTOR('',#13590,1.);
#13590 = DIRECTION('',(0.,1.));
#13591 = ( GEOMETRIC_REPRESENTATION_CONTEXT(2) 
PARAMETRIC_REPRESENTATION_CONTEXT() REPRESENTATION_CONTEXT('2D SPACE',''
  ) );
#13592 = ORIENTED_EDGE('',*,*,#13593,.T.);
#13593 = EDGE_CURVE('',#13571,#13547,#13594,.T.);
#13594 = SURFACE_CURVE('',#13595,(#13599,#13606),.PCURVE_S1.);
#13595 = LINE('',#13596,#13597);
#13596 = CARTESIAN_POINT('',(47.293206691742,234.19012840253,
    -143.6399997711));
#13597 = VECTOR('',#13598,1.);
#13598 = DIRECTION('',(0.130526015263,0.991444884671,0.));
#13599 = PCURVE('',#10081,#13600);
#13600 = DEFINITIONAL_REPRESENTATION('',(#13601),#13605);
#13601 = LINE('',#13602,#13603);
#13602 = CARTESIAN_POINT('',(2.685634108748,3.566619811436));
#13603 = VECTOR('',#13604,1.);
#13604 = DIRECTION('',(-1.,0.));
#13605 = ( GEOMETRIC_REPRESENTATION_CONTEXT(2) 
PARAMETRIC_REPRESENTATION_CONTEXT() REPRESENTATION_CONTEXT('2D SPACE',''
  ) );
#13606 = PCURVE('',#11291,#13607);
#13607 = DEFINITIONAL_REPRESENTATION('',(#13608),#13612);
#13608 = LINE('',#13609,#13610);
#13609 = CARTESIAN_POINT('',(2.600860061483,3.96382522583));
#13610 = VECTOR('',#13611,1.);
#13611 = DIRECTION('',(-0.130526015263,-0.991444884671));
#13612 = ( GEOMETRIC_REPRESENTATION_CONTEXT(2) 
PARAMETRIC_REPRESENTATION_CONTEXT() REPRESENTATION_CONTEXT('2D SPACE',''
  ) );
#13613 = ADVANCED_FACE('',(#13614),#10109,.T.);
#13614 = FACE_BOUND('',#13615,.T.);
#13615 = EDGE_LOOP('',(#13616,#13639,#13660,#13661));
#13616 = ORIENTED_EDGE('',*,*,#13617,.T.);
#13617 = EDGE_CURVE('',#13547,#13618,#13620,.T.);
#13618 = VERTEX_POINT('',#13619);
#13619 = CARTESIAN_POINT('',(47.293206691742,242.11778266889,
    -143.6399997711));
#13620 = SURFACE_CURVE('',#13621,(#13625,#13632),.PCURVE_S1.);
#13621 = LINE('',#13622,#13623);
#13622 = CARTESIAN_POINT('',(47.815053462982,238.15395362836,
    -143.6399997711));
#13623 = VECTOR('',#13624,1.);
#13624 = DIRECTION('',(-0.130525891788,0.991444900926,0.));
#13625 = PCURVE('',#10109,#13626);
#13626 = DEFINITIONAL_REPRESENTATION('',(#13627),#13631);
#13627 = LINE('',#13628,#13629);
#13628 = CARTESIAN_POINT('',(2.685636406156,2.193380011069));
#13629 = VECTOR('',#13630,1.);
#13630 = DIRECTION('',(-1.,0.));
#13631 = ( GEOMETRIC_REPRESENTATION_CONTEXT(2) 
PARAMETRIC_REPRESENTATION_CONTEXT() REPRESENTATION_CONTEXT('2D SPACE',''
  ) );
#13632 = PCURVE('',#11291,#13633);
#13633 = DEFINITIONAL_REPRESENTATION('',(#13634),#13638);
#13634 = LINE('',#13635,#13636);
#13635 = CARTESIAN_POINT('',(2.079013290243,2.546056971281E-16));
#13636 = VECTOR('',#13637,1.);
#13637 = DIRECTION('',(0.130525891788,-0.991444900926));
#13638 = ( GEOMETRIC_REPRESENTATION_CONTEXT(2) 
PARAMETRIC_REPRESENTATION_CONTEXT() REPRESENTATION_CONTEXT('2D SPACE',''
  ) );
#13639 = ORIENTED_EDGE('',*,*,#13640,.F.);
#13640 = EDGE_CURVE('',#10094,#13618,#13641,.T.);
#13641 = SURFACE_CURVE('',#13642,(#13646,#13653),.PCURVE_S1.);
#13642 = LINE('',#13643,#13644);
#13643 = CARTESIAN_POINT('',(47.293206691742,242.11778266889,-149.4));
#13644 = VECTOR('',#13645,1.);
#13645 = DIRECTION('',(0.,0.,1.));
#13646 = PCURVE('',#10109,#13647);
#13647 = DEFINITIONAL_REPRESENTATION('',(#13648),#13652);
#13648 = LINE('',#13649,#13650);
#13649 = CARTESIAN_POINT('',(-1.312396199412,-3.566620217813));
#13650 = VECTOR('',#13651,1.);
#13651 = DIRECTION('',(0.,1.));
#13652 = ( GEOMETRIC_REPRESENTATION_CONTEXT(2) 
PARAMETRIC_REPRESENTATION_CONTEXT() REPRESENTATION_CONTEXT('2D SPACE',''
  ) );
#13653 = PCURVE('',#10137,#13654);
#13654 = DEFINITIONAL_REPRESENTATION('',(#13655),#13659);
#13655 = LINE('',#13656,#13657);
#13656 = CARTESIAN_POINT('',(2.685635681426,-2.193380139263));
#13657 = VECTOR('',#13658,1.);
#13658 = DIRECTION('',(0.,1.));
#13659 = ( GEOMETRIC_REPRESENTATION_CONTEXT(2) 
PARAMETRIC_REPRESENTATION_CONTEXT() REPRESENTATION_CONTEXT('2D SPACE',''
  ) );
#13660 = ORIENTED_EDGE('',*,*,#10093,.F.);
#13661 = ORIENTED_EDGE('',*,*,#13546,.T.);
#13662 = ADVANCED_FACE('',(#13663),#10137,.T.);
#13663 = FACE_BOUND('',#13664,.T.);
#13664 = EDGE_LOOP('',(#13665,#13688,#13689,#13690));
#13665 = ORIENTED_EDGE('',*,*,#13666,.F.);
#13666 = EDGE_CURVE('',#10122,#13667,#13669,.T.);
#13667 = VERTEX_POINT('',#13668);
#13668 = CARTESIAN_POINT('',(45.763225078583,245.81148155195,
    -143.6399997711));
#13669 = SURFACE_CURVE('',#13670,(#13674,#13681),.PCURVE_S1.);
#13670 = LINE('',#13671,#13672);
#13671 = CARTESIAN_POINT('',(45.763225078583,245.81148155195,-149.4));
#13672 = VECTOR('',#13673,1.);
#13673 = DIRECTION('',(0.,0.,1.));
#13674 = PCURVE('',#10137,#13675);
#13675 = DEFINITIONAL_REPRESENTATION('',(#13676),#13680);
#13676 = LINE('',#13677,#13678);
#13677 = CARTESIAN_POINT('',(-1.31239573107,-2.193380139263));
#13678 = VECTOR('',#13679,1.);
#13679 = DIRECTION('',(0.,1.));
#13680 = ( GEOMETRIC_REPRESENTATION_CONTEXT(2) 
PARAMETRIC_REPRESENTATION_CONTEXT() REPRESENTATION_CONTEXT('2D SPACE',''
  ) );
#13681 = PCURVE('',#10165,#13682);
#13682 = DEFINITIONAL_REPRESENTATION('',(#13683),#13687);
#13683 = LINE('',#13684,#13685);
#13684 = CARTESIAN_POINT('',(2.685635981018,-2.193380086269));
#13685 = VECTOR('',#13686,1.);
#13686 = DIRECTION('',(0.,1.));
#13687 = ( GEOMETRIC_REPRESENTATION_CONTEXT(2) 
PARAMETRIC_REPRESENTATION_CONTEXT() REPRESENTATION_CONTEXT('2D SPACE',''
  ) );
#13688 = ORIENTED_EDGE('',*,*,#10121,.F.);
#13689 = ORIENTED_EDGE('',*,*,#13640,.T.);
#13690 = ORIENTED_EDGE('',*,*,#13691,.T.);
#13691 = EDGE_CURVE('',#13618,#13667,#13692,.T.);
#13692 = SURFACE_CURVE('',#13693,(#13697,#13704),.PCURVE_S1.);
#13693 = LINE('',#13694,#13695);
#13694 = CARTESIAN_POINT('',(47.293206691742,242.11778266889,
    -143.6399997711));
#13695 = VECTOR('',#13696,1.);
#13696 = DIRECTION('',(-0.382683739897,0.923879405127,0.));
#13697 = PCURVE('',#10137,#13698);
#13698 = DEFINITIONAL_REPRESENTATION('',(#13699),#13703);
#13699 = LINE('',#13700,#13701);
#13700 = CARTESIAN_POINT('',(2.685635681426,3.566620089619));
#13701 = VECTOR('',#13702,1.);
#13702 = DIRECTION('',(-1.,0.));
#13703 = ( GEOMETRIC_REPRESENTATION_CONTEXT(2) 
PARAMETRIC_REPRESENTATION_CONTEXT() REPRESENTATION_CONTEXT('2D SPACE',''
  ) );
#13704 = PCURVE('',#11291,#13705);
#13705 = DEFINITIONAL_REPRESENTATION('',(#13706),#13710);
#13706 = LINE('',#13707,#13708);
#13707 = CARTESIAN_POINT('',(2.600860061483,-3.963829040527));
#13708 = VECTOR('',#13709,1.);
#13709 = DIRECTION('',(0.382683739897,-0.923879405127));
#13710 = ( GEOMETRIC_REPRESENTATION_CONTEXT(2) 
PARAMETRIC_REPRESENTATION_CONTEXT() REPRESENTATION_CONTEXT('2D SPACE',''
  ) );
#13711 = ADVANCED_FACE('',(#13712),#10165,.T.);
#13712 = FACE_BOUND('',#13713,.T.);
#13713 = EDGE_LOOP('',(#13714,#13737,#13738,#13739));
#13714 = ORIENTED_EDGE('',*,*,#13715,.F.);
#13715 = EDGE_CURVE('',#10150,#13716,#13718,.T.);
#13716 = VERTEX_POINT('',#13717);
#13717 = CARTESIAN_POINT('',(43.329377651215,248.98333366376,
    -143.6399997711));
#13718 = SURFACE_CURVE('',#13719,(#13723,#13730),.PCURVE_S1.);
#13719 = LINE('',#13720,#13721);
#13720 = CARTESIAN_POINT('',(43.329377651215,248.98333366376,-149.4));
#13721 = VECTOR('',#13722,1.);
#13722 = DIRECTION('',(0.,0.,1.));
#13723 = PCURVE('',#10165,#13724);
#13724 = DEFINITIONAL_REPRESENTATION('',(#13725),#13729);
#13725 = LINE('',#13726,#13727);
#13726 = CARTESIAN_POINT('',(-1.312395924675,-2.193380086269));
#13727 = VECTOR('',#13728,1.);
#13728 = DIRECTION('',(0.,1.));
#13729 = ( GEOMETRIC_REPRESENTATION_CONTEXT(2) 
PARAMETRIC_REPRESENTATION_CONTEXT() REPRESENTATION_CONTEXT('2D SPACE',''
  ) );
#13730 = PCURVE('',#10193,#13731);
#13731 = DEFINITIONAL_REPRESENTATION('',(#13732),#13736);
#13732 = LINE('',#13733,#13734);
#13733 = CARTESIAN_POINT('',(-1.312394874866,2.193380373621));
#13734 = VECTOR('',#13735,1.);
#13735 = DIRECTION('',(0.,-1.));
#13736 = ( GEOMETRIC_REPRESENTATION_CONTEXT(2) 
PARAMETRIC_REPRESENTATION_CONTEXT() REPRESENTATION_CONTEXT('2D SPACE',''
  ) );
#13737 = ORIENTED_EDGE('',*,*,#10149,.F.);
#13738 = ORIENTED_EDGE('',*,*,#13666,.T.);
#13739 = ORIENTED_EDGE('',*,*,#13740,.T.);
#13740 = EDGE_CURVE('',#13667,#13716,#13741,.T.);
#13741 = SURFACE_CURVE('',#13742,(#13746,#13753),.PCURVE_S1.);
#13742 = LINE('',#13743,#13744);
#13743 = CARTESIAN_POINT('',(45.763225078583,245.81148155195,
    -143.6399997711));
#13744 = VECTOR('',#13745,1.);
#13745 = DIRECTION('',(-0.608761381794,0.79335337652,0.));
#13746 = PCURVE('',#10165,#13747);
#13747 = DEFINITIONAL_REPRESENTATION('',(#13748),#13752);
#13748 = LINE('',#13749,#13750);
#13749 = CARTESIAN_POINT('',(2.685635981018,3.566620142612));
#13750 = VECTOR('',#13751,1.);
#13751 = DIRECTION('',(-1.,0.));
#13752 = ( GEOMETRIC_REPRESENTATION_CONTEXT(2) 
PARAMETRIC_REPRESENTATION_CONTEXT() REPRESENTATION_CONTEXT('2D SPACE',''
  ) );
#13753 = PCURVE('',#11291,#13754);
#13754 = DEFINITIONAL_REPRESENTATION('',(#13755),#13759);
#13755 = LINE('',#13756,#13757);
#13756 = CARTESIAN_POINT('',(4.130841674642,-7.657527923584));
#13757 = VECTOR('',#13758,1.);
#13758 = DIRECTION('',(0.608761381794,-0.79335337652));
#13759 = ( GEOMETRIC_REPRESENTATION_CONTEXT(2) 
PARAMETRIC_REPRESENTATION_CONTEXT() REPRESENTATION_CONTEXT('2D SPACE',''
  ) );
#13760 = ADVANCED_FACE('',(#13761),#10193,.T.);
#13761 = FACE_BOUND('',#13762,.T.);
#13762 = EDGE_LOOP('',(#13763,#13764,#13765,#13788));
#13763 = ORIENTED_EDGE('',*,*,#10177,.F.);
#13764 = ORIENTED_EDGE('',*,*,#13715,.T.);
#13765 = ORIENTED_EDGE('',*,*,#13766,.T.);
#13766 = EDGE_CURVE('',#13716,#13767,#13769,.T.);
#13767 = VERTEX_POINT('',#13768);
#13768 = CARTESIAN_POINT('',(40.157527446747,251.41717918378,
    -143.6399997711));
#13769 = SURFACE_CURVE('',#13770,(#13774,#13781),.PCURVE_S1.);
#13770 = LINE('',#13771,#13772);
#13771 = CARTESIAN_POINT('',(43.329377651215,248.98333366376,
    -143.6399997711));
#13772 = VECTOR('',#13773,1.);
#13773 = DIRECTION('',(-0.79335343013,0.608761311929,0.));
#13774 = PCURVE('',#10193,#13775);
#13775 = DEFINITIONAL_REPRESENTATION('',(#13776),#13780);
#13776 = LINE('',#13777,#13778);
#13777 = CARTESIAN_POINT('',(-1.312394874866,-3.566619855261));
#13778 = VECTOR('',#13779,1.);
#13779 = DIRECTION('',(1.,0.));
#13780 = ( GEOMETRIC_REPRESENTATION_CONTEXT(2) 
PARAMETRIC_REPRESENTATION_CONTEXT() REPRESENTATION_CONTEXT('2D SPACE',''
  ) );
#13781 = PCURVE('',#11291,#13782);
#13782 = DEFINITIONAL_REPRESENTATION('',(#13783),#13787);
#13783 = LINE('',#13784,#13785);
#13784 = CARTESIAN_POINT('',(6.56468910201,-10.8293800354));
#13785 = VECTOR('',#13786,1.);
#13786 = DIRECTION('',(0.79335343013,-0.608761311929));
#13787 = ( GEOMETRIC_REPRESENTATION_CONTEXT(2) 
PARAMETRIC_REPRESENTATION_CONTEXT() REPRESENTATION_CONTEXT('2D SPACE',''
  ) );
#13788 = ORIENTED_EDGE('',*,*,#13789,.F.);
#13789 = EDGE_CURVE('',#10178,#13767,#13790,.T.);
#13790 = SURFACE_CURVE('',#13791,(#13795,#13802),.PCURVE_S1.);
#13791 = LINE('',#13792,#13793);
#13792 = CARTESIAN_POINT('',(40.157527446747,251.41717918378,-149.4));
#13793 = VECTOR('',#13794,1.);
#13794 = DIRECTION('',(0.,0.,1.));
#13795 = PCURVE('',#10193,#13796);
#13796 = DEFINITIONAL_REPRESENTATION('',(#13797),#13801);
#13797 = LINE('',#13798,#13799);
#13798 = CARTESIAN_POINT('',(2.685634356506,2.193380373621));
#13799 = VECTOR('',#13800,1.);
#13800 = DIRECTION('',(0.,-1.));
#13801 = ( GEOMETRIC_REPRESENTATION_CONTEXT(2) 
PARAMETRIC_REPRESENTATION_CONTEXT() REPRESENTATION_CONTEXT('2D SPACE',''
  ) );
#13802 = PCURVE('',#10221,#13803);
#13803 = DEFINITIONAL_REPRESENTATION('',(#13804),#13808);
#13804 = LINE('',#13805,#13806);
#13805 = CARTESIAN_POINT('',(-1.312395444542,2.193380217691));
#13806 = VECTOR('',#13807,1.);
#13807 = DIRECTION('',(0.,-1.));
#13808 = ( GEOMETRIC_REPRESENTATION_CONTEXT(2) 
PARAMETRIC_REPRESENTATION_CONTEXT() REPRESENTATION_CONTEXT('2D SPACE',''
  ) );
#13809 = ADVANCED_FACE('',(#13810),#10221,.T.);
#13810 = FACE_BOUND('',#13811,.T.);
#13811 = EDGE_LOOP('',(#13812,#13813,#13814,#13837));
#13812 = ORIENTED_EDGE('',*,*,#10205,.F.);
#13813 = ORIENTED_EDGE('',*,*,#13789,.T.);
#13814 = ORIENTED_EDGE('',*,*,#13815,.T.);
#13815 = EDGE_CURVE('',#13767,#13816,#13818,.T.);
#13816 = VERTEX_POINT('',#13817);
#13817 = CARTESIAN_POINT('',(36.46382856369,252.94715888959,
    -143.6399997711));
#13818 = SURFACE_CURVE('',#13819,(#13823,#13830),.PCURVE_S1.);
#13819 = LINE('',#13820,#13821);
#13820 = CARTESIAN_POINT('',(40.157527446747,251.41717918378,
    -143.6399997711));
#13821 = VECTOR('',#13822,1.);
#13822 = DIRECTION('',(-0.923879573798,0.382683332691,0.));
#13823 = PCURVE('',#10221,#13824);
#13824 = DEFINITIONAL_REPRESENTATION('',(#13825),#13829);
#13825 = LINE('',#13826,#13827);
#13826 = CARTESIAN_POINT('',(-1.312395444542,-3.566620011191));
#13827 = VECTOR('',#13828,1.);
#13828 = DIRECTION('',(1.,0.));
#13829 = ( GEOMETRIC_REPRESENTATION_CONTEXT(2) 
PARAMETRIC_REPRESENTATION_CONTEXT() REPRESENTATION_CONTEXT('2D SPACE',''
  ) );
#13830 = PCURVE('',#11291,#13831);
#13831 = DEFINITIONAL_REPRESENTATION('',(#13832),#13836);
#13832 = LINE('',#13833,#13834);
#13833 = CARTESIAN_POINT('',(9.736539306478,-13.26322555542));
#13834 = VECTOR('',#13835,1.);
#13835 = DIRECTION('',(0.923879573798,-0.382683332691));
#13836 = ( GEOMETRIC_REPRESENTATION_CONTEXT(2) 
PARAMETRIC_REPRESENTATION_CONTEXT() REPRESENTATION_CONTEXT('2D SPACE',''
  ) );
#13837 = ORIENTED_EDGE('',*,*,#13838,.F.);
#13838 = EDGE_CURVE('',#10206,#13816,#13839,.T.);
#13839 = SURFACE_CURVE('',#13840,(#13844,#13851),.PCURVE_S1.);
#13840 = LINE('',#13841,#13842);
#13841 = CARTESIAN_POINT('',(36.46382856369,252.94715888959,-149.4));
#13842 = VECTOR('',#13843,1.);
#13843 = DIRECTION('',(0.,0.,1.));
#13844 = PCURVE('',#10221,#13845);
#13845 = DEFINITIONAL_REPRESENTATION('',(#13846),#13850);
#13846 = LINE('',#13847,#13848);
#13847 = CARTESIAN_POINT('',(2.685635238043,2.193380217691));
#13848 = VECTOR('',#13849,1.);
#13849 = DIRECTION('',(0.,-1.));
#13850 = ( GEOMETRIC_REPRESENTATION_CONTEXT(2) 
PARAMETRIC_REPRESENTATION_CONTEXT() REPRESENTATION_CONTEXT('2D SPACE',''
  ) );
#13851 = PCURVE('',#10249,#13852);
#13852 = DEFINITIONAL_REPRESENTATION('',(#13853),#13857);
#13853 = LINE('',#13854,#13855);
#13854 = CARTESIAN_POINT('',(-1.312396199412,2.193380011069));
#13855 = VECTOR('',#13856,1.);
#13856 = DIRECTION('',(0.,-1.));
#13857 = ( GEOMETRIC_REPRESENTATION_CONTEXT(2) 
PARAMETRIC_REPRESENTATION_CONTEXT() REPRESENTATION_CONTEXT('2D SPACE',''
  ) );
#13858 = ADVANCED_FACE('',(#13859),#10249,.T.);
#13859 = FACE_BOUND('',#13860,.T.);
#13860 = EDGE_LOOP('',(#13861,#13862,#13863,#13886));
#13861 = ORIENTED_EDGE('',*,*,#10233,.F.);
#13862 = ORIENTED_EDGE('',*,*,#13838,.T.);
#13863 = ORIENTED_EDGE('',*,*,#13864,.T.);
#13864 = EDGE_CURVE('',#13816,#13865,#13867,.T.);
#13865 = VERTEX_POINT('',#13866);
#13866 = CARTESIAN_POINT('',(32.499999523163,253.46900566083,
    -143.6399997711));
#13867 = SURFACE_CURVE('',#13868,(#13872,#13879),.PCURVE_S1.);
#13868 = LINE('',#13869,#13870);
#13869 = CARTESIAN_POINT('',(36.46382856369,252.94715888959,
    -143.6399997711));
#13870 = VECTOR('',#13871,1.);
#13871 = DIRECTION('',(-0.991444900926,0.130525891788,0.));
#13872 = PCURVE('',#10249,#13873);
#13873 = DEFINITIONAL_REPRESENTATION('',(#13874),#13878);
#13874 = LINE('',#13875,#13876);
#13875 = CARTESIAN_POINT('',(-1.312396199412,-3.566620217813));
#13876 = VECTOR('',#13877,1.);
#13877 = DIRECTION('',(1.,0.));
#13878 = ( GEOMETRIC_REPRESENTATION_CONTEXT(2) 
PARAMETRIC_REPRESENTATION_CONTEXT() REPRESENTATION_CONTEXT('2D SPACE',''
  ) );
#13879 = PCURVE('',#11291,#13880);
#13880 = DEFINITIONAL_REPRESENTATION('',(#13881),#13885);
#13881 = LINE('',#13882,#13883);
#13882 = CARTESIAN_POINT('',(13.430238189535,-14.79320526123));
#13883 = VECTOR('',#13884,1.);
#13884 = DIRECTION('',(0.991444900926,-0.130525891788));
#13885 = ( GEOMETRIC_REPRESENTATION_CONTEXT(2) 
PARAMETRIC_REPRESENTATION_CONTEXT() REPRESENTATION_CONTEXT('2D SPACE',''
  ) );
#13886 = ORIENTED_EDGE('',*,*,#13887,.F.);
#13887 = EDGE_CURVE('',#10234,#13865,#13888,.T.);
#13888 = SURFACE_CURVE('',#13889,(#13893,#13900),.PCURVE_S1.);
#13889 = LINE('',#13890,#13891);
#13890 = CARTESIAN_POINT('',(32.499999523163,253.46900566083,-149.4));
#13891 = VECTOR('',#13892,1.);
#13892 = DIRECTION('',(0.,0.,1.));
#13893 = PCURVE('',#10249,#13894);
#13894 = DEFINITIONAL_REPRESENTATION('',(#13895),#13899);
#13895 = LINE('',#13896,#13897);
#13896 = CARTESIAN_POINT('',(2.685636406156,2.193380011069));
#13897 = VECTOR('',#13898,1.);
#13898 = DIRECTION('',(0.,-1.));
#13899 = ( GEOMETRIC_REPRESENTATION_CONTEXT(2) 
PARAMETRIC_REPRESENTATION_CONTEXT() REPRESENTATION_CONTEXT('2D SPACE',''
  ) );
#13900 = PCURVE('',#10277,#13901);
#13901 = DEFINITIONAL_REPRESENTATION('',(#13902),#13906);
#13902 = LINE('',#13903,#13904);
#13903 = CARTESIAN_POINT('',(-1.312394714758,2.193380417446));
#13904 = VECTOR('',#13905,1.);
#13905 = DIRECTION('',(0.,-1.));
#13906 = ( GEOMETRIC_REPRESENTATION_CONTEXT(2) 
PARAMETRIC_REPRESENTATION_CONTEXT() REPRESENTATION_CONTEXT('2D SPACE',''
  ) );
#13907 = ADVANCED_FACE('',(#13908),#10277,.T.);
#13908 = FACE_BOUND('',#13909,.T.);
#13909 = EDGE_LOOP('',(#13910,#13911,#13912,#13935));
#13910 = ORIENTED_EDGE('',*,*,#10261,.F.);
#13911 = ORIENTED_EDGE('',*,*,#13887,.T.);
#13912 = ORIENTED_EDGE('',*,*,#13913,.T.);
#13913 = EDGE_CURVE('',#13865,#13914,#13916,.T.);
#13914 = VERTEX_POINT('',#13915);
#13915 = CARTESIAN_POINT('',(28.536174297333,252.94715888959,
    -143.6399997711));
#13916 = SURFACE_CURVE('',#13917,(#13921,#13928),.PCURVE_S1.);
#13917 = LINE('',#13918,#13919);
#13918 = CARTESIAN_POINT('',(32.499999523163,253.46900566083,
    -143.6399997711));
#13919 = VECTOR('',#13920,1.);
#13920 = DIRECTION('',(-0.991444884671,-0.130526015263,0.));
#13921 = PCURVE('',#10277,#13922);
#13922 = DEFINITIONAL_REPRESENTATION('',(#13923),#13927);
#13923 = LINE('',#13924,#13925);
#13924 = CARTESIAN_POINT('',(-1.312394714758,-3.566619811436));
#13925 = VECTOR('',#13926,1.);
#13926 = DIRECTION('',(1.,0.));
#13927 = ( GEOMETRIC_REPRESENTATION_CONTEXT(2) 
PARAMETRIC_REPRESENTATION_CONTEXT() REPRESENTATION_CONTEXT('2D SPACE',''
  ) );
#13928 = PCURVE('',#11291,#13929);
#13929 = DEFINITIONAL_REPRESENTATION('',(#13930),#13934);
#13930 = LINE('',#13931,#13932);
#13931 = CARTESIAN_POINT('',(17.394067230062,-15.31505203247));
#13932 = VECTOR('',#13933,1.);
#13933 = DIRECTION('',(0.991444884671,0.130526015263));
#13934 = ( GEOMETRIC_REPRESENTATION_CONTEXT(2) 
PARAMETRIC_REPRESENTATION_CONTEXT() REPRESENTATION_CONTEXT('2D SPACE',''
  ) );
#13935 = ORIENTED_EDGE('',*,*,#13936,.F.);
#13936 = EDGE_CURVE('',#10262,#13914,#13937,.T.);
#13937 = SURFACE_CURVE('',#13938,(#13942,#13949),.PCURVE_S1.);
#13938 = LINE('',#13939,#13940);
#13939 = CARTESIAN_POINT('',(28.536174297333,252.94715888959,-149.4));
#13940 = VECTOR('',#13941,1.);
#13941 = DIRECTION('',(0.,0.,1.));
#13942 = PCURVE('',#10277,#13943);
#13943 = DEFINITIONAL_REPRESENTATION('',(#13944),#13948);
#13944 = LINE('',#13945,#13946);
#13945 = CARTESIAN_POINT('',(2.685634108748,2.193380417446));
#13946 = VECTOR('',#13947,1.);
#13947 = DIRECTION('',(0.,-1.));
#13948 = ( GEOMETRIC_REPRESENTATION_CONTEXT(2) 
PARAMETRIC_REPRESENTATION_CONTEXT() REPRESENTATION_CONTEXT('2D SPACE',''
  ) );
#13949 = PCURVE('',#10305,#13950);
#13950 = DEFINITIONAL_REPRESENTATION('',(#13951),#13955);
#13951 = LINE('',#13952,#13953);
#13952 = CARTESIAN_POINT('',(-1.312395444542,2.193380217691));
#13953 = VECTOR('',#13954,1.);
#13954 = DIRECTION('',(0.,-1.));
#13955 = ( GEOMETRIC_REPRESENTATION_CONTEXT(2) 
PARAMETRIC_REPRESENTATION_CONTEXT() REPRESENTATION_CONTEXT('2D SPACE',''
  ) );
#13956 = ADVANCED_FACE('',(#13957),#10305,.T.);
#13957 = FACE_BOUND('',#13958,.T.);
#13958 = EDGE_LOOP('',(#13959,#13960,#13961,#13984));
#13959 = ORIENTED_EDGE('',*,*,#10289,.F.);
#13960 = ORIENTED_EDGE('',*,*,#13936,.T.);
#13961 = ORIENTED_EDGE('',*,*,#13962,.T.);
#13962 = EDGE_CURVE('',#13914,#13963,#13965,.T.);
#13963 = VERTEX_POINT('',#13964);
#13964 = CARTESIAN_POINT('',(24.842475414276,251.41717918378,
    -143.6399997711));
#13965 = SURFACE_CURVE('',#13966,(#13970,#13977),.PCURVE_S1.);
#13966 = LINE('',#13967,#13968);
#13967 = CARTESIAN_POINT('',(28.536174297333,252.94715888959,
    -143.6399997711));
#13968 = VECTOR('',#13969,1.);
#13969 = DIRECTION('',(-0.923879573798,-0.382683332691,0.));
#13970 = PCURVE('',#10305,#13971);
#13971 = DEFINITIONAL_REPRESENTATION('',(#13972),#13976);
#13972 = LINE('',#13973,#13974);
#13973 = CARTESIAN_POINT('',(-1.312395444542,-3.566620011191));
#13974 = VECTOR('',#13975,1.);
#13975 = DIRECTION('',(1.,0.));
#13976 = ( GEOMETRIC_REPRESENTATION_CONTEXT(2) 
PARAMETRIC_REPRESENTATION_CONTEXT() REPRESENTATION_CONTEXT('2D SPACE',''
  ) );
#13977 = PCURVE('',#11291,#13978);
#13978 = DEFINITIONAL_REPRESENTATION('',(#13979),#13983);
#13979 = LINE('',#13980,#13981);
#13980 = CARTESIAN_POINT('',(21.357892455892,-14.79320526123));
#13981 = VECTOR('',#13982,1.);
#13982 = DIRECTION('',(0.923879573798,0.382683332691));
#13983 = ( GEOMETRIC_REPRESENTATION_CONTEXT(2) 
PARAMETRIC_REPRESENTATION_CONTEXT() REPRESENTATION_CONTEXT('2D SPACE',''
  ) );
#13984 = ORIENTED_EDGE('',*,*,#13985,.F.);
#13985 = EDGE_CURVE('',#10290,#13963,#13986,.T.);
#13986 = SURFACE_CURVE('',#13987,(#13991,#13998),.PCURVE_S1.);
#13987 = LINE('',#13988,#13989);
#13988 = CARTESIAN_POINT('',(24.842475414276,251.41717918378,-149.4));
#13989 = VECTOR('',#13990,1.);
#13990 = DIRECTION('',(0.,0.,1.));
#13991 = PCURVE('',#10305,#13992);
#13992 = DEFINITIONAL_REPRESENTATION('',(#13993),#13997);
#13993 = LINE('',#13994,#13995);
#13994 = CARTESIAN_POINT('',(2.685635238043,2.193380217691));
#13995 = VECTOR('',#13996,1.);
#13996 = DIRECTION('',(0.,-1.));
#13997 = ( GEOMETRIC_REPRESENTATION_CONTEXT(2) 
PARAMETRIC_REPRESENTATION_CONTEXT() REPRESENTATION_CONTEXT('2D SPACE',''
  ) );
#13998 = PCURVE('',#10333,#13999);
#13999 = DEFINITIONAL_REPRESENTATION('',(#14000),#14004);
#14000 = LINE('',#14001,#14002);
#14001 = CARTESIAN_POINT('',(-1.312395468876,2.19338021103));
#14002 = VECTOR('',#14003,1.);
#14003 = DIRECTION('',(0.,-1.));
#14004 = ( GEOMETRIC_REPRESENTATION_CONTEXT(2) 
PARAMETRIC_REPRESENTATION_CONTEXT() REPRESENTATION_CONTEXT('2D SPACE',''
  ) );
#14005 = ADVANCED_FACE('',(#14006),#10333,.T.);
#14006 = FACE_BOUND('',#14007,.T.);
#14007 = EDGE_LOOP('',(#14008,#14009,#14010,#14033));
#14008 = ORIENTED_EDGE('',*,*,#10317,.F.);
#14009 = ORIENTED_EDGE('',*,*,#13985,.T.);
#14010 = ORIENTED_EDGE('',*,*,#14011,.T.);
#14011 = EDGE_CURVE('',#13963,#14012,#14014,.T.);
#14012 = VERTEX_POINT('',#14013);
#14013 = CARTESIAN_POINT('',(21.67062330246,248.98333366376,
    -143.6399997711));
#14014 = SURFACE_CURVE('',#14015,(#14019,#14026),.PCURVE_S1.);
#14015 = LINE('',#14016,#14017);
#14016 = CARTESIAN_POINT('',(24.842475414276,251.41717918378,
    -143.6399997711));
#14017 = VECTOR('',#14018,1.);
#14018 = DIRECTION('',(-0.793353606928,-0.608761081521,0.));
#14019 = PCURVE('',#10333,#14020);
#14020 = DEFINITIONAL_REPRESENTATION('',(#14021),#14025);
#14021 = LINE('',#14022,#14023);
#14022 = CARTESIAN_POINT('',(-1.312395468876,-3.566620017852));
#14023 = VECTOR('',#14024,1.);
#14024 = DIRECTION('',(1.,0.));
#14025 = ( GEOMETRIC_REPRESENTATION_CONTEXT(2) 
PARAMETRIC_REPRESENTATION_CONTEXT() REPRESENTATION_CONTEXT('2D SPACE',''
  ) );
#14026 = PCURVE('',#11291,#14027);
#14027 = DEFINITIONAL_REPRESENTATION('',(#14028),#14032);
#14028 = LINE('',#14029,#14030);
#14029 = CARTESIAN_POINT('',(25.051591338949,-13.26322555542));
#14030 = VECTOR('',#14031,1.);
#14031 = DIRECTION('',(0.793353606928,0.608761081521));
#14032 = ( GEOMETRIC_REPRESENTATION_CONTEXT(2) 
PARAMETRIC_REPRESENTATION_CONTEXT() REPRESENTATION_CONTEXT('2D SPACE',''
  ) );
#14033 = ORIENTED_EDGE('',*,*,#14034,.F.);
#14034 = EDGE_CURVE('',#10318,#14012,#14035,.T.);
#14035 = SURFACE_CURVE('',#14036,(#14040,#14047),.PCURVE_S1.);
#14036 = LINE('',#14037,#14038);
#14037 = CARTESIAN_POINT('',(21.67062330246,248.98333366376,-149.4));
#14038 = VECTOR('',#14039,1.);
#14039 = DIRECTION('',(0.,0.,1.));
#14040 = PCURVE('',#10333,#14041);
#14041 = DEFINITIONAL_REPRESENTATION('',(#14042),#14046);
#14042 = LINE('',#14043,#14044);
#14043 = CARTESIAN_POINT('',(2.685635275698,2.19338021103));
#14044 = VECTOR('',#14045,1.);
#14045 = DIRECTION('',(0.,-1.));
#14046 = ( GEOMETRIC_REPRESENTATION_CONTEXT(2) 
PARAMETRIC_REPRESENTATION_CONTEXT() REPRESENTATION_CONTEXT('2D SPACE',''
  ) );
#14047 = PCURVE('',#10361,#14048);
#14048 = DEFINITIONAL_REPRESENTATION('',(#14049),#14053);
#14049 = LINE('',#14050,#14051);
#14050 = CARTESIAN_POINT('',(1.312396380475,-2.193379961509));
#14051 = VECTOR('',#14052,1.);
#14052 = DIRECTION('',(0.,1.));
#14053 = ( GEOMETRIC_REPRESENTATION_CONTEXT(2) 
PARAMETRIC_REPRESENTATION_CONTEXT() REPRESENTATION_CONTEXT('2D SPACE',''
  ) );
#14054 = ADVANCED_FACE('',(#14055),#10361,.T.);
#14055 = FACE_BOUND('',#14056,.T.);
#14056 = EDGE_LOOP('',(#14057,#14058,#14059,#14082));
#14057 = ORIENTED_EDGE('',*,*,#10345,.F.);
#14058 = ORIENTED_EDGE('',*,*,#14034,.T.);
#14059 = ORIENTED_EDGE('',*,*,#14060,.T.);
#14060 = EDGE_CURVE('',#14012,#14061,#14063,.T.);
#14061 = VERTEX_POINT('',#14062);
#14062 = CARTESIAN_POINT('',(19.236773967743,245.81148155195,
    -143.6399997711));
#14063 = SURFACE_CURVE('',#14064,(#14068,#14075),.PCURVE_S1.);
#14064 = LINE('',#14065,#14066);
#14065 = CARTESIAN_POINT('',(21.67062330246,248.98333366376,
    -143.6399997711));
#14066 = VECTOR('',#14067,1.);
#14067 = DIRECTION('',(-0.608761682068,-0.793353146112,0.));
#14068 = PCURVE('',#10361,#14069);
#14069 = DEFINITIONAL_REPRESENTATION('',(#14070),#14074);
#14070 = LINE('',#14071,#14072);
#14071 = CARTESIAN_POINT('',(1.312396380475,3.566620267373));
#14072 = VECTOR('',#14073,1.);
#14073 = DIRECTION('',(-1.,0.));
#14074 = ( GEOMETRIC_REPRESENTATION_CONTEXT(2) 
PARAMETRIC_REPRESENTATION_CONTEXT() REPRESENTATION_CONTEXT('2D SPACE',''
  ) );
#14075 = PCURVE('',#11291,#14076);
#14076 = DEFINITIONAL_REPRESENTATION('',(#14077),#14081);
#14077 = LINE('',#14078,#14079);
#14078 = CARTESIAN_POINT('',(28.223443450765,-10.8293800354));
#14079 = VECTOR('',#14080,1.);
#14080 = DIRECTION('',(0.608761682068,0.793353146112));
#14081 = ( GEOMETRIC_REPRESENTATION_CONTEXT(2) 
PARAMETRIC_REPRESENTATION_CONTEXT() REPRESENTATION_CONTEXT('2D SPACE',''
  ) );
#14082 = ORIENTED_EDGE('',*,*,#14083,.F.);
#14083 = EDGE_CURVE('',#10346,#14061,#14084,.T.);
#14084 = SURFACE_CURVE('',#14085,(#14089,#14096),.PCURVE_S1.);
#14085 = LINE('',#14086,#14087);
#14086 = CARTESIAN_POINT('',(19.236773967743,245.81148155195,-149.4));
#14087 = VECTOR('',#14088,1.);
#14088 = DIRECTION('',(0.,0.,1.));
#14089 = PCURVE('',#10361,#14090);
#14090 = DEFINITIONAL_REPRESENTATION('',(#14091),#14095);
#14091 = LINE('',#14092,#14093);
#14092 = CARTESIAN_POINT('',(-2.685636686339,-2.193379961509));
#14093 = VECTOR('',#14094,1.);
#14094 = DIRECTION('',(0.,1.));
#14095 = ( GEOMETRIC_REPRESENTATION_CONTEXT(2) 
PARAMETRIC_REPRESENTATION_CONTEXT() REPRESENTATION_CONTEXT('2D SPACE',''
  ) );
#14096 = PCURVE('',#10389,#14097);
#14097 = DEFINITIONAL_REPRESENTATION('',(#14098),#14102);
#14098 = LINE('',#14099,#14100);
#14099 = CARTESIAN_POINT('',(1.312395444542,-2.193380217691));
#14100 = VECTOR('',#14101,1.);
#14101 = DIRECTION('',(0.,1.));
#14102 = ( GEOMETRIC_REPRESENTATION_CONTEXT(2) 
PARAMETRIC_REPRESENTATION_CONTEXT() REPRESENTATION_CONTEXT('2D SPACE',''
  ) );
#14103 = ADVANCED_FACE('',(#14104),#10389,.T.);
#14104 = FACE_BOUND('',#14105,.T.);
#14105 = EDGE_LOOP('',(#14106,#14107,#14108,#14131));
#14106 = ORIENTED_EDGE('',*,*,#10373,.F.);
#14107 = ORIENTED_EDGE('',*,*,#14083,.T.);
#14108 = ORIENTED_EDGE('',*,*,#14109,.T.);
#14109 = EDGE_CURVE('',#14061,#14110,#14112,.T.);
#14110 = VERTEX_POINT('',#14111);
#14111 = CARTESIAN_POINT('',(17.706794261932,242.11778266889,
    -143.6399997711));
#14112 = SURFACE_CURVE('',#14113,(#14117,#14124),.PCURVE_S1.);
#14113 = LINE('',#14114,#14115);
#14114 = CARTESIAN_POINT('',(19.236773967743,245.81148155195,
    -143.6399997711));
#14115 = VECTOR('',#14116,1.);
#14116 = DIRECTION('',(-0.382683332691,-0.923879573798,0.));
#14117 = PCURVE('',#10389,#14118);
#14118 = DEFINITIONAL_REPRESENTATION('',(#14119),#14123);
#14119 = LINE('',#14120,#14121);
#14120 = CARTESIAN_POINT('',(1.312395444542,3.566620011191));
#14121 = VECTOR('',#14122,1.);
#14122 = DIRECTION('',(-1.,0.));
#14123 = ( GEOMETRIC_REPRESENTATION_CONTEXT(2) 
PARAMETRIC_REPRESENTATION_CONTEXT() REPRESENTATION_CONTEXT('2D SPACE',''
  ) );
#14124 = PCURVE('',#11291,#14125);
#14125 = DEFINITIONAL_REPRESENTATION('',(#14126),#14130);
#14126 = LINE('',#14127,#14128);
#14127 = CARTESIAN_POINT('',(30.657292785482,-7.657527923584));
#14128 = VECTOR('',#14129,1.);
#14129 = DIRECTION('',(0.382683332691,0.923879573798));
#14130 = ( GEOMETRIC_REPRESENTATION_CONTEXT(2) 
PARAMETRIC_REPRESENTATION_CONTEXT() REPRESENTATION_CONTEXT('2D SPACE',''
  ) );
#14131 = ORIENTED_EDGE('',*,*,#14132,.F.);
#14132 = EDGE_CURVE('',#10374,#14110,#14133,.T.);
#14133 = SURFACE_CURVE('',#14134,(#14138,#14145),.PCURVE_S1.);
#14134 = LINE('',#14135,#14136);
#14135 = CARTESIAN_POINT('',(17.706794261932,242.11778266889,-149.4));
#14136 = VECTOR('',#14137,1.);
#14137 = DIRECTION('',(0.,0.,1.));
#14138 = PCURVE('',#10389,#14139);
#14139 = DEFINITIONAL_REPRESENTATION('',(#14140),#14144);
#14140 = LINE('',#14141,#14142);
#14141 = CARTESIAN_POINT('',(-2.685635238043,-2.193380217691));
#14142 = VECTOR('',#14143,1.);
#14143 = DIRECTION('',(0.,1.));
#14144 = ( GEOMETRIC_REPRESENTATION_CONTEXT(2) 
PARAMETRIC_REPRESENTATION_CONTEXT() REPRESENTATION_CONTEXT('2D SPACE',''
  ) );
#14145 = PCURVE('',#10417,#14146);
#14146 = DEFINITIONAL_REPRESENTATION('',(#14147),#14151);
#14147 = LINE('',#14148,#14149);
#14148 = CARTESIAN_POINT('',(1.312396199412,-2.193380011069));
#14149 = VECTOR('',#14150,1.);
#14150 = DIRECTION('',(0.,1.));
#14151 = ( GEOMETRIC_REPRESENTATION_CONTEXT(2) 
PARAMETRIC_REPRESENTATION_CONTEXT() REPRESENTATION_CONTEXT('2D SPACE',''
  ) );
#14152 = ADVANCED_FACE('',(#14153),#10417,.T.);
#14153 = FACE_BOUND('',#14154,.T.);
#14154 = EDGE_LOOP('',(#14155,#14156,#14157,#14180));
#14155 = ORIENTED_EDGE('',*,*,#10401,.F.);
#14156 = ORIENTED_EDGE('',*,*,#14132,.T.);
#14157 = ORIENTED_EDGE('',*,*,#14158,.T.);
#14158 = EDGE_CURVE('',#14110,#14159,#14161,.T.);
#14159 = VERTEX_POINT('',#14160);
#14160 = CARTESIAN_POINT('',(17.184947490692,238.15395362836,
    -143.6399997711));
#14161 = SURFACE_CURVE('',#14162,(#14166,#14173),.PCURVE_S1.);
#14162 = LINE('',#14163,#14164);
#14163 = CARTESIAN_POINT('',(17.706794261932,242.11778266889,
    -143.6399997711));
#14164 = VECTOR('',#14165,1.);
#14165 = DIRECTION('',(-0.130525891788,-0.991444900926,0.));
#14166 = PCURVE('',#10417,#14167);
#14167 = DEFINITIONAL_REPRESENTATION('',(#14168),#14172);
#14168 = LINE('',#14169,#14170);
#14169 = CARTESIAN_POINT('',(1.312396199412,3.566620217813));
#14170 = VECTOR('',#14171,1.);
#14171 = DIRECTION('',(-1.,0.));
#14172 = ( GEOMETRIC_REPRESENTATION_CONTEXT(2) 
PARAMETRIC_REPRESENTATION_CONTEXT() REPRESENTATION_CONTEXT('2D SPACE',''
  ) );
#14173 = PCURVE('',#11291,#14174);
#14174 = DEFINITIONAL_REPRESENTATION('',(#14175),#14179);
#14175 = LINE('',#14176,#14177);
#14176 = CARTESIAN_POINT('',(32.187272491293,-3.963829040527));
#14177 = VECTOR('',#14178,1.);
#14178 = DIRECTION('',(0.130525891788,0.991444900926));
#14179 = ( GEOMETRIC_REPRESENTATION_CONTEXT(2) 
PARAMETRIC_REPRESENTATION_CONTEXT() REPRESENTATION_CONTEXT('2D SPACE',''
  ) );
#14180 = ORIENTED_EDGE('',*,*,#14181,.F.);
#14181 = EDGE_CURVE('',#10402,#14159,#14182,.T.);
#14182 = SURFACE_CURVE('',#14183,(#14187,#14194),.PCURVE_S1.);
#14183 = LINE('',#14184,#14185);
#14184 = CARTESIAN_POINT('',(17.184947490692,238.15395362836,-149.4));
#14185 = VECTOR('',#14186,1.);
#14186 = DIRECTION('',(0.,0.,1.));
#14187 = PCURVE('',#10417,#14188);
#14188 = DEFINITIONAL_REPRESENTATION('',(#14189),#14193);
#14189 = LINE('',#14190,#14191);
#14190 = CARTESIAN_POINT('',(-2.685636406156,-2.193380011069));
#14191 = VECTOR('',#14192,1.);
#14192 = DIRECTION('',(0.,1.));
#14193 = ( GEOMETRIC_REPRESENTATION_CONTEXT(2) 
PARAMETRIC_REPRESENTATION_CONTEXT() REPRESENTATION_CONTEXT('2D SPACE',''
  ) );
#14194 = PCURVE('',#10445,#14195);
#14195 = DEFINITIONAL_REPRESENTATION('',(#14196),#14200);
#14196 = LINE('',#14197,#14198);
#14197 = CARTESIAN_POINT('',(1.312394714758,-3.566619811436));
#14198 = VECTOR('',#14199,1.);
#14199 = DIRECTION('',(0.,1.));
#14200 = ( GEOMETRIC_REPRESENTATION_CONTEXT(2) 
PARAMETRIC_REPRESENTATION_CONTEXT() REPRESENTATION_CONTEXT('2D SPACE',''
  ) );
#14201 = ADVANCED_FACE('',(#14202),#10445,.T.);
#14202 = FACE_BOUND('',#14203,.T.);
#14203 = EDGE_LOOP('',(#14204,#14205,#14228,#14249));
#14204 = ORIENTED_EDGE('',*,*,#14181,.T.);
#14205 = ORIENTED_EDGE('',*,*,#14206,.T.);
#14206 = EDGE_CURVE('',#14159,#14207,#14209,.T.);
#14207 = VERTEX_POINT('',#14208);
#14208 = CARTESIAN_POINT('',(17.706794261932,234.19012840253,
    -143.6399997711));
#14209 = SURFACE_CURVE('',#14210,(#14214,#14221),.PCURVE_S1.);
#14210 = LINE('',#14211,#14212);
#14211 = CARTESIAN_POINT('',(17.184947490692,238.15395362836,
    -143.6399997711));
#14212 = VECTOR('',#14213,1.);
#14213 = DIRECTION('',(0.130526015263,-0.991444884671,0.));
#14214 = PCURVE('',#10445,#14215);
#14215 = DEFINITIONAL_REPRESENTATION('',(#14216),#14220);
#14216 = LINE('',#14217,#14218);
#14217 = CARTESIAN_POINT('',(1.312394714758,2.193380417446));
#14218 = VECTOR('',#14219,1.);
#14219 = DIRECTION('',(-1.,0.));
#14220 = ( GEOMETRIC_REPRESENTATION_CONTEXT(2) 
PARAMETRIC_REPRESENTATION_CONTEXT() REPRESENTATION_CONTEXT('2D SPACE',''
  ) );
#14221 = PCURVE('',#11291,#14222);
#14222 = DEFINITIONAL_REPRESENTATION('',(#14223),#14227);
#14223 = LINE('',#14224,#14225);
#14224 = CARTESIAN_POINT('',(32.709119262533,4.005711820779E-15));
#14225 = VECTOR('',#14226,1.);
#14226 = DIRECTION('',(-0.130526015263,0.991444884671));
#14227 = ( GEOMETRIC_REPRESENTATION_CONTEXT(2) 
PARAMETRIC_REPRESENTATION_CONTEXT() REPRESENTATION_CONTEXT('2D SPACE',''
  ) );
#14228 = ORIENTED_EDGE('',*,*,#14229,.T.);
#14229 = EDGE_CURVE('',#14207,#10430,#14230,.T.);
#14230 = SURFACE_CURVE('',#14231,(#14235,#14242),.PCURVE_S1.);
#14231 = LINE('',#14232,#14233);
#14232 = CARTESIAN_POINT('',(17.706794261932,234.19012840253,
    -143.6399997711));
#14233 = VECTOR('',#14234,1.);
#14234 = DIRECTION('',(-0.,0.,-1.));
#14235 = PCURVE('',#10445,#14236);
#14236 = DEFINITIONAL_REPRESENTATION('',(#14237),#14241);
#14237 = LINE('',#14238,#14239);
#14238 = CARTESIAN_POINT('',(-2.685634108748,2.193380417446));
#14239 = VECTOR('',#14240,1.);
#14240 = DIRECTION('',(0.,-1.));
#14241 = ( GEOMETRIC_REPRESENTATION_CONTEXT(2) 
PARAMETRIC_REPRESENTATION_CONTEXT() REPRESENTATION_CONTEXT('2D SPACE',''
  ) );
#14242 = PCURVE('',#10473,#14243);
#14243 = DEFINITIONAL_REPRESENTATION('',(#14244),#14248);
#14244 = LINE('',#14245,#14246);
#14245 = CARTESIAN_POINT('',(1.31239682802,3.566620389874));
#14246 = VECTOR('',#14247,1.);
#14247 = DIRECTION('',(0.,-1.));
#14248 = ( GEOMETRIC_REPRESENTATION_CONTEXT(2) 
PARAMETRIC_REPRESENTATION_CONTEXT() REPRESENTATION_CONTEXT('2D SPACE',''
  ) );
#14249 = ORIENTED_EDGE('',*,*,#10429,.F.);
#14250 = ADVANCED_FACE('',(#14251),#10473,.T.);
#14251 = FACE_BOUND('',#14252,.T.);
#14252 = EDGE_LOOP('',(#14253,#14254,#14255,#14278));
#14253 = ORIENTED_EDGE('',*,*,#10457,.F.);
#14254 = ORIENTED_EDGE('',*,*,#14229,.F.);
#14255 = ORIENTED_EDGE('',*,*,#14256,.T.);
#14256 = EDGE_CURVE('',#14207,#14257,#14259,.T.);
#14257 = VERTEX_POINT('',#14258);
#14258 = CARTESIAN_POINT('',(19.236773967743,230.49642570478,
    -143.6399997711));
#14259 = SURFACE_CURVE('',#14260,(#14264,#14271),.PCURVE_S1.);
#14260 = LINE('',#14261,#14262);
#14261 = CARTESIAN_POINT('',(17.706794261932,234.19012840253,
    -143.6399997711));
#14262 = VECTOR('',#14263,1.);
#14263 = DIRECTION('',(0.38268299535,-0.923879713529,0.));
#14264 = PCURVE('',#10473,#14265);
#14265 = DEFINITIONAL_REPRESENTATION('',(#14266),#14270);
#14266 = LINE('',#14267,#14268);
#14267 = CARTESIAN_POINT('',(1.31239682802,3.566620389874));
#14268 = VECTOR('',#14269,1.);
#14269 = DIRECTION('',(-1.,0.));
#14270 = ( GEOMETRIC_REPRESENTATION_CONTEXT(2) 
PARAMETRIC_REPRESENTATION_CONTEXT() REPRESENTATION_CONTEXT('2D SPACE',''
  ) );
#14271 = PCURVE('',#11291,#14272);
#14272 = DEFINITIONAL_REPRESENTATION('',(#14273),#14277);
#14273 = LINE('',#14274,#14275);
#14274 = CARTESIAN_POINT('',(32.187272491293,3.96382522583));
#14275 = VECTOR('',#14276,1.);
#14276 = DIRECTION('',(-0.38268299535,0.923879713529));
#14277 = ( GEOMETRIC_REPRESENTATION_CONTEXT(2) 
PARAMETRIC_REPRESENTATION_CONTEXT() REPRESENTATION_CONTEXT('2D SPACE',''
  ) );
#14278 = ORIENTED_EDGE('',*,*,#14279,.T.);
#14279 = EDGE_CURVE('',#14257,#10458,#14280,.T.);
#14280 = SURFACE_CURVE('',#14281,(#14285,#14292),.PCURVE_S1.);
#14281 = LINE('',#14282,#14283);
#14282 = CARTESIAN_POINT('',(19.236773967743,230.49642570478,
    -143.6399997711));
#14283 = VECTOR('',#14284,1.);
#14284 = DIRECTION('',(-0.,0.,-1.));
#14285 = PCURVE('',#10473,#14286);
#14286 = DEFINITIONAL_REPRESENTATION('',(#14287),#14291);
#14287 = LINE('',#14288,#14289);
#14288 = CARTESIAN_POINT('',(-2.685637378886,3.566620389874));
#14289 = VECTOR('',#14290,1.);
#14290 = DIRECTION('',(0.,-1.));
#14291 = ( GEOMETRIC_REPRESENTATION_CONTEXT(2) 
PARAMETRIC_REPRESENTATION_CONTEXT() REPRESENTATION_CONTEXT('2D SPACE',''
  ) );
#14292 = PCURVE('',#10501,#14293);
#14293 = DEFINITIONAL_REPRESENTATION('',(#14294),#14298);
#14294 = LINE('',#14295,#14296);
#14295 = CARTESIAN_POINT('',(1.312395192456,3.566619942191));
#14296 = VECTOR('',#14297,1.);
#14297 = DIRECTION('',(0.,-1.));
#14298 = ( GEOMETRIC_REPRESENTATION_CONTEXT(2) 
PARAMETRIC_REPRESENTATION_CONTEXT() REPRESENTATION_CONTEXT('2D SPACE',''
  ) );
#14299 = ADVANCED_FACE('',(#14300),#10501,.T.);
#14300 = FACE_BOUND('',#14301,.T.);
#14301 = EDGE_LOOP('',(#14302,#14303,#14304,#14327));
#14302 = ORIENTED_EDGE('',*,*,#10485,.F.);
#14303 = ORIENTED_EDGE('',*,*,#14279,.F.);
#14304 = ORIENTED_EDGE('',*,*,#14305,.T.);
#14305 = EDGE_CURVE('',#14257,#14306,#14308,.T.);
#14306 = VERTEX_POINT('',#14307);
#14307 = CARTESIAN_POINT('',(21.67062330246,227.32457740766,
    -143.6399997711));
#14308 = SURFACE_CURVE('',#14309,(#14313,#14320),.PCURVE_S1.);
#14309 = LINE('',#14310,#14311);
#14310 = CARTESIAN_POINT('',(19.236773967743,230.49642570478,
    -143.6399997711));
#14311 = VECTOR('',#14312,1.);
#14312 = DIRECTION('',(0.608762142884,-0.793352792515,0.));
#14313 = PCURVE('',#10501,#14314);
#14314 = DEFINITIONAL_REPRESENTATION('',(#14315),#14319);
#14315 = LINE('',#14316,#14317);
#14316 = CARTESIAN_POINT('',(1.312395192456,3.566619942191));
#14317 = VECTOR('',#14318,1.);
#14318 = DIRECTION('',(-1.,0.));
#14319 = ( GEOMETRIC_REPRESENTATION_CONTEXT(2) 
PARAMETRIC_REPRESENTATION_CONTEXT() REPRESENTATION_CONTEXT('2D SPACE',''
  ) );
#14320 = PCURVE('',#11291,#14321);
#14321 = DEFINITIONAL_REPRESENTATION('',(#14322),#14326);
#14322 = LINE('',#14323,#14324);
#14323 = CARTESIAN_POINT('',(30.657292785482,7.657527923584));
#14324 = VECTOR('',#14325,1.);
#14325 = DIRECTION('',(-0.608762142884,0.793352792515));
#14326 = ( GEOMETRIC_REPRESENTATION_CONTEXT(2) 
PARAMETRIC_REPRESENTATION_CONTEXT() REPRESENTATION_CONTEXT('2D SPACE',''
  ) );
#14327 = ORIENTED_EDGE('',*,*,#14328,.T.);
#14328 = EDGE_CURVE('',#14306,#10486,#14329,.T.);
#14329 = SURFACE_CURVE('',#14330,(#14334,#14341),.PCURVE_S1.);
#14330 = LINE('',#14331,#14332);
#14331 = CARTESIAN_POINT('',(21.67062330246,227.32457740766,
    -143.6399997711));
#14332 = VECTOR('',#14333,1.);
#14333 = DIRECTION('',(-0.,0.,-1.));
#14334 = PCURVE('',#10501,#14335);
#14335 = DEFINITIONAL_REPRESENTATION('',(#14336),#14340);
#14336 = LINE('',#14337,#14338);
#14337 = CARTESIAN_POINT('',(-2.685634847956,3.566619942191));
#14338 = VECTOR('',#14339,1.);
#14339 = DIRECTION('',(0.,-1.));
#14340 = ( GEOMETRIC_REPRESENTATION_CONTEXT(2) 
PARAMETRIC_REPRESENTATION_CONTEXT() REPRESENTATION_CONTEXT('2D SPACE',''
  ) );
#14341 = PCURVE('',#10529,#14342);
#14342 = DEFINITIONAL_REPRESENTATION('',(#14343),#14347);
#14343 = LINE('',#14344,#14345);
#14344 = CARTESIAN_POINT('',(-1.312396380475,-3.566620267373));
#14345 = VECTOR('',#14346,1.);
#14346 = DIRECTION('',(-0.,1.));
#14347 = ( GEOMETRIC_REPRESENTATION_CONTEXT(2) 
PARAMETRIC_REPRESENTATION_CONTEXT() REPRESENTATION_CONTEXT('2D SPACE',''
  ) );
#14348 = ADVANCED_FACE('',(#14349),#10529,.T.);
#14349 = FACE_BOUND('',#14350,.T.);
#14350 = EDGE_LOOP('',(#14351,#14352,#14353,#14376));
#14351 = ORIENTED_EDGE('',*,*,#10513,.F.);
#14352 = ORIENTED_EDGE('',*,*,#14328,.F.);
#14353 = ORIENTED_EDGE('',*,*,#14354,.T.);
#14354 = EDGE_CURVE('',#14306,#14355,#14357,.T.);
#14355 = VERTEX_POINT('',#14356);
#14356 = CARTESIAN_POINT('',(24.842475414276,224.89072807294,
    -143.6399997711));
#14357 = SURFACE_CURVE('',#14358,(#14362,#14369),.PCURVE_S1.);
#14358 = LINE('',#14359,#14360);
#14359 = CARTESIAN_POINT('',(21.67062330246,227.32457740766,
    -143.6399997711));
#14360 = VECTOR('',#14361,1.);
#14361 = DIRECTION('',(0.793353146112,-0.608761682068,0.));
#14362 = PCURVE('',#10529,#14363);
#14363 = DEFINITIONAL_REPRESENTATION('',(#14364),#14368);
#14364 = LINE('',#14365,#14366);
#14365 = CARTESIAN_POINT('',(-1.312396380475,-3.566620267373));
#14366 = VECTOR('',#14367,1.);
#14367 = DIRECTION('',(1.,-0.));
#14368 = ( GEOMETRIC_REPRESENTATION_CONTEXT(2) 
PARAMETRIC_REPRESENTATION_CONTEXT() REPRESENTATION_CONTEXT('2D SPACE',''
  ) );
#14369 = PCURVE('',#11291,#14370);
#14370 = DEFINITIONAL_REPRESENTATION('',(#14371),#14375);
#14371 = LINE('',#14372,#14373);
#14372 = CARTESIAN_POINT('',(28.223443450765,10.829376220703));
#14373 = VECTOR('',#14374,1.);
#14374 = DIRECTION('',(-0.793353146112,0.608761682068));
#14375 = ( GEOMETRIC_REPRESENTATION_CONTEXT(2) 
PARAMETRIC_REPRESENTATION_CONTEXT() REPRESENTATION_CONTEXT('2D SPACE',''
  ) );
#14376 = ORIENTED_EDGE('',*,*,#14377,.F.);
#14377 = EDGE_CURVE('',#10514,#14355,#14378,.T.);
#14378 = SURFACE_CURVE('',#14379,(#14383,#14390),.PCURVE_S1.);
#14379 = LINE('',#14380,#14381);
#14380 = CARTESIAN_POINT('',(24.842475414276,224.89072807294,-149.4));
#14381 = VECTOR('',#14382,1.);
#14382 = DIRECTION('',(0.,0.,1.));
#14383 = PCURVE('',#10529,#14384);
#14384 = DEFINITIONAL_REPRESENTATION('',(#14385),#14389);
#14385 = LINE('',#14386,#14387);
#14386 = CARTESIAN_POINT('',(2.685636686339,2.193379961509));
#14387 = VECTOR('',#14388,1.);
#14388 = DIRECTION('',(0.,-1.));
#14389 = ( GEOMETRIC_REPRESENTATION_CONTEXT(2) 
PARAMETRIC_REPRESENTATION_CONTEXT() REPRESENTATION_CONTEXT('2D SPACE',''
  ) );
#14390 = PCURVE('',#10557,#14391);
#14391 = DEFINITIONAL_REPRESENTATION('',(#14392),#14396);
#14392 = LINE('',#14393,#14394);
#14393 = CARTESIAN_POINT('',(-1.312394871487,2.193380374546));
#14394 = VECTOR('',#14395,1.);
#14395 = DIRECTION('',(0.,-1.));
#14396 = ( GEOMETRIC_REPRESENTATION_CONTEXT(2) 
PARAMETRIC_REPRESENTATION_CONTEXT() REPRESENTATION_CONTEXT('2D SPACE',''
  ) );
#14397 = ADVANCED_FACE('',(#14398),#10557,.T.);
#14398 = FACE_BOUND('',#14399,.T.);
#14399 = EDGE_LOOP('',(#14400,#14401,#14402,#14425));
#14400 = ORIENTED_EDGE('',*,*,#10541,.F.);
#14401 = ORIENTED_EDGE('',*,*,#14377,.T.);
#14402 = ORIENTED_EDGE('',*,*,#14403,.T.);
#14403 = EDGE_CURVE('',#14355,#14404,#14406,.T.);
#14404 = VERTEX_POINT('',#14405);
#14405 = CARTESIAN_POINT('',(28.536174297333,223.36075218183,
    -143.6399997711));
#14406 = SURFACE_CURVE('',#14407,(#14411,#14418),.PCURVE_S1.);
#14407 = LINE('',#14408,#14409);
#14408 = CARTESIAN_POINT('',(24.842475414276,224.89072807294,
    -143.6399997711));
#14409 = VECTOR('',#14410,1.);
#14410 = DIRECTION('',(0.923879911138,-0.382682518277,0.));
#14411 = PCURVE('',#10557,#14412);
#14412 = DEFINITIONAL_REPRESENTATION('',(#14413),#14417);
#14413 = LINE('',#14414,#14415);
#14414 = CARTESIAN_POINT('',(-1.312394871487,-3.566619854336));
#14415 = VECTOR('',#14416,1.);
#14416 = DIRECTION('',(1.,-0.));
#14417 = ( GEOMETRIC_REPRESENTATION_CONTEXT(2) 
PARAMETRIC_REPRESENTATION_CONTEXT() REPRESENTATION_CONTEXT('2D SPACE',''
  ) );
#14418 = PCURVE('',#11291,#14419);
#14419 = DEFINITIONAL_REPRESENTATION('',(#14420),#14424);
#14420 = LINE('',#14421,#14422);
#14421 = CARTESIAN_POINT('',(25.051591338949,13.26322555542));
#14422 = VECTOR('',#14423,1.);
#14423 = DIRECTION('',(-0.923879911138,0.382682518277));
#14424 = ( GEOMETRIC_REPRESENTATION_CONTEXT(2) 
PARAMETRIC_REPRESENTATION_CONTEXT() REPRESENTATION_CONTEXT('2D SPACE',''
  ) );
#14425 = ORIENTED_EDGE('',*,*,#14426,.F.);
#14426 = EDGE_CURVE('',#10542,#14404,#14427,.T.);
#14427 = SURFACE_CURVE('',#14428,(#14432,#14439),.PCURVE_S1.);
#14428 = LINE('',#14429,#14430);
#14429 = CARTESIAN_POINT('',(28.536174297333,223.36075218183,-149.4));
#14430 = VECTOR('',#14431,1.);
#14431 = DIRECTION('',(0.,0.,1.));
#14432 = PCURVE('',#10557,#14433);
#14433 = DEFINITIONAL_REPRESENTATION('',(#14434),#14438);
#14434 = LINE('',#14435,#14436);
#14435 = CARTESIAN_POINT('',(2.685634351277,2.193380374546));
#14436 = VECTOR('',#14437,1.);
#14437 = DIRECTION('',(0.,-1.));
#14438 = ( GEOMETRIC_REPRESENTATION_CONTEXT(2) 
PARAMETRIC_REPRESENTATION_CONTEXT() REPRESENTATION_CONTEXT('2D SPACE',''
  ) );
#14439 = PCURVE('',#10585,#14440);
#14440 = DEFINITIONAL_REPRESENTATION('',(#14441),#14445);
#14441 = LINE('',#14442,#14443);
#14442 = CARTESIAN_POINT('',(-1.312394910216,2.193380363945));
#14443 = VECTOR('',#14444,1.);
#14444 = DIRECTION('',(0.,-1.));
#14445 = ( GEOMETRIC_REPRESENTATION_CONTEXT(2) 
PARAMETRIC_REPRESENTATION_CONTEXT() REPRESENTATION_CONTEXT('2D SPACE',''
  ) );
#14446 = ADVANCED_FACE('',(#14447),#10585,.T.);
#14447 = FACE_BOUND('',#14448,.T.);
#14448 = EDGE_LOOP('',(#14449,#14450,#14451,#14474));
#14449 = ORIENTED_EDGE('',*,*,#10569,.F.);
#14450 = ORIENTED_EDGE('',*,*,#14426,.T.);
#14451 = ORIENTED_EDGE('',*,*,#14452,.T.);
#14452 = EDGE_CURVE('',#14404,#14453,#14455,.T.);
#14453 = VERTEX_POINT('',#14454);
#14454 = CARTESIAN_POINT('',(32.499999523163,222.83890159589,
    -143.6399997711));
#14455 = SURFACE_CURVE('',#14456,(#14460,#14467),.PCURVE_S1.);
#14456 = LINE('',#14457,#14458);
#14457 = CARTESIAN_POINT('',(28.536174297333,223.36075218183,
    -143.6399997711));
#14458 = VECTOR('',#14459,1.);
#14459 = DIRECTION('',(0.991444761195,-0.130526953152,0.));
#14460 = PCURVE('',#10585,#14461);
#14461 = DEFINITIONAL_REPRESENTATION('',(#14462),#14466);
#14462 = LINE('',#14463,#14464);
#14463 = CARTESIAN_POINT('',(-1.312394910216,-3.566619864937));
#14464 = VECTOR('',#14465,1.);
#14465 = DIRECTION('',(1.,-0.));
#14466 = ( GEOMETRIC_REPRESENTATION_CONTEXT(2) 
PARAMETRIC_REPRESENTATION_CONTEXT() REPRESENTATION_CONTEXT('2D SPACE',''
  ) );
#14467 = PCURVE('',#11291,#14468);
#14468 = DEFINITIONAL_REPRESENTATION('',(#14469),#14473);
#14469 = LINE('',#14470,#14471);
#14470 = CARTESIAN_POINT('',(21.357892455892,14.793201446533));
#14471 = VECTOR('',#14472,1.);
#14472 = DIRECTION('',(-0.991444761195,0.130526953152));
#14473 = ( GEOMETRIC_REPRESENTATION_CONTEXT(2) 
PARAMETRIC_REPRESENTATION_CONTEXT() REPRESENTATION_CONTEXT('2D SPACE',''
  ) );
#14474 = ORIENTED_EDGE('',*,*,#14475,.F.);
#14475 = EDGE_CURVE('',#10570,#14453,#14476,.T.);
#14476 = SURFACE_CURVE('',#14477,(#14481,#14488),.PCURVE_S1.);
#14477 = LINE('',#14478,#14479);
#14478 = CARTESIAN_POINT('',(32.499999523163,222.83890159589,-149.4));
#14479 = VECTOR('',#14480,1.);
#14480 = DIRECTION('',(0.,0.,1.));
#14481 = PCURVE('',#10585,#14482);
#14482 = DEFINITIONAL_REPRESENTATION('',(#14483),#14487);
#14483 = LINE('',#14484,#14485);
#14484 = CARTESIAN_POINT('',(2.685634411208,2.193380363945));
#14485 = VECTOR('',#14486,1.);
#14486 = DIRECTION('',(0.,-1.));
#14487 = ( GEOMETRIC_REPRESENTATION_CONTEXT(2) 
PARAMETRIC_REPRESENTATION_CONTEXT() REPRESENTATION_CONTEXT('2D SPACE',''
  ) );
#14488 = PCURVE('',#10613,#14489);
#14489 = DEFINITIONAL_REPRESENTATION('',(#14490),#14494);
#14490 = LINE('',#14491,#14492);
#14491 = CARTESIAN_POINT('',(-1.312396394871,2.193379957569));
#14492 = VECTOR('',#14493,1.);
#14493 = DIRECTION('',(0.,-1.));
#14494 = ( GEOMETRIC_REPRESENTATION_CONTEXT(2) 
PARAMETRIC_REPRESENTATION_CONTEXT() REPRESENTATION_CONTEXT('2D SPACE',''
  ) );
#14495 = ADVANCED_FACE('',(#14496),#10613,.T.);
#14496 = FACE_BOUND('',#14497,.T.);
#14497 = EDGE_LOOP('',(#14498,#14499,#14500,#14523));
#14498 = ORIENTED_EDGE('',*,*,#10597,.F.);
#14499 = ORIENTED_EDGE('',*,*,#14475,.T.);
#14500 = ORIENTED_EDGE('',*,*,#14501,.T.);
#14501 = EDGE_CURVE('',#14453,#14502,#14504,.T.);
#14502 = VERTEX_POINT('',#14503);
#14503 = CARTESIAN_POINT('',(36.46382856369,223.36075218183,
    -143.6399997711));
#14504 = SURFACE_CURVE('',#14505,(#14509,#14516),.PCURVE_S1.);
#14505 = LINE('',#14506,#14507);
#14506 = CARTESIAN_POINT('',(32.499999523163,222.83890159589,
    -143.6399997711));
#14507 = VECTOR('',#14508,1.);
#14508 = DIRECTION('',(0.991444777451,0.130526829676,0.));
#14509 = PCURVE('',#10613,#14510);
#14510 = DEFINITIONAL_REPRESENTATION('',(#14511),#14515);
#14511 = LINE('',#14512,#14513);
#14512 = CARTESIAN_POINT('',(-1.312396394871,-3.566620271313));
#14513 = VECTOR('',#14514,1.);
#14514 = DIRECTION('',(1.,0.));
#14515 = ( GEOMETRIC_REPRESENTATION_CONTEXT(2) 
PARAMETRIC_REPRESENTATION_CONTEXT() REPRESENTATION_CONTEXT('2D SPACE',''
  ) );
#14516 = PCURVE('',#11291,#14517);
#14517 = DEFINITIONAL_REPRESENTATION('',(#14518),#14522);
#14518 = LINE('',#14519,#14520);
#14519 = CARTESIAN_POINT('',(17.394067230062,15.315052032471));
#14520 = VECTOR('',#14521,1.);
#14521 = DIRECTION('',(-0.991444777451,-0.130526829676));
#14522 = ( GEOMETRIC_REPRESENTATION_CONTEXT(2) 
PARAMETRIC_REPRESENTATION_CONTEXT() REPRESENTATION_CONTEXT('2D SPACE',''
  ) );
#14523 = ORIENTED_EDGE('',*,*,#14524,.F.);
#14524 = EDGE_CURVE('',#10598,#14502,#14525,.T.);
#14525 = SURFACE_CURVE('',#14526,(#14530,#14537),.PCURVE_S1.);
#14526 = LINE('',#14527,#14528);
#14527 = CARTESIAN_POINT('',(36.46382856369,223.36075218183,-149.4));
#14528 = VECTOR('',#14529,1.);
#14529 = DIRECTION('',(0.,0.,1.));
#14530 = PCURVE('',#10613,#14531);
#14531 = DEFINITIONAL_REPRESENTATION('',(#14532),#14536);
#14532 = LINE('',#14533,#14534);
#14533 = CARTESIAN_POINT('',(2.685636708615,2.193379957569));
#14534 = VECTOR('',#14535,1.);
#14535 = DIRECTION('',(0.,-1.));
#14536 = ( GEOMETRIC_REPRESENTATION_CONTEXT(2) 
PARAMETRIC_REPRESENTATION_CONTEXT() REPRESENTATION_CONTEXT('2D SPACE',''
  ) );
#14537 = PCURVE('',#10641,#14538);
#14538 = DEFINITIONAL_REPRESENTATION('',(#14539),#14543);
#14539 = LINE('',#14540,#14541);
#14540 = CARTESIAN_POINT('',(-1.312394871487,2.193380374546));
#14541 = VECTOR('',#14542,1.);
#14542 = DIRECTION('',(0.,-1.));
#14543 = ( GEOMETRIC_REPRESENTATION_CONTEXT(2) 
PARAMETRIC_REPRESENTATION_CONTEXT() REPRESENTATION_CONTEXT('2D SPACE',''
  ) );
#14544 = ADVANCED_FACE('',(#14545),#10641,.T.);
#14545 = FACE_BOUND('',#14546,.T.);
#14546 = EDGE_LOOP('',(#14547,#14548,#14549,#14572));
#14547 = ORIENTED_EDGE('',*,*,#10625,.F.);
#14548 = ORIENTED_EDGE('',*,*,#14524,.T.);
#14549 = ORIENTED_EDGE('',*,*,#14550,.T.);
#14550 = EDGE_CURVE('',#14502,#14551,#14553,.T.);
#14551 = VERTEX_POINT('',#14552);
#14552 = CARTESIAN_POINT('',(40.157527446747,224.89072807294,
    -143.6399997711));
#14553 = SURFACE_CURVE('',#14554,(#14558,#14565),.PCURVE_S1.);
#14554 = LINE('',#14555,#14556);
#14555 = CARTESIAN_POINT('',(36.46382856369,223.36075218183,
    -143.6399997711));
#14556 = VECTOR('',#14557,1.);
#14557 = DIRECTION('',(0.923879911138,0.382682518277,0.));
#14558 = PCURVE('',#10641,#14559);
#14559 = DEFINITIONAL_REPRESENTATION('',(#14560),#14564);
#14560 = LINE('',#14561,#14562);
#14561 = CARTESIAN_POINT('',(-1.312394871487,-3.566619854336));
#14562 = VECTOR('',#14563,1.);
#14563 = DIRECTION('',(1.,0.));
#14564 = ( GEOMETRIC_REPRESENTATION_CONTEXT(2) 
PARAMETRIC_REPRESENTATION_CONTEXT() REPRESENTATION_CONTEXT('2D SPACE',''
  ) );
#14565 = PCURVE('',#11291,#14566);
#14566 = DEFINITIONAL_REPRESENTATION('',(#14567),#14571);
#14567 = LINE('',#14568,#14569);
#14568 = CARTESIAN_POINT('',(13.430238189535,14.793201446533));
#14569 = VECTOR('',#14570,1.);
#14570 = DIRECTION('',(-0.923879911138,-0.382682518277));
#14571 = ( GEOMETRIC_REPRESENTATION_CONTEXT(2) 
PARAMETRIC_REPRESENTATION_CONTEXT() REPRESENTATION_CONTEXT('2D SPACE',''
  ) );
#14572 = ORIENTED_EDGE('',*,*,#14573,.F.);
#14573 = EDGE_CURVE('',#10626,#14551,#14574,.T.);
#14574 = SURFACE_CURVE('',#14575,(#14579,#14586),.PCURVE_S1.);
#14575 = LINE('',#14576,#14577);
#14576 = CARTESIAN_POINT('',(40.157527446747,224.89072807294,-149.4));
#14577 = VECTOR('',#14578,1.);
#14578 = DIRECTION('',(0.,0.,1.));
#14579 = PCURVE('',#10641,#14580);
#14580 = DEFINITIONAL_REPRESENTATION('',(#14581),#14585);
#14581 = LINE('',#14582,#14583);
#14582 = CARTESIAN_POINT('',(2.685634351277,2.193380374546));
#14583 = VECTOR('',#14584,1.);
#14584 = DIRECTION('',(0.,-1.));
#14585 = ( GEOMETRIC_REPRESENTATION_CONTEXT(2) 
PARAMETRIC_REPRESENTATION_CONTEXT() REPRESENTATION_CONTEXT('2D SPACE',''
  ) );
#14586 = PCURVE('',#10669,#14587);
#14587 = DEFINITIONAL_REPRESENTATION('',(#14588),#14592);
#14588 = LINE('',#14589,#14590);
#14589 = CARTESIAN_POINT('',(-1.312395786465,2.1933801241));
#14590 = VECTOR('',#14591,1.);
#14591 = DIRECTION('',(0.,-1.));
#14592 = ( GEOMETRIC_REPRESENTATION_CONTEXT(2) 
PARAMETRIC_REPRESENTATION_CONTEXT() REPRESENTATION_CONTEXT('2D SPACE',''
  ) );
#14593 = ADVANCED_FACE('',(#14594),#10669,.T.);
#14594 = FACE_BOUND('',#14595,.T.);
#14595 = EDGE_LOOP('',(#14596,#14597,#14598,#14621));
#14596 = ORIENTED_EDGE('',*,*,#10653,.F.);
#14597 = ORIENTED_EDGE('',*,*,#14573,.T.);
#14598 = ORIENTED_EDGE('',*,*,#14599,.T.);
#14599 = EDGE_CURVE('',#14551,#14600,#14602,.T.);
#14600 = VERTEX_POINT('',#14601);
#14601 = CARTESIAN_POINT('',(43.329377651215,227.32457740766,
    -143.6399997711));
#14602 = SURFACE_CURVE('',#14603,(#14607,#14614),.PCURVE_S1.);
#14603 = LINE('',#14604,#14605);
#14604 = CARTESIAN_POINT('',(40.157527446747,224.89072807294,
    -143.6399997711));
#14605 = VECTOR('',#14606,1.);
#14606 = DIRECTION('',(0.793352969313,0.608761912476,0.));
#14607 = PCURVE('',#10669,#14608);
#14608 = DEFINITIONAL_REPRESENTATION('',(#14609),#14613);
#14609 = LINE('',#14610,#14611);
#14610 = CARTESIAN_POINT('',(-1.312395786465,-3.566620104782));
#14611 = VECTOR('',#14612,1.);
#14612 = DIRECTION('',(1.,0.));
#14613 = ( GEOMETRIC_REPRESENTATION_CONTEXT(2) 
PARAMETRIC_REPRESENTATION_CONTEXT() REPRESENTATION_CONTEXT('2D SPACE',''
  ) );
#14614 = PCURVE('',#11291,#14615);
#14615 = DEFINITIONAL_REPRESENTATION('',(#14616),#14620);
#14616 = LINE('',#14617,#14618);
#14617 = CARTESIAN_POINT('',(9.736539306478,13.26322555542));
#14618 = VECTOR('',#14619,1.);
#14619 = DIRECTION('',(-0.793352969313,-0.608761912476));
#14620 = ( GEOMETRIC_REPRESENTATION_CONTEXT(2) 
PARAMETRIC_REPRESENTATION_CONTEXT() REPRESENTATION_CONTEXT('2D SPACE',''
  ) );
#14621 = ORIENTED_EDGE('',*,*,#14622,.F.);
#14622 = EDGE_CURVE('',#10654,#14600,#14623,.T.);
#14623 = SURFACE_CURVE('',#14624,(#14628,#14635),.PCURVE_S1.);
#14624 = LINE('',#14625,#14626);
#14625 = CARTESIAN_POINT('',(43.329377651215,227.32457740766,-149.4));
#14626 = VECTOR('',#14627,1.);
#14627 = DIRECTION('',(0.,0.,1.));
#14628 = PCURVE('',#10669,#14629);
#14629 = DEFINITIONAL_REPRESENTATION('',(#14630),#14634);
#14630 = LINE('',#14631,#14632);
#14631 = CARTESIAN_POINT('',(2.685635767147,2.1933801241));
#14632 = VECTOR('',#14633,1.);
#14633 = DIRECTION('',(0.,-1.));
#14634 = ( GEOMETRIC_REPRESENTATION_CONTEXT(2) 
PARAMETRIC_REPRESENTATION_CONTEXT() REPRESENTATION_CONTEXT('2D SPACE',''
  ) );
#14635 = PCURVE('',#10697,#14636);
#14636 = DEFINITIONAL_REPRESENTATION('',(#14637),#14641);
#14637 = LINE('',#14638,#14639);
#14638 = CARTESIAN_POINT('',(2.685634142635,-2.193380411452));
#14639 = VECTOR('',#14640,1.);
#14640 = DIRECTION('',(0.,1.));
#14641 = ( GEOMETRIC_REPRESENTATION_CONTEXT(2) 
PARAMETRIC_REPRESENTATION_CONTEXT() REPRESENTATION_CONTEXT('2D SPACE',''
  ) );
#14642 = ADVANCED_FACE('',(#14643),#10697,.T.);
#14643 = FACE_BOUND('',#14644,.T.);
#14644 = EDGE_LOOP('',(#14645,#14668,#14669,#14670));
#14645 = ORIENTED_EDGE('',*,*,#14646,.F.);
#14646 = EDGE_CURVE('',#10682,#14647,#14649,.T.);
#14647 = VERTEX_POINT('',#14648);
#14648 = CARTESIAN_POINT('',(45.763225078583,230.49642570478,
    -143.6399997711));
#14649 = SURFACE_CURVE('',#14650,(#14654,#14661),.PCURVE_S1.);
#14650 = LINE('',#14651,#14652);
#14651 = CARTESIAN_POINT('',(45.763225078583,230.49642570478,-149.4));
#14652 = VECTOR('',#14653,1.);
#14653 = DIRECTION('',(0.,0.,1.));
#14654 = PCURVE('',#10697,#14655);
#14655 = DEFINITIONAL_REPRESENTATION('',(#14656),#14660);
#14656 = LINE('',#14657,#14658);
#14657 = CARTESIAN_POINT('',(-1.312394736656,-2.193380411452));
#14658 = VECTOR('',#14659,1.);
#14659 = DIRECTION('',(0.,1.));
#14660 = ( GEOMETRIC_REPRESENTATION_CONTEXT(2) 
PARAMETRIC_REPRESENTATION_CONTEXT() REPRESENTATION_CONTEXT('2D SPACE',''
  ) );
#14661 = PCURVE('',#10723,#14662);
#14662 = DEFINITIONAL_REPRESENTATION('',(#14663),#14667);
#14663 = LINE('',#14664,#14665);
#14664 = CARTESIAN_POINT('',(2.685637822268,-2.19337976058));
#14665 = VECTOR('',#14666,1.);
#14666 = DIRECTION('',(0.,1.));
#14667 = ( GEOMETRIC_REPRESENTATION_CONTEXT(2) 
PARAMETRIC_REPRESENTATION_CONTEXT() REPRESENTATION_CONTEXT('2D SPACE',''
  ) );
#14668 = ORIENTED_EDGE('',*,*,#10681,.F.);
#14669 = ORIENTED_EDGE('',*,*,#14622,.T.);
#14670 = ORIENTED_EDGE('',*,*,#14671,.T.);
#14671 = EDGE_CURVE('',#14600,#14647,#14672,.T.);
#14672 = SURFACE_CURVE('',#14673,(#14677,#14684),.PCURVE_S1.);
#14673 = LINE('',#14674,#14675);
#14674 = CARTESIAN_POINT('',(43.329377651215,227.32457740766,
    -143.6399997711));
#14675 = VECTOR('',#14676,1.);
#14676 = DIRECTION('',(0.608761842611,0.793353022923,0.));
#14677 = PCURVE('',#10697,#14678);
#14678 = DEFINITIONAL_REPRESENTATION('',(#14679),#14683);
#14679 = LINE('',#14680,#14681);
#14680 = CARTESIAN_POINT('',(2.685634142635,3.56661981743));
#14681 = VECTOR('',#14682,1.);
#14682 = DIRECTION('',(-1.,0.));
#14683 = ( GEOMETRIC_REPRESENTATION_CONTEXT(2) 
PARAMETRIC_REPRESENTATION_CONTEXT() REPRESENTATION_CONTEXT('2D SPACE',''
  ) );
#14684 = PCURVE('',#11291,#14685);
#14685 = DEFINITIONAL_REPRESENTATION('',(#14686),#14690);
#14686 = LINE('',#14687,#14688);
#14687 = CARTESIAN_POINT('',(6.56468910201,10.829376220703));
#14688 = VECTOR('',#14689,1.);
#14689 = DIRECTION('',(-0.608761842611,-0.793353022923));
#14690 = ( GEOMETRIC_REPRESENTATION_CONTEXT(2) 
PARAMETRIC_REPRESENTATION_CONTEXT() REPRESENTATION_CONTEXT('2D SPACE',''
  ) );
#14691 = ADVANCED_FACE('',(#14692),#10723,.T.);
#14692 = FACE_BOUND('',#14693,.T.);
#14693 = EDGE_LOOP('',(#14694,#14695,#14696,#14697));
#14694 = ORIENTED_EDGE('',*,*,#13570,.F.);
#14695 = ORIENTED_EDGE('',*,*,#10709,.F.);
#14696 = ORIENTED_EDGE('',*,*,#14646,.T.);
#14697 = ORIENTED_EDGE('',*,*,#14698,.T.);
#14698 = EDGE_CURVE('',#14647,#13571,#14699,.T.);
#14699 = SURFACE_CURVE('',#14700,(#14704,#14711),.PCURVE_S1.);
#14700 = LINE('',#14701,#14702);
#14701 = CARTESIAN_POINT('',(45.763225078583,230.49642570478,
    -143.6399997711));
#14702 = VECTOR('',#14703,1.);
#14703 = DIRECTION('',(0.382683402556,0.923879544859,0.));
#14704 = PCURVE('',#10723,#14705);
#14705 = DEFINITIONAL_REPRESENTATION('',(#14706),#14710);
#14706 = LINE('',#14707,#14708);
#14707 = CARTESIAN_POINT('',(2.685637822268,3.566620468302));
#14708 = VECTOR('',#14709,1.);
#14709 = DIRECTION('',(-1.,0.));
#14710 = ( GEOMETRIC_REPRESENTATION_CONTEXT(2) 
PARAMETRIC_REPRESENTATION_CONTEXT() REPRESENTATION_CONTEXT('2D SPACE',''
  ) );
#14711 = PCURVE('',#11291,#14712);
#14712 = DEFINITIONAL_REPRESENTATION('',(#14713),#14717);
#14713 = LINE('',#14714,#14715);
#14714 = CARTESIAN_POINT('',(4.130841674642,7.657527923584));
#14715 = VECTOR('',#14716,1.);
#14716 = DIRECTION('',(-0.382683402556,-0.923879544859));
#14717 = ( GEOMETRIC_REPRESENTATION_CONTEXT(2) 
PARAMETRIC_REPRESENTATION_CONTEXT() REPRESENTATION_CONTEXT('2D SPACE',''
  ) );
#14718 = ADVANCED_FACE('',(#14719,#14784),#11291,.T.);
#14719 = FACE_BOUND('',#14720,.T.);
#14720 = EDGE_LOOP('',(#14721,#14722,#14723,#14724,#14725,#14726,#14727,
    #14728,#14729,#14730,#14731,#14732,#14733,#14734,#14735,#14736,
    #14737,#14738,#14759,#14760,#14781,#14782,#14783));
#14721 = ORIENTED_EDGE('',*,*,#11524,.F.);
#14722 = ORIENTED_EDGE('',*,*,#11475,.F.);
#14723 = ORIENTED_EDGE('',*,*,#11426,.F.);
#14724 = ORIENTED_EDGE('',*,*,#11377,.F.);
#14725 = ORIENTED_EDGE('',*,*,#11329,.F.);
#14726 = ORIENTED_EDGE('',*,*,#11275,.F.);
#14727 = ORIENTED_EDGE('',*,*,#12734,.F.);
#14728 = ORIENTED_EDGE('',*,*,#12685,.F.);
#14729 = ORIENTED_EDGE('',*,*,#12636,.F.);
#14730 = ORIENTED_EDGE('',*,*,#12587,.F.);
#14731 = ORIENTED_EDGE('',*,*,#12561,.F.);
#14732 = ORIENTED_EDGE('',*,*,#12512,.F.);
#14733 = ORIENTED_EDGE('',*,*,#12463,.F.);
#14734 = ORIENTED_EDGE('',*,*,#12414,.F.);
#14735 = ORIENTED_EDGE('',*,*,#12365,.F.);
#14736 = ORIENTED_EDGE('',*,*,#12316,.F.);
#14737 = ORIENTED_EDGE('',*,*,#12244,.F.);
#14738 = ORIENTED_EDGE('',*,*,#14739,.T.);
#14739 = EDGE_CURVE('',#12189,#13304,#14740,.T.);
#14740 = SURFACE_CURVE('',#14741,(#14745,#14752),.PCURVE_S1.);
#14741 = LINE('',#14742,#14743);
#14742 = CARTESIAN_POINT('',(23.575213909149,222.69577415449,
    -143.6399997711));
#14743 = VECTOR('',#14744,1.);
#14744 = DIRECTION('',(0.652674801064,-0.757638174894,0.));
#14745 = PCURVE('',#11291,#14746);
#14746 = DEFINITIONAL_REPRESENTATION('',(#14747),#14751);
#14747 = LINE('',#14748,#14749);
#14748 = CARTESIAN_POINT('',(26.318852844076,15.458179473877));
#14749 = VECTOR('',#14750,1.);
#14750 = DIRECTION('',(-0.652674801064,0.757638174894));
#14751 = ( GEOMETRIC_REPRESENTATION_CONTEXT(2) 
PARAMETRIC_REPRESENTATION_CONTEXT() REPRESENTATION_CONTEXT('2D SPACE',''
  ) );
#14752 = PCURVE('',#13367,#14753);
#14753 = DEFINITIONAL_REPRESENTATION('',(#14754),#14758);
#14754 = LINE('',#14755,#14756);
#14755 = CARTESIAN_POINT('',(-7.207058359775,-34.26680899991));
#14756 = VECTOR('',#14757,1.);
#14757 = DIRECTION('',(-0.65177973319,0.758408319709));
#14758 = ( GEOMETRIC_REPRESENTATION_CONTEXT(2) 
PARAMETRIC_REPRESENTATION_CONTEXT() REPRESENTATION_CONTEXT('2D SPACE',''
  ) );
#14759 = ORIENTED_EDGE('',*,*,#13303,.F.);
#14760 = ORIENTED_EDGE('',*,*,#14761,.F.);
#14761 = EDGE_CURVE('',#11673,#13281,#14762,.T.);
#14762 = SURFACE_CURVE('',#14763,(#14767,#14774),.PCURVE_S1.);
#14763 = LINE('',#14764,#14765);
#14764 = CARTESIAN_POINT('',(41.424785137177,222.69577415449,
    -143.6399997711));
#14765 = VECTOR('',#14766,1.);
#14766 = DIRECTION('',(-0.652674614332,-0.757638335756,0.));
#14767 = PCURVE('',#11291,#14768);
#14768 = DEFINITIONAL_REPRESENTATION('',(#14769),#14773);
#14769 = LINE('',#14770,#14771);
#14770 = CARTESIAN_POINT('',(8.469281616048,15.458179473877));
#14771 = VECTOR('',#14772,1.);
#14772 = DIRECTION('',(0.652674614332,0.757638335756));
#14773 = ( GEOMETRIC_REPRESENTATION_CONTEXT(2) 
PARAMETRIC_REPRESENTATION_CONTEXT() REPRESENTATION_CONTEXT('2D SPACE',''
  ) );
#14774 = PCURVE('',#13531,#14775);
#14775 = DEFINITIONAL_REPRESENTATION('',(#14776),#14780);
#14776 = LINE('',#14777,#14778);
#14777 = CARTESIAN_POINT('',(7.20705895665,-34.26680925748));
#14778 = VECTOR('',#14779,1.);
#14779 = DIRECTION('',(0.65177954602,0.758408480563));
#14780 = ( GEOMETRIC_REPRESENTATION_CONTEXT(2) 
PARAMETRIC_REPRESENTATION_CONTEXT() REPRESENTATION_CONTEXT('2D SPACE',''
  ) );
#14781 = ORIENTED_EDGE('',*,*,#11672,.F.);
#14782 = ORIENTED_EDGE('',*,*,#11622,.F.);
#14783 = ORIENTED_EDGE('',*,*,#11573,.F.);
#14784 = FACE_BOUND('',#14785,.T.);
#14785 = EDGE_LOOP('',(#14786,#14787,#14788,#14789,#14790,#14791,#14792,
    #14793,#14794,#14795,#14796,#14797,#14798,#14799,#14800,#14801,
    #14802,#14803,#14804,#14805,#14806,#14807,#14808,#14809));
#14786 = ORIENTED_EDGE('',*,*,#13593,.F.);
#14787 = ORIENTED_EDGE('',*,*,#14698,.F.);
#14788 = ORIENTED_EDGE('',*,*,#14671,.F.);
#14789 = ORIENTED_EDGE('',*,*,#14599,.F.);
#14790 = ORIENTED_EDGE('',*,*,#14550,.F.);
#14791 = ORIENTED_EDGE('',*,*,#14501,.F.);
#14792 = ORIENTED_EDGE('',*,*,#14452,.F.);
#14793 = ORIENTED_EDGE('',*,*,#14403,.F.);
#14794 = ORIENTED_EDGE('',*,*,#14354,.F.);
#14795 = ORIENTED_EDGE('',*,*,#14305,.F.);
#14796 = ORIENTED_EDGE('',*,*,#14256,.F.);
#14797 = ORIENTED_EDGE('',*,*,#14206,.F.);
#14798 = ORIENTED_EDGE('',*,*,#14158,.F.);
#14799 = ORIENTED_EDGE('',*,*,#14109,.F.);
#14800 = ORIENTED_EDGE('',*,*,#14060,.F.);
#14801 = ORIENTED_EDGE('',*,*,#14011,.F.);
#14802 = ORIENTED_EDGE('',*,*,#13962,.F.);
#14803 = ORIENTED_EDGE('',*,*,#13913,.F.);
#14804 = ORIENTED_EDGE('',*,*,#13864,.F.);
#14805 = ORIENTED_EDGE('',*,*,#13815,.F.);
#14806 = ORIENTED_EDGE('',*,*,#13766,.F.);
#14807 = ORIENTED_EDGE('',*,*,#13740,.F.);
#14808 = ORIENTED_EDGE('',*,*,#13691,.F.);
#14809 = ORIENTED_EDGE('',*,*,#13617,.F.);
#14810 = ADVANCED_FACE('',(#14811),#11736,.T.);
#14811 = FACE_BOUND('',#14812,.T.);
#14812 = EDGE_LOOP('',(#14813,#14834,#14855));
#14813 = ORIENTED_EDGE('',*,*,#14814,.T.);
#14814 = EDGE_CURVE('',#11673,#13490,#14815,.T.);
#14815 = SURFACE_CURVE('',#14816,(#14820,#14827),.PCURVE_S1.);
#14816 = LINE('',#14817,#14818);
#14817 = CARTESIAN_POINT('',(41.424785137177,222.69577415449,
    -143.6399997711));
#14818 = VECTOR('',#14819,1.);
#14819 = DIRECTION('',(0.237048988574,-0.969869105186,5.622895891926E-02
    ));
#14820 = PCURVE('',#11736,#14821);
#14821 = DEFINITIONAL_REPRESENTATION('',(#14822),#14826);
#14822 = LINE('',#14823,#14824);
#14823 = CARTESIAN_POINT('',(-36.90869882414,-10.48401583039));
#14824 = VECTOR('',#14825,1.);
#14825 = DIRECTION('',(0.971468678001,0.23716788919));
#14826 = ( GEOMETRIC_REPRESENTATION_CONTEXT(2) 
PARAMETRIC_REPRESENTATION_CONTEXT() REPRESENTATION_CONTEXT('2D SPACE',''
  ) );
#14827 = PCURVE('',#13531,#14828);
#14828 = DEFINITIONAL_REPRESENTATION('',(#14829),#14833);
#14829 = LINE('',#14830,#14831);
#14830 = CARTESIAN_POINT('',(7.20705895665,-34.26680925748));
#14831 = VECTOR('',#14832,1.);
#14832 = DIRECTION('',(-0.239667686305,0.970854984095));
#14833 = ( GEOMETRIC_REPRESENTATION_CONTEXT(2) 
PARAMETRIC_REPRESENTATION_CONTEXT() REPRESENTATION_CONTEXT('2D SPACE',''
  ) );
#14834 = ORIENTED_EDGE('',*,*,#14835,.F.);
#14835 = EDGE_CURVE('',#11721,#13490,#14836,.T.);
#14836 = SURFACE_CURVE('',#14837,(#14841,#14848),.PCURVE_S1.);
#14837 = LINE('',#14838,#14839);
#14838 = CARTESIAN_POINT('',(64.500000476837,150.70149620038,
    -139.6399997711));
#14839 = VECTOR('',#14840,1.);
#14840 = DIRECTION('',(-0.900491483013,0.43487364719,0.));
#14841 = PCURVE('',#11736,#14842);
#14842 = DEFINITIONAL_REPRESENTATION('',(#14843),#14847);
#14843 = LINE('',#14844,#14845);
#14844 = CARTESIAN_POINT('',(35.192908431859,12.602773729996));
#14845 = VECTOR('',#14846,1.);
#14846 = DIRECTION('',(-0.43393712317,-0.90094315755));
#14847 = ( GEOMETRIC_REPRESENTATION_CONTEXT(2) 
PARAMETRIC_REPRESENTATION_CONTEXT() REPRESENTATION_CONTEXT('2D SPACE',''
  ) );
#14848 = PCURVE('',#11790,#14849);
#14849 = DEFINITIONAL_REPRESENTATION('',(#14850),#14854);
#14850 = LINE('',#14851,#14852);
#14851 = CARTESIAN_POINT('',(-0.508503673355,-12.97038243605));
#14852 = VECTOR('',#14853,1.);
#14853 = DIRECTION('',(0.900491483013,-0.43487364719));
#14854 = ( GEOMETRIC_REPRESENTATION_CONTEXT(2) 
PARAMETRIC_REPRESENTATION_CONTEXT() REPRESENTATION_CONTEXT('2D SPACE',''
  ) );
#14855 = ORIENTED_EDGE('',*,*,#11720,.F.);
#14856 = ADVANCED_FACE('',(#14857),#11790,.T.);
#14857 = FACE_BOUND('',#14858,.T.);
#14858 = EDGE_LOOP('',(#14859,#14860,#14861,#14884,#14912,#14940,#14968,
    #14989,#15010,#15011));
#14859 = ORIENTED_EDGE('',*,*,#11774,.F.);
#14860 = ORIENTED_EDGE('',*,*,#14835,.T.);
#14861 = ORIENTED_EDGE('',*,*,#14862,.F.);
#14862 = EDGE_CURVE('',#14863,#13490,#14865,.T.);
#14863 = VERTEX_POINT('',#14864);
#14864 = CARTESIAN_POINT('',(62.500000476837,148.70149620038,
    -139.6399997711));
#14865 = SURFACE_CURVE('',#14866,(#14870,#14877),.PCURVE_S1.);
#14866 = LINE('',#14867,#14868);
#14867 = CARTESIAN_POINT('',(62.500000476837,148.70149620038,
    -139.6399997711));
#14868 = VECTOR('',#14869,1.);
#14869 = DIRECTION('',(-0.64427572011,0.764793303107,0.));
#14870 = PCURVE('',#11790,#14871);
#14871 = DEFINITIONAL_REPRESENTATION('',(#14872),#14876);
#14872 = LINE('',#14873,#14874);
#14873 = CARTESIAN_POINT('',(1.491496326645,-10.97038243605));
#14874 = VECTOR('',#14875,1.);
#14875 = DIRECTION('',(0.64427572011,-0.764793303107));
#14876 = ( GEOMETRIC_REPRESENTATION_CONTEXT(2) 
PARAMETRIC_REPRESENTATION_CONTEXT() REPRESENTATION_CONTEXT('2D SPACE',''
  ) );
#14877 = PCURVE('',#13505,#14878);
#14878 = DEFINITIONAL_REPRESENTATION('',(#14879),#14883);
#14879 = LINE('',#14880,#14881);
#14880 = CARTESIAN_POINT('',(3.60138918064,5.082532105343));
#14881 = VECTOR('',#14882,1.);
#14882 = DIRECTION('',(-1.,8.549841751863E-32));
#14883 = ( GEOMETRIC_REPRESENTATION_CONTEXT(2) 
PARAMETRIC_REPRESENTATION_CONTEXT() REPRESENTATION_CONTEXT('2D SPACE',''
  ) );
#14884 = ORIENTED_EDGE('',*,*,#14885,.F.);
#14885 = EDGE_CURVE('',#14886,#14863,#14888,.T.);
#14886 = VERTEX_POINT('',#14887);
#14887 = CARTESIAN_POINT('',(62.500000476837,125.70149620038,
    -139.6399997711));
#14888 = SURFACE_CURVE('',#14889,(#14893,#14900),.PCURVE_S1.);
#14889 = LINE('',#14890,#14891);
#14890 = CARTESIAN_POINT('',(62.500000476837,125.70149620038,
    -139.6399997711));
#14891 = VECTOR('',#14892,1.);
#14892 = DIRECTION('',(1.224646799147E-16,1.,0.));
#14893 = PCURVE('',#11790,#14894);
#14894 = DEFINITIONAL_REPRESENTATION('',(#14895),#14899);
#14895 = LINE('',#14896,#14897);
#14896 = CARTESIAN_POINT('',(1.491496326645,12.02961756395));
#14897 = VECTOR('',#14898,1.);
#14898 = DIRECTION('',(0.,-1.));
#14899 = ( GEOMETRIC_REPRESENTATION_CONTEXT(2) 
PARAMETRIC_REPRESENTATION_CONTEXT() REPRESENTATION_CONTEXT('2D SPACE',''
  ) );
#14900 = PCURVE('',#14901,#14906);
#14901 = PLANE('',#14902);
#14902 = AXIS2_PLACEMENT_3D('',#14903,#14904,#14905);
#14903 = CARTESIAN_POINT('',(62.500000476837,137.9590247688,
    -147.5275284539));
#14904 = DIRECTION('',(-1.,1.224646799147E-16,0.));
#14905 = DIRECTION('',(0.,0.,1.));
#14906 = DEFINITIONAL_REPRESENTATION('',(#14907),#14911);
#14907 = LINE('',#14908,#14909);
#14908 = CARTESIAN_POINT('',(7.887528682858,-12.25752856841));
#14909 = VECTOR('',#14910,1.);
#14910 = DIRECTION('',(0.,1.));
#14911 = ( GEOMETRIC_REPRESENTATION_CONTEXT(2) 
PARAMETRIC_REPRESENTATION_CONTEXT() REPRESENTATION_CONTEXT('2D SPACE',''
  ) );
#14912 = ORIENTED_EDGE('',*,*,#14913,.F.);
#14913 = EDGE_CURVE('',#14914,#14886,#14916,.T.);
#14914 = VERTEX_POINT('',#14915);
#14915 = CARTESIAN_POINT('',(2.499999523163,125.70149620038,
    -139.6399997711));
#14916 = SURFACE_CURVE('',#14917,(#14921,#14928),.PCURVE_S1.);
#14917 = LINE('',#14918,#14919);
#14918 = CARTESIAN_POINT('',(2.499999523163,125.70149620038,
    -139.6399997711));
#14919 = VECTOR('',#14920,1.);
#14920 = DIRECTION('',(1.,-1.224646799147E-16,0.));
#14921 = PCURVE('',#11790,#14922);
#14922 = DEFINITIONAL_REPRESENTATION('',(#14923),#14927);
#14923 = LINE('',#14924,#14925);
#14924 = CARTESIAN_POINT('',(61.491497280319,12.02961756395));
#14925 = VECTOR('',#14926,1.);
#14926 = DIRECTION('',(-1.,0.));
#14927 = ( GEOMETRIC_REPRESENTATION_CONTEXT(2) 
PARAMETRIC_REPRESENTATION_CONTEXT() REPRESENTATION_CONTEXT('2D SPACE',''
  ) );
#14928 = PCURVE('',#14929,#14934);
#14929 = PLANE('',#14930);
#14930 = AXIS2_PLACEMENT_3D('',#14931,#14932,#14933);
#14931 = CARTESIAN_POINT('',(30.469026962176,125.70149620038,
    -146.0509729233));
#14932 = DIRECTION('',(1.224646799147E-16,1.,-0.));
#14933 = DIRECTION('',(-0.,0.,-1.));
#14934 = DEFINITIONAL_REPRESENTATION('',(#14935),#14939);
#14935 = LINE('',#14936,#14937);
#14936 = CARTESIAN_POINT('',(-6.410973152265,27.969027439013));
#14937 = VECTOR('',#14938,1.);
#14938 = DIRECTION('',(-0.,-1.));
#14939 = ( GEOMETRIC_REPRESENTATION_CONTEXT(2) 
PARAMETRIC_REPRESENTATION_CONTEXT() REPRESENTATION_CONTEXT('2D SPACE',''
  ) );
#14940 = ORIENTED_EDGE('',*,*,#14941,.F.);
#14941 = EDGE_CURVE('',#14942,#14914,#14944,.T.);
#14942 = VERTEX_POINT('',#14943);
#14943 = CARTESIAN_POINT('',(2.499999523163,148.70149620038,
    -139.6399997711));
#14944 = SURFACE_CURVE('',#14945,(#14949,#14956),.PCURVE_S1.);
#14945 = LINE('',#14946,#14947);
#14946 = CARTESIAN_POINT('',(2.499999523163,148.70149620038,
    -139.6399997711));
#14947 = VECTOR('',#14948,1.);
#14948 = DIRECTION('',(-1.224646799147E-16,-1.,0.));
#14949 = PCURVE('',#11790,#14950);
#14950 = DEFINITIONAL_REPRESENTATION('',(#14951),#14955);
#14951 = LINE('',#14952,#14953);
#14952 = CARTESIAN_POINT('',(61.491497280319,-10.97038243605));
#14953 = VECTOR('',#14954,1.);
#14954 = DIRECTION('',(0.,1.));
#14955 = ( GEOMETRIC_REPRESENTATION_CONTEXT(2) 
PARAMETRIC_REPRESENTATION_CONTEXT() REPRESENTATION_CONTEXT('2D SPACE',''
  ) );
#14956 = PCURVE('',#14957,#14962);
#14957 = PLANE('',#14958);
#14958 = AXIS2_PLACEMENT_3D('',#14959,#14960,#14961);
#14959 = CARTESIAN_POINT('',(2.499999523163,138.41437940519,
    -141.1771165663));
#14960 = DIRECTION('',(1.,-1.224646799147E-16,-0.));
#14961 = DIRECTION('',(-0.,0.,-1.));
#14962 = DEFINITIONAL_REPRESENTATION('',(#14963),#14967);
#14963 = LINE('',#14964,#14965);
#14964 = CARTESIAN_POINT('',(-1.537116795193,10.287116795193));
#14965 = VECTOR('',#14966,1.);
#14966 = DIRECTION('',(0.,-1.));
#14967 = ( GEOMETRIC_REPRESENTATION_CONTEXT(2) 
PARAMETRIC_REPRESENTATION_CONTEXT() REPRESENTATION_CONTEXT('2D SPACE',''
  ) );
#14968 = ORIENTED_EDGE('',*,*,#14969,.F.);
#14969 = EDGE_CURVE('',#13352,#14942,#14970,.T.);
#14970 = SURFACE_CURVE('',#14971,(#14975,#14982),.PCURVE_S1.);
#14971 = LINE('',#14972,#14973);
#14972 = CARTESIAN_POINT('',(6.712089061737,153.70149620038,
    -139.6399997711));
#14973 = VECTOR('',#14974,1.);
#14974 = DIRECTION('',(-0.644275634788,-0.764793374984,0.));
#14975 = PCURVE('',#11790,#14976);
#14976 = DEFINITIONAL_REPRESENTATION('',(#14977),#14981);
#14977 = LINE('',#14978,#14979);
#14978 = CARTESIAN_POINT('',(57.279407741745,-15.97038243605));
#14979 = VECTOR('',#14980,1.);
#14980 = DIRECTION('',(0.644275634788,0.764793374984));
#14981 = ( GEOMETRIC_REPRESENTATION_CONTEXT(2) 
PARAMETRIC_REPRESENTATION_CONTEXT() REPRESENTATION_CONTEXT('2D SPACE',''
  ) );
#14982 = PCURVE('',#13395,#14983);
#14983 = DEFINITIONAL_REPRESENTATION('',(#14984),#14988);
#14984 = LINE('',#14985,#14986);
#14985 = CARTESIAN_POINT('',(2.550506707743,1.28164993966));
#14986 = VECTOR('',#14987,1.);
#14987 = DIRECTION('',(-1.,4.314083075427E-32));
#14988 = ( GEOMETRIC_REPRESENTATION_CONTEXT(2) 
PARAMETRIC_REPRESENTATION_CONTEXT() REPRESENTATION_CONTEXT('2D SPACE',''
  ) );
#14989 = ORIENTED_EDGE('',*,*,#14990,.T.);
#14990 = EDGE_CURVE('',#13352,#12140,#14991,.T.);
#14991 = SURFACE_CURVE('',#14992,(#14996,#15003),.PCURVE_S1.);
#14992 = LINE('',#14993,#14994);
#14993 = CARTESIAN_POINT('',(6.712089061737,153.70149620038,
    -139.6399997711));
#14994 = VECTOR('',#14995,1.);
#14995 = DIRECTION('',(-0.90049145687,-0.434873701326,0.));
#14996 = PCURVE('',#11790,#14997);
#14997 = DEFINITIONAL_REPRESENTATION('',(#14998),#15002);
#14998 = LINE('',#14999,#15000);
#14999 = CARTESIAN_POINT('',(57.279407741745,-15.97038243605));
#15000 = VECTOR('',#15001,1.);
#15001 = DIRECTION('',(0.90049145687,0.434873701326));
#15002 = ( GEOMETRIC_REPRESENTATION_CONTEXT(2) 
PARAMETRIC_REPRESENTATION_CONTEXT() REPRESENTATION_CONTEXT('2D SPACE',''
  ) );
#15003 = PCURVE('',#12227,#15004);
#15004 = DEFINITIONAL_REPRESENTATION('',(#15005),#15009);
#15005 = LINE('',#15006,#15007);
#15006 = CARTESIAN_POINT('',(32.199369281137,-6.387567648368));
#15007 = VECTOR('',#15008,1.);
#15008 = DIRECTION('',(0.43393717715,-0.90094313155));
#15009 = ( GEOMETRIC_REPRESENTATION_CONTEXT(2) 
PARAMETRIC_REPRESENTATION_CONTEXT() REPRESENTATION_CONTEXT('2D SPACE',''
  ) );
#15010 = ORIENTED_EDGE('',*,*,#12164,.F.);
#15011 = ORIENTED_EDGE('',*,*,#11851,.T.);
#15012 = ADVANCED_FACE('',(#15013),#11913,.T.);
#15013 = FACE_BOUND('',#15014,.T.);
#15014 = EDGE_LOOP('',(#15015,#15016,#15017,#15018));
#15015 = ORIENTED_EDGE('',*,*,#12085,.F.);
#15016 = ORIENTED_EDGE('',*,*,#12057,.T.);
#15017 = ORIENTED_EDGE('',*,*,#11974,.T.);
#15018 = ORIENTED_EDGE('',*,*,#11897,.F.);
#15019 = ADVANCED_FACE('',(#15020),#12018,.F.);
#15020 = FACE_BOUND('',#15021,.T.);
#15021 = EDGE_LOOP('',(#15022,#15023,#15044,#15045));
#15022 = ORIENTED_EDGE('',*,*,#12108,.T.);
#15023 = ORIENTED_EDGE('',*,*,#15024,.T.);
#15024 = EDGE_CURVE('',#12109,#11998,#15025,.T.);
#15025 = SEAM_CURVE('',#15026,(#15030,#15037),.PCURVE_S1.);
#15026 = LINE('',#15027,#15028);
#15027 = CARTESIAN_POINT('',(-1.,113.31650932114,-145.4));
#15028 = VECTOR('',#15029,1.);
#15029 = DIRECTION('',(1.,0.,0.));
#15030 = PCURVE('',#12018,#15031);
#15031 = DEFINITIONAL_REPRESENTATION('',(#15032),#15036);
#15032 = LINE('',#15033,#15034);
#15033 = CARTESIAN_POINT('',(-6.28318530718,0.));
#15034 = VECTOR('',#15035,1.);
#15035 = DIRECTION('',(-0.,-1.));
#15036 = ( GEOMETRIC_REPRESENTATION_CONTEXT(2) 
PARAMETRIC_REPRESENTATION_CONTEXT() REPRESENTATION_CONTEXT('2D SPACE',''
  ) );
#15037 = PCURVE('',#12018,#15038);
#15038 = DEFINITIONAL_REPRESENTATION('',(#15039),#15043);
#15039 = LINE('',#15040,#15041);
#15040 = CARTESIAN_POINT('',(-0.,0.));
#15041 = VECTOR('',#15042,1.);
#15042 = DIRECTION('',(-0.,-1.));
#15043 = ( GEOMETRIC_REPRESENTATION_CONTEXT(2) 
PARAMETRIC_REPRESENTATION_CONTEXT() REPRESENTATION_CONTEXT('2D SPACE',''
  ) );
#15044 = ORIENTED_EDGE('',*,*,#11997,.F.);
#15045 = ORIENTED_EDGE('',*,*,#15024,.F.);
#15046 = ADVANCED_FACE('',(#15047),#12227,.T.);
#15047 = FACE_BOUND('',#15048,.T.);
#15048 = EDGE_LOOP('',(#15049,#15050,#15071));
#15049 = ORIENTED_EDGE('',*,*,#14990,.F.);
#15050 = ORIENTED_EDGE('',*,*,#15051,.F.);
#15051 = EDGE_CURVE('',#12189,#13352,#15052,.T.);
#15052 = SURFACE_CURVE('',#15053,(#15057,#15064),.PCURVE_S1.);
#15053 = LINE('',#15054,#15055);
#15054 = CARTESIAN_POINT('',(23.575213909149,222.69577415449,
    -143.6399997711));
#15055 = VECTOR('',#15056,1.);
#15056 = DIRECTION('',(-0.237048988574,-0.969869105186,
    5.622895891926E-02));
#15057 = PCURVE('',#12227,#15058);
#15058 = DEFINITIONAL_REPRESENTATION('',(#15059),#15063);
#15059 = LINE('',#15060,#15061);
#15060 = CARTESIAN_POINT('',(-36.90869863709,10.484015520847));
#15061 = VECTOR('',#15062,1.);
#15062 = DIRECTION('',(0.971468677991,-0.237167889231));
#15063 = ( GEOMETRIC_REPRESENTATION_CONTEXT(2) 
PARAMETRIC_REPRESENTATION_CONTEXT() REPRESENTATION_CONTEXT('2D SPACE',''
  ) );
#15064 = PCURVE('',#13367,#15065);
#15065 = DEFINITIONAL_REPRESENTATION('',(#15066),#15070);
#15066 = LINE('',#15067,#15068);
#15067 = CARTESIAN_POINT('',(-7.207058359775,-34.26680899991));
#15068 = VECTOR('',#15069,1.);
#15069 = DIRECTION('',(0.239667685417,0.970854984314));
#15070 = ( GEOMETRIC_REPRESENTATION_CONTEXT(2) 
PARAMETRIC_REPRESENTATION_CONTEXT() REPRESENTATION_CONTEXT('2D SPACE',''
  ) );
#15071 = ORIENTED_EDGE('',*,*,#12213,.F.);
#15072 = ADVANCED_FACE('',(#15073),#13367,.T.);
#15073 = FACE_BOUND('',#15074,.T.);
#15074 = EDGE_LOOP('',(#15075,#15076,#15077));
#15075 = ORIENTED_EDGE('',*,*,#13351,.F.);
#15076 = ORIENTED_EDGE('',*,*,#14739,.F.);
#15077 = ORIENTED_EDGE('',*,*,#15051,.T.);
#15078 = ADVANCED_FACE('',(#15079),#13395,.T.);
#15079 = FACE_BOUND('',#15080,.T.);
#15080 = EDGE_LOOP('',(#15081,#15082,#15105,#15126));
#15081 = ORIENTED_EDGE('',*,*,#14969,.T.);
#15082 = ORIENTED_EDGE('',*,*,#15083,.F.);
#15083 = EDGE_CURVE('',#15084,#14942,#15086,.T.);
#15084 = VERTEX_POINT('',#15085);
#15085 = CARTESIAN_POINT('',(2.499999523163,148.70149620038,
    -145.1399997711));
#15086 = SURFACE_CURVE('',#15087,(#15091,#15098),.PCURVE_S1.);
#15087 = LINE('',#15088,#15089);
#15088 = CARTESIAN_POINT('',(2.499999523163,148.70149620038,
    -145.1399997711));
#15089 = VECTOR('',#15090,1.);
#15090 = DIRECTION('',(0.,0.,1.));
#15091 = PCURVE('',#13395,#15092);
#15092 = DEFINITIONAL_REPRESENTATION('',(#15093),#15097);
#15093 = LINE('',#15094,#15095);
#15094 = CARTESIAN_POINT('',(-3.987206828422,-4.21835006034));
#15095 = VECTOR('',#15096,1.);
#15096 = DIRECTION('',(0.,1.));
#15097 = ( GEOMETRIC_REPRESENTATION_CONTEXT(2) 
PARAMETRIC_REPRESENTATION_CONTEXT() REPRESENTATION_CONTEXT('2D SPACE',''
  ) );
#15098 = PCURVE('',#14957,#15099);
#15099 = DEFINITIONAL_REPRESENTATION('',(#15100),#15104);
#15100 = LINE('',#15101,#15102);
#15101 = CARTESIAN_POINT('',(3.962883204807,10.287116795193));
#15102 = VECTOR('',#15103,1.);
#15103 = DIRECTION('',(-1.,0.));
#15104 = ( GEOMETRIC_REPRESENTATION_CONTEXT(2) 
PARAMETRIC_REPRESENTATION_CONTEXT() REPRESENTATION_CONTEXT('2D SPACE',''
  ) );
#15105 = ORIENTED_EDGE('',*,*,#15106,.F.);
#15106 = EDGE_CURVE('',#13380,#15084,#15107,.T.);
#15107 = SURFACE_CURVE('',#15108,(#15112,#15119),.PCURVE_S1.);
#15108 = LINE('',#15109,#15110);
#15109 = CARTESIAN_POINT('',(6.712089061737,153.70149620038,
    -145.1399997711));
#15110 = VECTOR('',#15111,1.);
#15111 = DIRECTION('',(-0.644275634788,-0.764793374984,0.));
#15112 = PCURVE('',#13395,#15113);
#15113 = DEFINITIONAL_REPRESENTATION('',(#15114),#15118);
#15114 = LINE('',#15115,#15116);
#15115 = CARTESIAN_POINT('',(2.550506707743,-4.21835006034));
#15116 = VECTOR('',#15117,1.);
#15117 = DIRECTION('',(-1.,4.314083075427E-32));
#15118 = ( GEOMETRIC_REPRESENTATION_CONTEXT(2) 
PARAMETRIC_REPRESENTATION_CONTEXT() REPRESENTATION_CONTEXT('2D SPACE',''
  ) );
#15119 = PCURVE('',#13450,#15120);
#15120 = DEFINITIONAL_REPRESENTATION('',(#15121),#15125);
#15121 = LINE('',#15122,#15123);
#15122 = CARTESIAN_POINT('',(26.313413171728,-3.723997815319));
#15123 = VECTOR('',#15124,1.);
#15124 = DIRECTION('',(0.644275634788,0.764793374984));
#15125 = ( GEOMETRIC_REPRESENTATION_CONTEXT(2) 
PARAMETRIC_REPRESENTATION_CONTEXT() REPRESENTATION_CONTEXT('2D SPACE',''
  ) );
#15126 = ORIENTED_EDGE('',*,*,#13379,.T.);
#15127 = ADVANCED_FACE('',(#15128),#13450,.T.);
#15128 = FACE_BOUND('',#15129,.T.);
#15129 = EDGE_LOOP('',(#15130,#15158,#15179,#15180));
#15130 = ORIENTED_EDGE('',*,*,#15131,.F.);
#15131 = EDGE_CURVE('',#15132,#15084,#15134,.T.);
#15132 = VERTEX_POINT('',#15133);
#15133 = CARTESIAN_POINT('',(62.500000476837,148.70149620038,
    -145.1399997711));
#15134 = SURFACE_CURVE('',#15135,(#15139,#15146),.PCURVE_S1.);
#15135 = LINE('',#15136,#15137);
#15136 = CARTESIAN_POINT('',(62.500000476837,148.70149620038,
    -145.1399997711));
#15137 = VECTOR('',#15138,1.);
#15138 = DIRECTION('',(-1.,1.224646799147E-16,0.));
#15139 = PCURVE('',#13450,#15140);
#15140 = DEFINITIONAL_REPRESENTATION('',(#15141),#15145);
#15141 = LINE('',#15142,#15143);
#15142 = CARTESIAN_POINT('',(-29.47449824337,1.276002184681));
#15143 = VECTOR('',#15144,1.);
#15144 = DIRECTION('',(1.,0.));
#15145 = ( GEOMETRIC_REPRESENTATION_CONTEXT(2) 
PARAMETRIC_REPRESENTATION_CONTEXT() REPRESENTATION_CONTEXT('2D SPACE',''
  ) );
#15146 = PCURVE('',#15147,#15152);
#15147 = PLANE('',#15148);
#15148 = AXIS2_PLACEMENT_3D('',#15149,#15150,#15151);
#15149 = CARTESIAN_POINT('',(33.292875537609,148.70149620038,
    -147.5628754231));
#15150 = DIRECTION('',(-1.224646799147E-16,-1.,0.));
#15151 = DIRECTION('',(0.,0.,1.));
#15152 = DEFINITIONAL_REPRESENTATION('',(#15153),#15157);
#15153 = LINE('',#15154,#15155);
#15154 = CARTESIAN_POINT('',(2.42287565205,-29.20712493922));
#15155 = VECTOR('',#15156,1.);
#15156 = DIRECTION('',(0.,1.));
#15157 = ( GEOMETRIC_REPRESENTATION_CONTEXT(2) 
PARAMETRIC_REPRESENTATION_CONTEXT() REPRESENTATION_CONTEXT('2D SPACE',''
  ) );
#15158 = ORIENTED_EDGE('',*,*,#15159,.T.);
#15159 = EDGE_CURVE('',#15132,#13435,#15160,.T.);
#15160 = SURFACE_CURVE('',#15161,(#15165,#15172),.PCURVE_S1.);
#15161 = LINE('',#15162,#15163);
#15162 = CARTESIAN_POINT('',(62.500000476837,148.70149620038,
    -145.1399997711));
#15163 = VECTOR('',#15164,1.);
#15164 = DIRECTION('',(-0.64427572011,0.764793303107,0.));
#15165 = PCURVE('',#13450,#15166);
#15166 = DEFINITIONAL_REPRESENTATION('',(#15167),#15171);
#15167 = LINE('',#15168,#15169);
#15168 = CARTESIAN_POINT('',(-29.47449824337,1.276002184681));
#15169 = VECTOR('',#15170,1.);
#15170 = DIRECTION('',(0.64427572011,-0.764793303107));
#15171 = ( GEOMETRIC_REPRESENTATION_CONTEXT(2) 
PARAMETRIC_REPRESENTATION_CONTEXT() REPRESENTATION_CONTEXT('2D SPACE',''
  ) );
#15172 = PCURVE('',#13505,#15173);
#15173 = DEFINITIONAL_REPRESENTATION('',(#15174),#15178);
#15174 = LINE('',#15175,#15176);
#15175 = CARTESIAN_POINT('',(3.60138918064,-0.417467894657));
#15176 = VECTOR('',#15177,1.);
#15177 = DIRECTION('',(-1.,8.549841751863E-32));
#15178 = ( GEOMETRIC_REPRESENTATION_CONTEXT(2) 
PARAMETRIC_REPRESENTATION_CONTEXT() REPRESENTATION_CONTEXT('2D SPACE',''
  ) );
#15179 = ORIENTED_EDGE('',*,*,#13434,.F.);
#15180 = ORIENTED_EDGE('',*,*,#15106,.T.);
#15181 = ADVANCED_FACE('',(#15182),#13505,.T.);
#15182 = FACE_BOUND('',#15183,.T.);
#15183 = EDGE_LOOP('',(#15184,#15185,#15186,#15207));
#15184 = ORIENTED_EDGE('',*,*,#13489,.F.);
#15185 = ORIENTED_EDGE('',*,*,#15159,.F.);
#15186 = ORIENTED_EDGE('',*,*,#15187,.F.);
#15187 = EDGE_CURVE('',#14863,#15132,#15188,.T.);
#15188 = SURFACE_CURVE('',#15189,(#15193,#15200),.PCURVE_S1.);
#15189 = LINE('',#15190,#15191);
#15190 = CARTESIAN_POINT('',(62.500000476837,148.70149620038,
    -139.6399997711));
#15191 = VECTOR('',#15192,1.);
#15192 = DIRECTION('',(-0.,0.,-1.));
#15193 = PCURVE('',#13505,#15194);
#15194 = DEFINITIONAL_REPRESENTATION('',(#15195),#15199);
#15195 = LINE('',#15196,#15197);
#15196 = CARTESIAN_POINT('',(3.60138918064,5.082532105343));
#15197 = VECTOR('',#15198,1.);
#15198 = DIRECTION('',(-2.465190328816E-32,-1.));
#15199 = ( GEOMETRIC_REPRESENTATION_CONTEXT(2) 
PARAMETRIC_REPRESENTATION_CONTEXT() REPRESENTATION_CONTEXT('2D SPACE',''
  ) );
#15200 = PCURVE('',#14901,#15201);
#15201 = DEFINITIONAL_REPRESENTATION('',(#15202),#15206);
#15202 = LINE('',#15203,#15204);
#15203 = CARTESIAN_POINT('',(7.887528682858,10.742471431583));
#15204 = VECTOR('',#15205,1.);
#15205 = DIRECTION('',(-1.,0.));
#15206 = ( GEOMETRIC_REPRESENTATION_CONTEXT(2) 
PARAMETRIC_REPRESENTATION_CONTEXT() REPRESENTATION_CONTEXT('2D SPACE',''
  ) );
#15207 = ORIENTED_EDGE('',*,*,#14862,.T.);
#15208 = ADVANCED_FACE('',(#15209),#13531,.T.);
#15209 = FACE_BOUND('',#15210,.T.);
#15210 = EDGE_LOOP('',(#15211,#15212,#15213));
#15211 = ORIENTED_EDGE('',*,*,#13517,.F.);
#15212 = ORIENTED_EDGE('',*,*,#14814,.F.);
#15213 = ORIENTED_EDGE('',*,*,#14761,.T.);
#15214 = ADVANCED_FACE('',(#15215),#14901,.T.);
#15215 = FACE_BOUND('',#15216,.T.);
#15216 = EDGE_LOOP('',(#15217,#15240,#15268,#15289,#15290));
#15217 = ORIENTED_EDGE('',*,*,#15218,.T.);
#15218 = EDGE_CURVE('',#15132,#15219,#15221,.T.);
#15219 = VERTEX_POINT('',#15220);
#15220 = CARTESIAN_POINT('',(62.500000476837,148.70149620038,-148.4));
#15221 = SURFACE_CURVE('',#15222,(#15226,#15233),.PCURVE_S1.);
#15222 = LINE('',#15223,#15224);
#15223 = CARTESIAN_POINT('',(62.500000476837,148.70149620038,
    -145.1399997711));
#15224 = VECTOR('',#15225,1.);
#15225 = DIRECTION('',(-0.,0.,-1.));
#15226 = PCURVE('',#14901,#15227);
#15227 = DEFINITIONAL_REPRESENTATION('',(#15228),#15232);
#15228 = LINE('',#15229,#15230);
#15229 = CARTESIAN_POINT('',(2.387528682858,10.742471431583));
#15230 = VECTOR('',#15231,1.);
#15231 = DIRECTION('',(-1.,0.));
#15232 = ( GEOMETRIC_REPRESENTATION_CONTEXT(2) 
PARAMETRIC_REPRESENTATION_CONTEXT() REPRESENTATION_CONTEXT('2D SPACE',''
  ) );
#15233 = PCURVE('',#15147,#15234);
#15234 = DEFINITIONAL_REPRESENTATION('',(#15235),#15239);
#15235 = LINE('',#15236,#15237);
#15236 = CARTESIAN_POINT('',(2.42287565205,-29.20712493922));
#15237 = VECTOR('',#15238,1.);
#15238 = DIRECTION('',(-1.,0.));
#15239 = ( GEOMETRIC_REPRESENTATION_CONTEXT(2) 
PARAMETRIC_REPRESENTATION_CONTEXT() REPRESENTATION_CONTEXT('2D SPACE',''
  ) );
#15240 = ORIENTED_EDGE('',*,*,#15241,.T.);
#15241 = EDGE_CURVE('',#15219,#15242,#15244,.T.);
#15242 = VERTEX_POINT('',#15243);
#15243 = CARTESIAN_POINT('',(62.500000476837,125.70149620038,-148.4));
#15244 = SURFACE_CURVE('',#15245,(#15249,#15256),.PCURVE_S1.);
#15245 = LINE('',#15246,#15247);
#15246 = CARTESIAN_POINT('',(62.500000476837,148.70149620038,-148.4));
#15247 = VECTOR('',#15248,1.);
#15248 = DIRECTION('',(-1.224646799147E-16,-1.,0.));
#15249 = PCURVE('',#14901,#15250);
#15250 = DEFINITIONAL_REPRESENTATION('',(#15251),#15255);
#15251 = LINE('',#15252,#15253);
#15252 = CARTESIAN_POINT('',(-0.872471546024,10.742471431583));
#15253 = VECTOR('',#15254,1.);
#15254 = DIRECTION('',(0.,-1.));
#15255 = ( GEOMETRIC_REPRESENTATION_CONTEXT(2) 
PARAMETRIC_REPRESENTATION_CONTEXT() REPRESENTATION_CONTEXT('2D SPACE',''
  ) );
#15256 = PCURVE('',#15257,#15262);
#15257 = PLANE('',#15258);
#15258 = AXIS2_PLACEMENT_3D('',#15259,#15260,#15261);
#15259 = CARTESIAN_POINT('',(37.185676189379,141.88717238976,-148.4));
#15260 = DIRECTION('',(0.,0.,1.));
#15261 = DIRECTION('',(-1.,1.224646799147E-16,0.));
#15262 = DEFINITIONAL_REPRESENTATION('',(#15263),#15267);
#15263 = LINE('',#15264,#15265);
#15264 = CARTESIAN_POINT('',(-25.31432428745,-6.814323810621));
#15265 = VECTOR('',#15266,1.);
#15266 = DIRECTION('',(0.,1.));
#15267 = ( GEOMETRIC_REPRESENTATION_CONTEXT(2) 
PARAMETRIC_REPRESENTATION_CONTEXT() REPRESENTATION_CONTEXT('2D SPACE',''
  ) );
#15268 = ORIENTED_EDGE('',*,*,#15269,.T.);
#15269 = EDGE_CURVE('',#15242,#14886,#15270,.T.);
#15270 = SURFACE_CURVE('',#15271,(#15275,#15282),.PCURVE_S1.);
#15271 = LINE('',#15272,#15273);
#15272 = CARTESIAN_POINT('',(62.500000476837,125.70149620038,-148.4));
#15273 = VECTOR('',#15274,1.);
#15274 = DIRECTION('',(0.,0.,1.));
#15275 = PCURVE('',#14901,#15276);
#15276 = DEFINITIONAL_REPRESENTATION('',(#15277),#15281);
#15277 = LINE('',#15278,#15279);
#15278 = CARTESIAN_POINT('',(-0.872471546024,-12.25752856841));
#15279 = VECTOR('',#15280,1.);
#15280 = DIRECTION('',(1.,0.));
#15281 = ( GEOMETRIC_REPRESENTATION_CONTEXT(2) 
PARAMETRIC_REPRESENTATION_CONTEXT() REPRESENTATION_CONTEXT('2D SPACE',''
  ) );
#15282 = PCURVE('',#14929,#15283);
#15283 = DEFINITIONAL_REPRESENTATION('',(#15284),#15288);
#15284 = LINE('',#15285,#15286);
#15285 = CARTESIAN_POINT('',(2.349027076617,-32.03097351466));
#15286 = VECTOR('',#15287,1.);
#15287 = DIRECTION('',(-1.,0.));
#15288 = ( GEOMETRIC_REPRESENTATION_CONTEXT(2) 
PARAMETRIC_REPRESENTATION_CONTEXT() REPRESENTATION_CONTEXT('2D SPACE',''
  ) );
#15289 = ORIENTED_EDGE('',*,*,#14885,.T.);
#15290 = ORIENTED_EDGE('',*,*,#15187,.T.);
#15291 = ADVANCED_FACE('',(#15292),#14929,.T.);
#15292 = FACE_BOUND('',#15293,.T.);
#15293 = EDGE_LOOP('',(#15294,#15317,#15338,#15339));
#15294 = ORIENTED_EDGE('',*,*,#15295,.T.);
#15295 = EDGE_CURVE('',#15242,#15296,#15298,.T.);
#15296 = VERTEX_POINT('',#15297);
#15297 = CARTESIAN_POINT('',(2.499999523163,125.70149620038,-148.4));
#15298 = SURFACE_CURVE('',#15299,(#15303,#15310),.PCURVE_S1.);
#15299 = LINE('',#15300,#15301);
#15300 = CARTESIAN_POINT('',(62.500000476837,125.70149620038,-148.4));
#15301 = VECTOR('',#15302,1.);
#15302 = DIRECTION('',(-1.,1.224646799147E-16,0.));
#15303 = PCURVE('',#14929,#15304);
#15304 = DEFINITIONAL_REPRESENTATION('',(#15305),#15309);
#15305 = LINE('',#15306,#15307);
#15306 = CARTESIAN_POINT('',(2.349027076617,-32.03097351466));
#15307 = VECTOR('',#15308,1.);
#15308 = DIRECTION('',(0.,1.));
#15309 = ( GEOMETRIC_REPRESENTATION_CONTEXT(2) 
PARAMETRIC_REPRESENTATION_CONTEXT() REPRESENTATION_CONTEXT('2D SPACE',''
  ) );
#15310 = PCURVE('',#15257,#15311);
#15311 = DEFINITIONAL_REPRESENTATION('',(#15312),#15316);
#15312 = LINE('',#15313,#15314);
#15313 = CARTESIAN_POINT('',(-25.31432428745,16.185676189379));
#15314 = VECTOR('',#15315,1.);
#15315 = DIRECTION('',(1.,0.));
#15316 = ( GEOMETRIC_REPRESENTATION_CONTEXT(2) 
PARAMETRIC_REPRESENTATION_CONTEXT() REPRESENTATION_CONTEXT('2D SPACE',''
  ) );
#15317 = ORIENTED_EDGE('',*,*,#15318,.T.);
#15318 = EDGE_CURVE('',#15296,#14914,#15319,.T.);
#15319 = SURFACE_CURVE('',#15320,(#15324,#15331),.PCURVE_S1.);
#15320 = LINE('',#15321,#15322);
#15321 = CARTESIAN_POINT('',(2.499999523163,125.70149620038,-148.4));
#15322 = VECTOR('',#15323,1.);
#15323 = DIRECTION('',(0.,0.,1.));
#15324 = PCURVE('',#14929,#15325);
#15325 = DEFINITIONAL_REPRESENTATION('',(#15326),#15330);
#15326 = LINE('',#15327,#15328);
#15327 = CARTESIAN_POINT('',(2.349027076617,27.969027439013));
#15328 = VECTOR('',#15329,1.);
#15329 = DIRECTION('',(-1.,0.));
#15330 = ( GEOMETRIC_REPRESENTATION_CONTEXT(2) 
PARAMETRIC_REPRESENTATION_CONTEXT() REPRESENTATION_CONTEXT('2D SPACE',''
  ) );
#15331 = PCURVE('',#14957,#15332);
#15332 = DEFINITIONAL_REPRESENTATION('',(#15333),#15337);
#15333 = LINE('',#15334,#15335);
#15334 = CARTESIAN_POINT('',(7.222883433689,-12.7128832048));
#15335 = VECTOR('',#15336,1.);
#15336 = DIRECTION('',(-1.,0.));
#15337 = ( GEOMETRIC_REPRESENTATION_CONTEXT(2) 
PARAMETRIC_REPRESENTATION_CONTEXT() REPRESENTATION_CONTEXT('2D SPACE',''
  ) );
#15338 = ORIENTED_EDGE('',*,*,#14913,.T.);
#15339 = ORIENTED_EDGE('',*,*,#15269,.F.);
#15340 = ADVANCED_FACE('',(#15341),#14957,.T.);
#15341 = FACE_BOUND('',#15342,.T.);
#15342 = EDGE_LOOP('',(#15343,#15344,#15345,#15346,#15369));
#15343 = ORIENTED_EDGE('',*,*,#15083,.T.);
#15344 = ORIENTED_EDGE('',*,*,#14941,.T.);
#15345 = ORIENTED_EDGE('',*,*,#15318,.F.);
#15346 = ORIENTED_EDGE('',*,*,#15347,.T.);
#15347 = EDGE_CURVE('',#15296,#15348,#15350,.T.);
#15348 = VERTEX_POINT('',#15349);
#15349 = CARTESIAN_POINT('',(2.499999523163,148.70149620038,-148.4));
#15350 = SURFACE_CURVE('',#15351,(#15355,#15362),.PCURVE_S1.);
#15351 = LINE('',#15352,#15353);
#15352 = CARTESIAN_POINT('',(2.499999523163,125.70149620038,-148.4));
#15353 = VECTOR('',#15354,1.);
#15354 = DIRECTION('',(1.224646799147E-16,1.,0.));
#15355 = PCURVE('',#14957,#15356);
#15356 = DEFINITIONAL_REPRESENTATION('',(#15357),#15361);
#15357 = LINE('',#15358,#15359);
#15358 = CARTESIAN_POINT('',(7.222883433689,-12.7128832048));
#15359 = VECTOR('',#15360,1.);
#15360 = DIRECTION('',(0.,1.));
#15361 = ( GEOMETRIC_REPRESENTATION_CONTEXT(2) 
PARAMETRIC_REPRESENTATION_CONTEXT() REPRESENTATION_CONTEXT('2D SPACE',''
  ) );
#15362 = PCURVE('',#15257,#15363);
#15363 = DEFINITIONAL_REPRESENTATION('',(#15364),#15368);
#15364 = LINE('',#15365,#15366);
#15365 = CARTESIAN_POINT('',(34.685676666216,16.185676189379));
#15366 = VECTOR('',#15367,1.);
#15367 = DIRECTION('',(0.,-1.));
#15368 = ( GEOMETRIC_REPRESENTATION_CONTEXT(2) 
PARAMETRIC_REPRESENTATION_CONTEXT() REPRESENTATION_CONTEXT('2D SPACE',''
  ) );
#15369 = ORIENTED_EDGE('',*,*,#15370,.T.);
#15370 = EDGE_CURVE('',#15348,#15084,#15371,.T.);
#15371 = SURFACE_CURVE('',#15372,(#15376,#15383),.PCURVE_S1.);
#15372 = LINE('',#15373,#15374);
#15373 = CARTESIAN_POINT('',(2.499999523163,148.70149620038,-148.4));
#15374 = VECTOR('',#15375,1.);
#15375 = DIRECTION('',(0.,0.,1.));
#15376 = PCURVE('',#14957,#15377);
#15377 = DEFINITIONAL_REPRESENTATION('',(#15378),#15382);
#15378 = LINE('',#15379,#15380);
#15379 = CARTESIAN_POINT('',(7.222883433689,10.287116795193));
#15380 = VECTOR('',#15381,1.);
#15381 = DIRECTION('',(-1.,0.));
#15382 = ( GEOMETRIC_REPRESENTATION_CONTEXT(2) 
PARAMETRIC_REPRESENTATION_CONTEXT() REPRESENTATION_CONTEXT('2D SPACE',''
  ) );
#15383 = PCURVE('',#15147,#15384);
#15384 = DEFINITIONAL_REPRESENTATION('',(#15385),#15389);
#15385 = LINE('',#15386,#15387);
#15386 = CARTESIAN_POINT('',(-0.837124576832,30.792876014446));
#15387 = VECTOR('',#15388,1.);
#15388 = DIRECTION('',(1.,0.));
#15389 = ( GEOMETRIC_REPRESENTATION_CONTEXT(2) 
PARAMETRIC_REPRESENTATION_CONTEXT() REPRESENTATION_CONTEXT('2D SPACE',''
  ) );
#15390 = ADVANCED_FACE('',(#15391),#15147,.T.);
#15391 = FACE_BOUND('',#15392,.T.);
#15392 = EDGE_LOOP('',(#15393,#15414,#15415,#15416));
#15393 = ORIENTED_EDGE('',*,*,#15394,.T.);
#15394 = EDGE_CURVE('',#15348,#15219,#15395,.T.);
#15395 = SURFACE_CURVE('',#15396,(#15400,#15407),.PCURVE_S1.);
#15396 = LINE('',#15397,#15398);
#15397 = CARTESIAN_POINT('',(2.499999523163,148.70149620038,-148.4));
#15398 = VECTOR('',#15399,1.);
#15399 = DIRECTION('',(1.,-1.224646799147E-16,0.));
#15400 = PCURVE('',#15147,#15401);
#15401 = DEFINITIONAL_REPRESENTATION('',(#15402),#15406);
#15402 = LINE('',#15403,#15404);
#15403 = CARTESIAN_POINT('',(-0.837124576832,30.792876014446));
#15404 = VECTOR('',#15405,1.);
#15405 = DIRECTION('',(0.,-1.));
#15406 = ( GEOMETRIC_REPRESENTATION_CONTEXT(2) 
PARAMETRIC_REPRESENTATION_CONTEXT() REPRESENTATION_CONTEXT('2D SPACE',''
  ) );
#15407 = PCURVE('',#15257,#15408);
#15408 = DEFINITIONAL_REPRESENTATION('',(#15409),#15413);
#15409 = LINE('',#15410,#15411);
#15410 = CARTESIAN_POINT('',(34.685676666216,-6.814323810621));
#15411 = VECTOR('',#15412,1.);
#15412 = DIRECTION('',(-1.,0.));
#15413 = ( GEOMETRIC_REPRESENTATION_CONTEXT(2) 
PARAMETRIC_REPRESENTATION_CONTEXT() REPRESENTATION_CONTEXT('2D SPACE',''
  ) );
#15414 = ORIENTED_EDGE('',*,*,#15218,.F.);
#15415 = ORIENTED_EDGE('',*,*,#15131,.T.);
#15416 = ORIENTED_EDGE('',*,*,#15370,.F.);
#15417 = ADVANCED_FACE('',(#15418),#15257,.T.);
#15418 = FACE_BOUND('',#15419,.T.);
#15419 = EDGE_LOOP('',(#15420,#15421,#15422,#15423));
#15420 = ORIENTED_EDGE('',*,*,#15241,.F.);
#15421 = ORIENTED_EDGE('',*,*,#15394,.F.);
#15422 = ORIENTED_EDGE('',*,*,#15347,.F.);
#15423 = ORIENTED_EDGE('',*,*,#15295,.F.);
#15424 = ( GEOMETRIC_REPRESENTATION_CONTEXT(3) 
GLOBAL_UNCERTAINTY_ASSIGNED_CONTEXT((#15428)) 
GLOBAL_UNIT_ASSIGNED_CONTEXT((#15425,#15426,#15427)) 
REPRESENTATION_CONTEXT('Context #1',
  '3D Context with UNIT and UNCERTAINTY') );
#15425 = ( LENGTH_UNIT() NAMED_UNIT(*) SI_UNIT(.MILLI.,.METRE.) );
#15426 = ( NAMED_UNIT(*) PLANE_ANGLE_UNIT() SI_UNIT($,.RADIAN.) );
#15427 = ( NAMED_UNIT(*) SI_UNIT($,.STERADIAN.) SOLID_ANGLE_UNIT() );
#15428 = UNCERTAINTY_MEASURE_WITH_UNIT(LENGTH_MEASURE(1.E-07),#15425,
  'distance_accuracy_value','confusion accuracy');
#15429 = CONTEXT_DEPENDENT_SHAPE_REPRESENTATION(#15430,#15432);
#15430 = ( REPRESENTATION_RELATIONSHIP('','',#8279,#8256) 
REPRESENTATION_RELATIONSHIP_WITH_TRANSFORMATION(#15431) 
SHAPE_REPRESENTATION_RELATIONSHIP() );
#15431 = ITEM_DEFINED_TRANSFORMATION('','',#11,#8257);
#15432 = PRODUCT_DEFINITION_SHAPE('Placement','Placement of an item',
  #15433);
#15433 = NEXT_ASSEMBLY_USAGE_OCCURRENCE('13','','',#8251,#8274,$);
#15434 = PRODUCT_RELATED_PRODUCT_CATEGORY('part',$,(#8276));
#15435 = SHAPE_DEFINITION_REPRESENTATION(#15436,#15442);
#15436 = PRODUCT_DEFINITION_SHAPE('','',#15437);
#15437 = PRODUCT_DEFINITION('design','',#15438,#15441);
#15438 = PRODUCT_DEFINITION_FORMATION('','',#15439);
#15439 = PRODUCT('table','table','',(#15440));
#15440 = PRODUCT_CONTEXT('',#2,'mechanical');
#15441 = PRODUCT_DEFINITION_CONTEXT('part definition',#2,'design');
#15442 = SHAPE_REPRESENTATION('',(#11,#15443),#15447);
#15443 = AXIS2_PLACEMENT_3D('',#15444,#15445,#15446);
#15444 = CARTESIAN_POINT('',(0.,0.,0.));
#15445 = DIRECTION('',(0.,0.,1.));
#15446 = DIRECTION('',(1.,0.,-0.));
#15447 = ( GEOMETRIC_REPRESENTATION_CONTEXT(3) 
GLOBAL_UNCERTAINTY_ASSIGNED_CONTEXT((#15451)) 
GLOBAL_UNIT_ASSIGNED_CONTEXT((#15448,#15449,#15450)) 
REPRESENTATION_CONTEXT('Context #1',
  '3D Context with UNIT and UNCERTAINTY') );
#15448 = ( LENGTH_UNIT() NAMED_UNIT(*) SI_UNIT(.MILLI.,.METRE.) );
#15449 = ( NAMED_UNIT(*) PLANE_ANGLE_UNIT() SI_UNIT($,.RADIAN.) );
#15450 = ( NAMED_UNIT(*) SI_UNIT($,.STERADIAN.) SOLID_ANGLE_UNIT() );
#15451 = UNCERTAINTY_MEASURE_WITH_UNIT(LENGTH_MEASURE(1.E-07),#15448,
  'distance_accuracy_value','confusion accuracy');
#15452 = CONTEXT_DEPENDENT_SHAPE_REPRESENTATION(#15453,#15455);
#15453 = ( REPRESENTATION_RELATIONSHIP('','',#15442,#10) 
REPRESENTATION_RELATIONSHIP_WITH_TRANSFORMATION(#15454) 
SHAPE_REPRESENTATION_RELATIONSHIP() );
#15454 = ITEM_DEFINED_TRANSFORMATION('','',#11,#43);
#15455 = PRODUCT_DEFINITION_SHAPE('Placement','Placement of an item',
  #15456);
#15456 = NEXT_ASSEMBLY_USAGE_OCCURRENCE('16','','',#5,#15437,$);
#15457 = PRODUCT_RELATED_PRODUCT_CATEGORY('part',$,(#15439));
#15458 = SHAPE_DEFINITION_REPRESENTATION(#15459,#15465);
#15459 = PRODUCT_DEFINITION_SHAPE('','',#15460);
#15460 = PRODUCT_DEFINITION('design','',#15461,#15464);
#15461 = PRODUCT_DEFINITION_FORMATION('','',#15462);
#15462 = PRODUCT('table_part','table_part','',(#15463));
#15463 = PRODUCT_CONTEXT('',#2,'mechanical');
#15464 = PRODUCT_DEFINITION_CONTEXT('part definition',#2,'design');
#15465 = ADVANCED_BREP_SHAPE_REPRESENTATION('',(#11,#15466),#15796);
#15466 = MANIFOLD_SOLID_BREP('',#15467);
#15467 = CLOSED_SHELL('',(#15468,#15588,#15688,#15735,#15782,#15789));
#15468 = ADVANCED_FACE('',(#15469),#15483,.F.);
#15469 = FACE_BOUND('',#15470,.F.);
#15470 = EDGE_LOOP('',(#15471,#15506,#15534,#15562));
#15471 = ORIENTED_EDGE('',*,*,#15472,.F.);
#15472 = EDGE_CURVE('',#15473,#15475,#15477,.T.);
#15473 = VERTEX_POINT('',#15474);
#15474 = CARTESIAN_POINT('',(-50.,-150.,-156.4));
#15475 = VERTEX_POINT('',#15476);
#15476 = CARTESIAN_POINT('',(-50.,-150.,-150.4));
#15477 = SURFACE_CURVE('',#15478,(#15482,#15494),.PCURVE_S1.);
#15478 = LINE('',#15479,#15480);
#15479 = CARTESIAN_POINT('',(-50.,-150.,-156.4));
#15480 = VECTOR('',#15481,1.);
#15481 = DIRECTION('',(0.,0.,1.));
#15482 = PCURVE('',#15483,#15488);
#15483 = PLANE('',#15484);
#15484 = AXIS2_PLACEMENT_3D('',#15485,#15486,#15487);
#15485 = CARTESIAN_POINT('',(-50.,-150.,-156.4));
#15486 = DIRECTION('',(1.,0.,0.));
#15487 = DIRECTION('',(0.,0.,1.));
#15488 = DEFINITIONAL_REPRESENTATION('',(#15489),#15493);
#15489 = LINE('',#15490,#15491);
#15490 = CARTESIAN_POINT('',(0.,0.));
#15491 = VECTOR('',#15492,1.);
#15492 = DIRECTION('',(1.,0.));
#15493 = ( GEOMETRIC_REPRESENTATION_CONTEXT(2) 
PARAMETRIC_REPRESENTATION_CONTEXT() REPRESENTATION_CONTEXT('2D SPACE',''
  ) );
#15494 = PCURVE('',#15495,#15500);
#15495 = PLANE('',#15496);
#15496 = AXIS2_PLACEMENT_3D('',#15497,#15498,#15499);
#15497 = CARTESIAN_POINT('',(-50.,-150.,-156.4));
#15498 = DIRECTION('',(0.,1.,0.));
#15499 = DIRECTION('',(0.,0.,1.));
#15500 = DEFINITIONAL_REPRESENTATION('',(#15501),#15505);
#15501 = LINE('',#15502,#15503);
#15502 = CARTESIAN_POINT('',(0.,0.));
#15503 = VECTOR('',#15504,1.);
#15504 = DIRECTION('',(1.,0.));
#15505 = ( GEOMETRIC_REPRESENTATION_CONTEXT(2) 
PARAMETRIC_REPRESENTATION_CONTEXT() REPRESENTATION_CONTEXT('2D SPACE',''
  ) );
#15506 = ORIENTED_EDGE('',*,*,#15507,.T.);
#15507 = EDGE_CURVE('',#15473,#15508,#15510,.T.);
#15508 = VERTEX_POINT('',#15509);
#15509 = CARTESIAN_POINT('',(-50.,450.,-156.4));
#15510 = SURFACE_CURVE('',#15511,(#15515,#15522),.PCURVE_S1.);
#15511 = LINE('',#15512,#15513);
#15512 = CARTESIAN_POINT('',(-50.,-150.,-156.4));
#15513 = VECTOR('',#15514,1.);
#15514 = DIRECTION('',(0.,1.,0.));
#15515 = PCURVE('',#15483,#15516);
#15516 = DEFINITIONAL_REPRESENTATION('',(#15517),#15521);
#15517 = LINE('',#15518,#15519);
#15518 = CARTESIAN_POINT('',(0.,0.));
#15519 = VECTOR('',#15520,1.);
#15520 = DIRECTION('',(0.,-1.));
#15521 = ( GEOMETRIC_REPRESENTATION_CONTEXT(2) 
PARAMETRIC_REPRESENTATION_CONTEXT() REPRESENTATION_CONTEXT('2D SPACE',''
  ) );
#15522 = PCURVE('',#15523,#15528);
#15523 = PLANE('',#15524);
#15524 = AXIS2_PLACEMENT_3D('',#15525,#15526,#15527);
#15525 = CARTESIAN_POINT('',(-50.,-150.,-156.4));
#15526 = DIRECTION('',(0.,0.,1.));
#15527 = DIRECTION('',(1.,0.,0.));
#15528 = DEFINITIONAL_REPRESENTATION('',(#15529),#15533);
#15529 = LINE('',#15530,#15531);
#15530 = CARTESIAN_POINT('',(0.,0.));
#15531 = VECTOR('',#15532,1.);
#15532 = DIRECTION('',(0.,1.));
#15533 = ( GEOMETRIC_REPRESENTATION_CONTEXT(2) 
PARAMETRIC_REPRESENTATION_CONTEXT() REPRESENTATION_CONTEXT('2D SPACE',''
  ) );
#15534 = ORIENTED_EDGE('',*,*,#15535,.T.);
#15535 = EDGE_CURVE('',#15508,#15536,#15538,.T.);
#15536 = VERTEX_POINT('',#15537);
#15537 = CARTESIAN_POINT('',(-50.,450.,-150.4));
#15538 = SURFACE_CURVE('',#15539,(#15543,#15550),.PCURVE_S1.);
#15539 = LINE('',#15540,#15541);
#15540 = CARTESIAN_POINT('',(-50.,450.,-156.4));
#15541 = VECTOR('',#15542,1.);
#15542 = DIRECTION('',(0.,0.,1.));
#15543 = PCURVE('',#15483,#15544);
#15544 = DEFINITIONAL_REPRESENTATION('',(#15545),#15549);
#15545 = LINE('',#15546,#15547);
#15546 = CARTESIAN_POINT('',(0.,-600.));
#15547 = VECTOR('',#15548,1.);
#15548 = DIRECTION('',(1.,0.));
#15549 = ( GEOMETRIC_REPRESENTATION_CONTEXT(2) 
PARAMETRIC_REPRESENTATION_CONTEXT() REPRESENTATION_CONTEXT('2D SPACE',''
  ) );
#15550 = PCURVE('',#15551,#15556);
#15551 = PLANE('',#15552);
#15552 = AXIS2_PLACEMENT_3D('',#15553,#15554,#15555);
#15553 = CARTESIAN_POINT('',(-50.,450.,-156.4));
#15554 = DIRECTION('',(0.,1.,0.));
#15555 = DIRECTION('',(0.,0.,1.));
#15556 = DEFINITIONAL_REPRESENTATION('',(#15557),#15561);
#15557 = LINE('',#15558,#15559);
#15558 = CARTESIAN_POINT('',(0.,0.));
#15559 = VECTOR('',#15560,1.);
#15560 = DIRECTION('',(1.,0.));
#15561 = ( GEOMETRIC_REPRESENTATION_CONTEXT(2) 
PARAMETRIC_REPRESENTATION_CONTEXT() REPRESENTATION_CONTEXT('2D SPACE',''
  ) );
#15562 = ORIENTED_EDGE('',*,*,#15563,.F.);
#15563 = EDGE_CURVE('',#15475,#15536,#15564,.T.);
#15564 = SURFACE_CURVE('',#15565,(#15569,#15576),.PCURVE_S1.);
#15565 = LINE('',#15566,#15567);
#15566 = CARTESIAN_POINT('',(-50.,-150.,-150.4));
#15567 = VECTOR('',#15568,1.);
#15568 = DIRECTION('',(0.,1.,0.));
#15569 = PCURVE('',#15483,#15570);
#15570 = DEFINITIONAL_REPRESENTATION('',(#15571),#15575);
#15571 = LINE('',#15572,#15573);
#15572 = CARTESIAN_POINT('',(6.,0.));
#15573 = VECTOR('',#15574,1.);
#15574 = DIRECTION('',(0.,-1.));
#15575 = ( GEOMETRIC_REPRESENTATION_CONTEXT(2) 
PARAMETRIC_REPRESENTATION_CONTEXT() REPRESENTATION_CONTEXT('2D SPACE',''
  ) );
#15576 = PCURVE('',#15577,#15582);
#15577 = PLANE('',#15578);
#15578 = AXIS2_PLACEMENT_3D('',#15579,#15580,#15581);
#15579 = CARTESIAN_POINT('',(-50.,-150.,-150.4));
#15580 = DIRECTION('',(0.,0.,1.));
#15581 = DIRECTION('',(1.,0.,0.));
#15582 = DEFINITIONAL_REPRESENTATION('',(#15583),#15587);
#15583 = LINE('',#15584,#15585);
#15584 = CARTESIAN_POINT('',(0.,0.));
#15585 = VECTOR('',#15586,1.);
#15586 = DIRECTION('',(0.,1.));
#15587 = ( GEOMETRIC_REPRESENTATION_CONTEXT(2) 
PARAMETRIC_REPRESENTATION_CONTEXT() REPRESENTATION_CONTEXT('2D SPACE',''
  ) );
#15588 = ADVANCED_FACE('',(#15589),#15603,.T.);
#15589 = FACE_BOUND('',#15590,.T.);
#15590 = EDGE_LOOP('',(#15591,#15621,#15644,#15667));
#15591 = ORIENTED_EDGE('',*,*,#15592,.F.);
#15592 = EDGE_CURVE('',#15593,#15595,#15597,.T.);
#15593 = VERTEX_POINT('',#15594);
#15594 = CARTESIAN_POINT('',(115.,-150.,-156.4));
#15595 = VERTEX_POINT('',#15596);
#15596 = CARTESIAN_POINT('',(115.,-150.,-150.4));
#15597 = SURFACE_CURVE('',#15598,(#15602,#15614),.PCURVE_S1.);
#15598 = LINE('',#15599,#15600);
#15599 = CARTESIAN_POINT('',(115.,-150.,-156.4));
#15600 = VECTOR('',#15601,1.);
#15601 = DIRECTION('',(0.,0.,1.));
#15602 = PCURVE('',#15603,#15608);
#15603 = PLANE('',#15604);
#15604 = AXIS2_PLACEMENT_3D('',#15605,#15606,#15607);
#15605 = CARTESIAN_POINT('',(115.,-150.,-156.4));
#15606 = DIRECTION('',(1.,0.,0.));
#15607 = DIRECTION('',(0.,0.,1.));
#15608 = DEFINITIONAL_REPRESENTATION('',(#15609),#15613);
#15609 = LINE('',#15610,#15611);
#15610 = CARTESIAN_POINT('',(0.,0.));
#15611 = VECTOR('',#15612,1.);
#15612 = DIRECTION('',(1.,0.));
#15613 = ( GEOMETRIC_REPRESENTATION_CONTEXT(2) 
PARAMETRIC_REPRESENTATION_CONTEXT() REPRESENTATION_CONTEXT('2D SPACE',''
  ) );
#15614 = PCURVE('',#15495,#15615);
#15615 = DEFINITIONAL_REPRESENTATION('',(#15616),#15620);
#15616 = LINE('',#15617,#15618);
#15617 = CARTESIAN_POINT('',(0.,165.));
#15618 = VECTOR('',#15619,1.);
#15619 = DIRECTION('',(1.,0.));
#15620 = ( GEOMETRIC_REPRESENTATION_CONTEXT(2) 
PARAMETRIC_REPRESENTATION_CONTEXT() REPRESENTATION_CONTEXT('2D SPACE',''
  ) );
#15621 = ORIENTED_EDGE('',*,*,#15622,.T.);
#15622 = EDGE_CURVE('',#15593,#15623,#15625,.T.);
#15623 = VERTEX_POINT('',#15624);
#15624 = CARTESIAN_POINT('',(115.,450.,-156.4));
#15625 = SURFACE_CURVE('',#15626,(#15630,#15637),.PCURVE_S1.);
#15626 = LINE('',#15627,#15628);
#15627 = CARTESIAN_POINT('',(115.,-150.,-156.4));
#15628 = VECTOR('',#15629,1.);
#15629 = DIRECTION('',(0.,1.,0.));
#15630 = PCURVE('',#15603,#15631);
#15631 = DEFINITIONAL_REPRESENTATION('',(#15632),#15636);
#15632 = LINE('',#15633,#15634);
#15633 = CARTESIAN_POINT('',(0.,0.));
#15634 = VECTOR('',#15635,1.);
#15635 = DIRECTION('',(0.,-1.));
#15636 = ( GEOMETRIC_REPRESENTATION_CONTEXT(2) 
PARAMETRIC_REPRESENTATION_CONTEXT() REPRESENTATION_CONTEXT('2D SPACE',''
  ) );
#15637 = PCURVE('',#15523,#15638);
#15638 = DEFINITIONAL_REPRESENTATION('',(#15639),#15643);
#15639 = LINE('',#15640,#15641);
#15640 = CARTESIAN_POINT('',(165.,0.));
#15641 = VECTOR('',#15642,1.);
#15642 = DIRECTION('',(0.,1.));
#15643 = ( GEOMETRIC_REPRESENTATION_CONTEXT(2) 
PARAMETRIC_REPRESENTATION_CONTEXT() REPRESENTATION_CONTEXT('2D SPACE',''
  ) );
#15644 = ORIENTED_EDGE('',*,*,#15645,.T.);
#15645 = EDGE_CURVE('',#15623,#15646,#15648,.T.);
#15646 = VERTEX_POINT('',#15647);
#15647 = CARTESIAN_POINT('',(115.,450.,-150.4));
#15648 = SURFACE_CURVE('',#15649,(#15653,#15660),.PCURVE_S1.);
#15649 = LINE('',#15650,#15651);
#15650 = CARTESIAN_POINT('',(115.,450.,-156.4));
#15651 = VECTOR('',#15652,1.);
#15652 = DIRECTION('',(0.,0.,1.));
#15653 = PCURVE('',#15603,#15654);
#15654 = DEFINITIONAL_REPRESENTATION('',(#15655),#15659);
#15655 = LINE('',#15656,#15657);
#15656 = CARTESIAN_POINT('',(0.,-600.));
#15657 = VECTOR('',#15658,1.);
#15658 = DIRECTION('',(1.,0.));
#15659 = ( GEOMETRIC_REPRESENTATION_CONTEXT(2) 
PARAMETRIC_REPRESENTATION_CONTEXT() REPRESENTATION_CONTEXT('2D SPACE',''
  ) );
#15660 = PCURVE('',#15551,#15661);
#15661 = DEFINITIONAL_REPRESENTATION('',(#15662),#15666);
#15662 = LINE('',#15663,#15664);
#15663 = CARTESIAN_POINT('',(0.,165.));
#15664 = VECTOR('',#15665,1.);
#15665 = DIRECTION('',(1.,0.));
#15666 = ( GEOMETRIC_REPRESENTATION_CONTEXT(2) 
PARAMETRIC_REPRESENTATION_CONTEXT() REPRESENTATION_CONTEXT('2D SPACE',''
  ) );
#15667 = ORIENTED_EDGE('',*,*,#15668,.F.);
#15668 = EDGE_CURVE('',#15595,#15646,#15669,.T.);
#15669 = SURFACE_CURVE('',#15670,(#15674,#15681),.PCURVE_S1.);
#15670 = LINE('',#15671,#15672);
#15671 = CARTESIAN_POINT('',(115.,-150.,-150.4));
#15672 = VECTOR('',#15673,1.);
#15673 = DIRECTION('',(0.,1.,0.));
#15674 = PCURVE('',#15603,#15675);
#15675 = DEFINITIONAL_REPRESENTATION('',(#15676),#15680);
#15676 = LINE('',#15677,#15678);
#15677 = CARTESIAN_POINT('',(6.,0.));
#15678 = VECTOR('',#15679,1.);
#15679 = DIRECTION('',(0.,-1.));
#15680 = ( GEOMETRIC_REPRESENTATION_CONTEXT(2) 
PARAMETRIC_REPRESENTATION_CONTEXT() REPRESENTATION_CONTEXT('2D SPACE',''
  ) );
#15681 = PCURVE('',#15577,#15682);
#15682 = DEFINITIONAL_REPRESENTATION('',(#15683),#15687);
#15683 = LINE('',#15684,#15685);
#15684 = CARTESIAN_POINT('',(165.,0.));
#15685 = VECTOR('',#15686,1.);
#15686 = DIRECTION('',(0.,1.));
#15687 = ( GEOMETRIC_REPRESENTATION_CONTEXT(2) 
PARAMETRIC_REPRESENTATION_CONTEXT() REPRESENTATION_CONTEXT('2D SPACE',''
  ) );
#15688 = ADVANCED_FACE('',(#15689),#15495,.F.);
#15689 = FACE_BOUND('',#15690,.F.);
#15690 = EDGE_LOOP('',(#15691,#15712,#15713,#15734));
#15691 = ORIENTED_EDGE('',*,*,#15692,.F.);
#15692 = EDGE_CURVE('',#15473,#15593,#15693,.T.);
#15693 = SURFACE_CURVE('',#15694,(#15698,#15705),.PCURVE_S1.);
#15694 = LINE('',#15695,#15696);
#15695 = CARTESIAN_POINT('',(-50.,-150.,-156.4));
#15696 = VECTOR('',#15697,1.);
#15697 = DIRECTION('',(1.,0.,0.));
#15698 = PCURVE('',#15495,#15699);
#15699 = DEFINITIONAL_REPRESENTATION('',(#15700),#15704);
#15700 = LINE('',#15701,#15702);
#15701 = CARTESIAN_POINT('',(0.,0.));
#15702 = VECTOR('',#15703,1.);
#15703 = DIRECTION('',(0.,1.));
#15704 = ( GEOMETRIC_REPRESENTATION_CONTEXT(2) 
PARAMETRIC_REPRESENTATION_CONTEXT() REPRESENTATION_CONTEXT('2D SPACE',''
  ) );
#15705 = PCURVE('',#15523,#15706);
#15706 = DEFINITIONAL_REPRESENTATION('',(#15707),#15711);
#15707 = LINE('',#15708,#15709);
#15708 = CARTESIAN_POINT('',(0.,0.));
#15709 = VECTOR('',#15710,1.);
#15710 = DIRECTION('',(1.,0.));
#15711 = ( GEOMETRIC_REPRESENTATION_CONTEXT(2) 
PARAMETRIC_REPRESENTATION_CONTEXT() REPRESENTATION_CONTEXT('2D SPACE',''
  ) );
#15712 = ORIENTED_EDGE('',*,*,#15472,.T.);
#15713 = ORIENTED_EDGE('',*,*,#15714,.T.);
#15714 = EDGE_CURVE('',#15475,#15595,#15715,.T.);
#15715 = SURFACE_CURVE('',#15716,(#15720,#15727),.PCURVE_S1.);
#15716 = LINE('',#15717,#15718);
#15717 = CARTESIAN_POINT('',(-50.,-150.,-150.4));
#15718 = VECTOR('',#15719,1.);
#15719 = DIRECTION('',(1.,0.,0.));
#15720 = PCURVE('',#15495,#15721);
#15721 = DEFINITIONAL_REPRESENTATION('',(#15722),#15726);
#15722 = LINE('',#15723,#15724);
#15723 = CARTESIAN_POINT('',(6.,0.));
#15724 = VECTOR('',#15725,1.);
#15725 = DIRECTION('',(0.,1.));
#15726 = ( GEOMETRIC_REPRESENTATION_CONTEXT(2) 
PARAMETRIC_REPRESENTATION_CONTEXT() REPRESENTATION_CONTEXT('2D SPACE',''
  ) );
#15727 = PCURVE('',#15577,#15728);
#15728 = DEFINITIONAL_REPRESENTATION('',(#15729),#15733);
#15729 = LINE('',#15730,#15731);
#15730 = CARTESIAN_POINT('',(0.,0.));
#15731 = VECTOR('',#15732,1.);
#15732 = DIRECTION('',(1.,0.));
#15733 = ( GEOMETRIC_REPRESENTATION_CONTEXT(2) 
PARAMETRIC_REPRESENTATION_CONTEXT() REPRESENTATION_CONTEXT('2D SPACE',''
  ) );
#15734 = ORIENTED_EDGE('',*,*,#15592,.F.);
#15735 = ADVANCED_FACE('',(#15736),#15551,.T.);
#15736 = FACE_BOUND('',#15737,.T.);
#15737 = EDGE_LOOP('',(#15738,#15759,#15760,#15781));
#15738 = ORIENTED_EDGE('',*,*,#15739,.F.);
#15739 = EDGE_CURVE('',#15508,#15623,#15740,.T.);
#15740 = SURFACE_CURVE('',#15741,(#15745,#15752),.PCURVE_S1.);
#15741 = LINE('',#15742,#15743);
#15742 = CARTESIAN_POINT('',(-50.,450.,-156.4));
#15743 = VECTOR('',#15744,1.);
#15744 = DIRECTION('',(1.,0.,0.));
#15745 = PCURVE('',#15551,#15746);
#15746 = DEFINITIONAL_REPRESENTATION('',(#15747),#15751);
#15747 = LINE('',#15748,#15749);
#15748 = CARTESIAN_POINT('',(0.,0.));
#15749 = VECTOR('',#15750,1.);
#15750 = DIRECTION('',(0.,1.));
#15751 = ( GEOMETRIC_REPRESENTATION_CONTEXT(2) 
PARAMETRIC_REPRESENTATION_CONTEXT() REPRESENTATION_CONTEXT('2D SPACE',''
  ) );
#15752 = PCURVE('',#15523,#15753);
#15753 = DEFINITIONAL_REPRESENTATION('',(#15754),#15758);
#15754 = LINE('',#15755,#15756);
#15755 = CARTESIAN_POINT('',(0.,600.));
#15756 = VECTOR('',#15757,1.);
#15757 = DIRECTION('',(1.,0.));
#15758 = ( GEOMETRIC_REPRESENTATION_CONTEXT(2) 
PARAMETRIC_REPRESENTATION_CONTEXT() REPRESENTATION_CONTEXT('2D SPACE',''
  ) );
#15759 = ORIENTED_EDGE('',*,*,#15535,.T.);
#15760 = ORIENTED_EDGE('',*,*,#15761,.T.);
#15761 = EDGE_CURVE('',#15536,#15646,#15762,.T.);
#15762 = SURFACE_CURVE('',#15763,(#15767,#15774),.PCURVE_S1.);
#15763 = LINE('',#15764,#15765);
#15764 = CARTESIAN_POINT('',(-50.,450.,-150.4));
#15765 = VECTOR('',#15766,1.);
#15766 = DIRECTION('',(1.,0.,0.));
#15767 = PCURVE('',#15551,#15768);
#15768 = DEFINITIONAL_REPRESENTATION('',(#15769),#15773);
#15769 = LINE('',#15770,#15771);
#15770 = CARTESIAN_POINT('',(6.,0.));
#15771 = VECTOR('',#15772,1.);
#15772 = DIRECTION('',(0.,1.));
#15773 = ( GEOMETRIC_REPRESENTATION_CONTEXT(2) 
PARAMETRIC_REPRESENTATION_CONTEXT() REPRESENTATION_CONTEXT('2D SPACE',''
  ) );
#15774 = PCURVE('',#15577,#15775);
#15775 = DEFINITIONAL_REPRESENTATION('',(#15776),#15780);
#15776 = LINE('',#15777,#15778);
#15777 = CARTESIAN_POINT('',(0.,600.));
#15778 = VECTOR('',#15779,1.);
#15779 = DIRECTION('',(1.,0.));
#15780 = ( GEOMETRIC_REPRESENTATION_CONTEXT(2) 
PARAMETRIC_REPRESENTATION_CONTEXT() REPRESENTATION_CONTEXT('2D SPACE',''
  ) );
#15781 = ORIENTED_EDGE('',*,*,#15645,.F.);
#15782 = ADVANCED_FACE('',(#15783),#15523,.F.);
#15783 = FACE_BOUND('',#15784,.F.);
#15784 = EDGE_LOOP('',(#15785,#15786,#15787,#15788));
#15785 = ORIENTED_EDGE('',*,*,#15507,.F.);
#15786 = ORIENTED_EDGE('',*,*,#15692,.T.);
#15787 = ORIENTED_EDGE('',*,*,#15622,.T.);
#15788 = ORIENTED_EDGE('',*,*,#15739,.F.);
#15789 = ADVANCED_FACE('',(#15790),#15577,.T.);
#15790 = FACE_BOUND('',#15791,.T.);
#15791 = EDGE_LOOP('',(#15792,#15793,#15794,#15795));
#15792 = ORIENTED_EDGE('',*,*,#15563,.F.);
#15793 = ORIENTED_EDGE('',*,*,#15714,.T.);
#15794 = ORIENTED_EDGE('',*,*,#15668,.T.);
#15795 = ORIENTED_EDGE('',*,*,#15761,.F.);
#15796 = ( GEOMETRIC_REPRESENTATION_CONTEXT(3) 
GLOBAL_UNCERTAINTY_ASSIGNED_CONTEXT((#15800)) 
GLOBAL_UNIT_ASSIGNED_CONTEXT((#15797,#15798,#15799)) 
REPRESENTATION_CONTEXT('Context #1',
  '3D Context with UNIT and UNCERTAINTY') );
#15797 = ( LENGTH_UNIT() NAMED_UNIT(*) SI_UNIT(.MILLI.,.METRE.) );
#15798 = ( NAMED_UNIT(*) PLANE_ANGLE_UNIT() SI_UNIT($,.RADIAN.) );
#15799 = ( NAMED_UNIT(*) SI_UNIT($,.STERADIAN.) SOLID_ANGLE_UNIT() );
#15800 = UNCERTAINTY_MEASURE_WITH_UNIT(LENGTH_MEASURE(1.E-07),#15797,
  'distance_accuracy_value','confusion accuracy');
#15801 = CONTEXT_DEPENDENT_SHAPE_REPRESENTATION(#15802,#15804);
#15802 = ( REPRESENTATION_RELATIONSHIP('','',#15465,#15442) 
REPRESENTATION_RELATIONSHIP_WITH_TRANSFORMATION(#15803) 
SHAPE_REPRESENTATION_RELATIONSHIP() );
#15803 = ITEM_DEFINED_TRANSFORMATION('','',#11,#15443);
#15804 = PRODUCT_DEFINITION_SHAPE('Placement','Placement of an item',
  #15805);
#15805 = NEXT_ASSEMBLY_USAGE_OCCURRENCE('15','','',#15437,#15460,$);
#15806 = PRODUCT_RELATED_PRODUCT_CATEGORY('part',$,(#15462));
#15807 = MECHANICAL_DESIGN_GEOMETRIC_PRESENTATION_REPRESENTATION('',(
    #15808),#15424);
#15808 = STYLED_ITEM('color',(#15809),#8280);
#15809 = PRESENTATION_STYLE_ASSIGNMENT((#15810));
#15810 = SURFACE_STYLE_USAGE(.BOTH.,#15811);
#15811 = SURFACE_SIDE_STYLE('',(#15812));
#15812 = SURFACE_STYLE_FILL_AREA(#15813);
#15813 = FILL_AREA_STYLE('',(#15814));
#15814 = FILL_AREA_STYLE_COLOUR('',#15815);
#15815 = COLOUR_RGB('',0.930924556504,0.930924556504,0.484529207832);
#15816 = MECHANICAL_DESIGN_GEOMETRIC_PRESENTATION_REPRESENTATION('',(
    #15817),#8238);
#15817 = STYLED_ITEM('color',(#15818),#7660);
#15818 = PRESENTATION_STYLE_ASSIGNMENT((#15819));
#15819 = SURFACE_STYLE_USAGE(.BOTH.,#15820);
#15820 = SURFACE_SIDE_STYLE('',(#15821));
#15821 = SURFACE_STYLE_FILL_AREA(#15822);
#15822 = FILL_AREA_STYLE('',(#15823));
#15823 = FILL_AREA_STYLE_COLOUR('',#15824);
#15824 = COLOUR_RGB('',0.906331759313,0.906331759313,0.916273552573);
#15825 = MECHANICAL_DESIGN_GEOMETRIC_PRESENTATION_REPRESENTATION('',(
    #15826),#6442);
#15826 = STYLED_ITEM('color',(#15827),#5864);
#15827 = PRESENTATION_STYLE_ASSIGNMENT((#15828));
#15828 = SURFACE_STYLE_USAGE(.BOTH.,#15829);
#15829 = SURFACE_SIDE_STYLE('',(#15830));
#15830 = SURFACE_STYLE_FILL_AREA(#15831);
#15831 = FILL_AREA_STYLE('',(#15832));
#15832 = FILL_AREA_STYLE_COLOUR('',#15824);
#15833 = MECHANICAL_DESIGN_GEOMETRIC_PRESENTATION_REPRESENTATION('',(
    #15834),#15796);
#15834 = STYLED_ITEM('color',(#15835),#15466);
#15835 = PRESENTATION_STYLE_ASSIGNMENT((#15836));
#15836 = SURFACE_STYLE_USAGE(.BOTH.,#15837);
#15837 = SURFACE_SIDE_STYLE('',(#15838));
#15838 = SURFACE_STYLE_FILL_AREA(#15839);
#15839 = FILL_AREA_STYLE('',(#15840));
#15840 = FILL_AREA_STYLE_COLOUR('',#15841);
#15841 = COLOUR_RGB('',0.906331759313,0.870344943399,0.791786885084);
#15842 = MECHANICAL_DESIGN_GEOMETRIC_PRESENTATION_REPRESENTATION('',(
    #15843),#5822);
#15843 = STYLED_ITEM('color',(#15844),#4720);
#15844 = PRESENTATION_STYLE_ASSIGNMENT((#15845));
#15845 = SURFACE_STYLE_USAGE(.BOTH.,#15846);
#15846 = SURFACE_SIDE_STYLE('',(#15847));
#15847 = SURFACE_STYLE_FILL_AREA(#15848);
#15848 = FILL_AREA_STYLE('',(#15849));
#15849 = FILL_AREA_STYLE_COLOUR('',#15850);
#15850 = COLOUR_RGB('',0.423582879168,0.423582879168,0.449203874658);
#15851 = MECHANICAL_DESIGN_GEOMETRIC_PRESENTATION_REPRESENTATION('',(
    #15852),#4678);
#15852 = STYLED_ITEM('color',(#15853),#2240);
#15853 = PRESENTATION_STYLE_ASSIGNMENT((#15854));
#15854 = SURFACE_STYLE_USAGE(.BOTH.,#15855);
#15855 = SURFACE_SIDE_STYLE('',(#15856));
#15856 = SURFACE_STYLE_FILL_AREA(#15857);
#15857 = FILL_AREA_STYLE('',(#15858));
#15858 = FILL_AREA_STYLE_COLOUR('',#15859);
#15859 = COLOUR_RGB('',0.527112787404,0.715240883319,0.896243869286);
#15860 = MECHANICAL_DESIGN_GEOMETRIC_PRESENTATION_REPRESENTATION('',(
    #15861),#2198);
#15861 = STYLED_ITEM('color',(#15862),#84);
#15862 = PRESENTATION_STYLE_ASSIGNMENT((#15863));
#15863 = SURFACE_STYLE_USAGE(.BOTH.,#15864);
#15864 = SURFACE_SIDE_STYLE('',(#15865));
#15865 = SURFACE_STYLE_FILL_AREA(#15866);
#15866 = FILL_AREA_STYLE('',(#15867));
#15867 = FILL_AREA_STYLE_COLOUR('',#15868);
#15868 = COLOUR_RGB('',0.954687160741,0.715240883319,0.381091854454);
#15869 = MECHANICAL_DESIGN_GEOMETRIC_PRESENTATION_REPRESENTATION('',(
    #15870),#7618);
#15870 = STYLED_ITEM('color',(#15871),#6484);
#15871 = PRESENTATION_STYLE_ASSIGNMENT((#15872));
#15872 = SURFACE_STYLE_USAGE(.BOTH.,#15873);
#15873 = SURFACE_SIDE_STYLE('',(#15874));
#15874 = SURFACE_STYLE_FILL_AREA(#15875);
#15875 = FILL_AREA_STYLE('',(#15876));
#15876 = FILL_AREA_STYLE_COLOUR('',#15850);
ENDSEC;
END-ISO-10303-21;
