ISO-10303-21;
HEADER;
FILE_DESCRIPTION(('Open CASCADE Model'),'2;1');
FILE_NAME('Open CASCADE Shape Model','2026-10-05T14:06:05',('Author'),(
    'Open CASCADE'),'Open CASCADE STEP processor 7.7','Open CASCADE 7.7'
  ,'Unknown');
FILE_SCHEMA(('AUTOMOTIVE_DESIGN { 1 0 10303 214 1 1 1 1 }'));
ENDSEC;
DATA;
#1 = APPLICATION_PROTOCOL_DEFINITION('international standard',
  'automotive_design',2000,#2);
#2 = APPLICATION_CONTEXT(
  'core data for automotive mechanical design processes');
#3 = SHAPE_DEFINITION_REPRESENTATION(#4,#10);
#4 = PRODUCT_DEFINITION_SHAPE('','',#5);
#5 = PRODUCT_DEFINITION('design','',#6,#9);
#6 = PRODUCT_DEFINITION_FORMATION('','',#7);
#7 = PRODUCT('Open CASCADE STEP translator 7.7 2',
  'Open CASCADE STEP translator 7.7 2','',(#8));
#8 = PRODUCT_CONTEXT('',#2,'mechanical');
#9 = PRODUCT_DEFINITION_CONTEXT('part definition',#2,'design');
#10 = ADVANCED_BREP_SHAPE_REPRESENTATION('',(#11,#15),#2433);
#11 = AXIS2_PLACEMENT_3D('',#12,#13,#14);
#12 = CARTESIAN_POINT('',(0.,0.,0.));
#13 = DIRECTION('',(0.,0.,1.));
#14 = DIRECTION('',(1.,0.,-0.));
#15 = MANIFOLD_SOLID_BREP('',#16);
#16 = CLOSED_SHELL('',(#17,#172,#248,#747,#1166,#1193,#1252,#1314,#1341,
    #1403,#1430,#1492,#1519,#1576,#1603,#1768,#1815,#1842,#1869,#1896,
    #1923,#1950,#1977,#1984,#2128,#2187,#2237,#2264,#2311,#2338,#2365,
    #2392,#2419,#2426));
#17 = ADVANCED_FACE('',(#18,#137),#32,.F.);
#18 = FACE_BOUND('',#19,.F.);
#19 = EDGE_LOOP('',(#20,#55,#83,#111));
#20 = ORIENTED_EDGE('',*,*,#21,.F.);
#21 = EDGE_CURVE('',#22,#24,#26,.T.);
#22 = VERTEX_POINT('',#23);
#23 = CARTESIAN_POINT('',(50.,161.92893218813,0.));
#24 = VERTEX_POINT('',#25);
#25 = CARTESIAN_POINT('',(50.,161.92893218813,10.));
#26 = SURFACE_CURVE('',#27,(#31,#43),.PCURVE_S1.);
#27 = LINE('',#28,#29);
#28 = CARTESIAN_POINT('',(50.,161.92893218813,0.));
#29 = VECTOR('',#30,1.);
#30 = DIRECTION('',(0.,0.,1.));
#31 = PCURVE('',#32,#37);
#32 = PLANE('',#33);
#33 = AXIS2_PLACEMENT_3D('',#34,#35,#36);
#34 = CARTESIAN_POINT('',(50.,161.92893218813,0.));
#35 = DIRECTION('',(1.,0.,0.));
#36 = DIRECTION('',(0.,0.,1.));
#37 = DEFINITIONAL_REPRESENTATION('',(#38),#42);
#38 = LINE('',#39,#40);
#39 = CARTESIAN_POINT('',(0.,0.));
#40 = VECTOR('',#41,1.);
#41 = DIRECTION('',(1.,0.));
#42 = ( GEOMETRIC_REPRESENTATION_CONTEXT(2) 
PARAMETRIC_REPRESENTATION_CONTEXT() REPRESENTATION_CONTEXT('2D SPACE',''
  ) );
#43 = PCURVE('',#44,#49);
#44 = PLANE('',#45);
#45 = AXIS2_PLACEMENT_3D('',#46,#47,#48);
#46 = CARTESIAN_POINT('',(0.,161.92893218813,0.));
#47 = DIRECTION('',(0.,1.,0.));
#48 = DIRECTION('',(0.,0.,1.));
#49 = DEFINITIONAL_REPRESENTATION('',(#50),#54);
#50 = LINE('',#51,#52);
#51 = CARTESIAN_POINT('',(0.,50.));
#52 = VECTOR('',#53,1.);
#53 = DIRECTION('',(1.,0.));
#54 = ( GEOMETRIC_REPRESENTATION_CONTEXT(2) 
PARAMETRIC_REPRESENTATION_CONTEXT() REPRESENTATION_CONTEXT('2D SPACE',''
  ) );
#55 = ORIENTED_EDGE('',*,*,#56,.T.);
#56 = EDGE_CURVE('',#22,#57,#59,.T.);
#57 = VERTEX_POINT('',#58);
#58 = CARTESIAN_POINT('',(50.,175.,0.));
#59 = SURFACE_CURVE('',#60,(#64,#71),.PCURVE_S1.);
#60 = LINE('',#61,#62);
#61 = CARTESIAN_POINT('',(50.,161.92893218813,0.));
#62 = VECTOR('',#63,1.);
#63 = DIRECTION('',(0.,1.,0.));
#64 = PCURVE('',#32,#65);
#65 = DEFINITIONAL_REPRESENTATION('',(#66),#70);
#66 = LINE('',#67,#68);
#67 = CARTESIAN_POINT('',(0.,0.));
#68 = VECTOR('',#69,1.);
#69 = DIRECTION('',(0.,-1.));
#70 = ( GEOMETRIC_REPRESENTATION_CONTEXT(2) 
PARAMETRIC_REPRESENTATION_CONTEXT() REPRESENTATION_CONTEXT('2D SPACE',''
  ) );
#71 = PCURVE('',#72,#77);
#72 = PLANE('',#73);
#73 = AXIS2_PLACEMENT_3D('',#74,#75,#76);
#74 = CARTESIAN_POINT('',(50.,161.92893218813,0.));
#75 = DIRECTION('',(0.,0.,1.));
#76 = DIRECTION('',(1.,0.,0.));
#77 = DEFINITIONAL_REPRESENTATION('',(#78),#82);
#78 = LINE('',#79,#80);
#79 = CARTESIAN_POINT('',(0.,0.));
#80 = VECTOR('',#81,1.);
#81 = DIRECTION('',(0.,1.));
#82 = ( GEOMETRIC_REPRESENTATION_CONTEXT(2) 
PARAMETRIC_REPRESENTATION_CONTEXT() REPRESENTATION_CONTEXT('2D SPACE',''
  ) );
#83 = ORIENTED_EDGE('',*,*,#84,.T.);
#84 = EDGE_CURVE('',#57,#85,#87,.T.);
#85 = VERTEX_POINT('',#86);
#86 = CARTESIAN_POINT('',(50.,175.,10.));
#87 = SURFACE_CURVE('',#88,(#92,#99),.PCURVE_S1.);
#88 = LINE('',#89,#90);
#89 = CARTESIAN_POINT('',(50.,175.,0.));
#90 = VECTOR('',#91,1.);
#91 = DIRECTION('',(0.,0.,1.));
#92 = PCURVE('',#32,#93);
#93 = DEFINITIONAL_REPRESENTATION('',(#94),#98);
#94 = LINE('',#95,#96);
#95 = CARTESIAN_POINT('',(0.,-13.07106781186));
#96 = VECTOR('',#97,1.);
#97 = DIRECTION('',(1.,0.));
#98 = ( GEOMETRIC_REPRESENTATION_CONTEXT(2) 
PARAMETRIC_REPRESENTATION_CONTEXT() REPRESENTATION_CONTEXT('2D SPACE',''
  ) );
#99 = PCURVE('',#100,#105);
#100 = PLANE('',#101);
#101 = AXIS2_PLACEMENT_3D('',#102,#103,#104);
#102 = CARTESIAN_POINT('',(50.,175.,0.));
#103 = DIRECTION('',(0.,1.,0.));
#104 = DIRECTION('',(0.,0.,1.));
#105 = DEFINITIONAL_REPRESENTATION('',(#106),#110);
#106 = LINE('',#107,#108);
#107 = CARTESIAN_POINT('',(0.,0.));
#108 = VECTOR('',#109,1.);
#109 = DIRECTION('',(1.,0.));
#110 = ( GEOMETRIC_REPRESENTATION_CONTEXT(2) 
PARAMETRIC_REPRESENTATION_CONTEXT() REPRESENTATION_CONTEXT('2D SPACE',''
  ) );
#111 = ORIENTED_EDGE('',*,*,#112,.F.);
#112 = EDGE_CURVE('',#24,#85,#113,.T.);
#113 = SURFACE_CURVE('',#114,(#118,#125),.PCURVE_S1.);
#114 = LINE('',#115,#116);
#115 = CARTESIAN_POINT('',(50.,161.92893218813,10.));
#116 = VECTOR('',#117,1.);
#117 = DIRECTION('',(0.,1.,0.));
#118 = PCURVE('',#32,#119);
#119 = DEFINITIONAL_REPRESENTATION('',(#120),#124);
#120 = LINE('',#121,#122);
#121 = CARTESIAN_POINT('',(10.,0.));
#122 = VECTOR('',#123,1.);
#123 = DIRECTION('',(0.,-1.));
#124 = ( GEOMETRIC_REPRESENTATION_CONTEXT(2) 
PARAMETRIC_REPRESENTATION_CONTEXT() REPRESENTATION_CONTEXT('2D SPACE',''
  ) );
#125 = PCURVE('',#126,#131);
#126 = PLANE('',#127);
#127 = AXIS2_PLACEMENT_3D('',#128,#129,#130);
#128 = CARTESIAN_POINT('',(50.,161.92893218813,10.));
#129 = DIRECTION('',(0.,0.,1.));
#130 = DIRECTION('',(1.,0.,0.));
#131 = DEFINITIONAL_REPRESENTATION('',(#132),#136);
#132 = LINE('',#133,#134);
#133 = CARTESIAN_POINT('',(0.,0.));
#134 = VECTOR('',#135,1.);
#135 = DIRECTION('',(0.,1.));
#136 = ( GEOMETRIC_REPRESENTATION_CONTEXT(2) 
PARAMETRIC_REPRESENTATION_CONTEXT() REPRESENTATION_CONTEXT('2D SPACE',''
  ) );
#137 = FACE_BOUND('',#138,.F.);
#138 = EDGE_LOOP('',(#139));
#139 = ORIENTED_EDGE('',*,*,#140,.T.);
#140 = EDGE_CURVE('',#141,#141,#143,.T.);
#141 = VERTEX_POINT('',#142);
#142 = CARTESIAN_POINT('',(50.,172.,5.));
#143 = SURFACE_CURVE('',#144,(#149,#160),.PCURVE_S1.);
#144 = CIRCLE('',#145,2.);
#145 = AXIS2_PLACEMENT_3D('',#146,#147,#148);
#146 = CARTESIAN_POINT('',(50.,170.,5.));
#147 = DIRECTION('',(-1.,0.,0.));
#148 = DIRECTION('',(0.,1.,0.));
#149 = PCURVE('',#32,#150);
#150 = DEFINITIONAL_REPRESENTATION('',(#151),#159);
#151 = ( BOUNDED_CURVE() B_SPLINE_CURVE(2,(#152,#153,#154,#155,#156,#157
,#158),.UNSPECIFIED.,.T.,.F.) B_SPLINE_CURVE_WITH_KNOTS((1,2,2,2,2,1),(
    -2.094395102393,0.,2.094395102393,4.188790204786,6.28318530718,
8.377580409573),.UNSPECIFIED.) CURVE() GEOMETRIC_REPRESENTATION_ITEM() 
RATIONAL_B_SPLINE_CURVE((1.,0.5,1.,0.5,1.,0.5,1.)) REPRESENTATION_ITEM(
  '') );
#152 = CARTESIAN_POINT('',(5.,-10.07106781186));
#153 = CARTESIAN_POINT('',(1.535898384862,-10.07106781186));
#154 = CARTESIAN_POINT('',(3.267949192431,-7.071067811865));
#155 = CARTESIAN_POINT('',(5.,-4.071067811865));
#156 = CARTESIAN_POINT('',(6.732050807569,-7.071067811865));
#157 = CARTESIAN_POINT('',(8.464101615138,-10.07106781186));
#158 = CARTESIAN_POINT('',(5.,-10.07106781186));
#159 = ( GEOMETRIC_REPRESENTATION_CONTEXT(2) 
PARAMETRIC_REPRESENTATION_CONTEXT() REPRESENTATION_CONTEXT('2D SPACE',''
  ) );
#160 = PCURVE('',#161,#166);
#161 = CYLINDRICAL_SURFACE('',#162,2.);
#162 = AXIS2_PLACEMENT_3D('',#163,#164,#165);
#163 = CARTESIAN_POINT('',(-1.,170.,5.));
#164 = DIRECTION('',(-1.,-0.,-0.));
#165 = DIRECTION('',(0.,1.,0.));
#166 = DEFINITIONAL_REPRESENTATION('',(#167),#171);
#167 = LINE('',#168,#169);
#168 = CARTESIAN_POINT('',(-6.28318530718,-51.));
#169 = VECTOR('',#170,1.);
#170 = DIRECTION('',(1.,-0.));
#171 = ( GEOMETRIC_REPRESENTATION_CONTEXT(2) 
PARAMETRIC_REPRESENTATION_CONTEXT() REPRESENTATION_CONTEXT('2D SPACE',''
  ) );
#172 = ADVANCED_FACE('',(#173),#44,.T.);
#173 = FACE_BOUND('',#174,.T.);
#174 = EDGE_LOOP('',(#175,#198,#226,#247));
#175 = ORIENTED_EDGE('',*,*,#176,.F.);
#176 = EDGE_CURVE('',#177,#22,#179,.T.);
#177 = VERTEX_POINT('',#178);
#178 = CARTESIAN_POINT('',(15.,161.92893218813,0.));
#179 = SURFACE_CURVE('',#180,(#184,#191),.PCURVE_S1.);
#180 = LINE('',#181,#182);
#181 = CARTESIAN_POINT('',(0.,161.92893218813,0.));
#182 = VECTOR('',#183,1.);
#183 = DIRECTION('',(1.,0.,0.));
#184 = PCURVE('',#44,#185);
#185 = DEFINITIONAL_REPRESENTATION('',(#186),#190);
#186 = LINE('',#187,#188);
#187 = CARTESIAN_POINT('',(0.,0.));
#188 = VECTOR('',#189,1.);
#189 = DIRECTION('',(0.,1.));
#190 = ( GEOMETRIC_REPRESENTATION_CONTEXT(2) 
PARAMETRIC_REPRESENTATION_CONTEXT() REPRESENTATION_CONTEXT('2D SPACE',''
  ) );
#191 = PCURVE('',#72,#192);
#192 = DEFINITIONAL_REPRESENTATION('',(#193),#197);
#193 = LINE('',#194,#195);
#194 = CARTESIAN_POINT('',(-50.,0.));
#195 = VECTOR('',#196,1.);
#196 = DIRECTION('',(1.,0.));
#197 = ( GEOMETRIC_REPRESENTATION_CONTEXT(2) 
PARAMETRIC_REPRESENTATION_CONTEXT() REPRESENTATION_CONTEXT('2D SPACE',''
  ) );
#198 = ORIENTED_EDGE('',*,*,#199,.T.);
#199 = EDGE_CURVE('',#177,#200,#202,.T.);
#200 = VERTEX_POINT('',#201);
#201 = CARTESIAN_POINT('',(15.,161.92893218813,10.));
#202 = SURFACE_CURVE('',#203,(#207,#214),.PCURVE_S1.);
#203 = LINE('',#204,#205);
#204 = CARTESIAN_POINT('',(15.,161.92893218813,0.));
#205 = VECTOR('',#206,1.);
#206 = DIRECTION('',(0.,0.,1.));
#207 = PCURVE('',#44,#208);
#208 = DEFINITIONAL_REPRESENTATION('',(#209),#213);
#209 = LINE('',#210,#211);
#210 = CARTESIAN_POINT('',(0.,15.));
#211 = VECTOR('',#212,1.);
#212 = DIRECTION('',(1.,0.));
#213 = ( GEOMETRIC_REPRESENTATION_CONTEXT(2) 
PARAMETRIC_REPRESENTATION_CONTEXT() REPRESENTATION_CONTEXT('2D SPACE',''
  ) );
#214 = PCURVE('',#215,#220);
#215 = PLANE('',#216);
#216 = AXIS2_PLACEMENT_3D('',#217,#218,#219);
#217 = CARTESIAN_POINT('',(15.,161.92893218813,0.));
#218 = DIRECTION('',(1.,0.,0.));
#219 = DIRECTION('',(0.,0.,1.));
#220 = DEFINITIONAL_REPRESENTATION('',(#221),#225);
#221 = LINE('',#222,#223);
#222 = CARTESIAN_POINT('',(0.,0.));
#223 = VECTOR('',#224,1.);
#224 = DIRECTION('',(1.,0.));
#225 = ( GEOMETRIC_REPRESENTATION_CONTEXT(2) 
PARAMETRIC_REPRESENTATION_CONTEXT() REPRESENTATION_CONTEXT('2D SPACE',''
  ) );
#226 = ORIENTED_EDGE('',*,*,#227,.T.);
#227 = EDGE_CURVE('',#200,#24,#228,.T.);
#228 = SURFACE_CURVE('',#229,(#233,#240),.PCURVE_S1.);
#229 = LINE('',#230,#231);
#230 = CARTESIAN_POINT('',(0.,161.92893218813,10.));
#231 = VECTOR('',#232,1.);
#232 = DIRECTION('',(1.,0.,0.));
#233 = PCURVE('',#44,#234);
#234 = DEFINITIONAL_REPRESENTATION('',(#235),#239);
#235 = LINE('',#236,#237);
#236 = CARTESIAN_POINT('',(10.,0.));
#237 = VECTOR('',#238,1.);
#238 = DIRECTION('',(0.,1.));
#239 = ( GEOMETRIC_REPRESENTATION_CONTEXT(2) 
PARAMETRIC_REPRESENTATION_CONTEXT() REPRESENTATION_CONTEXT('2D SPACE',''
  ) );
#240 = PCURVE('',#126,#241);
#241 = DEFINITIONAL_REPRESENTATION('',(#242),#246);
#242 = LINE('',#243,#244);
#243 = CARTESIAN_POINT('',(-50.,0.));
#244 = VECTOR('',#245,1.);
#245 = DIRECTION('',(1.,0.));
#246 = ( GEOMETRIC_REPRESENTATION_CONTEXT(2) 
PARAMETRIC_REPRESENTATION_CONTEXT() REPRESENTATION_CONTEXT('2D SPACE',''
  ) );
#247 = ORIENTED_EDGE('',*,*,#21,.F.);
#248 = ADVANCED_FACE('',(#249,#521),#126,.T.);
#249 = FACE_BOUND('',#250,.T.);
#250 = EDGE_LOOP('',(#251,#252,#253,#276,#304,#332,#360,#388,#416,#444,
    #472,#500));
#251 = ORIENTED_EDGE('',*,*,#112,.F.);
#252 = ORIENTED_EDGE('',*,*,#227,.F.);
#253 = ORIENTED_EDGE('',*,*,#254,.T.);
#254 = EDGE_CURVE('',#200,#255,#257,.T.);
#255 = VERTEX_POINT('',#256);
#256 = CARTESIAN_POINT('',(15.,175.,10.));
#257 = SURFACE_CURVE('',#258,(#262,#269),.PCURVE_S1.);
#258 = LINE('',#259,#260);
#259 = CARTESIAN_POINT('',(15.,161.92893218813,10.));
#260 = VECTOR('',#261,1.);
#261 = DIRECTION('',(0.,1.,0.));
#262 = PCURVE('',#126,#263);
#263 = DEFINITIONAL_REPRESENTATION('',(#264),#268);
#264 = LINE('',#265,#266);
#265 = CARTESIAN_POINT('',(-35.,0.));
#266 = VECTOR('',#267,1.);
#267 = DIRECTION('',(0.,1.));
#268 = ( GEOMETRIC_REPRESENTATION_CONTEXT(2) 
PARAMETRIC_REPRESENTATION_CONTEXT() REPRESENTATION_CONTEXT('2D SPACE',''
  ) );
#269 = PCURVE('',#215,#270);
#270 = DEFINITIONAL_REPRESENTATION('',(#271),#275);
#271 = LINE('',#272,#273);
#272 = CARTESIAN_POINT('',(10.,0.));
#273 = VECTOR('',#274,1.);
#274 = DIRECTION('',(0.,-1.));
#275 = ( GEOMETRIC_REPRESENTATION_CONTEXT(2) 
PARAMETRIC_REPRESENTATION_CONTEXT() REPRESENTATION_CONTEXT('2D SPACE',''
  ) );
#276 = ORIENTED_EDGE('',*,*,#277,.F.);
#277 = EDGE_CURVE('',#278,#255,#280,.T.);
#278 = VERTEX_POINT('',#279);
#279 = CARTESIAN_POINT('',(0.,175.,10.));
#280 = SURFACE_CURVE('',#281,(#285,#292),.PCURVE_S1.);
#281 = LINE('',#282,#283);
#282 = CARTESIAN_POINT('',(0.,175.,10.));
#283 = VECTOR('',#284,1.);
#284 = DIRECTION('',(1.,0.,0.));
#285 = PCURVE('',#126,#286);
#286 = DEFINITIONAL_REPRESENTATION('',(#287),#291);
#287 = LINE('',#288,#289);
#288 = CARTESIAN_POINT('',(-50.,13.071067811865));
#289 = VECTOR('',#290,1.);
#290 = DIRECTION('',(1.,0.));
#291 = ( GEOMETRIC_REPRESENTATION_CONTEXT(2) 
PARAMETRIC_REPRESENTATION_CONTEXT() REPRESENTATION_CONTEXT('2D SPACE',''
  ) );
#292 = PCURVE('',#293,#298);
#293 = PLANE('',#294);
#294 = AXIS2_PLACEMENT_3D('',#295,#296,#297);
#295 = CARTESIAN_POINT('',(0.,175.,0.));
#296 = DIRECTION('',(0.,1.,0.));
#297 = DIRECTION('',(0.,0.,1.));
#298 = DEFINITIONAL_REPRESENTATION('',(#299),#303);
#299 = LINE('',#300,#301);
#300 = CARTESIAN_POINT('',(10.,0.));
#301 = VECTOR('',#302,1.);
#302 = DIRECTION('',(0.,1.));
#303 = ( GEOMETRIC_REPRESENTATION_CONTEXT(2) 
PARAMETRIC_REPRESENTATION_CONTEXT() REPRESENTATION_CONTEXT('2D SPACE',''
  ) );
#304 = ORIENTED_EDGE('',*,*,#305,.F.);
#305 = EDGE_CURVE('',#306,#278,#308,.T.);
#306 = VERTEX_POINT('',#307);
#307 = CARTESIAN_POINT('',(0.,8.071067811865,10.));
#308 = SURFACE_CURVE('',#309,(#313,#320),.PCURVE_S1.);
#309 = LINE('',#310,#311);
#310 = CARTESIAN_POINT('',(0.,8.071067811865,10.));
#311 = VECTOR('',#312,1.);
#312 = DIRECTION('',(0.,1.,0.));
#313 = PCURVE('',#126,#314);
#314 = DEFINITIONAL_REPRESENTATION('',(#315),#319);
#315 = LINE('',#316,#317);
#316 = CARTESIAN_POINT('',(-50.,-153.8578643762));
#317 = VECTOR('',#318,1.);
#318 = DIRECTION('',(0.,1.));
#319 = ( GEOMETRIC_REPRESENTATION_CONTEXT(2) 
PARAMETRIC_REPRESENTATION_CONTEXT() REPRESENTATION_CONTEXT('2D SPACE',''
  ) );
#320 = PCURVE('',#321,#326);
#321 = PLANE('',#322);
#322 = AXIS2_PLACEMENT_3D('',#323,#324,#325);
#323 = CARTESIAN_POINT('',(0.,161.92893218813,0.));
#324 = DIRECTION('',(1.,0.,0.));
#325 = DIRECTION('',(0.,0.,1.));
#326 = DEFINITIONAL_REPRESENTATION('',(#327),#331);
#327 = LINE('',#328,#329);
#328 = CARTESIAN_POINT('',(10.,153.85786437626));
#329 = VECTOR('',#330,1.);
#330 = DIRECTION('',(0.,-1.));
#331 = ( GEOMETRIC_REPRESENTATION_CONTEXT(2) 
PARAMETRIC_REPRESENTATION_CONTEXT() REPRESENTATION_CONTEXT('2D SPACE',''
  ) );
#332 = ORIENTED_EDGE('',*,*,#333,.T.);
#333 = EDGE_CURVE('',#306,#334,#336,.T.);
#334 = VERTEX_POINT('',#335);
#335 = CARTESIAN_POINT('',(15.2,8.071067811865,10.));
#336 = SURFACE_CURVE('',#337,(#341,#348),.PCURVE_S1.);
#337 = LINE('',#338,#339);
#338 = CARTESIAN_POINT('',(0.,8.071067811865,10.));
#339 = VECTOR('',#340,1.);
#340 = DIRECTION('',(1.,0.,0.));
#341 = PCURVE('',#126,#342);
#342 = DEFINITIONAL_REPRESENTATION('',(#343),#347);
#343 = LINE('',#344,#345);
#344 = CARTESIAN_POINT('',(-50.,-153.8578643762));
#345 = VECTOR('',#346,1.);
#346 = DIRECTION('',(1.,0.));
#347 = ( GEOMETRIC_REPRESENTATION_CONTEXT(2) 
PARAMETRIC_REPRESENTATION_CONTEXT() REPRESENTATION_CONTEXT('2D SPACE',''
  ) );
#348 = PCURVE('',#349,#354);
#349 = PLANE('',#350);
#350 = AXIS2_PLACEMENT_3D('',#351,#352,#353);
#351 = CARTESIAN_POINT('',(0.,8.071067811865,0.));
#352 = DIRECTION('',(0.,1.,0.));
#353 = DIRECTION('',(0.,0.,1.));
#354 = DEFINITIONAL_REPRESENTATION('',(#355),#359);
#355 = LINE('',#356,#357);
#356 = CARTESIAN_POINT('',(10.,0.));
#357 = VECTOR('',#358,1.);
#358 = DIRECTION('',(0.,1.));
#359 = ( GEOMETRIC_REPRESENTATION_CONTEXT(2) 
PARAMETRIC_REPRESENTATION_CONTEXT() REPRESENTATION_CONTEXT('2D SPACE',''
  ) );
#360 = ORIENTED_EDGE('',*,*,#361,.F.);
#361 = EDGE_CURVE('',#362,#334,#364,.T.);
#362 = VERTEX_POINT('',#363);
#363 = CARTESIAN_POINT('',(15.2,-5.,10.));
#364 = SURFACE_CURVE('',#365,(#369,#376),.PCURVE_S1.);
#365 = LINE('',#366,#367);
#366 = CARTESIAN_POINT('',(15.2,-5.,10.));
#367 = VECTOR('',#368,1.);
#368 = DIRECTION('',(0.,1.,0.));
#369 = PCURVE('',#126,#370);
#370 = DEFINITIONAL_REPRESENTATION('',(#371),#375);
#371 = LINE('',#372,#373);
#372 = CARTESIAN_POINT('',(-34.8,-166.9289321881));
#373 = VECTOR('',#374,1.);
#374 = DIRECTION('',(0.,1.));
#375 = ( GEOMETRIC_REPRESENTATION_CONTEXT(2) 
PARAMETRIC_REPRESENTATION_CONTEXT() REPRESENTATION_CONTEXT('2D SPACE',''
  ) );
#376 = PCURVE('',#377,#382);
#377 = PLANE('',#378);
#378 = AXIS2_PLACEMENT_3D('',#379,#380,#381);
#379 = CARTESIAN_POINT('',(15.2,-5.,0.));
#380 = DIRECTION('',(1.,0.,0.));
#381 = DIRECTION('',(0.,0.,1.));
#382 = DEFINITIONAL_REPRESENTATION('',(#383),#387);
#383 = LINE('',#384,#385);
#384 = CARTESIAN_POINT('',(10.,0.));
#385 = VECTOR('',#386,1.);
#386 = DIRECTION('',(0.,-1.));
#387 = ( GEOMETRIC_REPRESENTATION_CONTEXT(2) 
PARAMETRIC_REPRESENTATION_CONTEXT() REPRESENTATION_CONTEXT('2D SPACE',''
  ) );
#388 = ORIENTED_EDGE('',*,*,#389,.T.);
#389 = EDGE_CURVE('',#362,#390,#392,.T.);
#390 = VERTEX_POINT('',#391);
#391 = CARTESIAN_POINT('',(49.8,-5.,10.));
#392 = SURFACE_CURVE('',#393,(#397,#404),.PCURVE_S1.);
#393 = LINE('',#394,#395);
#394 = CARTESIAN_POINT('',(15.2,-5.,10.));
#395 = VECTOR('',#396,1.);
#396 = DIRECTION('',(1.,0.,0.));
#397 = PCURVE('',#126,#398);
#398 = DEFINITIONAL_REPRESENTATION('',(#399),#403);
#399 = LINE('',#400,#401);
#400 = CARTESIAN_POINT('',(-34.8,-166.9289321881));
#401 = VECTOR('',#402,1.);
#402 = DIRECTION('',(1.,0.));
#403 = ( GEOMETRIC_REPRESENTATION_CONTEXT(2) 
PARAMETRIC_REPRESENTATION_CONTEXT() REPRESENTATION_CONTEXT('2D SPACE',''
  ) );
#404 = PCURVE('',#405,#410);
#405 = PLANE('',#406);
#406 = AXIS2_PLACEMENT_3D('',#407,#408,#409);
#407 = CARTESIAN_POINT('',(15.2,-5.,0.));
#408 = DIRECTION('',(0.,1.,0.));
#409 = DIRECTION('',(0.,0.,1.));
#410 = DEFINITIONAL_REPRESENTATION('',(#411),#415);
#411 = LINE('',#412,#413);
#412 = CARTESIAN_POINT('',(10.,0.));
#413 = VECTOR('',#414,1.);
#414 = DIRECTION('',(0.,1.));
#415 = ( GEOMETRIC_REPRESENTATION_CONTEXT(2) 
PARAMETRIC_REPRESENTATION_CONTEXT() REPRESENTATION_CONTEXT('2D SPACE',''
  ) );
#416 = ORIENTED_EDGE('',*,*,#417,.T.);
#417 = EDGE_CURVE('',#390,#418,#420,.T.);
#418 = VERTEX_POINT('',#419);
#419 = CARTESIAN_POINT('',(49.8,8.071067811865,10.));
#420 = SURFACE_CURVE('',#421,(#425,#432),.PCURVE_S1.);
#421 = LINE('',#422,#423);
#422 = CARTESIAN_POINT('',(49.8,-5.,10.));
#423 = VECTOR('',#424,1.);
#424 = DIRECTION('',(0.,1.,0.));
#425 = PCURVE('',#126,#426);
#426 = DEFINITIONAL_REPRESENTATION('',(#427),#431);
#427 = LINE('',#428,#429);
#428 = CARTESIAN_POINT('',(-0.2,-166.9289321881));
#429 = VECTOR('',#430,1.);
#430 = DIRECTION('',(0.,1.));
#431 = ( GEOMETRIC_REPRESENTATION_CONTEXT(2) 
PARAMETRIC_REPRESENTATION_CONTEXT() REPRESENTATION_CONTEXT('2D SPACE',''
  ) );
#432 = PCURVE('',#433,#438);
#433 = PLANE('',#434);
#434 = AXIS2_PLACEMENT_3D('',#435,#436,#437);
#435 = CARTESIAN_POINT('',(49.8,-5.,0.));
#436 = DIRECTION('',(1.,0.,0.));
#437 = DIRECTION('',(0.,0.,1.));
#438 = DEFINITIONAL_REPRESENTATION('',(#439),#443);
#439 = LINE('',#440,#441);
#440 = CARTESIAN_POINT('',(10.,0.));
#441 = VECTOR('',#442,1.);
#442 = DIRECTION('',(0.,-1.));
#443 = ( GEOMETRIC_REPRESENTATION_CONTEXT(2) 
PARAMETRIC_REPRESENTATION_CONTEXT() REPRESENTATION_CONTEXT('2D SPACE',''
  ) );
#444 = ORIENTED_EDGE('',*,*,#445,.T.);
#445 = EDGE_CURVE('',#418,#446,#448,.T.);
#446 = VERTEX_POINT('',#447);
#447 = CARTESIAN_POINT('',(65.,8.071067811865,10.));
#448 = SURFACE_CURVE('',#449,(#453,#460),.PCURVE_S1.);
#449 = LINE('',#450,#451);
#450 = CARTESIAN_POINT('',(0.,8.071067811865,10.));
#451 = VECTOR('',#452,1.);
#452 = DIRECTION('',(1.,0.,0.));
#453 = PCURVE('',#126,#454);
#454 = DEFINITIONAL_REPRESENTATION('',(#455),#459);
#455 = LINE('',#456,#457);
#456 = CARTESIAN_POINT('',(-50.,-153.8578643762));
#457 = VECTOR('',#458,1.);
#458 = DIRECTION('',(1.,0.));
#459 = ( GEOMETRIC_REPRESENTATION_CONTEXT(2) 
PARAMETRIC_REPRESENTATION_CONTEXT() REPRESENTATION_CONTEXT('2D SPACE',''
  ) );
#460 = PCURVE('',#461,#466);
#461 = PLANE('',#462);
#462 = AXIS2_PLACEMENT_3D('',#463,#464,#465);
#463 = CARTESIAN_POINT('',(0.,8.071067811865,0.));
#464 = DIRECTION('',(0.,1.,0.));
#465 = DIRECTION('',(0.,0.,1.));
#466 = DEFINITIONAL_REPRESENTATION('',(#467),#471);
#467 = LINE('',#468,#469);
#468 = CARTESIAN_POINT('',(10.,0.));
#469 = VECTOR('',#470,1.);
#470 = DIRECTION('',(0.,1.));
#471 = ( GEOMETRIC_REPRESENTATION_CONTEXT(2) 
PARAMETRIC_REPRESENTATION_CONTEXT() REPRESENTATION_CONTEXT('2D SPACE',''
  ) );
#472 = ORIENTED_EDGE('',*,*,#473,.T.);
#473 = EDGE_CURVE('',#446,#474,#476,.T.);
#474 = VERTEX_POINT('',#475);
#475 = CARTESIAN_POINT('',(65.,175.,10.));
#476 = SURFACE_CURVE('',#477,(#481,#488),.PCURVE_S1.);
#477 = LINE('',#478,#479);
#478 = CARTESIAN_POINT('',(65.,8.071067811865,10.));
#479 = VECTOR('',#480,1.);
#480 = DIRECTION('',(0.,1.,0.));
#481 = PCURVE('',#126,#482);
#482 = DEFINITIONAL_REPRESENTATION('',(#483),#487);
#483 = LINE('',#484,#485);
#484 = CARTESIAN_POINT('',(15.,-153.8578643762));
#485 = VECTOR('',#486,1.);
#486 = DIRECTION('',(0.,1.));
#487 = ( GEOMETRIC_REPRESENTATION_CONTEXT(2) 
PARAMETRIC_REPRESENTATION_CONTEXT() REPRESENTATION_CONTEXT('2D SPACE',''
  ) );
#488 = PCURVE('',#489,#494);
#489 = PLANE('',#490);
#490 = AXIS2_PLACEMENT_3D('',#491,#492,#493);
#491 = CARTESIAN_POINT('',(65.,161.92893218813,0.));
#492 = DIRECTION('',(1.,0.,0.));
#493 = DIRECTION('',(0.,0.,1.));
#494 = DEFINITIONAL_REPRESENTATION('',(#495),#499);
#495 = LINE('',#496,#497);
#496 = CARTESIAN_POINT('',(10.,153.85786437626));
#497 = VECTOR('',#498,1.);
#498 = DIRECTION('',(0.,-1.));
#499 = ( GEOMETRIC_REPRESENTATION_CONTEXT(2) 
PARAMETRIC_REPRESENTATION_CONTEXT() REPRESENTATION_CONTEXT('2D SPACE',''
  ) );
#500 = ORIENTED_EDGE('',*,*,#501,.F.);
#501 = EDGE_CURVE('',#85,#474,#502,.T.);
#502 = SURFACE_CURVE('',#503,(#507,#514),.PCURVE_S1.);
#503 = LINE('',#504,#505);
#504 = CARTESIAN_POINT('',(50.,175.,10.));
#505 = VECTOR('',#506,1.);
#506 = DIRECTION('',(1.,0.,0.));
#507 = PCURVE('',#126,#508);
#508 = DEFINITIONAL_REPRESENTATION('',(#509),#513);
#509 = LINE('',#510,#511);
#510 = CARTESIAN_POINT('',(0.,13.071067811865));
#511 = VECTOR('',#512,1.);
#512 = DIRECTION('',(1.,0.));
#513 = ( GEOMETRIC_REPRESENTATION_CONTEXT(2) 
PARAMETRIC_REPRESENTATION_CONTEXT() REPRESENTATION_CONTEXT('2D SPACE',''
  ) );
#514 = PCURVE('',#100,#515);
#515 = DEFINITIONAL_REPRESENTATION('',(#516),#520);
#516 = LINE('',#517,#518);
#517 = CARTESIAN_POINT('',(10.,0.));
#518 = VECTOR('',#519,1.);
#519 = DIRECTION('',(0.,1.));
#520 = ( GEOMETRIC_REPRESENTATION_CONTEXT(2) 
PARAMETRIC_REPRESENTATION_CONTEXT() REPRESENTATION_CONTEXT('2D SPACE',''
  ) );
#521 = FACE_BOUND('',#522,.T.);
#522 = EDGE_LOOP('',(#523,#554,#581,#610,#637,#666,#693,#722));
#523 = ORIENTED_EDGE('',*,*,#524,.F.);
#524 = EDGE_CURVE('',#525,#527,#529,.T.);
#525 = VERTEX_POINT('',#526);
#526 = CARTESIAN_POINT('',(49.,18.071067811865,10.));
#527 = VERTEX_POINT('',#528);
#528 = CARTESIAN_POINT('',(55.,24.071067811865,10.));
#529 = SURFACE_CURVE('',#530,(#535,#542),.PCURVE_S1.);
#530 = CIRCLE('',#531,6.);
#531 = AXIS2_PLACEMENT_3D('',#532,#533,#534);
#532 = CARTESIAN_POINT('',(49.,24.071067811865,10.));
#533 = DIRECTION('',(0.,0.,1.));
#534 = DIRECTION('',(1.,0.,-0.));
#535 = PCURVE('',#126,#536);
#536 = DEFINITIONAL_REPRESENTATION('',(#537),#541);
#537 = CIRCLE('',#538,6.);
#538 = AXIS2_PLACEMENT_2D('',#539,#540);
#539 = CARTESIAN_POINT('',(-1.,-137.8578643762));
#540 = DIRECTION('',(1.,0.));
#541 = ( GEOMETRIC_REPRESENTATION_CONTEXT(2) 
PARAMETRIC_REPRESENTATION_CONTEXT() REPRESENTATION_CONTEXT('2D SPACE',''
  ) );
#542 = PCURVE('',#543,#548);
#543 = CYLINDRICAL_SURFACE('',#544,6.);
#544 = AXIS2_PLACEMENT_3D('',#545,#546,#547);
#545 = CARTESIAN_POINT('',(49.,24.071067811865,-1.));
#546 = DIRECTION('',(0.,0.,1.));
#547 = DIRECTION('',(1.,0.,-0.));
#548 = DEFINITIONAL_REPRESENTATION('',(#549),#553);
#549 = LINE('',#550,#551);
#550 = CARTESIAN_POINT('',(-6.28318530718,11.));
#551 = VECTOR('',#552,1.);
#552 = DIRECTION('',(1.,-0.));
#553 = ( GEOMETRIC_REPRESENTATION_CONTEXT(2) 
PARAMETRIC_REPRESENTATION_CONTEXT() REPRESENTATION_CONTEXT('2D SPACE',''
  ) );
#554 = ORIENTED_EDGE('',*,*,#555,.T.);
#555 = EDGE_CURVE('',#525,#556,#558,.T.);
#556 = VERTEX_POINT('',#557);
#557 = CARTESIAN_POINT('',(16.,18.071067811865,10.));
#558 = SURFACE_CURVE('',#559,(#563,#570),.PCURVE_S1.);
#559 = LINE('',#560,#561);
#560 = CARTESIAN_POINT('',(5.,18.071067811865,10.));
#561 = VECTOR('',#562,1.);
#562 = DIRECTION('',(-1.,0.,0.));
#563 = PCURVE('',#126,#564);
#564 = DEFINITIONAL_REPRESENTATION('',(#565),#569);
#565 = LINE('',#566,#567);
#566 = CARTESIAN_POINT('',(-45.,-143.8578643762));
#567 = VECTOR('',#568,1.);
#568 = DIRECTION('',(-1.,0.));
#569 = ( GEOMETRIC_REPRESENTATION_CONTEXT(2) 
PARAMETRIC_REPRESENTATION_CONTEXT() REPRESENTATION_CONTEXT('2D SPACE',''
  ) );
#570 = PCURVE('',#571,#576);
#571 = PLANE('',#572);
#572 = AXIS2_PLACEMENT_3D('',#573,#574,#575);
#573 = CARTESIAN_POINT('',(10.,18.071067811865,-1.));
#574 = DIRECTION('',(0.,1.,0.));
#575 = DIRECTION('',(0.,0.,1.));
#576 = DEFINITIONAL_REPRESENTATION('',(#577),#580);
#577 = B_SPLINE_CURVE_WITH_KNOTS('',1,(#578,#579),.UNSPECIFIED.,.F.,.F.,
  (2,2),(-44.,-11.),.PIECEWISE_BEZIER_KNOTS.);
#578 = CARTESIAN_POINT('',(11.,39.));
#579 = CARTESIAN_POINT('',(11.,6.));
#580 = ( GEOMETRIC_REPRESENTATION_CONTEXT(2) 
PARAMETRIC_REPRESENTATION_CONTEXT() REPRESENTATION_CONTEXT('2D SPACE',''
  ) );
#581 = ORIENTED_EDGE('',*,*,#582,.F.);
#582 = EDGE_CURVE('',#583,#556,#585,.T.);
#583 = VERTEX_POINT('',#584);
#584 = CARTESIAN_POINT('',(10.,24.071067811865,10.));
#585 = SURFACE_CURVE('',#586,(#591,#598),.PCURVE_S1.);
#586 = CIRCLE('',#587,6.);
#587 = AXIS2_PLACEMENT_3D('',#588,#589,#590);
#588 = CARTESIAN_POINT('',(16.,24.071067811865,10.));
#589 = DIRECTION('',(0.,0.,1.));
#590 = DIRECTION('',(-1.,-0.,0.));
#591 = PCURVE('',#126,#592);
#592 = DEFINITIONAL_REPRESENTATION('',(#593),#597);
#593 = CIRCLE('',#594,6.);
#594 = AXIS2_PLACEMENT_2D('',#595,#596);
#595 = CARTESIAN_POINT('',(-34.,-137.8578643762));
#596 = DIRECTION('',(-1.,0.));
#597 = ( GEOMETRIC_REPRESENTATION_CONTEXT(2) 
PARAMETRIC_REPRESENTATION_CONTEXT() REPRESENTATION_CONTEXT('2D SPACE',''
  ) );
#598 = PCURVE('',#599,#604);
#599 = CYLINDRICAL_SURFACE('',#600,6.);
#600 = AXIS2_PLACEMENT_3D('',#601,#602,#603);
#601 = CARTESIAN_POINT('',(16.,24.071067811865,-1.));
#602 = DIRECTION('',(0.,0.,1.));
#603 = DIRECTION('',(-1.,-0.,0.));
#604 = DEFINITIONAL_REPRESENTATION('',(#605),#609);
#605 = LINE('',#606,#607);
#606 = CARTESIAN_POINT('',(0.,11.));
#607 = VECTOR('',#608,1.);
#608 = DIRECTION('',(1.,0.));
#609 = ( GEOMETRIC_REPRESENTATION_CONTEXT(2) 
PARAMETRIC_REPRESENTATION_CONTEXT() REPRESENTATION_CONTEXT('2D SPACE',''
  ) );
#610 = ORIENTED_EDGE('',*,*,#611,.T.);
#611 = EDGE_CURVE('',#583,#612,#614,.T.);
#612 = VERTEX_POINT('',#613);
#613 = CARTESIAN_POINT('',(10.,145.92893218813,10.));
#614 = SURFACE_CURVE('',#615,(#619,#626),.PCURVE_S1.);
#615 = LINE('',#616,#617);
#616 = CARTESIAN_POINT('',(10.,13.071067811865,10.));
#617 = VECTOR('',#618,1.);
#618 = DIRECTION('',(0.,1.,0.));
#619 = PCURVE('',#126,#620);
#620 = DEFINITIONAL_REPRESENTATION('',(#621),#625);
#621 = LINE('',#622,#623);
#622 = CARTESIAN_POINT('',(-40.,-148.8578643762));
#623 = VECTOR('',#624,1.);
#624 = DIRECTION('',(0.,1.));
#625 = ( GEOMETRIC_REPRESENTATION_CONTEXT(2) 
PARAMETRIC_REPRESENTATION_CONTEXT() REPRESENTATION_CONTEXT('2D SPACE',''
  ) );
#626 = PCURVE('',#627,#632);
#627 = PLANE('',#628);
#628 = AXIS2_PLACEMENT_3D('',#629,#630,#631);
#629 = CARTESIAN_POINT('',(10.,18.071067811865,-1.));
#630 = DIRECTION('',(1.,0.,0.));
#631 = DIRECTION('',(0.,0.,1.));
#632 = DEFINITIONAL_REPRESENTATION('',(#633),#636);
#633 = B_SPLINE_CURVE_WITH_KNOTS('',1,(#634,#635),.UNSPECIFIED.,.F.,.F.,
  (2,2),(11.,132.85786437626),.PIECEWISE_BEZIER_KNOTS.);
#634 = CARTESIAN_POINT('',(11.,-6.));
#635 = CARTESIAN_POINT('',(11.,-127.8578643762));
#636 = ( GEOMETRIC_REPRESENTATION_CONTEXT(2) 
PARAMETRIC_REPRESENTATION_CONTEXT() REPRESENTATION_CONTEXT('2D SPACE',''
  ) );
#637 = ORIENTED_EDGE('',*,*,#638,.F.);
#638 = EDGE_CURVE('',#639,#612,#641,.T.);
#639 = VERTEX_POINT('',#640);
#640 = CARTESIAN_POINT('',(16.,151.92893218813,10.));
#641 = SURFACE_CURVE('',#642,(#647,#654),.PCURVE_S1.);
#642 = CIRCLE('',#643,6.);
#643 = AXIS2_PLACEMENT_3D('',#644,#645,#646);
#644 = CARTESIAN_POINT('',(16.,145.92893218813,10.));
#645 = DIRECTION('',(0.,0.,1.));
#646 = DIRECTION('',(-1.,-0.,0.));
#647 = PCURVE('',#126,#648);
#648 = DEFINITIONAL_REPRESENTATION('',(#649),#653);
#649 = CIRCLE('',#650,6.);
#650 = AXIS2_PLACEMENT_2D('',#651,#652);
#651 = CARTESIAN_POINT('',(-34.,-16.));
#652 = DIRECTION('',(-1.,0.));
#653 = ( GEOMETRIC_REPRESENTATION_CONTEXT(2) 
PARAMETRIC_REPRESENTATION_CONTEXT() REPRESENTATION_CONTEXT('2D SPACE',''
  ) );
#654 = PCURVE('',#655,#660);
#655 = CYLINDRICAL_SURFACE('',#656,6.);
#656 = AXIS2_PLACEMENT_3D('',#657,#658,#659);
#657 = CARTESIAN_POINT('',(16.,145.92893218813,-1.));
#658 = DIRECTION('',(0.,0.,1.));
#659 = DIRECTION('',(-1.,-0.,0.));
#660 = DEFINITIONAL_REPRESENTATION('',(#661),#665);
#661 = LINE('',#662,#663);
#662 = CARTESIAN_POINT('',(-6.28318530718,11.));
#663 = VECTOR('',#664,1.);
#664 = DIRECTION('',(1.,-0.));
#665 = ( GEOMETRIC_REPRESENTATION_CONTEXT(2) 
PARAMETRIC_REPRESENTATION_CONTEXT() REPRESENTATION_CONTEXT('2D SPACE',''
  ) );
#666 = ORIENTED_EDGE('',*,*,#667,.F.);
#667 = EDGE_CURVE('',#668,#639,#670,.T.);
#668 = VERTEX_POINT('',#669);
#669 = CARTESIAN_POINT('',(49.,151.92893218813,10.));
#670 = SURFACE_CURVE('',#671,(#675,#682),.PCURVE_S1.);
#671 = LINE('',#672,#673);
#672 = CARTESIAN_POINT('',(5.,151.92893218813,10.));
#673 = VECTOR('',#674,1.);
#674 = DIRECTION('',(-1.,0.,0.));
#675 = PCURVE('',#126,#676);
#676 = DEFINITIONAL_REPRESENTATION('',(#677),#681);
#677 = LINE('',#678,#679);
#678 = CARTESIAN_POINT('',(-45.,-10.));
#679 = VECTOR('',#680,1.);
#680 = DIRECTION('',(-1.,0.));
#681 = ( GEOMETRIC_REPRESENTATION_CONTEXT(2) 
PARAMETRIC_REPRESENTATION_CONTEXT() REPRESENTATION_CONTEXT('2D SPACE',''
  ) );
#682 = PCURVE('',#683,#688);
#683 = PLANE('',#684);
#684 = AXIS2_PLACEMENT_3D('',#685,#686,#687);
#685 = CARTESIAN_POINT('',(10.,151.92893218813,-1.));
#686 = DIRECTION('',(0.,1.,0.));
#687 = DIRECTION('',(0.,0.,1.));
#688 = DEFINITIONAL_REPRESENTATION('',(#689),#692);
#689 = B_SPLINE_CURVE_WITH_KNOTS('',1,(#690,#691),.UNSPECIFIED.,.F.,.F.,
  (2,2),(-44.,-11.),.PIECEWISE_BEZIER_KNOTS.);
#690 = CARTESIAN_POINT('',(11.,39.));
#691 = CARTESIAN_POINT('',(11.,6.));
#692 = ( GEOMETRIC_REPRESENTATION_CONTEXT(2) 
PARAMETRIC_REPRESENTATION_CONTEXT() REPRESENTATION_CONTEXT('2D SPACE',''
  ) );
#693 = ORIENTED_EDGE('',*,*,#694,.F.);
#694 = EDGE_CURVE('',#695,#668,#697,.T.);
#695 = VERTEX_POINT('',#696);
#696 = CARTESIAN_POINT('',(55.,145.92893218813,10.));
#697 = SURFACE_CURVE('',#698,(#703,#710),.PCURVE_S1.);
#698 = CIRCLE('',#699,6.);
#699 = AXIS2_PLACEMENT_3D('',#700,#701,#702);
#700 = CARTESIAN_POINT('',(49.,145.92893218813,10.));
#701 = DIRECTION('',(0.,0.,1.));
#702 = DIRECTION('',(1.,0.,-0.));
#703 = PCURVE('',#126,#704);
#704 = DEFINITIONAL_REPRESENTATION('',(#705),#709);
#705 = CIRCLE('',#706,6.);
#706 = AXIS2_PLACEMENT_2D('',#707,#708);
#707 = CARTESIAN_POINT('',(-1.,-16.));
#708 = DIRECTION('',(1.,0.));
#709 = ( GEOMETRIC_REPRESENTATION_CONTEXT(2) 
PARAMETRIC_REPRESENTATION_CONTEXT() REPRESENTATION_CONTEXT('2D SPACE',''
  ) );
#710 = PCURVE('',#711,#716);
#711 = CYLINDRICAL_SURFACE('',#712,6.);
#712 = AXIS2_PLACEMENT_3D('',#713,#714,#715);
#713 = CARTESIAN_POINT('',(49.,145.92893218813,-1.));
#714 = DIRECTION('',(0.,0.,1.));
#715 = DIRECTION('',(1.,0.,-0.));
#716 = DEFINITIONAL_REPRESENTATION('',(#717),#721);
#717 = LINE('',#718,#719);
#718 = CARTESIAN_POINT('',(0.,11.));
#719 = VECTOR('',#720,1.);
#720 = DIRECTION('',(1.,0.));
#721 = ( GEOMETRIC_REPRESENTATION_CONTEXT(2) 
PARAMETRIC_REPRESENTATION_CONTEXT() REPRESENTATION_CONTEXT('2D SPACE',''
  ) );
#722 = ORIENTED_EDGE('',*,*,#723,.F.);
#723 = EDGE_CURVE('',#527,#695,#724,.T.);
#724 = SURFACE_CURVE('',#725,(#729,#736),.PCURVE_S1.);
#725 = LINE('',#726,#727);
#726 = CARTESIAN_POINT('',(55.,13.071067811865,10.));
#727 = VECTOR('',#728,1.);
#728 = DIRECTION('',(0.,1.,0.));
#729 = PCURVE('',#126,#730);
#730 = DEFINITIONAL_REPRESENTATION('',(#731),#735);
#731 = LINE('',#732,#733);
#732 = CARTESIAN_POINT('',(5.,-148.8578643762));
#733 = VECTOR('',#734,1.);
#734 = DIRECTION('',(0.,1.));
#735 = ( GEOMETRIC_REPRESENTATION_CONTEXT(2) 
PARAMETRIC_REPRESENTATION_CONTEXT() REPRESENTATION_CONTEXT('2D SPACE',''
  ) );
#736 = PCURVE('',#737,#742);
#737 = PLANE('',#738);
#738 = AXIS2_PLACEMENT_3D('',#739,#740,#741);
#739 = CARTESIAN_POINT('',(55.,18.071067811865,-1.));
#740 = DIRECTION('',(1.,0.,0.));
#741 = DIRECTION('',(0.,0.,1.));
#742 = DEFINITIONAL_REPRESENTATION('',(#743),#746);
#743 = B_SPLINE_CURVE_WITH_KNOTS('',1,(#744,#745),.UNSPECIFIED.,.F.,.F.,
  (2,2),(11.,132.85786437626),.PIECEWISE_BEZIER_KNOTS.);
#744 = CARTESIAN_POINT('',(11.,-6.));
#745 = CARTESIAN_POINT('',(11.,-127.8578643762));
#746 = ( GEOMETRIC_REPRESENTATION_CONTEXT(2) 
PARAMETRIC_REPRESENTATION_CONTEXT() REPRESENTATION_CONTEXT('2D SPACE',''
  ) );
#747 = ADVANCED_FACE('',(#748,#980),#72,.F.);
#748 = FACE_BOUND('',#749,.F.);
#749 = EDGE_LOOP('',(#750,#751,#752,#775,#798,#821,#844,#867,#890,#913,
    #936,#959));
#750 = ORIENTED_EDGE('',*,*,#56,.F.);
#751 = ORIENTED_EDGE('',*,*,#176,.F.);
#752 = ORIENTED_EDGE('',*,*,#753,.T.);
#753 = EDGE_CURVE('',#177,#754,#756,.T.);
#754 = VERTEX_POINT('',#755);
#755 = CARTESIAN_POINT('',(15.,175.,0.));
#756 = SURFACE_CURVE('',#757,(#761,#768),.PCURVE_S1.);
#757 = LINE('',#758,#759);
#758 = CARTESIAN_POINT('',(15.,161.92893218813,0.));
#759 = VECTOR('',#760,1.);
#760 = DIRECTION('',(0.,1.,0.));
#761 = PCURVE('',#72,#762);
#762 = DEFINITIONAL_REPRESENTATION('',(#763),#767);
#763 = LINE('',#764,#765);
#764 = CARTESIAN_POINT('',(-35.,0.));
#765 = VECTOR('',#766,1.);
#766 = DIRECTION('',(0.,1.));
#767 = ( GEOMETRIC_REPRESENTATION_CONTEXT(2) 
PARAMETRIC_REPRESENTATION_CONTEXT() REPRESENTATION_CONTEXT('2D SPACE',''
  ) );
#768 = PCURVE('',#215,#769);
#769 = DEFINITIONAL_REPRESENTATION('',(#770),#774);
#770 = LINE('',#771,#772);
#771 = CARTESIAN_POINT('',(0.,0.));
#772 = VECTOR('',#773,1.);
#773 = DIRECTION('',(0.,-1.));
#774 = ( GEOMETRIC_REPRESENTATION_CONTEXT(2) 
PARAMETRIC_REPRESENTATION_CONTEXT() REPRESENTATION_CONTEXT('2D SPACE',''
  ) );
#775 = ORIENTED_EDGE('',*,*,#776,.F.);
#776 = EDGE_CURVE('',#777,#754,#779,.T.);
#777 = VERTEX_POINT('',#778);
#778 = CARTESIAN_POINT('',(0.,175.,0.));
#779 = SURFACE_CURVE('',#780,(#784,#791),.PCURVE_S1.);
#780 = LINE('',#781,#782);
#781 = CARTESIAN_POINT('',(0.,175.,0.));
#782 = VECTOR('',#783,1.);
#783 = DIRECTION('',(1.,0.,0.));
#784 = PCURVE('',#72,#785);
#785 = DEFINITIONAL_REPRESENTATION('',(#786),#790);
#786 = LINE('',#787,#788);
#787 = CARTESIAN_POINT('',(-50.,13.071067811865));
#788 = VECTOR('',#789,1.);
#789 = DIRECTION('',(1.,0.));
#790 = ( GEOMETRIC_REPRESENTATION_CONTEXT(2) 
PARAMETRIC_REPRESENTATION_CONTEXT() REPRESENTATION_CONTEXT('2D SPACE',''
  ) );
#791 = PCURVE('',#293,#792);
#792 = DEFINITIONAL_REPRESENTATION('',(#793),#797);
#793 = LINE('',#794,#795);
#794 = CARTESIAN_POINT('',(0.,0.));
#795 = VECTOR('',#796,1.);
#796 = DIRECTION('',(0.,1.));
#797 = ( GEOMETRIC_REPRESENTATION_CONTEXT(2) 
PARAMETRIC_REPRESENTATION_CONTEXT() REPRESENTATION_CONTEXT('2D SPACE',''
  ) );
#798 = ORIENTED_EDGE('',*,*,#799,.T.);
#799 = EDGE_CURVE('',#777,#800,#802,.T.);
#800 = VERTEX_POINT('',#801);
#801 = CARTESIAN_POINT('',(0.,8.071067811865,0.));
#802 = SURFACE_CURVE('',#803,(#807,#814),.PCURVE_S1.);
#803 = LINE('',#804,#805);
#804 = CARTESIAN_POINT('',(0.,175.,0.));
#805 = VECTOR('',#806,1.);
#806 = DIRECTION('',(0.,-1.,0.));
#807 = PCURVE('',#72,#808);
#808 = DEFINITIONAL_REPRESENTATION('',(#809),#813);
#809 = LINE('',#810,#811);
#810 = CARTESIAN_POINT('',(-50.,13.071067811865));
#811 = VECTOR('',#812,1.);
#812 = DIRECTION('',(0.,-1.));
#813 = ( GEOMETRIC_REPRESENTATION_CONTEXT(2) 
PARAMETRIC_REPRESENTATION_CONTEXT() REPRESENTATION_CONTEXT('2D SPACE',''
  ) );
#814 = PCURVE('',#321,#815);
#815 = DEFINITIONAL_REPRESENTATION('',(#816),#820);
#816 = LINE('',#817,#818);
#817 = CARTESIAN_POINT('',(0.,-13.07106781186));
#818 = VECTOR('',#819,1.);
#819 = DIRECTION('',(0.,1.));
#820 = ( GEOMETRIC_REPRESENTATION_CONTEXT(2) 
PARAMETRIC_REPRESENTATION_CONTEXT() REPRESENTATION_CONTEXT('2D SPACE',''
  ) );
#821 = ORIENTED_EDGE('',*,*,#822,.T.);
#822 = EDGE_CURVE('',#800,#823,#825,.T.);
#823 = VERTEX_POINT('',#824);
#824 = CARTESIAN_POINT('',(15.2,8.071067811865,0.));
#825 = SURFACE_CURVE('',#826,(#830,#837),.PCURVE_S1.);
#826 = LINE('',#827,#828);
#827 = CARTESIAN_POINT('',(0.,8.071067811865,0.));
#828 = VECTOR('',#829,1.);
#829 = DIRECTION('',(1.,0.,0.));
#830 = PCURVE('',#72,#831);
#831 = DEFINITIONAL_REPRESENTATION('',(#832),#836);
#832 = LINE('',#833,#834);
#833 = CARTESIAN_POINT('',(-50.,-153.8578643762));
#834 = VECTOR('',#835,1.);
#835 = DIRECTION('',(1.,0.));
#836 = ( GEOMETRIC_REPRESENTATION_CONTEXT(2) 
PARAMETRIC_REPRESENTATION_CONTEXT() REPRESENTATION_CONTEXT('2D SPACE',''
  ) );
#837 = PCURVE('',#349,#838);
#838 = DEFINITIONAL_REPRESENTATION('',(#839),#843);
#839 = LINE('',#840,#841);
#840 = CARTESIAN_POINT('',(0.,0.));
#841 = VECTOR('',#842,1.);
#842 = DIRECTION('',(0.,1.));
#843 = ( GEOMETRIC_REPRESENTATION_CONTEXT(2) 
PARAMETRIC_REPRESENTATION_CONTEXT() REPRESENTATION_CONTEXT('2D SPACE',''
  ) );
#844 = ORIENTED_EDGE('',*,*,#845,.F.);
#845 = EDGE_CURVE('',#846,#823,#848,.T.);
#846 = VERTEX_POINT('',#847);
#847 = CARTESIAN_POINT('',(15.2,-5.,0.));
#848 = SURFACE_CURVE('',#849,(#853,#860),.PCURVE_S1.);
#849 = LINE('',#850,#851);
#850 = CARTESIAN_POINT('',(15.2,-5.,0.));
#851 = VECTOR('',#852,1.);
#852 = DIRECTION('',(0.,1.,0.));
#853 = PCURVE('',#72,#854);
#854 = DEFINITIONAL_REPRESENTATION('',(#855),#859);
#855 = LINE('',#856,#857);
#856 = CARTESIAN_POINT('',(-34.8,-166.9289321881));
#857 = VECTOR('',#858,1.);
#858 = DIRECTION('',(0.,1.));
#859 = ( GEOMETRIC_REPRESENTATION_CONTEXT(2) 
PARAMETRIC_REPRESENTATION_CONTEXT() REPRESENTATION_CONTEXT('2D SPACE',''
  ) );
#860 = PCURVE('',#377,#861);
#861 = DEFINITIONAL_REPRESENTATION('',(#862),#866);
#862 = LINE('',#863,#864);
#863 = CARTESIAN_POINT('',(0.,0.));
#864 = VECTOR('',#865,1.);
#865 = DIRECTION('',(0.,-1.));
#866 = ( GEOMETRIC_REPRESENTATION_CONTEXT(2) 
PARAMETRIC_REPRESENTATION_CONTEXT() REPRESENTATION_CONTEXT('2D SPACE',''
  ) );
#867 = ORIENTED_EDGE('',*,*,#868,.T.);
#868 = EDGE_CURVE('',#846,#869,#871,.T.);
#869 = VERTEX_POINT('',#870);
#870 = CARTESIAN_POINT('',(49.8,-5.,0.));
#871 = SURFACE_CURVE('',#872,(#876,#883),.PCURVE_S1.);
#872 = LINE('',#873,#874);
#873 = CARTESIAN_POINT('',(15.2,-5.,0.));
#874 = VECTOR('',#875,1.);
#875 = DIRECTION('',(1.,0.,0.));
#876 = PCURVE('',#72,#877);
#877 = DEFINITIONAL_REPRESENTATION('',(#878),#882);
#878 = LINE('',#879,#880);
#879 = CARTESIAN_POINT('',(-34.8,-166.9289321881));
#880 = VECTOR('',#881,1.);
#881 = DIRECTION('',(1.,0.));
#882 = ( GEOMETRIC_REPRESENTATION_CONTEXT(2) 
PARAMETRIC_REPRESENTATION_CONTEXT() REPRESENTATION_CONTEXT('2D SPACE',''
  ) );
#883 = PCURVE('',#405,#884);
#884 = DEFINITIONAL_REPRESENTATION('',(#885),#889);
#885 = LINE('',#886,#887);
#886 = CARTESIAN_POINT('',(0.,0.));
#887 = VECTOR('',#888,1.);
#888 = DIRECTION('',(0.,1.));
#889 = ( GEOMETRIC_REPRESENTATION_CONTEXT(2) 
PARAMETRIC_REPRESENTATION_CONTEXT() REPRESENTATION_CONTEXT('2D SPACE',''
  ) );
#890 = ORIENTED_EDGE('',*,*,#891,.T.);
#891 = EDGE_CURVE('',#869,#892,#894,.T.);
#892 = VERTEX_POINT('',#893);
#893 = CARTESIAN_POINT('',(49.8,8.071067811865,0.));
#894 = SURFACE_CURVE('',#895,(#899,#906),.PCURVE_S1.);
#895 = LINE('',#896,#897);
#896 = CARTESIAN_POINT('',(49.8,-5.,0.));
#897 = VECTOR('',#898,1.);
#898 = DIRECTION('',(0.,1.,0.));
#899 = PCURVE('',#72,#900);
#900 = DEFINITIONAL_REPRESENTATION('',(#901),#905);
#901 = LINE('',#902,#903);
#902 = CARTESIAN_POINT('',(-0.2,-166.9289321881));
#903 = VECTOR('',#904,1.);
#904 = DIRECTION('',(0.,1.));
#905 = ( GEOMETRIC_REPRESENTATION_CONTEXT(2) 
PARAMETRIC_REPRESENTATION_CONTEXT() REPRESENTATION_CONTEXT('2D SPACE',''
  ) );
#906 = PCURVE('',#433,#907);
#907 = DEFINITIONAL_REPRESENTATION('',(#908),#912);
#908 = LINE('',#909,#910);
#909 = CARTESIAN_POINT('',(0.,0.));
#910 = VECTOR('',#911,1.);
#911 = DIRECTION('',(0.,-1.));
#912 = ( GEOMETRIC_REPRESENTATION_CONTEXT(2) 
PARAMETRIC_REPRESENTATION_CONTEXT() REPRESENTATION_CONTEXT('2D SPACE',''
  ) );
#913 = ORIENTED_EDGE('',*,*,#914,.T.);
#914 = EDGE_CURVE('',#892,#915,#917,.T.);
#915 = VERTEX_POINT('',#916);
#916 = CARTESIAN_POINT('',(65.,8.071067811865,0.));
#917 = SURFACE_CURVE('',#918,(#922,#929),.PCURVE_S1.);
#918 = LINE('',#919,#920);
#919 = CARTESIAN_POINT('',(0.,8.071067811865,0.));
#920 = VECTOR('',#921,1.);
#921 = DIRECTION('',(1.,0.,0.));
#922 = PCURVE('',#72,#923);
#923 = DEFINITIONAL_REPRESENTATION('',(#924),#928);
#924 = LINE('',#925,#926);
#925 = CARTESIAN_POINT('',(-50.,-153.8578643762));
#926 = VECTOR('',#927,1.);
#927 = DIRECTION('',(1.,0.));
#928 = ( GEOMETRIC_REPRESENTATION_CONTEXT(2) 
PARAMETRIC_REPRESENTATION_CONTEXT() REPRESENTATION_CONTEXT('2D SPACE',''
  ) );
#929 = PCURVE('',#461,#930);
#930 = DEFINITIONAL_REPRESENTATION('',(#931),#935);
#931 = LINE('',#932,#933);
#932 = CARTESIAN_POINT('',(0.,0.));
#933 = VECTOR('',#934,1.);
#934 = DIRECTION('',(0.,1.));
#935 = ( GEOMETRIC_REPRESENTATION_CONTEXT(2) 
PARAMETRIC_REPRESENTATION_CONTEXT() REPRESENTATION_CONTEXT('2D SPACE',''
  ) );
#936 = ORIENTED_EDGE('',*,*,#937,.F.);
#937 = EDGE_CURVE('',#938,#915,#940,.T.);
#938 = VERTEX_POINT('',#939);
#939 = CARTESIAN_POINT('',(65.,175.,0.));
#940 = SURFACE_CURVE('',#941,(#945,#952),.PCURVE_S1.);
#941 = LINE('',#942,#943);
#942 = CARTESIAN_POINT('',(65.,175.,0.));
#943 = VECTOR('',#944,1.);
#944 = DIRECTION('',(0.,-1.,0.));
#945 = PCURVE('',#72,#946);
#946 = DEFINITIONAL_REPRESENTATION('',(#947),#951);
#947 = LINE('',#948,#949);
#948 = CARTESIAN_POINT('',(15.,13.071067811865));
#949 = VECTOR('',#950,1.);
#950 = DIRECTION('',(0.,-1.));
#951 = ( GEOMETRIC_REPRESENTATION_CONTEXT(2) 
PARAMETRIC_REPRESENTATION_CONTEXT() REPRESENTATION_CONTEXT('2D SPACE',''
  ) );
#952 = PCURVE('',#489,#953);
#953 = DEFINITIONAL_REPRESENTATION('',(#954),#958);
#954 = LINE('',#955,#956);
#955 = CARTESIAN_POINT('',(0.,-13.07106781186));
#956 = VECTOR('',#957,1.);
#957 = DIRECTION('',(0.,1.));
#958 = ( GEOMETRIC_REPRESENTATION_CONTEXT(2) 
PARAMETRIC_REPRESENTATION_CONTEXT() REPRESENTATION_CONTEXT('2D SPACE',''
  ) );
#959 = ORIENTED_EDGE('',*,*,#960,.F.);
#960 = EDGE_CURVE('',#57,#938,#961,.T.);
#961 = SURFACE_CURVE('',#962,(#966,#973),.PCURVE_S1.);
#962 = LINE('',#963,#964);
#963 = CARTESIAN_POINT('',(50.,175.,0.));
#964 = VECTOR('',#965,1.);
#965 = DIRECTION('',(1.,0.,0.));
#966 = PCURVE('',#72,#967);
#967 = DEFINITIONAL_REPRESENTATION('',(#968),#972);
#968 = LINE('',#969,#970);
#969 = CARTESIAN_POINT('',(0.,13.071067811865));
#970 = VECTOR('',#971,1.);
#971 = DIRECTION('',(1.,0.));
#972 = ( GEOMETRIC_REPRESENTATION_CONTEXT(2) 
PARAMETRIC_REPRESENTATION_CONTEXT() REPRESENTATION_CONTEXT('2D SPACE',''
  ) );
#973 = PCURVE('',#100,#974);
#974 = DEFINITIONAL_REPRESENTATION('',(#975),#979);
#975 = LINE('',#976,#977);
#976 = CARTESIAN_POINT('',(0.,0.));
#977 = VECTOR('',#978,1.);
#978 = DIRECTION('',(0.,1.));
#979 = ( GEOMETRIC_REPRESENTATION_CONTEXT(2) 
PARAMETRIC_REPRESENTATION_CONTEXT() REPRESENTATION_CONTEXT('2D SPACE',''
  ) );
#980 = FACE_BOUND('',#981,.F.);
#981 = EDGE_LOOP('',(#982,#1008,#1030,#1054,#1076,#1100,#1122,#1146));
#982 = ORIENTED_EDGE('',*,*,#983,.F.);
#983 = EDGE_CURVE('',#984,#986,#988,.T.);
#984 = VERTEX_POINT('',#985);
#985 = CARTESIAN_POINT('',(49.,18.071067811865,0.));
#986 = VERTEX_POINT('',#987);
#987 = CARTESIAN_POINT('',(55.,24.071067811865,0.));
#988 = SURFACE_CURVE('',#989,(#994,#1001),.PCURVE_S1.);
#989 = CIRCLE('',#990,6.);
#990 = AXIS2_PLACEMENT_3D('',#991,#992,#993);
#991 = CARTESIAN_POINT('',(49.,24.071067811865,0.));
#992 = DIRECTION('',(0.,0.,1.));
#993 = DIRECTION('',(1.,0.,-0.));
#994 = PCURVE('',#72,#995);
#995 = DEFINITIONAL_REPRESENTATION('',(#996),#1000);
#996 = CIRCLE('',#997,6.);
#997 = AXIS2_PLACEMENT_2D('',#998,#999);
#998 = CARTESIAN_POINT('',(-1.,-137.8578643762));
#999 = DIRECTION('',(1.,0.));
#1000 = ( GEOMETRIC_REPRESENTATION_CONTEXT(2) 
PARAMETRIC_REPRESENTATION_CONTEXT() REPRESENTATION_CONTEXT('2D SPACE',''
  ) );
#1001 = PCURVE('',#543,#1002);
#1002 = DEFINITIONAL_REPRESENTATION('',(#1003),#1007);
#1003 = LINE('',#1004,#1005);
#1004 = CARTESIAN_POINT('',(-6.28318530718,1.));
#1005 = VECTOR('',#1006,1.);
#1006 = DIRECTION('',(1.,-0.));
#1007 = ( GEOMETRIC_REPRESENTATION_CONTEXT(2) 
PARAMETRIC_REPRESENTATION_CONTEXT() REPRESENTATION_CONTEXT('2D SPACE',''
  ) );
#1008 = ORIENTED_EDGE('',*,*,#1009,.T.);
#1009 = EDGE_CURVE('',#984,#1010,#1012,.T.);
#1010 = VERTEX_POINT('',#1011);
#1011 = CARTESIAN_POINT('',(16.,18.071067811865,0.));
#1012 = SURFACE_CURVE('',#1013,(#1017,#1024),.PCURVE_S1.);
#1013 = LINE('',#1014,#1015);
#1014 = CARTESIAN_POINT('',(5.,18.071067811865,0.));
#1015 = VECTOR('',#1016,1.);
#1016 = DIRECTION('',(-1.,0.,0.));
#1017 = PCURVE('',#72,#1018);
#1018 = DEFINITIONAL_REPRESENTATION('',(#1019),#1023);
#1019 = LINE('',#1020,#1021);
#1020 = CARTESIAN_POINT('',(-45.,-143.8578643762));
#1021 = VECTOR('',#1022,1.);
#1022 = DIRECTION('',(-1.,0.));
#1023 = ( GEOMETRIC_REPRESENTATION_CONTEXT(2) 
PARAMETRIC_REPRESENTATION_CONTEXT() REPRESENTATION_CONTEXT('2D SPACE',''
  ) );
#1024 = PCURVE('',#571,#1025);
#1025 = DEFINITIONAL_REPRESENTATION('',(#1026),#1029);
#1026 = B_SPLINE_CURVE_WITH_KNOTS('',1,(#1027,#1028),.UNSPECIFIED.,.F.,
  .F.,(2,2),(-44.,-11.),.PIECEWISE_BEZIER_KNOTS.);
#1027 = CARTESIAN_POINT('',(1.,39.));
#1028 = CARTESIAN_POINT('',(1.,6.));
#1029 = ( GEOMETRIC_REPRESENTATION_CONTEXT(2) 
PARAMETRIC_REPRESENTATION_CONTEXT() REPRESENTATION_CONTEXT('2D SPACE',''
  ) );
#1030 = ORIENTED_EDGE('',*,*,#1031,.F.);
#1031 = EDGE_CURVE('',#1032,#1010,#1034,.T.);
#1032 = VERTEX_POINT('',#1033);
#1033 = CARTESIAN_POINT('',(10.,24.071067811865,0.));
#1034 = SURFACE_CURVE('',#1035,(#1040,#1047),.PCURVE_S1.);
#1035 = CIRCLE('',#1036,6.);
#1036 = AXIS2_PLACEMENT_3D('',#1037,#1038,#1039);
#1037 = CARTESIAN_POINT('',(16.,24.071067811865,0.));
#1038 = DIRECTION('',(0.,0.,1.));
#1039 = DIRECTION('',(-1.,-0.,0.));
#1040 = PCURVE('',#72,#1041);
#1041 = DEFINITIONAL_REPRESENTATION('',(#1042),#1046);
#1042 = CIRCLE('',#1043,6.);
#1043 = AXIS2_PLACEMENT_2D('',#1044,#1045);
#1044 = CARTESIAN_POINT('',(-34.,-137.8578643762));
#1045 = DIRECTION('',(-1.,0.));
#1046 = ( GEOMETRIC_REPRESENTATION_CONTEXT(2) 
PARAMETRIC_REPRESENTATION_CONTEXT() REPRESENTATION_CONTEXT('2D SPACE',''
  ) );
#1047 = PCURVE('',#599,#1048);
#1048 = DEFINITIONAL_REPRESENTATION('',(#1049),#1053);
#1049 = LINE('',#1050,#1051);
#1050 = CARTESIAN_POINT('',(0.,1.));
#1051 = VECTOR('',#1052,1.);
#1052 = DIRECTION('',(1.,0.));
#1053 = ( GEOMETRIC_REPRESENTATION_CONTEXT(2) 
PARAMETRIC_REPRESENTATION_CONTEXT() REPRESENTATION_CONTEXT('2D SPACE',''
  ) );
#1054 = ORIENTED_EDGE('',*,*,#1055,.T.);
#1055 = EDGE_CURVE('',#1032,#1056,#1058,.T.);
#1056 = VERTEX_POINT('',#1057);
#1057 = CARTESIAN_POINT('',(10.,145.92893218813,0.));
#1058 = SURFACE_CURVE('',#1059,(#1063,#1070),.PCURVE_S1.);
#1059 = LINE('',#1060,#1061);
#1060 = CARTESIAN_POINT('',(10.,13.071067811865,0.));
#1061 = VECTOR('',#1062,1.);
#1062 = DIRECTION('',(0.,1.,0.));
#1063 = PCURVE('',#72,#1064);
#1064 = DEFINITIONAL_REPRESENTATION('',(#1065),#1069);
#1065 = LINE('',#1066,#1067);
#1066 = CARTESIAN_POINT('',(-40.,-148.8578643762));
#1067 = VECTOR('',#1068,1.);
#1068 = DIRECTION('',(0.,1.));
#1069 = ( GEOMETRIC_REPRESENTATION_CONTEXT(2) 
PARAMETRIC_REPRESENTATION_CONTEXT() REPRESENTATION_CONTEXT('2D SPACE',''
  ) );
#1070 = PCURVE('',#627,#1071);
#1071 = DEFINITIONAL_REPRESENTATION('',(#1072),#1075);
#1072 = B_SPLINE_CURVE_WITH_KNOTS('',1,(#1073,#1074),.UNSPECIFIED.,.F.,
  .F.,(2,2),(11.,132.85786437626),.PIECEWISE_BEZIER_KNOTS.);
#1073 = CARTESIAN_POINT('',(1.,-6.));
#1074 = CARTESIAN_POINT('',(1.,-127.8578643762));
#1075 = ( GEOMETRIC_REPRESENTATION_CONTEXT(2) 
PARAMETRIC_REPRESENTATION_CONTEXT() REPRESENTATION_CONTEXT('2D SPACE',''
  ) );
#1076 = ORIENTED_EDGE('',*,*,#1077,.F.);
#1077 = EDGE_CURVE('',#1078,#1056,#1080,.T.);
#1078 = VERTEX_POINT('',#1079);
#1079 = CARTESIAN_POINT('',(16.,151.92893218813,0.));
#1080 = SURFACE_CURVE('',#1081,(#1086,#1093),.PCURVE_S1.);
#1081 = CIRCLE('',#1082,6.);
#1082 = AXIS2_PLACEMENT_3D('',#1083,#1084,#1085);
#1083 = CARTESIAN_POINT('',(16.,145.92893218813,0.));
#1084 = DIRECTION('',(0.,0.,1.));
#1085 = DIRECTION('',(-1.,-0.,0.));
#1086 = PCURVE('',#72,#1087);
#1087 = DEFINITIONAL_REPRESENTATION('',(#1088),#1092);
#1088 = CIRCLE('',#1089,6.);
#1089 = AXIS2_PLACEMENT_2D('',#1090,#1091);
#1090 = CARTESIAN_POINT('',(-34.,-16.));
#1091 = DIRECTION('',(-1.,0.));
#1092 = ( GEOMETRIC_REPRESENTATION_CONTEXT(2) 
PARAMETRIC_REPRESENTATION_CONTEXT() REPRESENTATION_CONTEXT('2D SPACE',''
  ) );
#1093 = PCURVE('',#655,#1094);
#1094 = DEFINITIONAL_REPRESENTATION('',(#1095),#1099);
#1095 = LINE('',#1096,#1097);
#1096 = CARTESIAN_POINT('',(-6.28318530718,1.));
#1097 = VECTOR('',#1098,1.);
#1098 = DIRECTION('',(1.,-0.));
#1099 = ( GEOMETRIC_REPRESENTATION_CONTEXT(2) 
PARAMETRIC_REPRESENTATION_CONTEXT() REPRESENTATION_CONTEXT('2D SPACE',''
  ) );
#1100 = ORIENTED_EDGE('',*,*,#1101,.F.);
#1101 = EDGE_CURVE('',#1102,#1078,#1104,.T.);
#1102 = VERTEX_POINT('',#1103);
#1103 = CARTESIAN_POINT('',(49.,151.92893218813,0.));
#1104 = SURFACE_CURVE('',#1105,(#1109,#1116),.PCURVE_S1.);
#1105 = LINE('',#1106,#1107);
#1106 = CARTESIAN_POINT('',(5.,151.92893218813,0.));
#1107 = VECTOR('',#1108,1.);
#1108 = DIRECTION('',(-1.,0.,0.));
#1109 = PCURVE('',#72,#1110);
#1110 = DEFINITIONAL_REPRESENTATION('',(#1111),#1115);
#1111 = LINE('',#1112,#1113);
#1112 = CARTESIAN_POINT('',(-45.,-10.));
#1113 = VECTOR('',#1114,1.);
#1114 = DIRECTION('',(-1.,0.));
#1115 = ( GEOMETRIC_REPRESENTATION_CONTEXT(2) 
PARAMETRIC_REPRESENTATION_CONTEXT() REPRESENTATION_CONTEXT('2D SPACE',''
  ) );
#1116 = PCURVE('',#683,#1117);
#1117 = DEFINITIONAL_REPRESENTATION('',(#1118),#1121);
#1118 = B_SPLINE_CURVE_WITH_KNOTS('',1,(#1119,#1120),.UNSPECIFIED.,.F.,
  .F.,(2,2),(-44.,-11.),.PIECEWISE_BEZIER_KNOTS.);
#1119 = CARTESIAN_POINT('',(1.,39.));
#1120 = CARTESIAN_POINT('',(1.,6.));
#1121 = ( GEOMETRIC_REPRESENTATION_CONTEXT(2) 
PARAMETRIC_REPRESENTATION_CONTEXT() REPRESENTATION_CONTEXT('2D SPACE',''
  ) );
#1122 = ORIENTED_EDGE('',*,*,#1123,.F.);
#1123 = EDGE_CURVE('',#1124,#1102,#1126,.T.);
#1124 = VERTEX_POINT('',#1125);
#1125 = CARTESIAN_POINT('',(55.,145.92893218813,0.));
#1126 = SURFACE_CURVE('',#1127,(#1132,#1139),.PCURVE_S1.);
#1127 = CIRCLE('',#1128,6.);
#1128 = AXIS2_PLACEMENT_3D('',#1129,#1130,#1131);
#1129 = CARTESIAN_POINT('',(49.,145.92893218813,0.));
#1130 = DIRECTION('',(0.,0.,1.));
#1131 = DIRECTION('',(1.,0.,-0.));
#1132 = PCURVE('',#72,#1133);
#1133 = DEFINITIONAL_REPRESENTATION('',(#1134),#1138);
#1134 = CIRCLE('',#1135,6.);
#1135 = AXIS2_PLACEMENT_2D('',#1136,#1137);
#1136 = CARTESIAN_POINT('',(-1.,-16.));
#1137 = DIRECTION('',(1.,0.));
#1138 = ( GEOMETRIC_REPRESENTATION_CONTEXT(2) 
PARAMETRIC_REPRESENTATION_CONTEXT() REPRESENTATION_CONTEXT('2D SPACE',''
  ) );
#1139 = PCURVE('',#711,#1140);
#1140 = DEFINITIONAL_REPRESENTATION('',(#1141),#1145);
#1141 = LINE('',#1142,#1143);
#1142 = CARTESIAN_POINT('',(0.,1.));
#1143 = VECTOR('',#1144,1.);
#1144 = DIRECTION('',(1.,0.));
#1145 = ( GEOMETRIC_REPRESENTATION_CONTEXT(2) 
PARAMETRIC_REPRESENTATION_CONTEXT() REPRESENTATION_CONTEXT('2D SPACE',''
  ) );
#1146 = ORIENTED_EDGE('',*,*,#1147,.F.);
#1147 = EDGE_CURVE('',#986,#1124,#1148,.T.);
#1148 = SURFACE_CURVE('',#1149,(#1153,#1160),.PCURVE_S1.);
#1149 = LINE('',#1150,#1151);
#1150 = CARTESIAN_POINT('',(55.,13.071067811865,0.));
#1151 = VECTOR('',#1152,1.);
#1152 = DIRECTION('',(0.,1.,0.));
#1153 = PCURVE('',#72,#1154);
#1154 = DEFINITIONAL_REPRESENTATION('',(#1155),#1159);
#1155 = LINE('',#1156,#1157);
#1156 = CARTESIAN_POINT('',(5.,-148.8578643762));
#1157 = VECTOR('',#1158,1.);
#1158 = DIRECTION('',(0.,1.));
#1159 = ( GEOMETRIC_REPRESENTATION_CONTEXT(2) 
PARAMETRIC_REPRESENTATION_CONTEXT() REPRESENTATION_CONTEXT('2D SPACE',''
  ) );
#1160 = PCURVE('',#737,#1161);
#1161 = DEFINITIONAL_REPRESENTATION('',(#1162),#1165);
#1162 = B_SPLINE_CURVE_WITH_KNOTS('',1,(#1163,#1164),.UNSPECIFIED.,.F.,
  .F.,(2,2),(11.,132.85786437626),.PIECEWISE_BEZIER_KNOTS.);
#1163 = CARTESIAN_POINT('',(1.,-6.));
#1164 = CARTESIAN_POINT('',(1.,-127.8578643762));
#1165 = ( GEOMETRIC_REPRESENTATION_CONTEXT(2) 
PARAMETRIC_REPRESENTATION_CONTEXT() REPRESENTATION_CONTEXT('2D SPACE',''
  ) );
#1166 = ADVANCED_FACE('',(#1167),#100,.T.);
#1167 = FACE_BOUND('',#1168,.T.);
#1168 = EDGE_LOOP('',(#1169,#1170,#1171,#1172));
#1169 = ORIENTED_EDGE('',*,*,#960,.F.);
#1170 = ORIENTED_EDGE('',*,*,#84,.T.);
#1171 = ORIENTED_EDGE('',*,*,#501,.T.);
#1172 = ORIENTED_EDGE('',*,*,#1173,.F.);
#1173 = EDGE_CURVE('',#938,#474,#1174,.T.);
#1174 = SURFACE_CURVE('',#1175,(#1179,#1186),.PCURVE_S1.);
#1175 = LINE('',#1176,#1177);
#1176 = CARTESIAN_POINT('',(65.,175.,0.));
#1177 = VECTOR('',#1178,1.);
#1178 = DIRECTION('',(0.,0.,1.));
#1179 = PCURVE('',#100,#1180);
#1180 = DEFINITIONAL_REPRESENTATION('',(#1181),#1185);
#1181 = LINE('',#1182,#1183);
#1182 = CARTESIAN_POINT('',(0.,15.));
#1183 = VECTOR('',#1184,1.);
#1184 = DIRECTION('',(1.,0.));
#1185 = ( GEOMETRIC_REPRESENTATION_CONTEXT(2) 
PARAMETRIC_REPRESENTATION_CONTEXT() REPRESENTATION_CONTEXT('2D SPACE',''
  ) );
#1186 = PCURVE('',#489,#1187);
#1187 = DEFINITIONAL_REPRESENTATION('',(#1188),#1192);
#1188 = LINE('',#1189,#1190);
#1189 = CARTESIAN_POINT('',(0.,-13.07106781186));
#1190 = VECTOR('',#1191,1.);
#1191 = DIRECTION('',(1.,0.));
#1192 = ( GEOMETRIC_REPRESENTATION_CONTEXT(2) 
PARAMETRIC_REPRESENTATION_CONTEXT() REPRESENTATION_CONTEXT('2D SPACE',''
  ) );
#1193 = ADVANCED_FACE('',(#1194),#161,.F.);
#1194 = FACE_BOUND('',#1195,.T.);
#1195 = EDGE_LOOP('',(#1196,#1219,#1220,#1221));
#1196 = ORIENTED_EDGE('',*,*,#1197,.F.);
#1197 = EDGE_CURVE('',#141,#1198,#1200,.T.);
#1198 = VERTEX_POINT('',#1199);
#1199 = CARTESIAN_POINT('',(58.,172.,5.));
#1200 = SEAM_CURVE('',#1201,(#1205,#1212),.PCURVE_S1.);
#1201 = LINE('',#1202,#1203);
#1202 = CARTESIAN_POINT('',(-1.,172.,5.));
#1203 = VECTOR('',#1204,1.);
#1204 = DIRECTION('',(1.,0.,0.));
#1205 = PCURVE('',#161,#1206);
#1206 = DEFINITIONAL_REPRESENTATION('',(#1207),#1211);
#1207 = LINE('',#1208,#1209);
#1208 = CARTESIAN_POINT('',(-6.28318530718,0.));
#1209 = VECTOR('',#1210,1.);
#1210 = DIRECTION('',(-0.,-1.));
#1211 = ( GEOMETRIC_REPRESENTATION_CONTEXT(2) 
PARAMETRIC_REPRESENTATION_CONTEXT() REPRESENTATION_CONTEXT('2D SPACE',''
  ) );
#1212 = PCURVE('',#161,#1213);
#1213 = DEFINITIONAL_REPRESENTATION('',(#1214),#1218);
#1214 = LINE('',#1215,#1216);
#1215 = CARTESIAN_POINT('',(-0.,0.));
#1216 = VECTOR('',#1217,1.);
#1217 = DIRECTION('',(-0.,-1.));
#1218 = ( GEOMETRIC_REPRESENTATION_CONTEXT(2) 
PARAMETRIC_REPRESENTATION_CONTEXT() REPRESENTATION_CONTEXT('2D SPACE',''
  ) );
#1219 = ORIENTED_EDGE('',*,*,#140,.T.);
#1220 = ORIENTED_EDGE('',*,*,#1197,.T.);
#1221 = ORIENTED_EDGE('',*,*,#1222,.F.);
#1222 = EDGE_CURVE('',#1198,#1198,#1223,.T.);
#1223 = SURFACE_CURVE('',#1224,(#1229,#1236),.PCURVE_S1.);
#1224 = CIRCLE('',#1225,2.);
#1225 = AXIS2_PLACEMENT_3D('',#1226,#1227,#1228);
#1226 = CARTESIAN_POINT('',(58.,170.,5.));
#1227 = DIRECTION('',(-1.,0.,0.));
#1228 = DIRECTION('',(0.,1.,0.));
#1229 = PCURVE('',#161,#1230);
#1230 = DEFINITIONAL_REPRESENTATION('',(#1231),#1235);
#1231 = LINE('',#1232,#1233);
#1232 = CARTESIAN_POINT('',(-6.28318530718,-59.));
#1233 = VECTOR('',#1234,1.);
#1234 = DIRECTION('',(1.,-0.));
#1235 = ( GEOMETRIC_REPRESENTATION_CONTEXT(2) 
PARAMETRIC_REPRESENTATION_CONTEXT() REPRESENTATION_CONTEXT('2D SPACE',''
  ) );
#1236 = PCURVE('',#1237,#1242);
#1237 = PLANE('',#1238);
#1238 = AXIS2_PLACEMENT_3D('',#1239,#1240,#1241);
#1239 = CARTESIAN_POINT('',(58.,170.,5.));
#1240 = DIRECTION('',(1.,0.,0.));
#1241 = DIRECTION('',(-0.,0.,1.));
#1242 = DEFINITIONAL_REPRESENTATION('',(#1243),#1251);
#1243 = ( BOUNDED_CURVE() B_SPLINE_CURVE(2,(#1244,#1245,#1246,#1247,
#1248,#1249,#1250),.UNSPECIFIED.,.T.,.F.) B_SPLINE_CURVE_WITH_KNOTS((1,2
    ,2,2,2,1),(-2.094395102393,0.,2.094395102393,4.188790204786,
6.28318530718,8.377580409573),.UNSPECIFIED.) CURVE() 
GEOMETRIC_REPRESENTATION_ITEM() RATIONAL_B_SPLINE_CURVE((1.,0.5,1.,0.5,
1.,0.5,1.)) REPRESENTATION_ITEM('') );
#1244 = CARTESIAN_POINT('',(1.7763568394E-15,-2.));
#1245 = CARTESIAN_POINT('',(-3.464101615138,-2.));
#1246 = CARTESIAN_POINT('',(-1.732050807569,1.));
#1247 = CARTESIAN_POINT('',(1.286498119741E-15,4.));
#1248 = CARTESIAN_POINT('',(1.732050807569,1.));
#1249 = CARTESIAN_POINT('',(3.464101615138,-2.));
#1250 = CARTESIAN_POINT('',(1.7763568394E-15,-2.));
#1251 = ( GEOMETRIC_REPRESENTATION_CONTEXT(2) 
PARAMETRIC_REPRESENTATION_CONTEXT() REPRESENTATION_CONTEXT('2D SPACE',''
  ) );
#1252 = ADVANCED_FACE('',(#1253,#1279),#215,.T.);
#1253 = FACE_BOUND('',#1254,.T.);
#1254 = EDGE_LOOP('',(#1255,#1256,#1257,#1278));
#1255 = ORIENTED_EDGE('',*,*,#199,.F.);
#1256 = ORIENTED_EDGE('',*,*,#753,.T.);
#1257 = ORIENTED_EDGE('',*,*,#1258,.T.);
#1258 = EDGE_CURVE('',#754,#255,#1259,.T.);
#1259 = SURFACE_CURVE('',#1260,(#1264,#1271),.PCURVE_S1.);
#1260 = LINE('',#1261,#1262);
#1261 = CARTESIAN_POINT('',(15.,175.,0.));
#1262 = VECTOR('',#1263,1.);
#1263 = DIRECTION('',(0.,0.,1.));
#1264 = PCURVE('',#215,#1265);
#1265 = DEFINITIONAL_REPRESENTATION('',(#1266),#1270);
#1266 = LINE('',#1267,#1268);
#1267 = CARTESIAN_POINT('',(0.,-13.07106781186));
#1268 = VECTOR('',#1269,1.);
#1269 = DIRECTION('',(1.,0.));
#1270 = ( GEOMETRIC_REPRESENTATION_CONTEXT(2) 
PARAMETRIC_REPRESENTATION_CONTEXT() REPRESENTATION_CONTEXT('2D SPACE',''
  ) );
#1271 = PCURVE('',#293,#1272);
#1272 = DEFINITIONAL_REPRESENTATION('',(#1273),#1277);
#1273 = LINE('',#1274,#1275);
#1274 = CARTESIAN_POINT('',(0.,15.));
#1275 = VECTOR('',#1276,1.);
#1276 = DIRECTION('',(1.,0.));
#1277 = ( GEOMETRIC_REPRESENTATION_CONTEXT(2) 
PARAMETRIC_REPRESENTATION_CONTEXT() REPRESENTATION_CONTEXT('2D SPACE',''
  ) );
#1278 = ORIENTED_EDGE('',*,*,#254,.F.);
#1279 = FACE_BOUND('',#1280,.T.);
#1280 = EDGE_LOOP('',(#1281));
#1281 = ORIENTED_EDGE('',*,*,#1282,.T.);
#1282 = EDGE_CURVE('',#1283,#1283,#1285,.T.);
#1283 = VERTEX_POINT('',#1284);
#1284 = CARTESIAN_POINT('',(15.,172.,5.));
#1285 = SURFACE_CURVE('',#1286,(#1291,#1302),.PCURVE_S1.);
#1286 = CIRCLE('',#1287,2.);
#1287 = AXIS2_PLACEMENT_3D('',#1288,#1289,#1290);
#1288 = CARTESIAN_POINT('',(15.,170.,5.));
#1289 = DIRECTION('',(-1.,0.,0.));
#1290 = DIRECTION('',(0.,1.,0.));
#1291 = PCURVE('',#215,#1292);
#1292 = DEFINITIONAL_REPRESENTATION('',(#1293),#1301);
#1293 = ( BOUNDED_CURVE() B_SPLINE_CURVE(2,(#1294,#1295,#1296,#1297,
#1298,#1299,#1300),.UNSPECIFIED.,.T.,.F.) B_SPLINE_CURVE_WITH_KNOTS((1,2
    ,2,2,2,1),(-2.094395102393,0.,2.094395102393,4.188790204786,
6.28318530718,8.377580409573),.UNSPECIFIED.) CURVE() 
GEOMETRIC_REPRESENTATION_ITEM() RATIONAL_B_SPLINE_CURVE((1.,0.5,1.,0.5,
1.,0.5,1.)) REPRESENTATION_ITEM('') );
#1294 = CARTESIAN_POINT('',(5.,-10.07106781186));
#1295 = CARTESIAN_POINT('',(1.535898384862,-10.07106781186));
#1296 = CARTESIAN_POINT('',(3.267949192431,-7.071067811865));
#1297 = CARTESIAN_POINT('',(5.,-4.071067811865));
#1298 = CARTESIAN_POINT('',(6.732050807569,-7.071067811865));
#1299 = CARTESIAN_POINT('',(8.464101615138,-10.07106781186));
#1300 = CARTESIAN_POINT('',(5.,-10.07106781186));
#1301 = ( GEOMETRIC_REPRESENTATION_CONTEXT(2) 
PARAMETRIC_REPRESENTATION_CONTEXT() REPRESENTATION_CONTEXT('2D SPACE',''
  ) );
#1302 = PCURVE('',#1303,#1308);
#1303 = CYLINDRICAL_SURFACE('',#1304,2.);
#1304 = AXIS2_PLACEMENT_3D('',#1305,#1306,#1307);
#1305 = CARTESIAN_POINT('',(-1.,170.,5.));
#1306 = DIRECTION('',(-1.,-0.,-0.));
#1307 = DIRECTION('',(0.,1.,0.));
#1308 = DEFINITIONAL_REPRESENTATION('',(#1309),#1313);
#1309 = LINE('',#1310,#1311);
#1310 = CARTESIAN_POINT('',(-6.28318530718,-16.));
#1311 = VECTOR('',#1312,1.);
#1312 = DIRECTION('',(1.,-0.));
#1313 = ( GEOMETRIC_REPRESENTATION_CONTEXT(2) 
PARAMETRIC_REPRESENTATION_CONTEXT() REPRESENTATION_CONTEXT('2D SPACE',''
  ) );
#1314 = ADVANCED_FACE('',(#1315),#293,.T.);
#1315 = FACE_BOUND('',#1316,.T.);
#1316 = EDGE_LOOP('',(#1317,#1318,#1339,#1340));
#1317 = ORIENTED_EDGE('',*,*,#776,.F.);
#1318 = ORIENTED_EDGE('',*,*,#1319,.T.);
#1319 = EDGE_CURVE('',#777,#278,#1320,.T.);
#1320 = SURFACE_CURVE('',#1321,(#1325,#1332),.PCURVE_S1.);
#1321 = LINE('',#1322,#1323);
#1322 = CARTESIAN_POINT('',(0.,175.,0.));
#1323 = VECTOR('',#1324,1.);
#1324 = DIRECTION('',(0.,0.,1.));
#1325 = PCURVE('',#293,#1326);
#1326 = DEFINITIONAL_REPRESENTATION('',(#1327),#1331);
#1327 = LINE('',#1328,#1329);
#1328 = CARTESIAN_POINT('',(0.,0.));
#1329 = VECTOR('',#1330,1.);
#1330 = DIRECTION('',(1.,0.));
#1331 = ( GEOMETRIC_REPRESENTATION_CONTEXT(2) 
PARAMETRIC_REPRESENTATION_CONTEXT() REPRESENTATION_CONTEXT('2D SPACE',''
  ) );
#1332 = PCURVE('',#321,#1333);
#1333 = DEFINITIONAL_REPRESENTATION('',(#1334),#1338);
#1334 = LINE('',#1335,#1336);
#1335 = CARTESIAN_POINT('',(0.,-13.07106781186));
#1336 = VECTOR('',#1337,1.);
#1337 = DIRECTION('',(1.,0.));
#1338 = ( GEOMETRIC_REPRESENTATION_CONTEXT(2) 
PARAMETRIC_REPRESENTATION_CONTEXT() REPRESENTATION_CONTEXT('2D SPACE',''
  ) );
#1339 = ORIENTED_EDGE('',*,*,#277,.T.);
#1340 = ORIENTED_EDGE('',*,*,#1258,.F.);
#1341 = ADVANCED_FACE('',(#1342,#1368),#321,.F.);
#1342 = FACE_BOUND('',#1343,.F.);
#1343 = EDGE_LOOP('',(#1344,#1345,#1366,#1367));
#1344 = ORIENTED_EDGE('',*,*,#305,.F.);
#1345 = ORIENTED_EDGE('',*,*,#1346,.F.);
#1346 = EDGE_CURVE('',#800,#306,#1347,.T.);
#1347 = SURFACE_CURVE('',#1348,(#1352,#1359),.PCURVE_S1.);
#1348 = LINE('',#1349,#1350);
#1349 = CARTESIAN_POINT('',(0.,8.071067811865,0.));
#1350 = VECTOR('',#1351,1.);
#1351 = DIRECTION('',(0.,0.,1.));
#1352 = PCURVE('',#321,#1353);
#1353 = DEFINITIONAL_REPRESENTATION('',(#1354),#1358);
#1354 = LINE('',#1355,#1356);
#1355 = CARTESIAN_POINT('',(0.,153.85786437626));
#1356 = VECTOR('',#1357,1.);
#1357 = DIRECTION('',(1.,0.));
#1358 = ( GEOMETRIC_REPRESENTATION_CONTEXT(2) 
PARAMETRIC_REPRESENTATION_CONTEXT() REPRESENTATION_CONTEXT('2D SPACE',''
  ) );
#1359 = PCURVE('',#349,#1360);
#1360 = DEFINITIONAL_REPRESENTATION('',(#1361),#1365);
#1361 = LINE('',#1362,#1363);
#1362 = CARTESIAN_POINT('',(0.,0.));
#1363 = VECTOR('',#1364,1.);
#1364 = DIRECTION('',(1.,0.));
#1365 = ( GEOMETRIC_REPRESENTATION_CONTEXT(2) 
PARAMETRIC_REPRESENTATION_CONTEXT() REPRESENTATION_CONTEXT('2D SPACE',''
  ) );
#1366 = ORIENTED_EDGE('',*,*,#799,.F.);
#1367 = ORIENTED_EDGE('',*,*,#1319,.T.);
#1368 = FACE_BOUND('',#1369,.F.);
#1369 = EDGE_LOOP('',(#1370));
#1370 = ORIENTED_EDGE('',*,*,#1371,.T.);
#1371 = EDGE_CURVE('',#1372,#1372,#1374,.T.);
#1372 = VERTEX_POINT('',#1373);
#1373 = CARTESIAN_POINT('',(0.,174.2,5.));
#1374 = SURFACE_CURVE('',#1375,(#1380,#1391),.PCURVE_S1.);
#1375 = CIRCLE('',#1376,4.2);
#1376 = AXIS2_PLACEMENT_3D('',#1377,#1378,#1379);
#1377 = CARTESIAN_POINT('',(0.,170.,5.));
#1378 = DIRECTION('',(-1.,0.,0.));
#1379 = DIRECTION('',(0.,1.,0.));
#1380 = PCURVE('',#321,#1381);
#1381 = DEFINITIONAL_REPRESENTATION('',(#1382),#1390);
#1382 = ( BOUNDED_CURVE() B_SPLINE_CURVE(2,(#1383,#1384,#1385,#1386,
#1387,#1388,#1389),.UNSPECIFIED.,.T.,.F.) B_SPLINE_CURVE_WITH_KNOTS((1,2
    ,2,2,2,1),(-2.094395102393,0.,2.094395102393,4.188790204786,
6.28318530718,8.377580409573),.UNSPECIFIED.) CURVE() 
GEOMETRIC_REPRESENTATION_ITEM() RATIONAL_B_SPLINE_CURVE((1.,0.5,1.,0.5,
1.,0.5,1.)) REPRESENTATION_ITEM('') );
#1383 = CARTESIAN_POINT('',(5.,-12.27106781186));
#1384 = CARTESIAN_POINT('',(-2.274613391789,-12.27106781186));
#1385 = CARTESIAN_POINT('',(1.362693304105,-5.971067811865));
#1386 = CARTESIAN_POINT('',(5.,0.328932188135));
#1387 = CARTESIAN_POINT('',(8.637306695895,-5.971067811865));
#1388 = CARTESIAN_POINT('',(12.274613391789,-12.27106781186));
#1389 = CARTESIAN_POINT('',(5.,-12.27106781186));
#1390 = ( GEOMETRIC_REPRESENTATION_CONTEXT(2) 
PARAMETRIC_REPRESENTATION_CONTEXT() REPRESENTATION_CONTEXT('2D SPACE',''
  ) );
#1391 = PCURVE('',#1392,#1397);
#1392 = CYLINDRICAL_SURFACE('',#1393,4.2);
#1393 = AXIS2_PLACEMENT_3D('',#1394,#1395,#1396);
#1394 = CARTESIAN_POINT('',(-1.,170.,5.));
#1395 = DIRECTION('',(-1.,-0.,-0.));
#1396 = DIRECTION('',(0.,1.,0.));
#1397 = DEFINITIONAL_REPRESENTATION('',(#1398),#1402);
#1398 = LINE('',#1399,#1400);
#1399 = CARTESIAN_POINT('',(-6.28318530718,-1.));
#1400 = VECTOR('',#1401,1.);
#1401 = DIRECTION('',(1.,-0.));
#1402 = ( GEOMETRIC_REPRESENTATION_CONTEXT(2) 
PARAMETRIC_REPRESENTATION_CONTEXT() REPRESENTATION_CONTEXT('2D SPACE',''
  ) );
#1403 = ADVANCED_FACE('',(#1404),#349,.F.);
#1404 = FACE_BOUND('',#1405,.F.);
#1405 = EDGE_LOOP('',(#1406,#1407,#1408,#1409));
#1406 = ORIENTED_EDGE('',*,*,#822,.F.);
#1407 = ORIENTED_EDGE('',*,*,#1346,.T.);
#1408 = ORIENTED_EDGE('',*,*,#333,.T.);
#1409 = ORIENTED_EDGE('',*,*,#1410,.F.);
#1410 = EDGE_CURVE('',#823,#334,#1411,.T.);
#1411 = SURFACE_CURVE('',#1412,(#1416,#1423),.PCURVE_S1.);
#1412 = LINE('',#1413,#1414);
#1413 = CARTESIAN_POINT('',(15.2,8.071067811865,0.));
#1414 = VECTOR('',#1415,1.);
#1415 = DIRECTION('',(0.,0.,1.));
#1416 = PCURVE('',#349,#1417);
#1417 = DEFINITIONAL_REPRESENTATION('',(#1418),#1422);
#1418 = LINE('',#1419,#1420);
#1419 = CARTESIAN_POINT('',(0.,15.2));
#1420 = VECTOR('',#1421,1.);
#1421 = DIRECTION('',(1.,0.));
#1422 = ( GEOMETRIC_REPRESENTATION_CONTEXT(2) 
PARAMETRIC_REPRESENTATION_CONTEXT() REPRESENTATION_CONTEXT('2D SPACE',''
  ) );
#1423 = PCURVE('',#377,#1424);
#1424 = DEFINITIONAL_REPRESENTATION('',(#1425),#1429);
#1425 = LINE('',#1426,#1427);
#1426 = CARTESIAN_POINT('',(0.,-13.07106781186));
#1427 = VECTOR('',#1428,1.);
#1428 = DIRECTION('',(1.,0.));
#1429 = ( GEOMETRIC_REPRESENTATION_CONTEXT(2) 
PARAMETRIC_REPRESENTATION_CONTEXT() REPRESENTATION_CONTEXT('2D SPACE',''
  ) );
#1430 = ADVANCED_FACE('',(#1431,#1457),#377,.F.);
#1431 = FACE_BOUND('',#1432,.F.);
#1432 = EDGE_LOOP('',(#1433,#1454,#1455,#1456));
#1433 = ORIENTED_EDGE('',*,*,#1434,.F.);
#1434 = EDGE_CURVE('',#846,#362,#1435,.T.);
#1435 = SURFACE_CURVE('',#1436,(#1440,#1447),.PCURVE_S1.);
#1436 = LINE('',#1437,#1438);
#1437 = CARTESIAN_POINT('',(15.2,-5.,0.));
#1438 = VECTOR('',#1439,1.);
#1439 = DIRECTION('',(0.,0.,1.));
#1440 = PCURVE('',#377,#1441);
#1441 = DEFINITIONAL_REPRESENTATION('',(#1442),#1446);
#1442 = LINE('',#1443,#1444);
#1443 = CARTESIAN_POINT('',(0.,0.));
#1444 = VECTOR('',#1445,1.);
#1445 = DIRECTION('',(1.,0.));
#1446 = ( GEOMETRIC_REPRESENTATION_CONTEXT(2) 
PARAMETRIC_REPRESENTATION_CONTEXT() REPRESENTATION_CONTEXT('2D SPACE',''
  ) );
#1447 = PCURVE('',#405,#1448);
#1448 = DEFINITIONAL_REPRESENTATION('',(#1449),#1453);
#1449 = LINE('',#1450,#1451);
#1450 = CARTESIAN_POINT('',(0.,0.));
#1451 = VECTOR('',#1452,1.);
#1452 = DIRECTION('',(1.,0.));
#1453 = ( GEOMETRIC_REPRESENTATION_CONTEXT(2) 
PARAMETRIC_REPRESENTATION_CONTEXT() REPRESENTATION_CONTEXT('2D SPACE',''
  ) );
#1454 = ORIENTED_EDGE('',*,*,#845,.T.);
#1455 = ORIENTED_EDGE('',*,*,#1410,.T.);
#1456 = ORIENTED_EDGE('',*,*,#361,.F.);
#1457 = FACE_BOUND('',#1458,.F.);
#1458 = EDGE_LOOP('',(#1459));
#1459 = ORIENTED_EDGE('',*,*,#1460,.T.);
#1460 = EDGE_CURVE('',#1461,#1461,#1463,.T.);
#1461 = VERTEX_POINT('',#1462);
#1462 = CARTESIAN_POINT('',(15.2,2.,5.));
#1463 = SURFACE_CURVE('',#1464,(#1469,#1480),.PCURVE_S1.);
#1464 = CIRCLE('',#1465,2.);
#1465 = AXIS2_PLACEMENT_3D('',#1466,#1467,#1468);
#1466 = CARTESIAN_POINT('',(15.2,0.,5.));
#1467 = DIRECTION('',(-1.,0.,0.));
#1468 = DIRECTION('',(0.,1.,0.));
#1469 = PCURVE('',#377,#1470);
#1470 = DEFINITIONAL_REPRESENTATION('',(#1471),#1479);
#1471 = ( BOUNDED_CURVE() B_SPLINE_CURVE(2,(#1472,#1473,#1474,#1475,
#1476,#1477,#1478),.UNSPECIFIED.,.T.,.F.) B_SPLINE_CURVE_WITH_KNOTS((1,2
    ,2,2,2,1),(-2.094395102393,0.,2.094395102393,4.188790204786,
6.28318530718,8.377580409573),.UNSPECIFIED.) CURVE() 
GEOMETRIC_REPRESENTATION_ITEM() RATIONAL_B_SPLINE_CURVE((1.,0.5,1.,0.5,
1.,0.5,1.)) REPRESENTATION_ITEM('') );
#1472 = CARTESIAN_POINT('',(5.,-7.));
#1473 = CARTESIAN_POINT('',(1.535898384862,-7.));
#1474 = CARTESIAN_POINT('',(3.267949192431,-4.));
#1475 = CARTESIAN_POINT('',(5.,-1.));
#1476 = CARTESIAN_POINT('',(6.732050807569,-4.));
#1477 = CARTESIAN_POINT('',(8.464101615138,-7.));
#1478 = CARTESIAN_POINT('',(5.,-7.));
#1479 = ( GEOMETRIC_REPRESENTATION_CONTEXT(2) 
PARAMETRIC_REPRESENTATION_CONTEXT() REPRESENTATION_CONTEXT('2D SPACE',''
  ) );
#1480 = PCURVE('',#1481,#1486);
#1481 = CYLINDRICAL_SURFACE('',#1482,2.);
#1482 = AXIS2_PLACEMENT_3D('',#1483,#1484,#1485);
#1483 = CARTESIAN_POINT('',(-1.,0.,5.));
#1484 = DIRECTION('',(-1.,-0.,-0.));
#1485 = DIRECTION('',(0.,1.,0.));
#1486 = DEFINITIONAL_REPRESENTATION('',(#1487),#1491);
#1487 = LINE('',#1488,#1489);
#1488 = CARTESIAN_POINT('',(-6.28318530718,-16.2));
#1489 = VECTOR('',#1490,1.);
#1490 = DIRECTION('',(1.,-0.));
#1491 = ( GEOMETRIC_REPRESENTATION_CONTEXT(2) 
PARAMETRIC_REPRESENTATION_CONTEXT() REPRESENTATION_CONTEXT('2D SPACE',''
  ) );
#1492 = ADVANCED_FACE('',(#1493),#405,.F.);
#1493 = FACE_BOUND('',#1494,.F.);
#1494 = EDGE_LOOP('',(#1495,#1496,#1497,#1498));
#1495 = ORIENTED_EDGE('',*,*,#868,.F.);
#1496 = ORIENTED_EDGE('',*,*,#1434,.T.);
#1497 = ORIENTED_EDGE('',*,*,#389,.T.);
#1498 = ORIENTED_EDGE('',*,*,#1499,.F.);
#1499 = EDGE_CURVE('',#869,#390,#1500,.T.);
#1500 = SURFACE_CURVE('',#1501,(#1505,#1512),.PCURVE_S1.);
#1501 = LINE('',#1502,#1503);
#1502 = CARTESIAN_POINT('',(49.8,-5.,0.));
#1503 = VECTOR('',#1504,1.);
#1504 = DIRECTION('',(0.,0.,1.));
#1505 = PCURVE('',#405,#1506);
#1506 = DEFINITIONAL_REPRESENTATION('',(#1507),#1511);
#1507 = LINE('',#1508,#1509);
#1508 = CARTESIAN_POINT('',(0.,34.6));
#1509 = VECTOR('',#1510,1.);
#1510 = DIRECTION('',(1.,0.));
#1511 = ( GEOMETRIC_REPRESENTATION_CONTEXT(2) 
PARAMETRIC_REPRESENTATION_CONTEXT() REPRESENTATION_CONTEXT('2D SPACE',''
  ) );
#1512 = PCURVE('',#433,#1513);
#1513 = DEFINITIONAL_REPRESENTATION('',(#1514),#1518);
#1514 = LINE('',#1515,#1516);
#1515 = CARTESIAN_POINT('',(0.,0.));
#1516 = VECTOR('',#1517,1.);
#1517 = DIRECTION('',(1.,0.));
#1518 = ( GEOMETRIC_REPRESENTATION_CONTEXT(2) 
PARAMETRIC_REPRESENTATION_CONTEXT() REPRESENTATION_CONTEXT('2D SPACE',''
  ) );
#1519 = ADVANCED_FACE('',(#1520,#1546),#433,.T.);
#1520 = FACE_BOUND('',#1521,.T.);
#1521 = EDGE_LOOP('',(#1522,#1523,#1524,#1545));
#1522 = ORIENTED_EDGE('',*,*,#1499,.F.);
#1523 = ORIENTED_EDGE('',*,*,#891,.T.);
#1524 = ORIENTED_EDGE('',*,*,#1525,.T.);
#1525 = EDGE_CURVE('',#892,#418,#1526,.T.);
#1526 = SURFACE_CURVE('',#1527,(#1531,#1538),.PCURVE_S1.);
#1527 = LINE('',#1528,#1529);
#1528 = CARTESIAN_POINT('',(49.8,8.071067811865,0.));
#1529 = VECTOR('',#1530,1.);
#1530 = DIRECTION('',(0.,0.,1.));
#1531 = PCURVE('',#433,#1532);
#1532 = DEFINITIONAL_REPRESENTATION('',(#1533),#1537);
#1533 = LINE('',#1534,#1535);
#1534 = CARTESIAN_POINT('',(0.,-13.07106781186));
#1535 = VECTOR('',#1536,1.);
#1536 = DIRECTION('',(1.,0.));
#1537 = ( GEOMETRIC_REPRESENTATION_CONTEXT(2) 
PARAMETRIC_REPRESENTATION_CONTEXT() REPRESENTATION_CONTEXT('2D SPACE',''
  ) );
#1538 = PCURVE('',#461,#1539);
#1539 = DEFINITIONAL_REPRESENTATION('',(#1540),#1544);
#1540 = LINE('',#1541,#1542);
#1541 = CARTESIAN_POINT('',(0.,49.8));
#1542 = VECTOR('',#1543,1.);
#1543 = DIRECTION('',(1.,0.));
#1544 = ( GEOMETRIC_REPRESENTATION_CONTEXT(2) 
PARAMETRIC_REPRESENTATION_CONTEXT() REPRESENTATION_CONTEXT('2D SPACE',''
  ) );
#1545 = ORIENTED_EDGE('',*,*,#417,.F.);
#1546 = FACE_BOUND('',#1547,.T.);
#1547 = EDGE_LOOP('',(#1548));
#1548 = ORIENTED_EDGE('',*,*,#1549,.T.);
#1549 = EDGE_CURVE('',#1550,#1550,#1552,.T.);
#1550 = VERTEX_POINT('',#1551);
#1551 = CARTESIAN_POINT('',(49.8,2.,5.));
#1552 = SURFACE_CURVE('',#1553,(#1558,#1569),.PCURVE_S1.);
#1553 = CIRCLE('',#1554,2.);
#1554 = AXIS2_PLACEMENT_3D('',#1555,#1556,#1557);
#1555 = CARTESIAN_POINT('',(49.8,0.,5.));
#1556 = DIRECTION('',(-1.,0.,0.));
#1557 = DIRECTION('',(0.,1.,0.));
#1558 = PCURVE('',#433,#1559);
#1559 = DEFINITIONAL_REPRESENTATION('',(#1560),#1568);
#1560 = ( BOUNDED_CURVE() B_SPLINE_CURVE(2,(#1561,#1562,#1563,#1564,
#1565,#1566,#1567),.UNSPECIFIED.,.T.,.F.) B_SPLINE_CURVE_WITH_KNOTS((1,2
    ,2,2,2,1),(-2.094395102393,0.,2.094395102393,4.188790204786,
6.28318530718,8.377580409573),.UNSPECIFIED.) CURVE() 
GEOMETRIC_REPRESENTATION_ITEM() RATIONAL_B_SPLINE_CURVE((1.,0.5,1.,0.5,
1.,0.5,1.)) REPRESENTATION_ITEM('') );
#1561 = CARTESIAN_POINT('',(5.,-7.));
#1562 = CARTESIAN_POINT('',(1.535898384862,-7.));
#1563 = CARTESIAN_POINT('',(3.267949192431,-4.));
#1564 = CARTESIAN_POINT('',(5.,-1.));
#1565 = CARTESIAN_POINT('',(6.732050807569,-4.));
#1566 = CARTESIAN_POINT('',(8.464101615138,-7.));
#1567 = CARTESIAN_POINT('',(5.,-7.));
#1568 = ( GEOMETRIC_REPRESENTATION_CONTEXT(2) 
PARAMETRIC_REPRESENTATION_CONTEXT() REPRESENTATION_CONTEXT('2D SPACE',''
  ) );
#1569 = PCURVE('',#1481,#1570);
#1570 = DEFINITIONAL_REPRESENTATION('',(#1571),#1575);
#1571 = LINE('',#1572,#1573);
#1572 = CARTESIAN_POINT('',(-6.28318530718,-50.8));
#1573 = VECTOR('',#1574,1.);
#1574 = DIRECTION('',(1.,-0.));
#1575 = ( GEOMETRIC_REPRESENTATION_CONTEXT(2) 
PARAMETRIC_REPRESENTATION_CONTEXT() REPRESENTATION_CONTEXT('2D SPACE',''
  ) );
#1576 = ADVANCED_FACE('',(#1577),#461,.F.);
#1577 = FACE_BOUND('',#1578,.F.);
#1578 = EDGE_LOOP('',(#1579,#1580,#1581,#1582));
#1579 = ORIENTED_EDGE('',*,*,#914,.F.);
#1580 = ORIENTED_EDGE('',*,*,#1525,.T.);
#1581 = ORIENTED_EDGE('',*,*,#445,.T.);
#1582 = ORIENTED_EDGE('',*,*,#1583,.F.);
#1583 = EDGE_CURVE('',#915,#446,#1584,.T.);
#1584 = SURFACE_CURVE('',#1585,(#1589,#1596),.PCURVE_S1.);
#1585 = LINE('',#1586,#1587);
#1586 = CARTESIAN_POINT('',(65.,8.071067811865,0.));
#1587 = VECTOR('',#1588,1.);
#1588 = DIRECTION('',(0.,0.,1.));
#1589 = PCURVE('',#461,#1590);
#1590 = DEFINITIONAL_REPRESENTATION('',(#1591),#1595);
#1591 = LINE('',#1592,#1593);
#1592 = CARTESIAN_POINT('',(0.,65.));
#1593 = VECTOR('',#1594,1.);
#1594 = DIRECTION('',(1.,0.));
#1595 = ( GEOMETRIC_REPRESENTATION_CONTEXT(2) 
PARAMETRIC_REPRESENTATION_CONTEXT() REPRESENTATION_CONTEXT('2D SPACE',''
  ) );
#1596 = PCURVE('',#489,#1597);
#1597 = DEFINITIONAL_REPRESENTATION('',(#1598),#1602);
#1598 = LINE('',#1599,#1600);
#1599 = CARTESIAN_POINT('',(0.,153.85786437626));
#1600 = VECTOR('',#1601,1.);
#1601 = DIRECTION('',(1.,0.));
#1602 = ( GEOMETRIC_REPRESENTATION_CONTEXT(2) 
PARAMETRIC_REPRESENTATION_CONTEXT() REPRESENTATION_CONTEXT('2D SPACE',''
  ) );
#1603 = ADVANCED_FACE('',(#1604,#1610),#489,.T.);
#1604 = FACE_BOUND('',#1605,.T.);
#1605 = EDGE_LOOP('',(#1606,#1607,#1608,#1609));
#1606 = ORIENTED_EDGE('',*,*,#473,.F.);
#1607 = ORIENTED_EDGE('',*,*,#1583,.F.);
#1608 = ORIENTED_EDGE('',*,*,#937,.F.);
#1609 = ORIENTED_EDGE('',*,*,#1173,.T.);
#1610 = FACE_BOUND('',#1611,.T.);
#1611 = EDGE_LOOP('',(#1612,#1640,#1666,#1692,#1718,#1744));
#1612 = ORIENTED_EDGE('',*,*,#1613,.T.);
#1613 = EDGE_CURVE('',#1614,#1616,#1618,.T.);
#1614 = VERTEX_POINT('',#1615);
#1615 = CARTESIAN_POINT('',(65.,167.89267151745,8.65));
#1616 = VERTEX_POINT('',#1617);
#1617 = CARTESIAN_POINT('',(65.,172.10732848254,8.65));
#1618 = SURFACE_CURVE('',#1619,(#1623,#1629),.PCURVE_S1.);
#1619 = LINE('',#1620,#1621);
#1620 = CARTESIAN_POINT('',(65.,167.01813033533,8.65));
#1621 = VECTOR('',#1622,1.);
#1622 = DIRECTION('',(0.,1.,-1.05367818432E-16));
#1623 = PCURVE('',#489,#1624);
#1624 = DEFINITIONAL_REPRESENTATION('',(#1625),#1628);
#1625 = B_SPLINE_CURVE_WITH_KNOTS('',1,(#1626,#1627),.UNSPECIFIED.,.F.,
  .F.,(2,2),(0.87454118212,5.089198147204),.PIECEWISE_BEZIER_KNOTS.);
#1626 = CARTESIAN_POINT('',(8.65,-5.963739329323));
#1627 = CARTESIAN_POINT('',(8.65,-10.1783962944));
#1628 = ( GEOMETRIC_REPRESENTATION_CONTEXT(2) 
PARAMETRIC_REPRESENTATION_CONTEXT() REPRESENTATION_CONTEXT('2D SPACE',''
  ) );
#1629 = PCURVE('',#1630,#1635);
#1630 = PLANE('',#1631);
#1631 = AXIS2_PLACEMENT_3D('',#1632,#1633,#1634);
#1632 = CARTESIAN_POINT('',(58.,172.10732848254,8.65));
#1633 = DIRECTION('',(0.,-1.05367818432E-16,-1.));
#1634 = DIRECTION('',(0.,-1.,1.05367818432E-16));
#1635 = DEFINITIONAL_REPRESENTATION('',(#1636),#1639);
#1636 = B_SPLINE_CURVE_WITH_KNOTS('',1,(#1637,#1638),.UNSPECIFIED.,.F.,
  .F.,(2,2),(0.87454118212,5.089198147204),.PIECEWISE_BEZIER_KNOTS.);
#1637 = CARTESIAN_POINT('',(4.214656965084,-7.));
#1638 = CARTESIAN_POINT('',(0.,-7.));
#1639 = ( GEOMETRIC_REPRESENTATION_CONTEXT(2) 
PARAMETRIC_REPRESENTATION_CONTEXT() REPRESENTATION_CONTEXT('2D SPACE',''
  ) );
#1640 = ORIENTED_EDGE('',*,*,#1641,.T.);
#1641 = EDGE_CURVE('',#1616,#1642,#1644,.T.);
#1642 = VERTEX_POINT('',#1643);
#1643 = CARTESIAN_POINT('',(65.,174.21465696508,5.));
#1644 = SURFACE_CURVE('',#1645,(#1649,#1655),.PCURVE_S1.);
#1645 = LINE('',#1646,#1647);
#1646 = CARTESIAN_POINT('',(65.,173.76147312269,5.784937440186));
#1647 = VECTOR('',#1648,1.);
#1648 = DIRECTION('',(0.,0.5,-0.866025403784));
#1649 = PCURVE('',#489,#1650);
#1650 = DEFINITIONAL_REPRESENTATION('',(#1651),#1654);
#1651 = B_SPLINE_CURVE_WITH_KNOTS('',1,(#1652,#1653),.UNSPECIFIED.,.F.,
  .F.,(2,2),(-3.308289280308,0.906367684776),.PIECEWISE_BEZIER_KNOTS.);
#1652 = CARTESIAN_POINT('',(8.65,-10.1783962944));
#1653 = CARTESIAN_POINT('',(5.,-12.28572477695));
#1654 = ( GEOMETRIC_REPRESENTATION_CONTEXT(2) 
PARAMETRIC_REPRESENTATION_CONTEXT() REPRESENTATION_CONTEXT('2D SPACE',''
  ) );
#1655 = PCURVE('',#1656,#1661);
#1656 = PLANE('',#1657);
#1657 = AXIS2_PLACEMENT_3D('',#1658,#1659,#1660);
#1658 = CARTESIAN_POINT('',(58.,174.21465696508,5.));
#1659 = DIRECTION('',(0.,-0.866025403784,-0.5));
#1660 = DIRECTION('',(0.,-0.5,0.866025403784));
#1661 = DEFINITIONAL_REPRESENTATION('',(#1662),#1665);
#1662 = B_SPLINE_CURVE_WITH_KNOTS('',1,(#1663,#1664),.UNSPECIFIED.,.F.,
  .F.,(2,2),(-3.308289280308,0.906367684776),.PIECEWISE_BEZIER_KNOTS.);
#1663 = CARTESIAN_POINT('',(4.214656965084,-7.));
#1664 = CARTESIAN_POINT('',(0.,-7.));
#1665 = ( GEOMETRIC_REPRESENTATION_CONTEXT(2) 
PARAMETRIC_REPRESENTATION_CONTEXT() REPRESENTATION_CONTEXT('2D SPACE',''
  ) );
#1666 = ORIENTED_EDGE('',*,*,#1667,.T.);
#1667 = EDGE_CURVE('',#1642,#1668,#1670,.T.);
#1668 = VERTEX_POINT('',#1669);
#1669 = CARTESIAN_POINT('',(65.,172.10732848254,1.35));
#1670 = SURFACE_CURVE('',#1671,(#1675,#1681),.PCURVE_S1.);
#1671 = LINE('',#1672,#1673);
#1672 = CARTESIAN_POINT('',(65.,170.54274537196,-1.359937440186));
#1673 = VECTOR('',#1674,1.);
#1674 = DIRECTION('',(0.,-0.5,-0.866025403784));
#1675 = PCURVE('',#489,#1676);
#1676 = DEFINITIONAL_REPRESENTATION('',(#1677),#1680);
#1677 = B_SPLINE_CURVE_WITH_KNOTS('',1,(#1678,#1679),.UNSPECIFIED.,.F.,
  .F.,(2,2),(-7.343823186241,-3.129166221156),.PIECEWISE_BEZIER_KNOTS.);
#1678 = CARTESIAN_POINT('',(5.,-12.28572477695));
#1679 = CARTESIAN_POINT('',(1.35,-10.1783962944));
#1680 = ( GEOMETRIC_REPRESENTATION_CONTEXT(2) 
PARAMETRIC_REPRESENTATION_CONTEXT() REPRESENTATION_CONTEXT('2D SPACE',''
  ) );
#1681 = PCURVE('',#1682,#1687);
#1682 = PLANE('',#1683);
#1683 = AXIS2_PLACEMENT_3D('',#1684,#1685,#1686);
#1684 = CARTESIAN_POINT('',(58.,172.10732848254,1.35));
#1685 = DIRECTION('',(0.,-0.866025403784,0.5));
#1686 = DIRECTION('',(0.,0.5,0.866025403784));
#1687 = DEFINITIONAL_REPRESENTATION('',(#1688),#1691);
#1688 = B_SPLINE_CURVE_WITH_KNOTS('',1,(#1689,#1690),.UNSPECIFIED.,.F.,
  .F.,(2,2),(-7.343823186241,-3.129166221156),.PIECEWISE_BEZIER_KNOTS.);
#1689 = CARTESIAN_POINT('',(4.214656965084,-7.));
#1690 = CARTESIAN_POINT('',(0.,-7.));
#1691 = ( GEOMETRIC_REPRESENTATION_CONTEXT(2) 
PARAMETRIC_REPRESENTATION_CONTEXT() REPRESENTATION_CONTEXT('2D SPACE',''
  ) );
#1692 = ORIENTED_EDGE('',*,*,#1693,.T.);
#1693 = EDGE_CURVE('',#1668,#1694,#1696,.T.);
#1694 = VERTEX_POINT('',#1695);
#1695 = CARTESIAN_POINT('',(65.,167.89267151745,1.35));
#1696 = SURFACE_CURVE('',#1697,(#1701,#1707),.PCURVE_S1.);
#1697 = LINE('',#1698,#1699);
#1698 = CARTESIAN_POINT('',(65.,164.91080185279,1.35));
#1699 = VECTOR('',#1700,1.);
#1700 = DIRECTION('',(0.,-1.,6.322069105919E-16));
#1701 = PCURVE('',#489,#1702);
#1702 = DEFINITIONAL_REPRESENTATION('',(#1703),#1706);
#1703 = B_SPLINE_CURVE_WITH_KNOTS('',1,(#1704,#1705),.UNSPECIFIED.,.F.,
  .F.,(2,2),(-7.196526629746,-2.981869664662),.PIECEWISE_BEZIER_KNOTS.);
#1704 = CARTESIAN_POINT('',(1.35,-10.1783962944));
#1705 = CARTESIAN_POINT('',(1.35,-5.963739329323));
#1706 = ( GEOMETRIC_REPRESENTATION_CONTEXT(2) 
PARAMETRIC_REPRESENTATION_CONTEXT() REPRESENTATION_CONTEXT('2D SPACE',''
  ) );
#1707 = PCURVE('',#1708,#1713);
#1708 = PLANE('',#1709);
#1709 = AXIS2_PLACEMENT_3D('',#1710,#1711,#1712);
#1710 = CARTESIAN_POINT('',(58.,167.89267151745,1.35));
#1711 = DIRECTION('',(-0.,6.322069105919E-16,1.));
#1712 = DIRECTION('',(0.,1.,-6.322069105919E-16));
#1713 = DEFINITIONAL_REPRESENTATION('',(#1714),#1717);
#1714 = B_SPLINE_CURVE_WITH_KNOTS('',1,(#1715,#1716),.UNSPECIFIED.,.F.,
  .F.,(2,2),(-7.196526629746,-2.981869664662),.PIECEWISE_BEZIER_KNOTS.);
#1715 = CARTESIAN_POINT('',(4.214656965084,-7.));
#1716 = CARTESIAN_POINT('',(0.,-7.));
#1717 = ( GEOMETRIC_REPRESENTATION_CONTEXT(2) 
PARAMETRIC_REPRESENTATION_CONTEXT() REPRESENTATION_CONTEXT('2D SPACE',''
  ) );
#1718 = ORIENTED_EDGE('',*,*,#1719,.T.);
#1719 = EDGE_CURVE('',#1694,#1720,#1722,.T.);
#1720 = VERTEX_POINT('',#1721);
#1721 = CARTESIAN_POINT('',(65.,165.78534303491,5.));
#1722 = SURFACE_CURVE('',#1723,(#1727,#1733),.PCURVE_S1.);
#1723 = LINE('',#1724,#1725);
#1724 = CARTESIAN_POINT('',(65.,166.38582343379,3.959937440186));
#1725 = VECTOR('',#1726,1.);
#1726 = DIRECTION('',(0.,-0.5,0.866025403784));
#1727 = PCURVE('',#489,#1728);
#1728 = DEFINITIONAL_REPRESENTATION('',(#1729),#1732);
#1729 = B_SPLINE_CURVE_WITH_KNOTS('',1,(#1730,#1731),.UNSPECIFIED.,.F.,
  .F.,(2,2),(-3.013696167318,1.200960797766),.PIECEWISE_BEZIER_KNOTS.);
#1730 = CARTESIAN_POINT('',(1.35,-5.963739329323));
#1731 = CARTESIAN_POINT('',(5.,-3.856410846781));
#1732 = ( GEOMETRIC_REPRESENTATION_CONTEXT(2) 
PARAMETRIC_REPRESENTATION_CONTEXT() REPRESENTATION_CONTEXT('2D SPACE',''
  ) );
#1733 = PCURVE('',#1734,#1739);
#1734 = PLANE('',#1735);
#1735 = AXIS2_PLACEMENT_3D('',#1736,#1737,#1738);
#1736 = CARTESIAN_POINT('',(58.,165.78534303491,5.));
#1737 = DIRECTION('',(-0.,0.866025403784,0.5));
#1738 = DIRECTION('',(0.,0.5,-0.866025403784));
#1739 = DEFINITIONAL_REPRESENTATION('',(#1740),#1743);
#1740 = B_SPLINE_CURVE_WITH_KNOTS('',1,(#1741,#1742),.UNSPECIFIED.,.F.,
  .F.,(2,2),(-3.013696167318,1.200960797766),.PIECEWISE_BEZIER_KNOTS.);
#1741 = CARTESIAN_POINT('',(4.214656965084,-7.));
#1742 = CARTESIAN_POINT('',(0.,-7.));
#1743 = ( GEOMETRIC_REPRESENTATION_CONTEXT(2) 
PARAMETRIC_REPRESENTATION_CONTEXT() REPRESENTATION_CONTEXT('2D SPACE',''
  ) );
#1744 = ORIENTED_EDGE('',*,*,#1745,.T.);
#1745 = EDGE_CURVE('',#1720,#1614,#1746,.T.);
#1746 = SURFACE_CURVE('',#1747,(#1751,#1757),.PCURVE_S1.);
#1747 = LINE('',#1748,#1749);
#1748 = CARTESIAN_POINT('',(65.,165.2744241656,4.115062559814));
#1749 = VECTOR('',#1750,1.);
#1750 = DIRECTION('',(-0.,0.5,0.866025403784));
#1751 = PCURVE('',#489,#1752);
#1752 = DEFINITIONAL_REPRESENTATION('',(#1753),#1756);
#1753 = B_SPLINE_CURVE_WITH_KNOTS('',1,(#1754,#1755),.UNSPECIFIED.,.F.,
  .F.,(2,2),(1.021837738614,5.236494703699),.PIECEWISE_BEZIER_KNOTS.);
#1754 = CARTESIAN_POINT('',(5.,-3.856410846781));
#1755 = CARTESIAN_POINT('',(8.65,-5.963739329323));
#1756 = ( GEOMETRIC_REPRESENTATION_CONTEXT(2) 
PARAMETRIC_REPRESENTATION_CONTEXT() REPRESENTATION_CONTEXT('2D SPACE',''
  ) );
#1757 = PCURVE('',#1758,#1763);
#1758 = PLANE('',#1759);
#1759 = AXIS2_PLACEMENT_3D('',#1760,#1761,#1762);
#1760 = CARTESIAN_POINT('',(58.,167.89267151745,8.65));
#1761 = DIRECTION('',(0.,0.866025403784,-0.5));
#1762 = DIRECTION('',(0.,-0.5,-0.866025403784));
#1763 = DEFINITIONAL_REPRESENTATION('',(#1764),#1767);
#1764 = B_SPLINE_CURVE_WITH_KNOTS('',1,(#1765,#1766),.UNSPECIFIED.,.F.,
  .F.,(2,2),(1.021837738614,5.236494703699),.PIECEWISE_BEZIER_KNOTS.);
#1765 = CARTESIAN_POINT('',(4.214656965084,-7.));
#1766 = CARTESIAN_POINT('',(0.,-7.));
#1767 = ( GEOMETRIC_REPRESENTATION_CONTEXT(2) 
PARAMETRIC_REPRESENTATION_CONTEXT() REPRESENTATION_CONTEXT('2D SPACE',''
  ) );
#1768 = ADVANCED_FACE('',(#1769),#543,.F.);
#1769 = FACE_BOUND('',#1770,.T.);
#1770 = EDGE_LOOP('',(#1771,#1792,#1793,#1814));
#1771 = ORIENTED_EDGE('',*,*,#1772,.F.);
#1772 = EDGE_CURVE('',#986,#527,#1773,.T.);
#1773 = SURFACE_CURVE('',#1774,(#1778,#1785),.PCURVE_S1.);
#1774 = LINE('',#1775,#1776);
#1775 = CARTESIAN_POINT('',(55.,24.071067811865,-1.));
#1776 = VECTOR('',#1777,1.);
#1777 = DIRECTION('',(0.,0.,1.));
#1778 = PCURVE('',#543,#1779);
#1779 = DEFINITIONAL_REPRESENTATION('',(#1780),#1784);
#1780 = LINE('',#1781,#1782);
#1781 = CARTESIAN_POINT('',(-0.,0.));
#1782 = VECTOR('',#1783,1.);
#1783 = DIRECTION('',(-0.,1.));
#1784 = ( GEOMETRIC_REPRESENTATION_CONTEXT(2) 
PARAMETRIC_REPRESENTATION_CONTEXT() REPRESENTATION_CONTEXT('2D SPACE',''
  ) );
#1785 = PCURVE('',#737,#1786);
#1786 = DEFINITIONAL_REPRESENTATION('',(#1787),#1791);
#1787 = LINE('',#1788,#1789);
#1788 = CARTESIAN_POINT('',(0.,-6.));
#1789 = VECTOR('',#1790,1.);
#1790 = DIRECTION('',(1.,0.));
#1791 = ( GEOMETRIC_REPRESENTATION_CONTEXT(2) 
PARAMETRIC_REPRESENTATION_CONTEXT() REPRESENTATION_CONTEXT('2D SPACE',''
  ) );
#1792 = ORIENTED_EDGE('',*,*,#983,.F.);
#1793 = ORIENTED_EDGE('',*,*,#1794,.T.);
#1794 = EDGE_CURVE('',#984,#525,#1795,.T.);
#1795 = SURFACE_CURVE('',#1796,(#1800,#1807),.PCURVE_S1.);
#1796 = LINE('',#1797,#1798);
#1797 = CARTESIAN_POINT('',(49.,18.071067811865,-1.));
#1798 = VECTOR('',#1799,1.);
#1799 = DIRECTION('',(0.,0.,1.));
#1800 = PCURVE('',#543,#1801);
#1801 = DEFINITIONAL_REPRESENTATION('',(#1802),#1806);
#1802 = LINE('',#1803,#1804);
#1803 = CARTESIAN_POINT('',(-1.570796326795,0.));
#1804 = VECTOR('',#1805,1.);
#1805 = DIRECTION('',(-0.,1.));
#1806 = ( GEOMETRIC_REPRESENTATION_CONTEXT(2) 
PARAMETRIC_REPRESENTATION_CONTEXT() REPRESENTATION_CONTEXT('2D SPACE',''
  ) );
#1807 = PCURVE('',#571,#1808);
#1808 = DEFINITIONAL_REPRESENTATION('',(#1809),#1813);
#1809 = LINE('',#1810,#1811);
#1810 = CARTESIAN_POINT('',(0.,39.));
#1811 = VECTOR('',#1812,1.);
#1812 = DIRECTION('',(1.,0.));
#1813 = ( GEOMETRIC_REPRESENTATION_CONTEXT(2) 
PARAMETRIC_REPRESENTATION_CONTEXT() REPRESENTATION_CONTEXT('2D SPACE',''
  ) );
#1814 = ORIENTED_EDGE('',*,*,#524,.T.);
#1815 = ADVANCED_FACE('',(#1816),#571,.T.);
#1816 = FACE_BOUND('',#1817,.T.);
#1817 = EDGE_LOOP('',(#1818,#1819,#1840,#1841));
#1818 = ORIENTED_EDGE('',*,*,#1009,.T.);
#1819 = ORIENTED_EDGE('',*,*,#1820,.T.);
#1820 = EDGE_CURVE('',#1010,#556,#1821,.T.);
#1821 = SURFACE_CURVE('',#1822,(#1826,#1833),.PCURVE_S1.);
#1822 = LINE('',#1823,#1824);
#1823 = CARTESIAN_POINT('',(16.,18.071067811865,-1.));
#1824 = VECTOR('',#1825,1.);
#1825 = DIRECTION('',(0.,0.,1.));
#1826 = PCURVE('',#571,#1827);
#1827 = DEFINITIONAL_REPRESENTATION('',(#1828),#1832);
#1828 = LINE('',#1829,#1830);
#1829 = CARTESIAN_POINT('',(0.,6.));
#1830 = VECTOR('',#1831,1.);
#1831 = DIRECTION('',(1.,0.));
#1832 = ( GEOMETRIC_REPRESENTATION_CONTEXT(2) 
PARAMETRIC_REPRESENTATION_CONTEXT() REPRESENTATION_CONTEXT('2D SPACE',''
  ) );
#1833 = PCURVE('',#599,#1834);
#1834 = DEFINITIONAL_REPRESENTATION('',(#1835),#1839);
#1835 = LINE('',#1836,#1837);
#1836 = CARTESIAN_POINT('',(1.570796326795,0.));
#1837 = VECTOR('',#1838,1.);
#1838 = DIRECTION('',(0.,1.));
#1839 = ( GEOMETRIC_REPRESENTATION_CONTEXT(2) 
PARAMETRIC_REPRESENTATION_CONTEXT() REPRESENTATION_CONTEXT('2D SPACE',''
  ) );
#1840 = ORIENTED_EDGE('',*,*,#555,.F.);
#1841 = ORIENTED_EDGE('',*,*,#1794,.F.);
#1842 = ADVANCED_FACE('',(#1843),#599,.F.);
#1843 = FACE_BOUND('',#1844,.F.);
#1844 = EDGE_LOOP('',(#1845,#1866,#1867,#1868));
#1845 = ORIENTED_EDGE('',*,*,#1846,.F.);
#1846 = EDGE_CURVE('',#1032,#583,#1847,.T.);
#1847 = SURFACE_CURVE('',#1848,(#1852,#1859),.PCURVE_S1.);
#1848 = LINE('',#1849,#1850);
#1849 = CARTESIAN_POINT('',(10.,24.071067811865,-1.));
#1850 = VECTOR('',#1851,1.);
#1851 = DIRECTION('',(0.,0.,1.));
#1852 = PCURVE('',#599,#1853);
#1853 = DEFINITIONAL_REPRESENTATION('',(#1854),#1858);
#1854 = LINE('',#1855,#1856);
#1855 = CARTESIAN_POINT('',(0.,0.));
#1856 = VECTOR('',#1857,1.);
#1857 = DIRECTION('',(0.,1.));
#1858 = ( GEOMETRIC_REPRESENTATION_CONTEXT(2) 
PARAMETRIC_REPRESENTATION_CONTEXT() REPRESENTATION_CONTEXT('2D SPACE',''
  ) );
#1859 = PCURVE('',#627,#1860);
#1860 = DEFINITIONAL_REPRESENTATION('',(#1861),#1865);
#1861 = LINE('',#1862,#1863);
#1862 = CARTESIAN_POINT('',(0.,-6.));
#1863 = VECTOR('',#1864,1.);
#1864 = DIRECTION('',(1.,0.));
#1865 = ( GEOMETRIC_REPRESENTATION_CONTEXT(2) 
PARAMETRIC_REPRESENTATION_CONTEXT() REPRESENTATION_CONTEXT('2D SPACE',''
  ) );
#1866 = ORIENTED_EDGE('',*,*,#1031,.T.);
#1867 = ORIENTED_EDGE('',*,*,#1820,.T.);
#1868 = ORIENTED_EDGE('',*,*,#582,.F.);
#1869 = ADVANCED_FACE('',(#1870),#627,.T.);
#1870 = FACE_BOUND('',#1871,.T.);
#1871 = EDGE_LOOP('',(#1872,#1873,#1874,#1875));
#1872 = ORIENTED_EDGE('',*,*,#611,.F.);
#1873 = ORIENTED_EDGE('',*,*,#1846,.F.);
#1874 = ORIENTED_EDGE('',*,*,#1055,.T.);
#1875 = ORIENTED_EDGE('',*,*,#1876,.T.);
#1876 = EDGE_CURVE('',#1056,#612,#1877,.T.);
#1877 = SURFACE_CURVE('',#1878,(#1882,#1889),.PCURVE_S1.);
#1878 = LINE('',#1879,#1880);
#1879 = CARTESIAN_POINT('',(10.,145.92893218813,-1.));
#1880 = VECTOR('',#1881,1.);
#1881 = DIRECTION('',(0.,0.,1.));
#1882 = PCURVE('',#627,#1883);
#1883 = DEFINITIONAL_REPRESENTATION('',(#1884),#1888);
#1884 = LINE('',#1885,#1886);
#1885 = CARTESIAN_POINT('',(0.,-127.8578643762));
#1886 = VECTOR('',#1887,1.);
#1887 = DIRECTION('',(1.,0.));
#1888 = ( GEOMETRIC_REPRESENTATION_CONTEXT(2) 
PARAMETRIC_REPRESENTATION_CONTEXT() REPRESENTATION_CONTEXT('2D SPACE',''
  ) );
#1889 = PCURVE('',#655,#1890);
#1890 = DEFINITIONAL_REPRESENTATION('',(#1891),#1895);
#1891 = LINE('',#1892,#1893);
#1892 = CARTESIAN_POINT('',(-0.,0.));
#1893 = VECTOR('',#1894,1.);
#1894 = DIRECTION('',(-0.,1.));
#1895 = ( GEOMETRIC_REPRESENTATION_CONTEXT(2) 
PARAMETRIC_REPRESENTATION_CONTEXT() REPRESENTATION_CONTEXT('2D SPACE',''
  ) );
#1896 = ADVANCED_FACE('',(#1897),#655,.F.);
#1897 = FACE_BOUND('',#1898,.T.);
#1898 = EDGE_LOOP('',(#1899,#1900,#1901,#1922));
#1899 = ORIENTED_EDGE('',*,*,#1876,.F.);
#1900 = ORIENTED_EDGE('',*,*,#1077,.F.);
#1901 = ORIENTED_EDGE('',*,*,#1902,.T.);
#1902 = EDGE_CURVE('',#1078,#639,#1903,.T.);
#1903 = SURFACE_CURVE('',#1904,(#1908,#1915),.PCURVE_S1.);
#1904 = LINE('',#1905,#1906);
#1905 = CARTESIAN_POINT('',(16.,151.92893218813,-1.));
#1906 = VECTOR('',#1907,1.);
#1907 = DIRECTION('',(0.,0.,1.));
#1908 = PCURVE('',#655,#1909);
#1909 = DEFINITIONAL_REPRESENTATION('',(#1910),#1914);
#1910 = LINE('',#1911,#1912);
#1911 = CARTESIAN_POINT('',(-1.570796326795,0.));
#1912 = VECTOR('',#1913,1.);
#1913 = DIRECTION('',(-0.,1.));
#1914 = ( GEOMETRIC_REPRESENTATION_CONTEXT(2) 
PARAMETRIC_REPRESENTATION_CONTEXT() REPRESENTATION_CONTEXT('2D SPACE',''
  ) );
#1915 = PCURVE('',#683,#1916);
#1916 = DEFINITIONAL_REPRESENTATION('',(#1917),#1921);
#1917 = LINE('',#1918,#1919);
#1918 = CARTESIAN_POINT('',(0.,6.));
#1919 = VECTOR('',#1920,1.);
#1920 = DIRECTION('',(1.,0.));
#1921 = ( GEOMETRIC_REPRESENTATION_CONTEXT(2) 
PARAMETRIC_REPRESENTATION_CONTEXT() REPRESENTATION_CONTEXT('2D SPACE',''
  ) );
#1922 = ORIENTED_EDGE('',*,*,#638,.T.);
#1923 = ADVANCED_FACE('',(#1924),#683,.F.);
#1924 = FACE_BOUND('',#1925,.F.);
#1925 = EDGE_LOOP('',(#1926,#1927,#1928,#1929));
#1926 = ORIENTED_EDGE('',*,*,#1101,.T.);
#1927 = ORIENTED_EDGE('',*,*,#1902,.T.);
#1928 = ORIENTED_EDGE('',*,*,#667,.F.);
#1929 = ORIENTED_EDGE('',*,*,#1930,.F.);
#1930 = EDGE_CURVE('',#1102,#668,#1931,.T.);
#1931 = SURFACE_CURVE('',#1932,(#1936,#1943),.PCURVE_S1.);
#1932 = LINE('',#1933,#1934);
#1933 = CARTESIAN_POINT('',(49.,151.92893218813,-1.));
#1934 = VECTOR('',#1935,1.);
#1935 = DIRECTION('',(0.,0.,1.));
#1936 = PCURVE('',#683,#1937);
#1937 = DEFINITIONAL_REPRESENTATION('',(#1938),#1942);
#1938 = LINE('',#1939,#1940);
#1939 = CARTESIAN_POINT('',(0.,39.));
#1940 = VECTOR('',#1941,1.);
#1941 = DIRECTION('',(1.,0.));
#1942 = ( GEOMETRIC_REPRESENTATION_CONTEXT(2) 
PARAMETRIC_REPRESENTATION_CONTEXT() REPRESENTATION_CONTEXT('2D SPACE',''
  ) );
#1943 = PCURVE('',#711,#1944);
#1944 = DEFINITIONAL_REPRESENTATION('',(#1945),#1949);
#1945 = LINE('',#1946,#1947);
#1946 = CARTESIAN_POINT('',(1.570796326795,0.));
#1947 = VECTOR('',#1948,1.);
#1948 = DIRECTION('',(0.,1.));
#1949 = ( GEOMETRIC_REPRESENTATION_CONTEXT(2) 
PARAMETRIC_REPRESENTATION_CONTEXT() REPRESENTATION_CONTEXT('2D SPACE',''
  ) );
#1950 = ADVANCED_FACE('',(#1951),#711,.F.);
#1951 = FACE_BOUND('',#1952,.F.);
#1952 = EDGE_LOOP('',(#1953,#1974,#1975,#1976));
#1953 = ORIENTED_EDGE('',*,*,#1954,.F.);
#1954 = EDGE_CURVE('',#1124,#695,#1955,.T.);
#1955 = SURFACE_CURVE('',#1956,(#1960,#1967),.PCURVE_S1.);
#1956 = LINE('',#1957,#1958);
#1957 = CARTESIAN_POINT('',(55.,145.92893218813,-1.));
#1958 = VECTOR('',#1959,1.);
#1959 = DIRECTION('',(0.,0.,1.));
#1960 = PCURVE('',#711,#1961);
#1961 = DEFINITIONAL_REPRESENTATION('',(#1962),#1966);
#1962 = LINE('',#1963,#1964);
#1963 = CARTESIAN_POINT('',(0.,0.));
#1964 = VECTOR('',#1965,1.);
#1965 = DIRECTION('',(0.,1.));
#1966 = ( GEOMETRIC_REPRESENTATION_CONTEXT(2) 
PARAMETRIC_REPRESENTATION_CONTEXT() REPRESENTATION_CONTEXT('2D SPACE',''
  ) );
#1967 = PCURVE('',#737,#1968);
#1968 = DEFINITIONAL_REPRESENTATION('',(#1969),#1973);
#1969 = LINE('',#1970,#1971);
#1970 = CARTESIAN_POINT('',(0.,-127.8578643762));
#1971 = VECTOR('',#1972,1.);
#1972 = DIRECTION('',(1.,0.));
#1973 = ( GEOMETRIC_REPRESENTATION_CONTEXT(2) 
PARAMETRIC_REPRESENTATION_CONTEXT() REPRESENTATION_CONTEXT('2D SPACE',''
  ) );
#1974 = ORIENTED_EDGE('',*,*,#1123,.T.);
#1975 = ORIENTED_EDGE('',*,*,#1930,.T.);
#1976 = ORIENTED_EDGE('',*,*,#694,.F.);
#1977 = ADVANCED_FACE('',(#1978),#737,.F.);
#1978 = FACE_BOUND('',#1979,.F.);
#1979 = EDGE_LOOP('',(#1980,#1981,#1982,#1983));
#1980 = ORIENTED_EDGE('',*,*,#723,.F.);
#1981 = ORIENTED_EDGE('',*,*,#1772,.F.);
#1982 = ORIENTED_EDGE('',*,*,#1147,.T.);
#1983 = ORIENTED_EDGE('',*,*,#1954,.T.);
#1984 = ADVANCED_FACE('',(#1985,#2125),#1237,.T.);
#1985 = FACE_BOUND('',#1986,.T.);
#1986 = EDGE_LOOP('',(#1987,#2012,#2035,#2058,#2081,#2104));
#1987 = ORIENTED_EDGE('',*,*,#1988,.T.);
#1988 = EDGE_CURVE('',#1989,#1991,#1993,.T.);
#1989 = VERTEX_POINT('',#1990);
#1990 = CARTESIAN_POINT('',(58.,174.21465696508,5.));
#1991 = VERTEX_POINT('',#1992);
#1992 = CARTESIAN_POINT('',(58.,172.10732848254,8.65));
#1993 = SURFACE_CURVE('',#1994,(#1998,#2005),.PCURVE_S1.);
#1994 = LINE('',#1995,#1996);
#1995 = CARTESIAN_POINT('',(58.,174.21465696508,5.));
#1996 = VECTOR('',#1997,1.);
#1997 = DIRECTION('',(0.,-0.5,0.866025403784));
#1998 = PCURVE('',#1237,#1999);
#1999 = DEFINITIONAL_REPRESENTATION('',(#2000),#2004);
#2000 = LINE('',#2001,#2002);
#2001 = CARTESIAN_POINT('',(1.7763568394E-15,-4.214656965084));
#2002 = VECTOR('',#2003,1.);
#2003 = DIRECTION('',(0.866025403784,0.5));
#2004 = ( GEOMETRIC_REPRESENTATION_CONTEXT(2) 
PARAMETRIC_REPRESENTATION_CONTEXT() REPRESENTATION_CONTEXT('2D SPACE',''
  ) );
#2005 = PCURVE('',#1656,#2006);
#2006 = DEFINITIONAL_REPRESENTATION('',(#2007),#2011);
#2007 = LINE('',#2008,#2009);
#2008 = CARTESIAN_POINT('',(0.,0.));
#2009 = VECTOR('',#2010,1.);
#2010 = DIRECTION('',(1.,0.));
#2011 = ( GEOMETRIC_REPRESENTATION_CONTEXT(2) 
PARAMETRIC_REPRESENTATION_CONTEXT() REPRESENTATION_CONTEXT('2D SPACE',''
  ) );
#2012 = ORIENTED_EDGE('',*,*,#2013,.T.);
#2013 = EDGE_CURVE('',#1991,#2014,#2016,.T.);
#2014 = VERTEX_POINT('',#2015);
#2015 = CARTESIAN_POINT('',(58.,167.89267151745,8.65));
#2016 = SURFACE_CURVE('',#2017,(#2021,#2028),.PCURVE_S1.);
#2017 = LINE('',#2018,#2019);
#2018 = CARTESIAN_POINT('',(58.,172.10732848254,8.65));
#2019 = VECTOR('',#2020,1.);
#2020 = DIRECTION('',(0.,-1.,1.05367818432E-16));
#2021 = PCURVE('',#1237,#2022);
#2022 = DEFINITIONAL_REPRESENTATION('',(#2023),#2027);
#2023 = LINE('',#2024,#2025);
#2024 = CARTESIAN_POINT('',(3.65,-2.107328482542));
#2025 = VECTOR('',#2026,1.);
#2026 = DIRECTION('',(1.05367818432E-16,1.));
#2027 = ( GEOMETRIC_REPRESENTATION_CONTEXT(2) 
PARAMETRIC_REPRESENTATION_CONTEXT() REPRESENTATION_CONTEXT('2D SPACE',''
  ) );
#2028 = PCURVE('',#1630,#2029);
#2029 = DEFINITIONAL_REPRESENTATION('',(#2030),#2034);
#2030 = LINE('',#2031,#2032);
#2031 = CARTESIAN_POINT('',(0.,0.));
#2032 = VECTOR('',#2033,1.);
#2033 = DIRECTION('',(1.,0.));
#2034 = ( GEOMETRIC_REPRESENTATION_CONTEXT(2) 
PARAMETRIC_REPRESENTATION_CONTEXT() REPRESENTATION_CONTEXT('2D SPACE',''
  ) );
#2035 = ORIENTED_EDGE('',*,*,#2036,.T.);
#2036 = EDGE_CURVE('',#2014,#2037,#2039,.T.);
#2037 = VERTEX_POINT('',#2038);
#2038 = CARTESIAN_POINT('',(58.,165.78534303491,5.));
#2039 = SURFACE_CURVE('',#2040,(#2044,#2051),.PCURVE_S1.);
#2040 = LINE('',#2041,#2042);
#2041 = CARTESIAN_POINT('',(58.,167.89267151745,8.65));
#2042 = VECTOR('',#2043,1.);
#2043 = DIRECTION('',(0.,-0.5,-0.866025403784));
#2044 = PCURVE('',#1237,#2045);
#2045 = DEFINITIONAL_REPRESENTATION('',(#2046),#2050);
#2046 = LINE('',#2047,#2048);
#2047 = CARTESIAN_POINT('',(3.65,2.107328482542));
#2048 = VECTOR('',#2049,1.);
#2049 = DIRECTION('',(-0.866025403784,0.5));
#2050 = ( GEOMETRIC_REPRESENTATION_CONTEXT(2) 
PARAMETRIC_REPRESENTATION_CONTEXT() REPRESENTATION_CONTEXT('2D SPACE',''
  ) );
#2051 = PCURVE('',#1758,#2052);
#2052 = DEFINITIONAL_REPRESENTATION('',(#2053),#2057);
#2053 = LINE('',#2054,#2055);
#2054 = CARTESIAN_POINT('',(0.,0.));
#2055 = VECTOR('',#2056,1.);
#2056 = DIRECTION('',(1.,0.));
#2057 = ( GEOMETRIC_REPRESENTATION_CONTEXT(2) 
PARAMETRIC_REPRESENTATION_CONTEXT() REPRESENTATION_CONTEXT('2D SPACE',''
  ) );
#2058 = ORIENTED_EDGE('',*,*,#2059,.T.);
#2059 = EDGE_CURVE('',#2037,#2060,#2062,.T.);
#2060 = VERTEX_POINT('',#2061);
#2061 = CARTESIAN_POINT('',(58.,167.89267151745,1.35));
#2062 = SURFACE_CURVE('',#2063,(#2067,#2074),.PCURVE_S1.);
#2063 = LINE('',#2064,#2065);
#2064 = CARTESIAN_POINT('',(58.,165.78534303491,5.));
#2065 = VECTOR('',#2066,1.);
#2066 = DIRECTION('',(0.,0.5,-0.866025403784));
#2067 = PCURVE('',#1237,#2068);
#2068 = DEFINITIONAL_REPRESENTATION('',(#2069),#2073);
#2069 = LINE('',#2070,#2071);
#2070 = CARTESIAN_POINT('',(2.6645352591E-15,4.214656965084));
#2071 = VECTOR('',#2072,1.);
#2072 = DIRECTION('',(-0.866025403784,-0.5));
#2073 = ( GEOMETRIC_REPRESENTATION_CONTEXT(2) 
PARAMETRIC_REPRESENTATION_CONTEXT() REPRESENTATION_CONTEXT('2D SPACE',''
  ) );
#2074 = PCURVE('',#1734,#2075);
#2075 = DEFINITIONAL_REPRESENTATION('',(#2076),#2080);
#2076 = LINE('',#2077,#2078);
#2077 = CARTESIAN_POINT('',(0.,0.));
#2078 = VECTOR('',#2079,1.);
#2079 = DIRECTION('',(1.,0.));
#2080 = ( GEOMETRIC_REPRESENTATION_CONTEXT(2) 
PARAMETRIC_REPRESENTATION_CONTEXT() REPRESENTATION_CONTEXT('2D SPACE',''
  ) );
#2081 = ORIENTED_EDGE('',*,*,#2082,.T.);
#2082 = EDGE_CURVE('',#2060,#2083,#2085,.T.);
#2083 = VERTEX_POINT('',#2084);
#2084 = CARTESIAN_POINT('',(58.,172.10732848254,1.35));
#2085 = SURFACE_CURVE('',#2086,(#2090,#2097),.PCURVE_S1.);
#2086 = LINE('',#2087,#2088);
#2087 = CARTESIAN_POINT('',(58.,167.89267151745,1.35));
#2088 = VECTOR('',#2089,1.);
#2089 = DIRECTION('',(0.,1.,-6.322069105919E-16));
#2090 = PCURVE('',#1237,#2091);
#2091 = DEFINITIONAL_REPRESENTATION('',(#2092),#2096);
#2092 = LINE('',#2093,#2094);
#2093 = CARTESIAN_POINT('',(-3.65,2.107328482542));
#2094 = VECTOR('',#2095,1.);
#2095 = DIRECTION('',(-6.322069105919E-16,-1.));
#2096 = ( GEOMETRIC_REPRESENTATION_CONTEXT(2) 
PARAMETRIC_REPRESENTATION_CONTEXT() REPRESENTATION_CONTEXT('2D SPACE',''
  ) );
#2097 = PCURVE('',#1708,#2098);
#2098 = DEFINITIONAL_REPRESENTATION('',(#2099),#2103);
#2099 = LINE('',#2100,#2101);
#2100 = CARTESIAN_POINT('',(0.,0.));
#2101 = VECTOR('',#2102,1.);
#2102 = DIRECTION('',(1.,0.));
#2103 = ( GEOMETRIC_REPRESENTATION_CONTEXT(2) 
PARAMETRIC_REPRESENTATION_CONTEXT() REPRESENTATION_CONTEXT('2D SPACE',''
  ) );
#2104 = ORIENTED_EDGE('',*,*,#2105,.T.);
#2105 = EDGE_CURVE('',#2083,#1989,#2106,.T.);
#2106 = SURFACE_CURVE('',#2107,(#2111,#2118),.PCURVE_S1.);
#2107 = LINE('',#2108,#2109);
#2108 = CARTESIAN_POINT('',(58.,172.10732848254,1.35));
#2109 = VECTOR('',#2110,1.);
#2110 = DIRECTION('',(0.,0.5,0.866025403784));
#2111 = PCURVE('',#1237,#2112);
#2112 = DEFINITIONAL_REPRESENTATION('',(#2113),#2117);
#2113 = LINE('',#2114,#2115);
#2114 = CARTESIAN_POINT('',(-3.65,-2.107328482542));
#2115 = VECTOR('',#2116,1.);
#2116 = DIRECTION('',(0.866025403784,-0.5));
#2117 = ( GEOMETRIC_REPRESENTATION_CONTEXT(2) 
PARAMETRIC_REPRESENTATION_CONTEXT() REPRESENTATION_CONTEXT('2D SPACE',''
  ) );
#2118 = PCURVE('',#1682,#2119);
#2119 = DEFINITIONAL_REPRESENTATION('',(#2120),#2124);
#2120 = LINE('',#2121,#2122);
#2121 = CARTESIAN_POINT('',(0.,0.));
#2122 = VECTOR('',#2123,1.);
#2123 = DIRECTION('',(1.,0.));
#2124 = ( GEOMETRIC_REPRESENTATION_CONTEXT(2) 
PARAMETRIC_REPRESENTATION_CONTEXT() REPRESENTATION_CONTEXT('2D SPACE',''
  ) );
#2125 = FACE_BOUND('',#2126,.T.);
#2126 = EDGE_LOOP('',(#2127));
#2127 = ORIENTED_EDGE('',*,*,#1222,.T.);
#2128 = ADVANCED_FACE('',(#2129),#1303,.F.);
#2129 = FACE_BOUND('',#2130,.T.);
#2130 = EDGE_LOOP('',(#2131,#2164,#2185,#2186));
#2131 = ORIENTED_EDGE('',*,*,#2132,.T.);
#2132 = EDGE_CURVE('',#2133,#2133,#2135,.T.);
#2133 = VERTEX_POINT('',#2134);
#2134 = CARTESIAN_POINT('',(4.,172.,5.));
#2135 = SURFACE_CURVE('',#2136,(#2141,#2148),.PCURVE_S1.);
#2136 = CIRCLE('',#2137,2.);
#2137 = AXIS2_PLACEMENT_3D('',#2138,#2139,#2140);
#2138 = CARTESIAN_POINT('',(4.,170.,5.));
#2139 = DIRECTION('',(-1.,0.,0.));
#2140 = DIRECTION('',(0.,1.,0.));
#2141 = PCURVE('',#1303,#2142);
#2142 = DEFINITIONAL_REPRESENTATION('',(#2143),#2147);
#2143 = LINE('',#2144,#2145);
#2144 = CARTESIAN_POINT('',(-6.28318530718,-5.));
#2145 = VECTOR('',#2146,1.);
#2146 = DIRECTION('',(1.,-0.));
#2147 = ( GEOMETRIC_REPRESENTATION_CONTEXT(2) 
PARAMETRIC_REPRESENTATION_CONTEXT() REPRESENTATION_CONTEXT('2D SPACE',''
  ) );
#2148 = PCURVE('',#2149,#2154);
#2149 = PLANE('',#2150);
#2150 = AXIS2_PLACEMENT_3D('',#2151,#2152,#2153);
#2151 = CARTESIAN_POINT('',(4.,170.,5.));
#2152 = DIRECTION('',(1.,0.,0.));
#2153 = DIRECTION('',(-0.,0.,1.));
#2154 = DEFINITIONAL_REPRESENTATION('',(#2155),#2163);
#2155 = ( BOUNDED_CURVE() B_SPLINE_CURVE(2,(#2156,#2157,#2158,#2159,
#2160,#2161,#2162),.UNSPECIFIED.,.T.,.F.) B_SPLINE_CURVE_WITH_KNOTS((1,2
    ,2,2,2,1),(-2.094395102393,0.,2.094395102393,4.188790204786,
6.28318530718,8.377580409573),.UNSPECIFIED.) CURVE() 
GEOMETRIC_REPRESENTATION_ITEM() RATIONAL_B_SPLINE_CURVE((1.,0.5,1.,0.5,
1.,0.5,1.)) REPRESENTATION_ITEM('') );
#2156 = CARTESIAN_POINT('',(0.,-2.));
#2157 = CARTESIAN_POINT('',(-3.464101615138,-2.));
#2158 = CARTESIAN_POINT('',(-1.732050807569,1.));
#2159 = CARTESIAN_POINT('',(-4.898587196589E-16,4.));
#2160 = CARTESIAN_POINT('',(1.732050807569,1.));
#2161 = CARTESIAN_POINT('',(3.464101615138,-2.));
#2162 = CARTESIAN_POINT('',(0.,-2.));
#2163 = ( GEOMETRIC_REPRESENTATION_CONTEXT(2) 
PARAMETRIC_REPRESENTATION_CONTEXT() REPRESENTATION_CONTEXT('2D SPACE',''
  ) );
#2164 = ORIENTED_EDGE('',*,*,#2165,.T.);
#2165 = EDGE_CURVE('',#2133,#1283,#2166,.T.);
#2166 = SEAM_CURVE('',#2167,(#2171,#2178),.PCURVE_S1.);
#2167 = LINE('',#2168,#2169);
#2168 = CARTESIAN_POINT('',(-1.,172.,5.));
#2169 = VECTOR('',#2170,1.);
#2170 = DIRECTION('',(1.,0.,0.));
#2171 = PCURVE('',#1303,#2172);
#2172 = DEFINITIONAL_REPRESENTATION('',(#2173),#2177);
#2173 = LINE('',#2174,#2175);
#2174 = CARTESIAN_POINT('',(-6.28318530718,0.));
#2175 = VECTOR('',#2176,1.);
#2176 = DIRECTION('',(-0.,-1.));
#2177 = ( GEOMETRIC_REPRESENTATION_CONTEXT(2) 
PARAMETRIC_REPRESENTATION_CONTEXT() REPRESENTATION_CONTEXT('2D SPACE',''
  ) );
#2178 = PCURVE('',#1303,#2179);
#2179 = DEFINITIONAL_REPRESENTATION('',(#2180),#2184);
#2180 = LINE('',#2181,#2182);
#2181 = CARTESIAN_POINT('',(-0.,0.));
#2182 = VECTOR('',#2183,1.);
#2183 = DIRECTION('',(-0.,-1.));
#2184 = ( GEOMETRIC_REPRESENTATION_CONTEXT(2) 
PARAMETRIC_REPRESENTATION_CONTEXT() REPRESENTATION_CONTEXT('2D SPACE',''
  ) );
#2185 = ORIENTED_EDGE('',*,*,#1282,.F.);
#2186 = ORIENTED_EDGE('',*,*,#2165,.F.);
#2187 = ADVANCED_FACE('',(#2188),#1392,.F.);
#2188 = FACE_BOUND('',#2189,.T.);
#2189 = EDGE_LOOP('',(#2190,#2191,#2214,#2236));
#2190 = ORIENTED_EDGE('',*,*,#1371,.T.);
#2191 = ORIENTED_EDGE('',*,*,#2192,.T.);
#2192 = EDGE_CURVE('',#1372,#2193,#2195,.T.);
#2193 = VERTEX_POINT('',#2194);
#2194 = CARTESIAN_POINT('',(4.,174.2,5.));
#2195 = SEAM_CURVE('',#2196,(#2200,#2207),.PCURVE_S1.);
#2196 = LINE('',#2197,#2198);
#2197 = CARTESIAN_POINT('',(-1.,174.2,5.));
#2198 = VECTOR('',#2199,1.);
#2199 = DIRECTION('',(1.,0.,0.));
#2200 = PCURVE('',#1392,#2201);
#2201 = DEFINITIONAL_REPRESENTATION('',(#2202),#2206);
#2202 = LINE('',#2203,#2204);
#2203 = CARTESIAN_POINT('',(-6.28318530718,0.));
#2204 = VECTOR('',#2205,1.);
#2205 = DIRECTION('',(-0.,-1.));
#2206 = ( GEOMETRIC_REPRESENTATION_CONTEXT(2) 
PARAMETRIC_REPRESENTATION_CONTEXT() REPRESENTATION_CONTEXT('2D SPACE',''
  ) );
#2207 = PCURVE('',#1392,#2208);
#2208 = DEFINITIONAL_REPRESENTATION('',(#2209),#2213);
#2209 = LINE('',#2210,#2211);
#2210 = CARTESIAN_POINT('',(-0.,0.));
#2211 = VECTOR('',#2212,1.);
#2212 = DIRECTION('',(-0.,-1.));
#2213 = ( GEOMETRIC_REPRESENTATION_CONTEXT(2) 
PARAMETRIC_REPRESENTATION_CONTEXT() REPRESENTATION_CONTEXT('2D SPACE',''
  ) );
#2214 = ORIENTED_EDGE('',*,*,#2215,.T.);
#2215 = EDGE_CURVE('',#2193,#2193,#2216,.T.);
#2216 = SURFACE_CURVE('',#2217,(#2222,#2229),.PCURVE_S1.);
#2217 = CIRCLE('',#2218,4.2);
#2218 = AXIS2_PLACEMENT_3D('',#2219,#2220,#2221);
#2219 = CARTESIAN_POINT('',(4.,170.,5.));
#2220 = DIRECTION('',(1.,0.,0.));
#2221 = DIRECTION('',(0.,1.,0.));
#2222 = PCURVE('',#1392,#2223);
#2223 = DEFINITIONAL_REPRESENTATION('',(#2224),#2228);
#2224 = LINE('',#2225,#2226);
#2225 = CARTESIAN_POINT('',(-0.,-5.));
#2226 = VECTOR('',#2227,1.);
#2227 = DIRECTION('',(-1.,0.));
#2228 = ( GEOMETRIC_REPRESENTATION_CONTEXT(2) 
PARAMETRIC_REPRESENTATION_CONTEXT() REPRESENTATION_CONTEXT('2D SPACE',''
  ) );
#2229 = PCURVE('',#2149,#2230);
#2230 = DEFINITIONAL_REPRESENTATION('',(#2231),#2235);
#2231 = CIRCLE('',#2232,4.2);
#2232 = AXIS2_PLACEMENT_2D('',#2233,#2234);
#2233 = CARTESIAN_POINT('',(0.,0.));
#2234 = DIRECTION('',(0.,-1.));
#2235 = ( GEOMETRIC_REPRESENTATION_CONTEXT(2) 
PARAMETRIC_REPRESENTATION_CONTEXT() REPRESENTATION_CONTEXT('2D SPACE',''
  ) );
#2236 = ORIENTED_EDGE('',*,*,#2192,.F.);
#2237 = ADVANCED_FACE('',(#2238),#1481,.F.);
#2238 = FACE_BOUND('',#2239,.T.);
#2239 = EDGE_LOOP('',(#2240,#2241,#2262,#2263));
#2240 = ORIENTED_EDGE('',*,*,#1460,.T.);
#2241 = ORIENTED_EDGE('',*,*,#2242,.T.);
#2242 = EDGE_CURVE('',#1461,#1550,#2243,.T.);
#2243 = SEAM_CURVE('',#2244,(#2248,#2255),.PCURVE_S1.);
#2244 = LINE('',#2245,#2246);
#2245 = CARTESIAN_POINT('',(-1.,2.,5.));
#2246 = VECTOR('',#2247,1.);
#2247 = DIRECTION('',(1.,0.,0.));
#2248 = PCURVE('',#1481,#2249);
#2249 = DEFINITIONAL_REPRESENTATION('',(#2250),#2254);
#2250 = LINE('',#2251,#2252);
#2251 = CARTESIAN_POINT('',(-6.28318530718,0.));
#2252 = VECTOR('',#2253,1.);
#2253 = DIRECTION('',(-0.,-1.));
#2254 = ( GEOMETRIC_REPRESENTATION_CONTEXT(2) 
PARAMETRIC_REPRESENTATION_CONTEXT() REPRESENTATION_CONTEXT('2D SPACE',''
  ) );
#2255 = PCURVE('',#1481,#2256);
#2256 = DEFINITIONAL_REPRESENTATION('',(#2257),#2261);
#2257 = LINE('',#2258,#2259);
#2258 = CARTESIAN_POINT('',(-0.,0.));
#2259 = VECTOR('',#2260,1.);
#2260 = DIRECTION('',(-0.,-1.));
#2261 = ( GEOMETRIC_REPRESENTATION_CONTEXT(2) 
PARAMETRIC_REPRESENTATION_CONTEXT() REPRESENTATION_CONTEXT('2D SPACE',''
  ) );
#2262 = ORIENTED_EDGE('',*,*,#1549,.F.);
#2263 = ORIENTED_EDGE('',*,*,#2242,.F.);
#2264 = ADVANCED_FACE('',(#2265),#1630,.T.);
#2265 = FACE_BOUND('',#2266,.T.);
#2266 = EDGE_LOOP('',(#2267,#2268,#2289,#2290));
#2267 = ORIENTED_EDGE('',*,*,#2013,.F.);
#2268 = ORIENTED_EDGE('',*,*,#2269,.T.);
#2269 = EDGE_CURVE('',#1991,#1616,#2270,.T.);
#2270 = SURFACE_CURVE('',#2271,(#2275,#2282),.PCURVE_S1.);
#2271 = LINE('',#2272,#2273);
#2272 = CARTESIAN_POINT('',(58.,172.10732848254,8.65));
#2273 = VECTOR('',#2274,1.);
#2274 = DIRECTION('',(1.,0.,0.));
#2275 = PCURVE('',#1630,#2276);
#2276 = DEFINITIONAL_REPRESENTATION('',(#2277),#2281);
#2277 = LINE('',#2278,#2279);
#2278 = CARTESIAN_POINT('',(0.,0.));
#2279 = VECTOR('',#2280,1.);
#2280 = DIRECTION('',(0.,-1.));
#2281 = ( GEOMETRIC_REPRESENTATION_CONTEXT(2) 
PARAMETRIC_REPRESENTATION_CONTEXT() REPRESENTATION_CONTEXT('2D SPACE',''
  ) );
#2282 = PCURVE('',#1656,#2283);
#2283 = DEFINITIONAL_REPRESENTATION('',(#2284),#2288);
#2284 = LINE('',#2285,#2286);
#2285 = CARTESIAN_POINT('',(4.214656965084,0.));
#2286 = VECTOR('',#2287,1.);
#2287 = DIRECTION('',(0.,-1.));
#2288 = ( GEOMETRIC_REPRESENTATION_CONTEXT(2) 
PARAMETRIC_REPRESENTATION_CONTEXT() REPRESENTATION_CONTEXT('2D SPACE',''
  ) );
#2289 = ORIENTED_EDGE('',*,*,#1613,.F.);
#2290 = ORIENTED_EDGE('',*,*,#2291,.F.);
#2291 = EDGE_CURVE('',#2014,#1614,#2292,.T.);
#2292 = SURFACE_CURVE('',#2293,(#2297,#2304),.PCURVE_S1.);
#2293 = LINE('',#2294,#2295);
#2294 = CARTESIAN_POINT('',(58.,167.89267151745,8.65));
#2295 = VECTOR('',#2296,1.);
#2296 = DIRECTION('',(1.,0.,0.));
#2297 = PCURVE('',#1630,#2298);
#2298 = DEFINITIONAL_REPRESENTATION('',(#2299),#2303);
#2299 = LINE('',#2300,#2301);
#2300 = CARTESIAN_POINT('',(4.214656965084,0.));
#2301 = VECTOR('',#2302,1.);
#2302 = DIRECTION('',(0.,-1.));
#2303 = ( GEOMETRIC_REPRESENTATION_CONTEXT(2) 
PARAMETRIC_REPRESENTATION_CONTEXT() REPRESENTATION_CONTEXT('2D SPACE',''
  ) );
#2304 = PCURVE('',#1758,#2305);
#2305 = DEFINITIONAL_REPRESENTATION('',(#2306),#2310);
#2306 = LINE('',#2307,#2308);
#2307 = CARTESIAN_POINT('',(0.,0.));
#2308 = VECTOR('',#2309,1.);
#2309 = DIRECTION('',(0.,-1.));
#2310 = ( GEOMETRIC_REPRESENTATION_CONTEXT(2) 
PARAMETRIC_REPRESENTATION_CONTEXT() REPRESENTATION_CONTEXT('2D SPACE',''
  ) );
#2311 = ADVANCED_FACE('',(#2312),#1758,.T.);
#2312 = FACE_BOUND('',#2313,.T.);
#2313 = EDGE_LOOP('',(#2314,#2315,#2316,#2317));
#2314 = ORIENTED_EDGE('',*,*,#2036,.F.);
#2315 = ORIENTED_EDGE('',*,*,#2291,.T.);
#2316 = ORIENTED_EDGE('',*,*,#1745,.F.);
#2317 = ORIENTED_EDGE('',*,*,#2318,.F.);
#2318 = EDGE_CURVE('',#2037,#1720,#2319,.T.);
#2319 = SURFACE_CURVE('',#2320,(#2324,#2331),.PCURVE_S1.);
#2320 = LINE('',#2321,#2322);
#2321 = CARTESIAN_POINT('',(58.,165.78534303491,5.));
#2322 = VECTOR('',#2323,1.);
#2323 = DIRECTION('',(1.,0.,0.));
#2324 = PCURVE('',#1758,#2325);
#2325 = DEFINITIONAL_REPRESENTATION('',(#2326),#2330);
#2326 = LINE('',#2327,#2328);
#2327 = CARTESIAN_POINT('',(4.214656965084,0.));
#2328 = VECTOR('',#2329,1.);
#2329 = DIRECTION('',(0.,-1.));
#2330 = ( GEOMETRIC_REPRESENTATION_CONTEXT(2) 
PARAMETRIC_REPRESENTATION_CONTEXT() REPRESENTATION_CONTEXT('2D SPACE',''
  ) );
#2331 = PCURVE('',#1734,#2332);
#2332 = DEFINITIONAL_REPRESENTATION('',(#2333),#2337);
#2333 = LINE('',#2334,#2335);
#2334 = CARTESIAN_POINT('',(0.,0.));
#2335 = VECTOR('',#2336,1.);
#2336 = DIRECTION('',(0.,-1.));
#2337 = ( GEOMETRIC_REPRESENTATION_CONTEXT(2) 
PARAMETRIC_REPRESENTATION_CONTEXT() REPRESENTATION_CONTEXT('2D SPACE',''
  ) );
#2338 = ADVANCED_FACE('',(#2339),#1734,.T.);
#2339 = FACE_BOUND('',#2340,.T.);
#2340 = EDGE_LOOP('',(#2341,#2342,#2343,#2344));
#2341 = ORIENTED_EDGE('',*,*,#2059,.F.);
#2342 = ORIENTED_EDGE('',*,*,#2318,.T.);
#2343 = ORIENTED_EDGE('',*,*,#1719,.F.);
#2344 = ORIENTED_EDGE('',*,*,#2345,.F.);
#2345 = EDGE_CURVE('',#2060,#1694,#2346,.T.);
#2346 = SURFACE_CURVE('',#2347,(#2351,#2358),.PCURVE_S1.);
#2347 = LINE('',#2348,#2349);
#2348 = CARTESIAN_POINT('',(58.,167.89267151745,1.35));
#2349 = VECTOR('',#2350,1.);
#2350 = DIRECTION('',(1.,0.,0.));
#2351 = PCURVE('',#1734,#2352);
#2352 = DEFINITIONAL_REPRESENTATION('',(#2353),#2357);
#2353 = LINE('',#2354,#2355);
#2354 = CARTESIAN_POINT('',(4.214656965084,0.));
#2355 = VECTOR('',#2356,1.);
#2356 = DIRECTION('',(0.,-1.));
#2357 = ( GEOMETRIC_REPRESENTATION_CONTEXT(2) 
PARAMETRIC_REPRESENTATION_CONTEXT() REPRESENTATION_CONTEXT('2D SPACE',''
  ) );
#2358 = PCURVE('',#1708,#2359);
#2359 = DEFINITIONAL_REPRESENTATION('',(#2360),#2364);
#2360 = LINE('',#2361,#2362);
#2361 = CARTESIAN_POINT('',(0.,0.));
#2362 = VECTOR('',#2363,1.);
#2363 = DIRECTION('',(0.,-1.));
#2364 = ( GEOMETRIC_REPRESENTATION_CONTEXT(2) 
PARAMETRIC_REPRESENTATION_CONTEXT() REPRESENTATION_CONTEXT('2D SPACE',''
  ) );
#2365 = ADVANCED_FACE('',(#2366),#1708,.T.);
#2366 = FACE_BOUND('',#2367,.T.);
#2367 = EDGE_LOOP('',(#2368,#2369,#2370,#2371));
#2368 = ORIENTED_EDGE('',*,*,#2082,.F.);
#2369 = ORIENTED_EDGE('',*,*,#2345,.T.);
#2370 = ORIENTED_EDGE('',*,*,#1693,.F.);
#2371 = ORIENTED_EDGE('',*,*,#2372,.F.);
#2372 = EDGE_CURVE('',#2083,#1668,#2373,.T.);
#2373 = SURFACE_CURVE('',#2374,(#2378,#2385),.PCURVE_S1.);
#2374 = LINE('',#2375,#2376);
#2375 = CARTESIAN_POINT('',(58.,172.10732848254,1.35));
#2376 = VECTOR('',#2377,1.);
#2377 = DIRECTION('',(1.,0.,0.));
#2378 = PCURVE('',#1708,#2379);
#2379 = DEFINITIONAL_REPRESENTATION('',(#2380),#2384);
#2380 = LINE('',#2381,#2382);
#2381 = CARTESIAN_POINT('',(4.214656965084,0.));
#2382 = VECTOR('',#2383,1.);
#2383 = DIRECTION('',(0.,-1.));
#2384 = ( GEOMETRIC_REPRESENTATION_CONTEXT(2) 
PARAMETRIC_REPRESENTATION_CONTEXT() REPRESENTATION_CONTEXT('2D SPACE',''
  ) );
#2385 = PCURVE('',#1682,#2386);
#2386 = DEFINITIONAL_REPRESENTATION('',(#2387),#2391);
#2387 = LINE('',#2388,#2389);
#2388 = CARTESIAN_POINT('',(0.,0.));
#2389 = VECTOR('',#2390,1.);
#2390 = DIRECTION('',(0.,-1.));
#2391 = ( GEOMETRIC_REPRESENTATION_CONTEXT(2) 
PARAMETRIC_REPRESENTATION_CONTEXT() REPRESENTATION_CONTEXT('2D SPACE',''
  ) );
#2392 = ADVANCED_FACE('',(#2393),#1682,.T.);
#2393 = FACE_BOUND('',#2394,.T.);
#2394 = EDGE_LOOP('',(#2395,#2396,#2397,#2398));
#2395 = ORIENTED_EDGE('',*,*,#2105,.F.);
#2396 = ORIENTED_EDGE('',*,*,#2372,.T.);
#2397 = ORIENTED_EDGE('',*,*,#1667,.F.);
#2398 = ORIENTED_EDGE('',*,*,#2399,.F.);
#2399 = EDGE_CURVE('',#1989,#1642,#2400,.T.);
#2400 = SURFACE_CURVE('',#2401,(#2405,#2412),.PCURVE_S1.);
#2401 = LINE('',#2402,#2403);
#2402 = CARTESIAN_POINT('',(58.,174.21465696508,5.));
#2403 = VECTOR('',#2404,1.);
#2404 = DIRECTION('',(1.,0.,0.));
#2405 = PCURVE('',#1682,#2406);
#2406 = DEFINITIONAL_REPRESENTATION('',(#2407),#2411);
#2407 = LINE('',#2408,#2409);
#2408 = CARTESIAN_POINT('',(4.214656965084,0.));
#2409 = VECTOR('',#2410,1.);
#2410 = DIRECTION('',(0.,-1.));
#2411 = ( GEOMETRIC_REPRESENTATION_CONTEXT(2) 
PARAMETRIC_REPRESENTATION_CONTEXT() REPRESENTATION_CONTEXT('2D SPACE',''
  ) );
#2412 = PCURVE('',#1656,#2413);
#2413 = DEFINITIONAL_REPRESENTATION('',(#2414),#2418);
#2414 = LINE('',#2415,#2416);
#2415 = CARTESIAN_POINT('',(0.,0.));
#2416 = VECTOR('',#2417,1.);
#2417 = DIRECTION('',(0.,-1.));
#2418 = ( GEOMETRIC_REPRESENTATION_CONTEXT(2) 
PARAMETRIC_REPRESENTATION_CONTEXT() REPRESENTATION_CONTEXT('2D SPACE',''
  ) );
#2419 = ADVANCED_FACE('',(#2420),#1656,.T.);
#2420 = FACE_BOUND('',#2421,.T.);
#2421 = EDGE_LOOP('',(#2422,#2423,#2424,#2425));
#2422 = ORIENTED_EDGE('',*,*,#1988,.F.);
#2423 = ORIENTED_EDGE('',*,*,#2399,.T.);
#2424 = ORIENTED_EDGE('',*,*,#1641,.F.);
#2425 = ORIENTED_EDGE('',*,*,#2269,.F.);
#2426 = ADVANCED_FACE('',(#2427,#2430),#2149,.F.);
#2427 = FACE_BOUND('',#2428,.F.);
#2428 = EDGE_LOOP('',(#2429));
#2429 = ORIENTED_EDGE('',*,*,#2215,.T.);
#2430 = FACE_BOUND('',#2431,.F.);
#2431 = EDGE_LOOP('',(#2432));
#2432 = ORIENTED_EDGE('',*,*,#2132,.T.);
#2433 = ( GEOMETRIC_REPRESENTATION_CONTEXT(3) 
GLOBAL_UNCERTAINTY_ASSIGNED_CONTEXT((#2437)) 
GLOBAL_UNIT_ASSIGNED_CONTEXT((#2434,#2435,#2436)) REPRESENTATION_CONTEXT
('Context #1','3D Context with UNIT and UNCERTAINTY') );
#2434 = ( LENGTH_UNIT() NAMED_UNIT(*) SI_UNIT(.MILLI.,.METRE.) );
#2435 = ( NAMED_UNIT(*) PLANE_ANGLE_UNIT() SI_UNIT($,.RADIAN.) );
#2436 = ( NAMED_UNIT(*) SI_UNIT($,.STERADIAN.) SOLID_ANGLE_UNIT() );
#2437 = UNCERTAINTY_MEASURE_WITH_UNIT(LENGTH_MEASURE(1.E-07),#2434,
  'distance_accuracy_value','confusion accuracy');
#2438 = PRODUCT_RELATED_PRODUCT_CATEGORY('part',$,(#7));
ENDSEC;
END-ISO-10303-21;
