ISO-10303-21;
HEADER;
FILE_DESCRIPTION(('Open CASCADE Model'),'2;1');
FILE_NAME('Open CASCADE Shape Model','2026-10-01T10:51:00',('Author'),(
    'Open CASCADE'),'Open CASCADE STEP processor 7.7','Open CASCADE 7.7'
  ,'Unknown');
FILE_SCHEMA(('AUTOMOTIVE_DESIGN { 1 0 10303 214 1 1 1 1 }'));
ENDSEC;
DATA;
#1 = APPLICATION_PROTOCOL_DEFINITION('international standard',
  'automotive_design',2000,#2);
#2 = APPLICATION_CONTEXT(
  'core data for automotive mechanical design processes');
#3 = SHAPE_DEFINITION_REPRESENTATION(#4,#10);
#4 = PRODUCT_DEFINITION_SHAPE('','',#5);
#5 = PRODUCT_DEFINITION('design','',#6,#9);
#6 = PRODUCT_DEFINITION_FORMATION('','',#7);
#7 = PRODUCT('845a35f1-bda7-11f1-a8ce-98597a8d5927',
  '845a35f1-bda7-11f1-a8ce-98597a8d5927','',(#8));
#8 = PRODUCT_CONTEXT('',#2,'mechanical');
#9 = PRODUCT_DEFINITION_CONTEXT('part definition',#2,'design');
#10 = SHAPE_REPRESENTATION('',(#11,#15,#19,#23,#27,#31,#35,#39),#43);
#11 = AXIS2_PLACEMENT_3D('',#12,#13,#14);
#12 = CARTESIAN_POINT('',(0.,0.,0.));
#13 = DIRECTION('',(0.,0.,1.));
#14 = DIRECTION('',(1.,0.,-0.));
#15 = AXIS2_PLACEMENT_3D('',#16,#17,#18);
#16 = CARTESIAN_POINT('',(0.,0.,0.));
#17 = DIRECTION('',(0.,0.,1.));
#18 = DIRECTION('',(1.,0.,-0.));
#19 = AXIS2_PLACEMENT_3D('',#20,#21,#22);
#20 = CARTESIAN_POINT('',(0.,0.,0.));
#21 = DIRECTION('',(0.,0.,1.));
#22 = DIRECTION('',(1.,0.,-0.));
#23 = AXIS2_PLACEMENT_3D('',#24,#25,#26);
#24 = CARTESIAN_POINT('',(0.,0.,0.));
#25 = DIRECTION('',(0.,0.,1.));
#26 = DIRECTION('',(1.,0.,-0.));
#27 = AXIS2_PLACEMENT_3D('',#28,#29,#30);
#28 = CARTESIAN_POINT('',(0.,0.,0.));
#29 = DIRECTION('',(0.,0.,1.));
#30 = DIRECTION('',(1.,0.,-0.));
#31 = AXIS2_PLACEMENT_3D('',#32,#33,#34);
#32 = CARTESIAN_POINT('',(0.,0.,0.));
#33 = DIRECTION('',(0.,0.,1.));
#34 = DIRECTION('',(1.,0.,-0.));
#35 = AXIS2_PLACEMENT_3D('',#36,#37,#38);
#36 = CARTESIAN_POINT('',(0.,0.,0.));
#37 = DIRECTION('',(0.,0.,1.));
#38 = DIRECTION('',(1.,0.,-0.));
#39 = AXIS2_PLACEMENT_3D('',#40,#41,#42);
#40 = CARTESIAN_POINT('',(0.,0.,0.));
#41 = DIRECTION('',(0.,0.,1.));
#42 = DIRECTION('',(1.,0.,-0.));
#43 = ( GEOMETRIC_REPRESENTATION_CONTEXT(3) 
GLOBAL_UNCERTAINTY_ASSIGNED_CONTEXT((#47)) GLOBAL_UNIT_ASSIGNED_CONTEXT(
(#44,#45,#46)) REPRESENTATION_CONTEXT('Context #1',
  '3D Context with UNIT and UNCERTAINTY') );
#44 = ( LENGTH_UNIT() NAMED_UNIT(*) SI_UNIT(.MILLI.,.METRE.) );
#45 = ( NAMED_UNIT(*) PLANE_ANGLE_UNIT() SI_UNIT($,.RADIAN.) );
#46 = ( NAMED_UNIT(*) SI_UNIT($,.STERADIAN.) SOLID_ANGLE_UNIT() );
#47 = UNCERTAINTY_MEASURE_WITH_UNIT(LENGTH_MEASURE(1.E-07),#44,
  'distance_accuracy_value','confusion accuracy');
#48 = PRODUCT_RELATED_PRODUCT_CATEGORY('part',$,(#7));
#49 = SHAPE_DEFINITION_REPRESENTATION(#50,#56);
#50 = PRODUCT_DEFINITION_SHAPE('','',#51);
#51 = PRODUCT_DEFINITION('design','',#52,#55);
#52 = PRODUCT_DEFINITION_FORMATION('','',#53);
#53 = PRODUCT('plate','plate','',(#54));
#54 = PRODUCT_CONTEXT('',#2,'mechanical');
#55 = PRODUCT_DEFINITION_CONTEXT('part definition',#2,'design');
#56 = SHAPE_REPRESENTATION('',(#11,#57),#61);
#57 = AXIS2_PLACEMENT_3D('',#58,#59,#60);
#58 = CARTESIAN_POINT('',(0.,0.,0.));
#59 = DIRECTION('',(0.,0.,1.));
#60 = DIRECTION('',(1.,0.,-0.));
#61 = ( GEOMETRIC_REPRESENTATION_CONTEXT(3) 
GLOBAL_UNCERTAINTY_ASSIGNED_CONTEXT((#65)) GLOBAL_UNIT_ASSIGNED_CONTEXT(
(#62,#63,#64)) REPRESENTATION_CONTEXT('Context #1',
  '3D Context with UNIT and UNCERTAINTY') );
#62 = ( LENGTH_UNIT() NAMED_UNIT(*) SI_UNIT(.MILLI.,.METRE.) );
#63 = ( NAMED_UNIT(*) PLANE_ANGLE_UNIT() SI_UNIT($,.RADIAN.) );
#64 = ( NAMED_UNIT(*) SI_UNIT($,.STERADIAN.) SOLID_ANGLE_UNIT() );
#65 = UNCERTAINTY_MEASURE_WITH_UNIT(LENGTH_MEASURE(1.E-07),#62,
  'distance_accuracy_value','confusion accuracy');
#66 = CONTEXT_DEPENDENT_SHAPE_REPRESENTATION(#67,#69);
#67 = ( REPRESENTATION_RELATIONSHIP('','',#56,#10) 
REPRESENTATION_RELATIONSHIP_WITH_TRANSFORMATION(#68) 
SHAPE_REPRESENTATION_RELATIONSHIP() );
#68 = ITEM_DEFINED_TRANSFORMATION('','',#11,#15);
#69 = PRODUCT_DEFINITION_SHAPE('Placement','Placement of an item',#70);
#70 = NEXT_ASSEMBLY_USAGE_OCCURRENCE('9','','',#5,#51,$);
#71 = PRODUCT_RELATED_PRODUCT_CATEGORY('part',$,(#53));
#72 = SHAPE_DEFINITION_REPRESENTATION(#73,#79);
#73 = PRODUCT_DEFINITION_SHAPE('','',#74);
#74 = PRODUCT_DEFINITION('design','',#75,#78);
#75 = PRODUCT_DEFINITION_FORMATION('','',#76);
#76 = PRODUCT('plate_part','plate_part','',(#77));
#77 = PRODUCT_CONTEXT('',#2,'mechanical');
#78 = PRODUCT_DEFINITION_CONTEXT('part definition',#2,'design');
#79 = ADVANCED_BREP_SHAPE_REPRESENTATION('',(#11,#80),#2348);
#80 = MANIFOLD_SOLID_BREP('',#81);
#81 = CLOSED_SHELL('',(#82,#202,#278,#354,#547,#694,#721,#995,#1022,
    #1047,#1309,#1336,#1364,#1391,#1588,#1637,#1757,#1812,#1867,#1922,
    #1977,#2004,#2054,#2104,#2154,#2204,#2251,#2278,#2285,#2292,#2320,
    #2327,#2334,#2341));
#82 = ADVANCED_FACE('',(#83),#97,.F.);
#83 = FACE_BOUND('',#84,.F.);
#84 = EDGE_LOOP('',(#85,#120,#148,#176));
#85 = ORIENTED_EDGE('',*,*,#86,.T.);
#86 = EDGE_CURVE('',#87,#89,#91,.T.);
#87 = VERTEX_POINT('',#88);
#88 = CARTESIAN_POINT('',(49.25,36.5,1.));
#89 = VERTEX_POINT('',#90);
#90 = CARTESIAN_POINT('',(65.,36.5,1.));
#91 = SURFACE_CURVE('',#92,(#96,#108),.PCURVE_S1.);
#92 = LINE('',#93,#94);
#93 = CARTESIAN_POINT('',(49.25,36.5,1.));
#94 = VECTOR('',#95,1.);
#95 = DIRECTION('',(1.,0.,0.));
#96 = PCURVE('',#97,#102);
#97 = PLANE('',#98);
#98 = AXIS2_PLACEMENT_3D('',#99,#100,#101);
#99 = CARTESIAN_POINT('',(49.25,36.5,1.));
#100 = DIRECTION('',(0.,-0.707106781187,-0.707106781187));
#101 = DIRECTION('',(0.,-0.707106781187,0.707106781187));
#102 = DEFINITIONAL_REPRESENTATION('',(#103),#107);
#103 = LINE('',#104,#105);
#104 = CARTESIAN_POINT('',(0.,0.));
#105 = VECTOR('',#106,1.);
#106 = DIRECTION('',(0.,-1.));
#107 = ( GEOMETRIC_REPRESENTATION_CONTEXT(2) 
PARAMETRIC_REPRESENTATION_CONTEXT() REPRESENTATION_CONTEXT('2D SPACE',''
  ) );
#108 = PCURVE('',#109,#114);
#109 = PLANE('',#110);
#110 = AXIS2_PLACEMENT_3D('',#111,#112,#113);
#111 = CARTESIAN_POINT('',(49.25,36.5,-2.));
#112 = DIRECTION('',(0.,-1.,0.));
#113 = DIRECTION('',(0.,0.,1.));
#114 = DEFINITIONAL_REPRESENTATION('',(#115),#119);
#115 = LINE('',#116,#117);
#116 = CARTESIAN_POINT('',(3.,0.));
#117 = VECTOR('',#118,1.);
#118 = DIRECTION('',(0.,-1.));
#119 = ( GEOMETRIC_REPRESENTATION_CONTEXT(2) 
PARAMETRIC_REPRESENTATION_CONTEXT() REPRESENTATION_CONTEXT('2D SPACE',''
  ) );
#120 = ORIENTED_EDGE('',*,*,#121,.T.);
#121 = EDGE_CURVE('',#89,#122,#124,.T.);
#122 = VERTEX_POINT('',#123);
#123 = CARTESIAN_POINT('',(65.,31.5,6.));
#124 = SURFACE_CURVE('',#125,(#129,#136),.PCURVE_S1.);
#125 = LINE('',#126,#127);
#126 = CARTESIAN_POINT('',(65.,36.5,1.));
#127 = VECTOR('',#128,1.);
#128 = DIRECTION('',(0.,-0.707106781187,0.707106781187));
#129 = PCURVE('',#97,#130);
#130 = DEFINITIONAL_REPRESENTATION('',(#131),#135);
#131 = LINE('',#132,#133);
#132 = CARTESIAN_POINT('',(0.,-15.75));
#133 = VECTOR('',#134,1.);
#134 = DIRECTION('',(1.,0.));
#135 = ( GEOMETRIC_REPRESENTATION_CONTEXT(2) 
PARAMETRIC_REPRESENTATION_CONTEXT() REPRESENTATION_CONTEXT('2D SPACE',''
  ) );
#136 = PCURVE('',#137,#142);
#137 = PLANE('',#138);
#138 = AXIS2_PLACEMENT_3D('',#139,#140,#141);
#139 = CARTESIAN_POINT('',(65.,31.5,-0.5));
#140 = DIRECTION('',(1.,0.,0.));
#141 = DIRECTION('',(-0.,0.,1.));
#142 = DEFINITIONAL_REPRESENTATION('',(#143),#147);
#143 = LINE('',#144,#145);
#144 = CARTESIAN_POINT('',(1.5,-5.));
#145 = VECTOR('',#146,1.);
#146 = DIRECTION('',(0.707106781187,0.707106781187));
#147 = ( GEOMETRIC_REPRESENTATION_CONTEXT(2) 
PARAMETRIC_REPRESENTATION_CONTEXT() REPRESENTATION_CONTEXT('2D SPACE',''
  ) );
#148 = ORIENTED_EDGE('',*,*,#149,.F.);
#149 = EDGE_CURVE('',#150,#122,#152,.T.);
#150 = VERTEX_POINT('',#151);
#151 = CARTESIAN_POINT('',(49.25,31.5,6.));
#152 = SURFACE_CURVE('',#153,(#157,#164),.PCURVE_S1.);
#153 = LINE('',#154,#155);
#154 = CARTESIAN_POINT('',(49.25,31.5,6.));
#155 = VECTOR('',#156,1.);
#156 = DIRECTION('',(1.,0.,0.));
#157 = PCURVE('',#97,#158);
#158 = DEFINITIONAL_REPRESENTATION('',(#159),#163);
#159 = LINE('',#160,#161);
#160 = CARTESIAN_POINT('',(7.071067811865,0.));
#161 = VECTOR('',#162,1.);
#162 = DIRECTION('',(0.,-1.));
#163 = ( GEOMETRIC_REPRESENTATION_CONTEXT(2) 
PARAMETRIC_REPRESENTATION_CONTEXT() REPRESENTATION_CONTEXT('2D SPACE',''
  ) );
#164 = PCURVE('',#165,#170);
#165 = PLANE('',#166);
#166 = AXIS2_PLACEMENT_3D('',#167,#168,#169);
#167 = CARTESIAN_POINT('',(49.25,31.5,0.));
#168 = DIRECTION('',(0.,1.,0.));
#169 = DIRECTION('',(0.,0.,1.));
#170 = DEFINITIONAL_REPRESENTATION('',(#171),#175);
#171 = LINE('',#172,#173);
#172 = CARTESIAN_POINT('',(6.,0.));
#173 = VECTOR('',#174,1.);
#174 = DIRECTION('',(0.,1.));
#175 = ( GEOMETRIC_REPRESENTATION_CONTEXT(2) 
PARAMETRIC_REPRESENTATION_CONTEXT() REPRESENTATION_CONTEXT('2D SPACE',''
  ) );
#176 = ORIENTED_EDGE('',*,*,#177,.F.);
#177 = EDGE_CURVE('',#87,#150,#178,.T.);
#178 = SURFACE_CURVE('',#179,(#183,#190),.PCURVE_S1.);
#179 = LINE('',#180,#181);
#180 = CARTESIAN_POINT('',(49.25,36.5,1.));
#181 = VECTOR('',#182,1.);
#182 = DIRECTION('',(0.,-0.707106781187,0.707106781187));
#183 = PCURVE('',#97,#184);
#184 = DEFINITIONAL_REPRESENTATION('',(#185),#189);
#185 = LINE('',#186,#187);
#186 = CARTESIAN_POINT('',(0.,0.));
#187 = VECTOR('',#188,1.);
#188 = DIRECTION('',(1.,0.));
#189 = ( GEOMETRIC_REPRESENTATION_CONTEXT(2) 
PARAMETRIC_REPRESENTATION_CONTEXT() REPRESENTATION_CONTEXT('2D SPACE',''
  ) );
#190 = PCURVE('',#191,#196);
#191 = PLANE('',#192);
#192 = AXIS2_PLACEMENT_3D('',#193,#194,#195);
#193 = CARTESIAN_POINT('',(49.25,31.5,-0.5));
#194 = DIRECTION('',(1.,0.,0.));
#195 = DIRECTION('',(-0.,0.,1.));
#196 = DEFINITIONAL_REPRESENTATION('',(#197),#201);
#197 = LINE('',#198,#199);
#198 = CARTESIAN_POINT('',(1.5,-5.));
#199 = VECTOR('',#200,1.);
#200 = DIRECTION('',(0.707106781187,0.707106781187));
#201 = ( GEOMETRIC_REPRESENTATION_CONTEXT(2) 
PARAMETRIC_REPRESENTATION_CONTEXT() REPRESENTATION_CONTEXT('2D SPACE',''
  ) );
#202 = ADVANCED_FACE('',(#203),#109,.F.);
#203 = FACE_BOUND('',#204,.F.);
#204 = EDGE_LOOP('',(#205,#235,#256,#257));
#205 = ORIENTED_EDGE('',*,*,#206,.T.);
#206 = EDGE_CURVE('',#207,#209,#211,.T.);
#207 = VERTEX_POINT('',#208);
#208 = CARTESIAN_POINT('',(49.25,36.5,-2.));
#209 = VERTEX_POINT('',#210);
#210 = CARTESIAN_POINT('',(65.,36.5,-2.));
#211 = SURFACE_CURVE('',#212,(#216,#223),.PCURVE_S1.);
#212 = LINE('',#213,#214);
#213 = CARTESIAN_POINT('',(49.25,36.5,-2.));
#214 = VECTOR('',#215,1.);
#215 = DIRECTION('',(1.,0.,0.));
#216 = PCURVE('',#109,#217);
#217 = DEFINITIONAL_REPRESENTATION('',(#218),#222);
#218 = LINE('',#219,#220);
#219 = CARTESIAN_POINT('',(0.,0.));
#220 = VECTOR('',#221,1.);
#221 = DIRECTION('',(0.,-1.));
#222 = ( GEOMETRIC_REPRESENTATION_CONTEXT(2) 
PARAMETRIC_REPRESENTATION_CONTEXT() REPRESENTATION_CONTEXT('2D SPACE',''
  ) );
#223 = PCURVE('',#224,#229);
#224 = PLANE('',#225);
#225 = AXIS2_PLACEMENT_3D('',#226,#227,#228);
#226 = CARTESIAN_POINT('',(49.25,31.5,-7.));
#227 = DIRECTION('',(0.,-0.707106781187,0.707106781187));
#228 = DIRECTION('',(0.,0.707106781187,0.707106781187));
#229 = DEFINITIONAL_REPRESENTATION('',(#230),#234);
#230 = LINE('',#231,#232);
#231 = CARTESIAN_POINT('',(7.071067811865,0.));
#232 = VECTOR('',#233,1.);
#233 = DIRECTION('',(0.,-1.));
#234 = ( GEOMETRIC_REPRESENTATION_CONTEXT(2) 
PARAMETRIC_REPRESENTATION_CONTEXT() REPRESENTATION_CONTEXT('2D SPACE',''
  ) );
#235 = ORIENTED_EDGE('',*,*,#236,.T.);
#236 = EDGE_CURVE('',#209,#89,#237,.T.);
#237 = SURFACE_CURVE('',#238,(#242,#249),.PCURVE_S1.);
#238 = LINE('',#239,#240);
#239 = CARTESIAN_POINT('',(65.,36.5,-2.));
#240 = VECTOR('',#241,1.);
#241 = DIRECTION('',(0.,0.,1.));
#242 = PCURVE('',#109,#243);
#243 = DEFINITIONAL_REPRESENTATION('',(#244),#248);
#244 = LINE('',#245,#246);
#245 = CARTESIAN_POINT('',(0.,-15.75));
#246 = VECTOR('',#247,1.);
#247 = DIRECTION('',(1.,0.));
#248 = ( GEOMETRIC_REPRESENTATION_CONTEXT(2) 
PARAMETRIC_REPRESENTATION_CONTEXT() REPRESENTATION_CONTEXT('2D SPACE',''
  ) );
#249 = PCURVE('',#137,#250);
#250 = DEFINITIONAL_REPRESENTATION('',(#251),#255);
#251 = LINE('',#252,#253);
#252 = CARTESIAN_POINT('',(-1.5,-5.));
#253 = VECTOR('',#254,1.);
#254 = DIRECTION('',(1.,0.));
#255 = ( GEOMETRIC_REPRESENTATION_CONTEXT(2) 
PARAMETRIC_REPRESENTATION_CONTEXT() REPRESENTATION_CONTEXT('2D SPACE',''
  ) );
#256 = ORIENTED_EDGE('',*,*,#86,.F.);
#257 = ORIENTED_EDGE('',*,*,#258,.F.);
#258 = EDGE_CURVE('',#207,#87,#259,.T.);
#259 = SURFACE_CURVE('',#260,(#264,#271),.PCURVE_S1.);
#260 = LINE('',#261,#262);
#261 = CARTESIAN_POINT('',(49.25,36.5,-2.));
#262 = VECTOR('',#263,1.);
#263 = DIRECTION('',(0.,0.,1.));
#264 = PCURVE('',#109,#265);
#265 = DEFINITIONAL_REPRESENTATION('',(#266),#270);
#266 = LINE('',#267,#268);
#267 = CARTESIAN_POINT('',(0.,0.));
#268 = VECTOR('',#269,1.);
#269 = DIRECTION('',(1.,0.));
#270 = ( GEOMETRIC_REPRESENTATION_CONTEXT(2) 
PARAMETRIC_REPRESENTATION_CONTEXT() REPRESENTATION_CONTEXT('2D SPACE',''
  ) );
#271 = PCURVE('',#191,#272);
#272 = DEFINITIONAL_REPRESENTATION('',(#273),#277);
#273 = LINE('',#274,#275);
#274 = CARTESIAN_POINT('',(-1.5,-5.));
#275 = VECTOR('',#276,1.);
#276 = DIRECTION('',(1.,0.));
#277 = ( GEOMETRIC_REPRESENTATION_CONTEXT(2) 
PARAMETRIC_REPRESENTATION_CONTEXT() REPRESENTATION_CONTEXT('2D SPACE',''
  ) );
#278 = ADVANCED_FACE('',(#279),#165,.T.);
#279 = FACE_BOUND('',#280,.T.);
#280 = EDGE_LOOP('',(#281,#304,#305,#328));
#281 = ORIENTED_EDGE('',*,*,#282,.F.);
#282 = EDGE_CURVE('',#122,#283,#285,.T.);
#283 = VERTEX_POINT('',#284);
#284 = CARTESIAN_POINT('',(65.,31.5,10.));
#285 = SURFACE_CURVE('',#286,(#290,#297),.PCURVE_S1.);
#286 = LINE('',#287,#288);
#287 = CARTESIAN_POINT('',(65.,31.5,0.));
#288 = VECTOR('',#289,1.);
#289 = DIRECTION('',(0.,0.,1.));
#290 = PCURVE('',#165,#291);
#291 = DEFINITIONAL_REPRESENTATION('',(#292),#296);
#292 = LINE('',#293,#294);
#293 = CARTESIAN_POINT('',(0.,15.75));
#294 = VECTOR('',#295,1.);
#295 = DIRECTION('',(1.,0.));
#296 = ( GEOMETRIC_REPRESENTATION_CONTEXT(2) 
PARAMETRIC_REPRESENTATION_CONTEXT() REPRESENTATION_CONTEXT('2D SPACE',''
  ) );
#297 = PCURVE('',#137,#298);
#298 = DEFINITIONAL_REPRESENTATION('',(#299),#303);
#299 = LINE('',#300,#301);
#300 = CARTESIAN_POINT('',(0.5,3.552713678801E-15));
#301 = VECTOR('',#302,1.);
#302 = DIRECTION('',(1.,0.));
#303 = ( GEOMETRIC_REPRESENTATION_CONTEXT(2) 
PARAMETRIC_REPRESENTATION_CONTEXT() REPRESENTATION_CONTEXT('2D SPACE',''
  ) );
#304 = ORIENTED_EDGE('',*,*,#149,.F.);
#305 = ORIENTED_EDGE('',*,*,#306,.T.);
#306 = EDGE_CURVE('',#150,#307,#309,.T.);
#307 = VERTEX_POINT('',#308);
#308 = CARTESIAN_POINT('',(49.25,31.5,10.));
#309 = SURFACE_CURVE('',#310,(#314,#321),.PCURVE_S1.);
#310 = LINE('',#311,#312);
#311 = CARTESIAN_POINT('',(49.25,31.5,0.));
#312 = VECTOR('',#313,1.);
#313 = DIRECTION('',(0.,0.,1.));
#314 = PCURVE('',#165,#315);
#315 = DEFINITIONAL_REPRESENTATION('',(#316),#320);
#316 = LINE('',#317,#318);
#317 = CARTESIAN_POINT('',(0.,0.));
#318 = VECTOR('',#319,1.);
#319 = DIRECTION('',(1.,0.));
#320 = ( GEOMETRIC_REPRESENTATION_CONTEXT(2) 
PARAMETRIC_REPRESENTATION_CONTEXT() REPRESENTATION_CONTEXT('2D SPACE',''
  ) );
#321 = PCURVE('',#191,#322);
#322 = DEFINITIONAL_REPRESENTATION('',(#323),#327);
#323 = LINE('',#324,#325);
#324 = CARTESIAN_POINT('',(0.5,3.552713678801E-15));
#325 = VECTOR('',#326,1.);
#326 = DIRECTION('',(1.,0.));
#327 = ( GEOMETRIC_REPRESENTATION_CONTEXT(2) 
PARAMETRIC_REPRESENTATION_CONTEXT() REPRESENTATION_CONTEXT('2D SPACE',''
  ) );
#328 = ORIENTED_EDGE('',*,*,#329,.T.);
#329 = EDGE_CURVE('',#307,#283,#330,.T.);
#330 = SURFACE_CURVE('',#331,(#335,#342),.PCURVE_S1.);
#331 = LINE('',#332,#333);
#332 = CARTESIAN_POINT('',(49.25,31.5,10.));
#333 = VECTOR('',#334,1.);
#334 = DIRECTION('',(1.,0.,0.));
#335 = PCURVE('',#165,#336);
#336 = DEFINITIONAL_REPRESENTATION('',(#337),#341);
#337 = LINE('',#338,#339);
#338 = CARTESIAN_POINT('',(10.,0.));
#339 = VECTOR('',#340,1.);
#340 = DIRECTION('',(0.,1.));
#341 = ( GEOMETRIC_REPRESENTATION_CONTEXT(2) 
PARAMETRIC_REPRESENTATION_CONTEXT() REPRESENTATION_CONTEXT('2D SPACE',''
  ) );
#342 = PCURVE('',#343,#348);
#343 = PLANE('',#344);
#344 = AXIS2_PLACEMENT_3D('',#345,#346,#347);
#345 = CARTESIAN_POINT('',(49.25,24.,10.));
#346 = DIRECTION('',(0.,0.,1.));
#347 = DIRECTION('',(1.,0.,0.));
#348 = DEFINITIONAL_REPRESENTATION('',(#349),#353);
#349 = LINE('',#350,#351);
#350 = CARTESIAN_POINT('',(0.,7.5));
#351 = VECTOR('',#352,1.);
#352 = DIRECTION('',(1.,0.));
#353 = ( GEOMETRIC_REPRESENTATION_CONTEXT(2) 
PARAMETRIC_REPRESENTATION_CONTEXT() REPRESENTATION_CONTEXT('2D SPACE',''
  ) );
#354 = ADVANCED_FACE('',(#355,#516),#191,.F.);
#355 = FACE_BOUND('',#356,.F.);
#356 = EDGE_LOOP('',(#357,#358,#359,#360,#383,#411,#439,#467,#495));
#357 = ORIENTED_EDGE('',*,*,#258,.T.);
#358 = ORIENTED_EDGE('',*,*,#177,.T.);
#359 = ORIENTED_EDGE('',*,*,#306,.T.);
#360 = ORIENTED_EDGE('',*,*,#361,.F.);
#361 = EDGE_CURVE('',#362,#307,#364,.T.);
#362 = VERTEX_POINT('',#363);
#363 = CARTESIAN_POINT('',(49.25,24.,10.));
#364 = SURFACE_CURVE('',#365,(#369,#376),.PCURVE_S1.);
#365 = LINE('',#366,#367);
#366 = CARTESIAN_POINT('',(49.25,24.,10.));
#367 = VECTOR('',#368,1.);
#368 = DIRECTION('',(0.,1.,0.));
#369 = PCURVE('',#191,#370);
#370 = DEFINITIONAL_REPRESENTATION('',(#371),#375);
#371 = LINE('',#372,#373);
#372 = CARTESIAN_POINT('',(10.5,7.5));
#373 = VECTOR('',#374,1.);
#374 = DIRECTION('',(0.,-1.));
#375 = ( GEOMETRIC_REPRESENTATION_CONTEXT(2) 
PARAMETRIC_REPRESENTATION_CONTEXT() REPRESENTATION_CONTEXT('2D SPACE',''
  ) );
#376 = PCURVE('',#343,#377);
#377 = DEFINITIONAL_REPRESENTATION('',(#378),#382);
#378 = LINE('',#379,#380);
#379 = CARTESIAN_POINT('',(0.,0.));
#380 = VECTOR('',#381,1.);
#381 = DIRECTION('',(0.,1.));
#382 = ( GEOMETRIC_REPRESENTATION_CONTEXT(2) 
PARAMETRIC_REPRESENTATION_CONTEXT() REPRESENTATION_CONTEXT('2D SPACE',''
  ) );
#383 = ORIENTED_EDGE('',*,*,#384,.F.);
#384 = EDGE_CURVE('',#385,#362,#387,.T.);
#385 = VERTEX_POINT('',#386);
#386 = CARTESIAN_POINT('',(49.25,24.,0.));
#387 = SURFACE_CURVE('',#388,(#392,#399),.PCURVE_S1.);
#388 = LINE('',#389,#390);
#389 = CARTESIAN_POINT('',(49.25,24.,0.));
#390 = VECTOR('',#391,1.);
#391 = DIRECTION('',(0.,0.,1.));
#392 = PCURVE('',#191,#393);
#393 = DEFINITIONAL_REPRESENTATION('',(#394),#398);
#394 = LINE('',#395,#396);
#395 = CARTESIAN_POINT('',(0.5,7.5));
#396 = VECTOR('',#397,1.);
#397 = DIRECTION('',(1.,0.));
#398 = ( GEOMETRIC_REPRESENTATION_CONTEXT(2) 
PARAMETRIC_REPRESENTATION_CONTEXT() REPRESENTATION_CONTEXT('2D SPACE',''
  ) );
#399 = PCURVE('',#400,#405);
#400 = PLANE('',#401);
#401 = AXIS2_PLACEMENT_3D('',#402,#403,#404);
#402 = CARTESIAN_POINT('',(0.,24.,0.));
#403 = DIRECTION('',(0.,1.,0.));
#404 = DIRECTION('',(0.,0.,1.));
#405 = DEFINITIONAL_REPRESENTATION('',(#406),#410);
#406 = LINE('',#407,#408);
#407 = CARTESIAN_POINT('',(0.,49.25));
#408 = VECTOR('',#409,1.);
#409 = DIRECTION('',(1.,0.));
#410 = ( GEOMETRIC_REPRESENTATION_CONTEXT(2) 
PARAMETRIC_REPRESENTATION_CONTEXT() REPRESENTATION_CONTEXT('2D SPACE',''
  ) );
#411 = ORIENTED_EDGE('',*,*,#412,.T.);
#412 = EDGE_CURVE('',#385,#413,#415,.T.);
#413 = VERTEX_POINT('',#414);
#414 = CARTESIAN_POINT('',(49.25,26.5,0.));
#415 = SURFACE_CURVE('',#416,(#420,#427),.PCURVE_S1.);
#416 = LINE('',#417,#418);
#417 = CARTESIAN_POINT('',(49.25,24.,0.));
#418 = VECTOR('',#419,1.);
#419 = DIRECTION('',(0.,1.,0.));
#420 = PCURVE('',#191,#421);
#421 = DEFINITIONAL_REPRESENTATION('',(#422),#426);
#422 = LINE('',#423,#424);
#423 = CARTESIAN_POINT('',(0.5,7.5));
#424 = VECTOR('',#425,1.);
#425 = DIRECTION('',(0.,-1.));
#426 = ( GEOMETRIC_REPRESENTATION_CONTEXT(2) 
PARAMETRIC_REPRESENTATION_CONTEXT() REPRESENTATION_CONTEXT('2D SPACE',''
  ) );
#427 = PCURVE('',#428,#433);
#428 = PLANE('',#429);
#429 = AXIS2_PLACEMENT_3D('',#430,#431,#432);
#430 = CARTESIAN_POINT('',(49.25,24.,0.));
#431 = DIRECTION('',(0.,0.,1.));
#432 = DIRECTION('',(1.,0.,0.));
#433 = DEFINITIONAL_REPRESENTATION('',(#434),#438);
#434 = LINE('',#435,#436);
#435 = CARTESIAN_POINT('',(0.,0.));
#436 = VECTOR('',#437,1.);
#437 = DIRECTION('',(0.,1.));
#438 = ( GEOMETRIC_REPRESENTATION_CONTEXT(2) 
PARAMETRIC_REPRESENTATION_CONTEXT() REPRESENTATION_CONTEXT('2D SPACE',''
  ) );
#439 = ORIENTED_EDGE('',*,*,#440,.T.);
#440 = EDGE_CURVE('',#413,#441,#443,.T.);
#441 = VERTEX_POINT('',#442);
#442 = CARTESIAN_POINT('',(49.25,26.5,-2.));
#443 = SURFACE_CURVE('',#444,(#448,#455),.PCURVE_S1.);
#444 = LINE('',#445,#446);
#445 = CARTESIAN_POINT('',(49.25,26.5,1.));
#446 = VECTOR('',#447,1.);
#447 = DIRECTION('',(0.,0.,-1.));
#448 = PCURVE('',#191,#449);
#449 = DEFINITIONAL_REPRESENTATION('',(#450),#454);
#450 = LINE('',#451,#452);
#451 = CARTESIAN_POINT('',(1.5,5.));
#452 = VECTOR('',#453,1.);
#453 = DIRECTION('',(-1.,0.));
#454 = ( GEOMETRIC_REPRESENTATION_CONTEXT(2) 
PARAMETRIC_REPRESENTATION_CONTEXT() REPRESENTATION_CONTEXT('2D SPACE',''
  ) );
#455 = PCURVE('',#456,#461);
#456 = PLANE('',#457);
#457 = AXIS2_PLACEMENT_3D('',#458,#459,#460);
#458 = CARTESIAN_POINT('',(49.25,26.5,1.));
#459 = DIRECTION('',(-0.,1.,0.));
#460 = DIRECTION('',(0.,0.,-1.));
#461 = DEFINITIONAL_REPRESENTATION('',(#462),#466);
#462 = LINE('',#463,#464);
#463 = CARTESIAN_POINT('',(0.,0.));
#464 = VECTOR('',#465,1.);
#465 = DIRECTION('',(1.,0.));
#466 = ( GEOMETRIC_REPRESENTATION_CONTEXT(2) 
PARAMETRIC_REPRESENTATION_CONTEXT() REPRESENTATION_CONTEXT('2D SPACE',''
  ) );
#467 = ORIENTED_EDGE('',*,*,#468,.T.);
#468 = EDGE_CURVE('',#441,#469,#471,.T.);
#469 = VERTEX_POINT('',#470);
#470 = CARTESIAN_POINT('',(49.25,31.5,-7.));
#471 = SURFACE_CURVE('',#472,(#476,#483),.PCURVE_S1.);
#472 = LINE('',#473,#474);
#473 = CARTESIAN_POINT('',(49.25,26.5,-2.));
#474 = VECTOR('',#475,1.);
#475 = DIRECTION('',(0.,0.707106781187,-0.707106781187));
#476 = PCURVE('',#191,#477);
#477 = DEFINITIONAL_REPRESENTATION('',(#478),#482);
#478 = LINE('',#479,#480);
#479 = CARTESIAN_POINT('',(-1.5,5.));
#480 = VECTOR('',#481,1.);
#481 = DIRECTION('',(-0.707106781187,-0.707106781187));
#482 = ( GEOMETRIC_REPRESENTATION_CONTEXT(2) 
PARAMETRIC_REPRESENTATION_CONTEXT() REPRESENTATION_CONTEXT('2D SPACE',''
  ) );
#483 = PCURVE('',#484,#489);
#484 = PLANE('',#485);
#485 = AXIS2_PLACEMENT_3D('',#486,#487,#488);
#486 = CARTESIAN_POINT('',(49.25,26.5,-2.));
#487 = DIRECTION('',(-0.,0.707106781187,0.707106781187));
#488 = DIRECTION('',(0.,0.707106781187,-0.707106781187));
#489 = DEFINITIONAL_REPRESENTATION('',(#490),#494);
#490 = LINE('',#491,#492);
#491 = CARTESIAN_POINT('',(0.,0.));
#492 = VECTOR('',#493,1.);
#493 = DIRECTION('',(1.,0.));
#494 = ( GEOMETRIC_REPRESENTATION_CONTEXT(2) 
PARAMETRIC_REPRESENTATION_CONTEXT() REPRESENTATION_CONTEXT('2D SPACE',''
  ) );
#495 = ORIENTED_EDGE('',*,*,#496,.T.);
#496 = EDGE_CURVE('',#469,#207,#497,.T.);
#497 = SURFACE_CURVE('',#498,(#502,#509),.PCURVE_S1.);
#498 = LINE('',#499,#500);
#499 = CARTESIAN_POINT('',(49.25,31.5,-7.));
#500 = VECTOR('',#501,1.);
#501 = DIRECTION('',(0.,0.707106781187,0.707106781187));
#502 = PCURVE('',#191,#503);
#503 = DEFINITIONAL_REPRESENTATION('',(#504),#508);
#504 = LINE('',#505,#506);
#505 = CARTESIAN_POINT('',(-6.5,3.552713678801E-15));
#506 = VECTOR('',#507,1.);
#507 = DIRECTION('',(0.707106781187,-0.707106781187));
#508 = ( GEOMETRIC_REPRESENTATION_CONTEXT(2) 
PARAMETRIC_REPRESENTATION_CONTEXT() REPRESENTATION_CONTEXT('2D SPACE',''
  ) );
#509 = PCURVE('',#224,#510);
#510 = DEFINITIONAL_REPRESENTATION('',(#511),#515);
#511 = LINE('',#512,#513);
#512 = CARTESIAN_POINT('',(0.,0.));
#513 = VECTOR('',#514,1.);
#514 = DIRECTION('',(1.,0.));
#515 = ( GEOMETRIC_REPRESENTATION_CONTEXT(2) 
PARAMETRIC_REPRESENTATION_CONTEXT() REPRESENTATION_CONTEXT('2D SPACE',''
  ) );
#516 = FACE_BOUND('',#517,.F.);
#517 = EDGE_LOOP('',(#518));
#518 = ORIENTED_EDGE('',*,*,#519,.F.);
#519 = EDGE_CURVE('',#520,#520,#522,.T.);
#520 = VERTEX_POINT('',#521);
#521 = CARTESIAN_POINT('',(49.25,31.5,3.065685424949));
#522 = SURFACE_CURVE('',#523,(#528,#535),.PCURVE_S1.);
#523 = CIRCLE('',#524,3.565685424949);
#524 = AXIS2_PLACEMENT_3D('',#525,#526,#527);
#525 = CARTESIAN_POINT('',(49.25,31.5,-0.5));
#526 = DIRECTION('',(1.,0.,0.));
#527 = DIRECTION('',(-0.,0.,1.));
#528 = PCURVE('',#191,#529);
#529 = DEFINITIONAL_REPRESENTATION('',(#530),#534);
#530 = CIRCLE('',#531,3.565685424949);
#531 = AXIS2_PLACEMENT_2D('',#532,#533);
#532 = CARTESIAN_POINT('',(0.,3.552713678801E-15));
#533 = DIRECTION('',(1.,0.));
#534 = ( GEOMETRIC_REPRESENTATION_CONTEXT(2) 
PARAMETRIC_REPRESENTATION_CONTEXT() REPRESENTATION_CONTEXT('2D SPACE',''
  ) );
#535 = PCURVE('',#536,#541);
#536 = CONICAL_SURFACE('',#537,4.065685424949,0.785398163397);
#537 = AXIS2_PLACEMENT_3D('',#538,#539,#540);
#538 = CARTESIAN_POINT('',(48.75,31.5,-0.5));
#539 = DIRECTION('',(-1.,-0.,-0.));
#540 = DIRECTION('',(-0.,0.,1.));
#541 = DEFINITIONAL_REPRESENTATION('',(#542),#546);
#542 = LINE('',#543,#544);
#543 = CARTESIAN_POINT('',(-0.,-0.5));
#544 = VECTOR('',#545,1.);
#545 = DIRECTION('',(-1.,-0.));
#546 = ( GEOMETRIC_REPRESENTATION_CONTEXT(2) 
PARAMETRIC_REPRESENTATION_CONTEXT() REPRESENTATION_CONTEXT('2D SPACE',''
  ) );
#547 = ADVANCED_FACE('',(#548),#137,.T.);
#548 = FACE_BOUND('',#549,.T.);
#549 = EDGE_LOOP('',(#550,#551,#552,#553,#576,#604,#627,#650,#673));
#550 = ORIENTED_EDGE('',*,*,#236,.T.);
#551 = ORIENTED_EDGE('',*,*,#121,.T.);
#552 = ORIENTED_EDGE('',*,*,#282,.T.);
#553 = ORIENTED_EDGE('',*,*,#554,.F.);
#554 = EDGE_CURVE('',#555,#283,#557,.T.);
#555 = VERTEX_POINT('',#556);
#556 = CARTESIAN_POINT('',(65.,-24.,10.));
#557 = SURFACE_CURVE('',#558,(#562,#569),.PCURVE_S1.);
#558 = LINE('',#559,#560);
#559 = CARTESIAN_POINT('',(65.,-24.,10.));
#560 = VECTOR('',#561,1.);
#561 = DIRECTION('',(0.,1.,0.));
#562 = PCURVE('',#137,#563);
#563 = DEFINITIONAL_REPRESENTATION('',(#564),#568);
#564 = LINE('',#565,#566);
#565 = CARTESIAN_POINT('',(10.5,55.5));
#566 = VECTOR('',#567,1.);
#567 = DIRECTION('',(0.,-1.));
#568 = ( GEOMETRIC_REPRESENTATION_CONTEXT(2) 
PARAMETRIC_REPRESENTATION_CONTEXT() REPRESENTATION_CONTEXT('2D SPACE',''
  ) );
#569 = PCURVE('',#343,#570);
#570 = DEFINITIONAL_REPRESENTATION('',(#571),#575);
#571 = LINE('',#572,#573);
#572 = CARTESIAN_POINT('',(15.75,-48.));
#573 = VECTOR('',#574,1.);
#574 = DIRECTION('',(0.,1.));
#575 = ( GEOMETRIC_REPRESENTATION_CONTEXT(2) 
PARAMETRIC_REPRESENTATION_CONTEXT() REPRESENTATION_CONTEXT('2D SPACE',''
  ) );
#576 = ORIENTED_EDGE('',*,*,#577,.F.);
#577 = EDGE_CURVE('',#578,#555,#580,.T.);
#578 = VERTEX_POINT('',#579);
#579 = CARTESIAN_POINT('',(65.,-24.,0.));
#580 = SURFACE_CURVE('',#581,(#585,#592),.PCURVE_S1.);
#581 = LINE('',#582,#583);
#582 = CARTESIAN_POINT('',(65.,-24.,0.));
#583 = VECTOR('',#584,1.);
#584 = DIRECTION('',(0.,0.,1.));
#585 = PCURVE('',#137,#586);
#586 = DEFINITIONAL_REPRESENTATION('',(#587),#591);
#587 = LINE('',#588,#589);
#588 = CARTESIAN_POINT('',(0.5,55.5));
#589 = VECTOR('',#590,1.);
#590 = DIRECTION('',(1.,0.));
#591 = ( GEOMETRIC_REPRESENTATION_CONTEXT(2) 
PARAMETRIC_REPRESENTATION_CONTEXT() REPRESENTATION_CONTEXT('2D SPACE',''
  ) );
#592 = PCURVE('',#593,#598);
#593 = PLANE('',#594);
#594 = AXIS2_PLACEMENT_3D('',#595,#596,#597);
#595 = CARTESIAN_POINT('',(0.,-24.,0.));
#596 = DIRECTION('',(0.,1.,0.));
#597 = DIRECTION('',(0.,0.,1.));
#598 = DEFINITIONAL_REPRESENTATION('',(#599),#603);
#599 = LINE('',#600,#601);
#600 = CARTESIAN_POINT('',(0.,65.));
#601 = VECTOR('',#602,1.);
#602 = DIRECTION('',(1.,0.));
#603 = ( GEOMETRIC_REPRESENTATION_CONTEXT(2) 
PARAMETRIC_REPRESENTATION_CONTEXT() REPRESENTATION_CONTEXT('2D SPACE',''
  ) );
#604 = ORIENTED_EDGE('',*,*,#605,.F.);
#605 = EDGE_CURVE('',#606,#578,#608,.T.);
#606 = VERTEX_POINT('',#607);
#607 = CARTESIAN_POINT('',(65.,26.5,0.));
#608 = SURFACE_CURVE('',#609,(#613,#620),.PCURVE_S1.);
#609 = LINE('',#610,#611);
#610 = CARTESIAN_POINT('',(65.,31.5,0.));
#611 = VECTOR('',#612,1.);
#612 = DIRECTION('',(0.,-1.,0.));
#613 = PCURVE('',#137,#614);
#614 = DEFINITIONAL_REPRESENTATION('',(#615),#619);
#615 = LINE('',#616,#617);
#616 = CARTESIAN_POINT('',(0.5,3.552713678801E-15));
#617 = VECTOR('',#618,1.);
#618 = DIRECTION('',(0.,1.));
#619 = ( GEOMETRIC_REPRESENTATION_CONTEXT(2) 
PARAMETRIC_REPRESENTATION_CONTEXT() REPRESENTATION_CONTEXT('2D SPACE',''
  ) );
#620 = PCURVE('',#428,#621);
#621 = DEFINITIONAL_REPRESENTATION('',(#622),#626);
#622 = LINE('',#623,#624);
#623 = CARTESIAN_POINT('',(15.75,7.5));
#624 = VECTOR('',#625,1.);
#625 = DIRECTION('',(0.,-1.));
#626 = ( GEOMETRIC_REPRESENTATION_CONTEXT(2) 
PARAMETRIC_REPRESENTATION_CONTEXT() REPRESENTATION_CONTEXT('2D SPACE',''
  ) );
#627 = ORIENTED_EDGE('',*,*,#628,.T.);
#628 = EDGE_CURVE('',#606,#629,#631,.T.);
#629 = VERTEX_POINT('',#630);
#630 = CARTESIAN_POINT('',(65.,26.5,-2.));
#631 = SURFACE_CURVE('',#632,(#636,#643),.PCURVE_S1.);
#632 = LINE('',#633,#634);
#633 = CARTESIAN_POINT('',(65.,26.5,1.));
#634 = VECTOR('',#635,1.);
#635 = DIRECTION('',(0.,0.,-1.));
#636 = PCURVE('',#137,#637);
#637 = DEFINITIONAL_REPRESENTATION('',(#638),#642);
#638 = LINE('',#639,#640);
#639 = CARTESIAN_POINT('',(1.5,5.));
#640 = VECTOR('',#641,1.);
#641 = DIRECTION('',(-1.,0.));
#642 = ( GEOMETRIC_REPRESENTATION_CONTEXT(2) 
PARAMETRIC_REPRESENTATION_CONTEXT() REPRESENTATION_CONTEXT('2D SPACE',''
  ) );
#643 = PCURVE('',#456,#644);
#644 = DEFINITIONAL_REPRESENTATION('',(#645),#649);
#645 = LINE('',#646,#647);
#646 = CARTESIAN_POINT('',(0.,-15.75));
#647 = VECTOR('',#648,1.);
#648 = DIRECTION('',(1.,0.));
#649 = ( GEOMETRIC_REPRESENTATION_CONTEXT(2) 
PARAMETRIC_REPRESENTATION_CONTEXT() REPRESENTATION_CONTEXT('2D SPACE',''
  ) );
#650 = ORIENTED_EDGE('',*,*,#651,.T.);
#651 = EDGE_CURVE('',#629,#652,#654,.T.);
#652 = VERTEX_POINT('',#653);
#653 = CARTESIAN_POINT('',(65.,31.5,-7.));
#654 = SURFACE_CURVE('',#655,(#659,#666),.PCURVE_S1.);
#655 = LINE('',#656,#657);
#656 = CARTESIAN_POINT('',(65.,26.5,-2.));
#657 = VECTOR('',#658,1.);
#658 = DIRECTION('',(0.,0.707106781187,-0.707106781187));
#659 = PCURVE('',#137,#660);
#660 = DEFINITIONAL_REPRESENTATION('',(#661),#665);
#661 = LINE('',#662,#663);
#662 = CARTESIAN_POINT('',(-1.5,5.));
#663 = VECTOR('',#664,1.);
#664 = DIRECTION('',(-0.707106781187,-0.707106781187));
#665 = ( GEOMETRIC_REPRESENTATION_CONTEXT(2) 
PARAMETRIC_REPRESENTATION_CONTEXT() REPRESENTATION_CONTEXT('2D SPACE',''
  ) );
#666 = PCURVE('',#484,#667);
#667 = DEFINITIONAL_REPRESENTATION('',(#668),#672);
#668 = LINE('',#669,#670);
#669 = CARTESIAN_POINT('',(0.,-15.75));
#670 = VECTOR('',#671,1.);
#671 = DIRECTION('',(1.,0.));
#672 = ( GEOMETRIC_REPRESENTATION_CONTEXT(2) 
PARAMETRIC_REPRESENTATION_CONTEXT() REPRESENTATION_CONTEXT('2D SPACE',''
  ) );
#673 = ORIENTED_EDGE('',*,*,#674,.T.);
#674 = EDGE_CURVE('',#652,#209,#675,.T.);
#675 = SURFACE_CURVE('',#676,(#680,#687),.PCURVE_S1.);
#676 = LINE('',#677,#678);
#677 = CARTESIAN_POINT('',(65.,31.5,-7.));
#678 = VECTOR('',#679,1.);
#679 = DIRECTION('',(0.,0.707106781187,0.707106781187));
#680 = PCURVE('',#137,#681);
#681 = DEFINITIONAL_REPRESENTATION('',(#682),#686);
#682 = LINE('',#683,#684);
#683 = CARTESIAN_POINT('',(-6.5,3.552713678801E-15));
#684 = VECTOR('',#685,1.);
#685 = DIRECTION('',(0.707106781187,-0.707106781187));
#686 = ( GEOMETRIC_REPRESENTATION_CONTEXT(2) 
PARAMETRIC_REPRESENTATION_CONTEXT() REPRESENTATION_CONTEXT('2D SPACE',''
  ) );
#687 = PCURVE('',#224,#688);
#688 = DEFINITIONAL_REPRESENTATION('',(#689),#693);
#689 = LINE('',#690,#691);
#690 = CARTESIAN_POINT('',(0.,-15.75));
#691 = VECTOR('',#692,1.);
#692 = DIRECTION('',(1.,0.));
#693 = ( GEOMETRIC_REPRESENTATION_CONTEXT(2) 
PARAMETRIC_REPRESENTATION_CONTEXT() REPRESENTATION_CONTEXT('2D SPACE',''
  ) );
#694 = ADVANCED_FACE('',(#695),#224,.F.);
#695 = FACE_BOUND('',#696,.F.);
#696 = EDGE_LOOP('',(#697,#718,#719,#720));
#697 = ORIENTED_EDGE('',*,*,#698,.T.);
#698 = EDGE_CURVE('',#469,#652,#699,.T.);
#699 = SURFACE_CURVE('',#700,(#704,#711),.PCURVE_S1.);
#700 = LINE('',#701,#702);
#701 = CARTESIAN_POINT('',(49.25,31.5,-7.));
#702 = VECTOR('',#703,1.);
#703 = DIRECTION('',(1.,0.,0.));
#704 = PCURVE('',#224,#705);
#705 = DEFINITIONAL_REPRESENTATION('',(#706),#710);
#706 = LINE('',#707,#708);
#707 = CARTESIAN_POINT('',(0.,0.));
#708 = VECTOR('',#709,1.);
#709 = DIRECTION('',(0.,-1.));
#710 = ( GEOMETRIC_REPRESENTATION_CONTEXT(2) 
PARAMETRIC_REPRESENTATION_CONTEXT() REPRESENTATION_CONTEXT('2D SPACE',''
  ) );
#711 = PCURVE('',#484,#712);
#712 = DEFINITIONAL_REPRESENTATION('',(#713),#717);
#713 = LINE('',#714,#715);
#714 = CARTESIAN_POINT('',(7.071067811865,0.));
#715 = VECTOR('',#716,1.);
#716 = DIRECTION('',(0.,-1.));
#717 = ( GEOMETRIC_REPRESENTATION_CONTEXT(2) 
PARAMETRIC_REPRESENTATION_CONTEXT() REPRESENTATION_CONTEXT('2D SPACE',''
  ) );
#718 = ORIENTED_EDGE('',*,*,#674,.T.);
#719 = ORIENTED_EDGE('',*,*,#206,.F.);
#720 = ORIENTED_EDGE('',*,*,#496,.F.);
#721 = ADVANCED_FACE('',(#722,#855,#890,#925,#960),#343,.T.);
#722 = FACE_BOUND('',#723,.T.);
#723 = EDGE_LOOP('',(#724,#725,#748,#776,#804,#832,#853,#854));
#724 = ORIENTED_EDGE('',*,*,#361,.F.);
#725 = ORIENTED_EDGE('',*,*,#726,.F.);
#726 = EDGE_CURVE('',#727,#362,#729,.T.);
#727 = VERTEX_POINT('',#728);
#728 = CARTESIAN_POINT('',(15.75,24.,10.));
#729 = SURFACE_CURVE('',#730,(#734,#741),.PCURVE_S1.);
#730 = LINE('',#731,#732);
#731 = CARTESIAN_POINT('',(0.,24.,10.));
#732 = VECTOR('',#733,1.);
#733 = DIRECTION('',(1.,0.,0.));
#734 = PCURVE('',#343,#735);
#735 = DEFINITIONAL_REPRESENTATION('',(#736),#740);
#736 = LINE('',#737,#738);
#737 = CARTESIAN_POINT('',(-49.25,0.));
#738 = VECTOR('',#739,1.);
#739 = DIRECTION('',(1.,0.));
#740 = ( GEOMETRIC_REPRESENTATION_CONTEXT(2) 
PARAMETRIC_REPRESENTATION_CONTEXT() REPRESENTATION_CONTEXT('2D SPACE',''
  ) );
#741 = PCURVE('',#400,#742);
#742 = DEFINITIONAL_REPRESENTATION('',(#743),#747);
#743 = LINE('',#744,#745);
#744 = CARTESIAN_POINT('',(10.,0.));
#745 = VECTOR('',#746,1.);
#746 = DIRECTION('',(0.,1.));
#747 = ( GEOMETRIC_REPRESENTATION_CONTEXT(2) 
PARAMETRIC_REPRESENTATION_CONTEXT() REPRESENTATION_CONTEXT('2D SPACE',''
  ) );
#748 = ORIENTED_EDGE('',*,*,#749,.T.);
#749 = EDGE_CURVE('',#727,#750,#752,.T.);
#750 = VERTEX_POINT('',#751);
#751 = CARTESIAN_POINT('',(15.75,31.5,10.));
#752 = SURFACE_CURVE('',#753,(#757,#764),.PCURVE_S1.);
#753 = LINE('',#754,#755);
#754 = CARTESIAN_POINT('',(15.75,24.,10.));
#755 = VECTOR('',#756,1.);
#756 = DIRECTION('',(0.,1.,0.));
#757 = PCURVE('',#343,#758);
#758 = DEFINITIONAL_REPRESENTATION('',(#759),#763);
#759 = LINE('',#760,#761);
#760 = CARTESIAN_POINT('',(-33.5,0.));
#761 = VECTOR('',#762,1.);
#762 = DIRECTION('',(0.,1.));
#763 = ( GEOMETRIC_REPRESENTATION_CONTEXT(2) 
PARAMETRIC_REPRESENTATION_CONTEXT() REPRESENTATION_CONTEXT('2D SPACE',''
  ) );
#764 = PCURVE('',#765,#770);
#765 = PLANE('',#766);
#766 = AXIS2_PLACEMENT_3D('',#767,#768,#769);
#767 = CARTESIAN_POINT('',(15.75,31.5,-0.5));
#768 = DIRECTION('',(1.,0.,0.));
#769 = DIRECTION('',(-0.,0.,1.));
#770 = DEFINITIONAL_REPRESENTATION('',(#771),#775);
#771 = LINE('',#772,#773);
#772 = CARTESIAN_POINT('',(10.5,7.5));
#773 = VECTOR('',#774,1.);
#774 = DIRECTION('',(0.,-1.));
#775 = ( GEOMETRIC_REPRESENTATION_CONTEXT(2) 
PARAMETRIC_REPRESENTATION_CONTEXT() REPRESENTATION_CONTEXT('2D SPACE',''
  ) );
#776 = ORIENTED_EDGE('',*,*,#777,.F.);
#777 = EDGE_CURVE('',#778,#750,#780,.T.);
#778 = VERTEX_POINT('',#779);
#779 = CARTESIAN_POINT('',(0.,31.5,10.));
#780 = SURFACE_CURVE('',#781,(#785,#792),.PCURVE_S1.);
#781 = LINE('',#782,#783);
#782 = CARTESIAN_POINT('',(0.,31.5,10.));
#783 = VECTOR('',#784,1.);
#784 = DIRECTION('',(1.,0.,0.));
#785 = PCURVE('',#343,#786);
#786 = DEFINITIONAL_REPRESENTATION('',(#787),#791);
#787 = LINE('',#788,#789);
#788 = CARTESIAN_POINT('',(-49.25,7.5));
#789 = VECTOR('',#790,1.);
#790 = DIRECTION('',(1.,0.));
#791 = ( GEOMETRIC_REPRESENTATION_CONTEXT(2) 
PARAMETRIC_REPRESENTATION_CONTEXT() REPRESENTATION_CONTEXT('2D SPACE',''
  ) );
#792 = PCURVE('',#793,#798);
#793 = PLANE('',#794);
#794 = AXIS2_PLACEMENT_3D('',#795,#796,#797);
#795 = CARTESIAN_POINT('',(0.,31.5,0.));
#796 = DIRECTION('',(0.,1.,0.));
#797 = DIRECTION('',(0.,0.,1.));
#798 = DEFINITIONAL_REPRESENTATION('',(#799),#803);
#799 = LINE('',#800,#801);
#800 = CARTESIAN_POINT('',(10.,0.));
#801 = VECTOR('',#802,1.);
#802 = DIRECTION('',(0.,1.));
#803 = ( GEOMETRIC_REPRESENTATION_CONTEXT(2) 
PARAMETRIC_REPRESENTATION_CONTEXT() REPRESENTATION_CONTEXT('2D SPACE',''
  ) );
#804 = ORIENTED_EDGE('',*,*,#805,.F.);
#805 = EDGE_CURVE('',#806,#778,#808,.T.);
#806 = VERTEX_POINT('',#807);
#807 = CARTESIAN_POINT('',(0.,-24.,10.));
#808 = SURFACE_CURVE('',#809,(#813,#820),.PCURVE_S1.);
#809 = LINE('',#810,#811);
#810 = CARTESIAN_POINT('',(0.,-24.,10.));
#811 = VECTOR('',#812,1.);
#812 = DIRECTION('',(0.,1.,0.));
#813 = PCURVE('',#343,#814);
#814 = DEFINITIONAL_REPRESENTATION('',(#815),#819);
#815 = LINE('',#816,#817);
#816 = CARTESIAN_POINT('',(-49.25,-48.));
#817 = VECTOR('',#818,1.);
#818 = DIRECTION('',(0.,1.));
#819 = ( GEOMETRIC_REPRESENTATION_CONTEXT(2) 
PARAMETRIC_REPRESENTATION_CONTEXT() REPRESENTATION_CONTEXT('2D SPACE',''
  ) );
#820 = PCURVE('',#821,#826);
#821 = PLANE('',#822);
#822 = AXIS2_PLACEMENT_3D('',#823,#824,#825);
#823 = CARTESIAN_POINT('',(0.,31.5,-0.5));
#824 = DIRECTION('',(1.,0.,0.));
#825 = DIRECTION('',(-0.,0.,1.));
#826 = DEFINITIONAL_REPRESENTATION('',(#827),#831);
#827 = LINE('',#828,#829);
#828 = CARTESIAN_POINT('',(10.5,55.5));
#829 = VECTOR('',#830,1.);
#830 = DIRECTION('',(0.,-1.));
#831 = ( GEOMETRIC_REPRESENTATION_CONTEXT(2) 
PARAMETRIC_REPRESENTATION_CONTEXT() REPRESENTATION_CONTEXT('2D SPACE',''
  ) );
#832 = ORIENTED_EDGE('',*,*,#833,.T.);
#833 = EDGE_CURVE('',#806,#555,#834,.T.);
#834 = SURFACE_CURVE('',#835,(#839,#846),.PCURVE_S1.);
#835 = LINE('',#836,#837);
#836 = CARTESIAN_POINT('',(0.,-24.,10.));
#837 = VECTOR('',#838,1.);
#838 = DIRECTION('',(1.,0.,0.));
#839 = PCURVE('',#343,#840);
#840 = DEFINITIONAL_REPRESENTATION('',(#841),#845);
#841 = LINE('',#842,#843);
#842 = CARTESIAN_POINT('',(-49.25,-48.));
#843 = VECTOR('',#844,1.);
#844 = DIRECTION('',(1.,0.));
#845 = ( GEOMETRIC_REPRESENTATION_CONTEXT(2) 
PARAMETRIC_REPRESENTATION_CONTEXT() REPRESENTATION_CONTEXT('2D SPACE',''
  ) );
#846 = PCURVE('',#593,#847);
#847 = DEFINITIONAL_REPRESENTATION('',(#848),#852);
#848 = LINE('',#849,#850);
#849 = CARTESIAN_POINT('',(10.,0.));
#850 = VECTOR('',#851,1.);
#851 = DIRECTION('',(0.,1.));
#852 = ( GEOMETRIC_REPRESENTATION_CONTEXT(2) 
PARAMETRIC_REPRESENTATION_CONTEXT() REPRESENTATION_CONTEXT('2D SPACE',''
  ) );
#853 = ORIENTED_EDGE('',*,*,#554,.T.);
#854 = ORIENTED_EDGE('',*,*,#329,.F.);
#855 = FACE_BOUND('',#856,.T.);
#856 = EDGE_LOOP('',(#857));
#857 = ORIENTED_EDGE('',*,*,#858,.T.);
#858 = EDGE_CURVE('',#859,#859,#861,.T.);
#859 = VERTEX_POINT('',#860);
#860 = CARTESIAN_POINT('',(17.,12.5,10.));
#861 = SURFACE_CURVE('',#862,(#867,#878),.PCURVE_S1.);
#862 = CIRCLE('',#863,4.);
#863 = AXIS2_PLACEMENT_3D('',#864,#865,#866);
#864 = CARTESIAN_POINT('',(21.,12.5,10.));
#865 = DIRECTION('',(0.,0.,-1.));
#866 = DIRECTION('',(-1.,0.,0.));
#867 = PCURVE('',#343,#868);
#868 = DEFINITIONAL_REPRESENTATION('',(#869),#877);
#869 = ( BOUNDED_CURVE() B_SPLINE_CURVE(2,(#870,#871,#872,#873,#874,#875
,#876),.UNSPECIFIED.,.T.,.F.) B_SPLINE_CURVE_WITH_KNOTS((1,2,2,2,2,1),(
    -2.094395102393,0.,2.094395102393,4.188790204786,6.28318530718,
8.377580409573),.UNSPECIFIED.) CURVE() GEOMETRIC_REPRESENTATION_ITEM() 
RATIONAL_B_SPLINE_CURVE((1.,0.5,1.,0.5,1.,0.5,1.)) REPRESENTATION_ITEM(
  '') );
#870 = CARTESIAN_POINT('',(-32.25,-11.5));
#871 = CARTESIAN_POINT('',(-32.25,-4.571796769724));
#872 = CARTESIAN_POINT('',(-26.25,-8.035898384862));
#873 = CARTESIAN_POINT('',(-20.25,-11.5));
#874 = CARTESIAN_POINT('',(-26.25,-14.96410161513));
#875 = CARTESIAN_POINT('',(-32.25,-18.42820323027));
#876 = CARTESIAN_POINT('',(-32.25,-11.5));
#877 = ( GEOMETRIC_REPRESENTATION_CONTEXT(2) 
PARAMETRIC_REPRESENTATION_CONTEXT() REPRESENTATION_CONTEXT('2D SPACE',''
  ) );
#878 = PCURVE('',#879,#884);
#879 = CYLINDRICAL_SURFACE('',#880,4.);
#880 = AXIS2_PLACEMENT_3D('',#881,#882,#883);
#881 = CARTESIAN_POINT('',(21.,12.5,10.));
#882 = DIRECTION('',(0.,0.,-1.));
#883 = DIRECTION('',(-1.,0.,0.));
#884 = DEFINITIONAL_REPRESENTATION('',(#885),#889);
#885 = LINE('',#886,#887);
#886 = CARTESIAN_POINT('',(0.,0.));
#887 = VECTOR('',#888,1.);
#888 = DIRECTION('',(1.,0.));
#889 = ( GEOMETRIC_REPRESENTATION_CONTEXT(2) 
PARAMETRIC_REPRESENTATION_CONTEXT() REPRESENTATION_CONTEXT('2D SPACE',''
  ) );
#890 = FACE_BOUND('',#891,.T.);
#891 = EDGE_LOOP('',(#892));
#892 = ORIENTED_EDGE('',*,*,#893,.T.);
#893 = EDGE_CURVE('',#894,#894,#896,.T.);
#894 = VERTEX_POINT('',#895);
#895 = CARTESIAN_POINT('',(42.,12.5,10.));
#896 = SURFACE_CURVE('',#897,(#902,#913),.PCURVE_S1.);
#897 = CIRCLE('',#898,4.);
#898 = AXIS2_PLACEMENT_3D('',#899,#900,#901);
#899 = CARTESIAN_POINT('',(46.,12.5,10.));
#900 = DIRECTION('',(0.,0.,-1.));
#901 = DIRECTION('',(-1.,0.,0.));
#902 = PCURVE('',#343,#903);
#903 = DEFINITIONAL_REPRESENTATION('',(#904),#912);
#904 = ( BOUNDED_CURVE() B_SPLINE_CURVE(2,(#905,#906,#907,#908,#909,#910
,#911),.UNSPECIFIED.,.T.,.F.) B_SPLINE_CURVE_WITH_KNOTS((1,2,2,2,2,1),(
    -2.094395102393,0.,2.094395102393,4.188790204786,6.28318530718,
8.377580409573),.UNSPECIFIED.) CURVE() GEOMETRIC_REPRESENTATION_ITEM() 
RATIONAL_B_SPLINE_CURVE((1.,0.5,1.,0.5,1.,0.5,1.)) REPRESENTATION_ITEM(
  '') );
#905 = CARTESIAN_POINT('',(-7.25,-11.5));
#906 = CARTESIAN_POINT('',(-7.25,-4.571796769724));
#907 = CARTESIAN_POINT('',(-1.25,-8.035898384862));
#908 = CARTESIAN_POINT('',(4.75,-11.5));
#909 = CARTESIAN_POINT('',(-1.25,-14.96410161513));
#910 = CARTESIAN_POINT('',(-7.25,-18.42820323027));
#911 = CARTESIAN_POINT('',(-7.25,-11.5));
#912 = ( GEOMETRIC_REPRESENTATION_CONTEXT(2) 
PARAMETRIC_REPRESENTATION_CONTEXT() REPRESENTATION_CONTEXT('2D SPACE',''
  ) );
#913 = PCURVE('',#914,#919);
#914 = CYLINDRICAL_SURFACE('',#915,4.);
#915 = AXIS2_PLACEMENT_3D('',#916,#917,#918);
#916 = CARTESIAN_POINT('',(46.,12.5,10.));
#917 = DIRECTION('',(0.,0.,-1.));
#918 = DIRECTION('',(-1.,0.,0.));
#919 = DEFINITIONAL_REPRESENTATION('',(#920),#924);
#920 = LINE('',#921,#922);
#921 = CARTESIAN_POINT('',(0.,0.));
#922 = VECTOR('',#923,1.);
#923 = DIRECTION('',(1.,0.));
#924 = ( GEOMETRIC_REPRESENTATION_CONTEXT(2) 
PARAMETRIC_REPRESENTATION_CONTEXT() REPRESENTATION_CONTEXT('2D SPACE',''
  ) );
#925 = FACE_BOUND('',#926,.T.);
#926 = EDGE_LOOP('',(#927));
#927 = ORIENTED_EDGE('',*,*,#928,.T.);
#928 = EDGE_CURVE('',#929,#929,#931,.T.);
#929 = VERTEX_POINT('',#930);
#930 = CARTESIAN_POINT('',(17.,-12.5,10.));
#931 = SURFACE_CURVE('',#932,(#937,#948),.PCURVE_S1.);
#932 = CIRCLE('',#933,4.);
#933 = AXIS2_PLACEMENT_3D('',#934,#935,#936);
#934 = CARTESIAN_POINT('',(21.,-12.5,10.));
#935 = DIRECTION('',(0.,0.,-1.));
#936 = DIRECTION('',(-1.,0.,0.));
#937 = PCURVE('',#343,#938);
#938 = DEFINITIONAL_REPRESENTATION('',(#939),#947);
#939 = ( BOUNDED_CURVE() B_SPLINE_CURVE(2,(#940,#941,#942,#943,#944,#945
,#946),.UNSPECIFIED.,.T.,.F.) B_SPLINE_CURVE_WITH_KNOTS((1,2,2,2,2,1),(
    -2.094395102393,0.,2.094395102393,4.188790204786,6.28318530718,
8.377580409573),.UNSPECIFIED.) CURVE() GEOMETRIC_REPRESENTATION_ITEM() 
RATIONAL_B_SPLINE_CURVE((1.,0.5,1.,0.5,1.,0.5,1.)) REPRESENTATION_ITEM(
  '') );
#940 = CARTESIAN_POINT('',(-32.25,-36.5));
#941 = CARTESIAN_POINT('',(-32.25,-29.57179676972));
#942 = CARTESIAN_POINT('',(-26.25,-33.03589838486));
#943 = CARTESIAN_POINT('',(-20.25,-36.5));
#944 = CARTESIAN_POINT('',(-26.25,-39.96410161513));
#945 = CARTESIAN_POINT('',(-32.25,-43.42820323027));
#946 = CARTESIAN_POINT('',(-32.25,-36.5));
#947 = ( GEOMETRIC_REPRESENTATION_CONTEXT(2) 
PARAMETRIC_REPRESENTATION_CONTEXT() REPRESENTATION_CONTEXT('2D SPACE',''
  ) );
#948 = PCURVE('',#949,#954);
#949 = CYLINDRICAL_SURFACE('',#950,4.);
#950 = AXIS2_PLACEMENT_3D('',#951,#952,#953);
#951 = CARTESIAN_POINT('',(21.,-12.5,10.));
#952 = DIRECTION('',(0.,0.,-1.));
#953 = DIRECTION('',(-1.,0.,0.));
#954 = DEFINITIONAL_REPRESENTATION('',(#955),#959);
#955 = LINE('',#956,#957);
#956 = CARTESIAN_POINT('',(0.,0.));
#957 = VECTOR('',#958,1.);
#958 = DIRECTION('',(1.,0.));
#959 = ( GEOMETRIC_REPRESENTATION_CONTEXT(2) 
PARAMETRIC_REPRESENTATION_CONTEXT() REPRESENTATION_CONTEXT('2D SPACE',''
  ) );
#960 = FACE_BOUND('',#961,.T.);
#961 = EDGE_LOOP('',(#962));
#962 = ORIENTED_EDGE('',*,*,#963,.T.);
#963 = EDGE_CURVE('',#964,#964,#966,.T.);
#964 = VERTEX_POINT('',#965);
#965 = CARTESIAN_POINT('',(42.,-12.5,10.));
#966 = SURFACE_CURVE('',#967,(#972,#983),.PCURVE_S1.);
#967 = CIRCLE('',#968,4.);
#968 = AXIS2_PLACEMENT_3D('',#969,#970,#971);
#969 = CARTESIAN_POINT('',(46.,-12.5,10.));
#970 = DIRECTION('',(0.,0.,-1.));
#971 = DIRECTION('',(-1.,0.,0.));
#972 = PCURVE('',#343,#973);
#973 = DEFINITIONAL_REPRESENTATION('',(#974),#982);
#974 = ( BOUNDED_CURVE() B_SPLINE_CURVE(2,(#975,#976,#977,#978,#979,#980
,#981),.UNSPECIFIED.,.T.,.F.) B_SPLINE_CURVE_WITH_KNOTS((1,2,2,2,2,1),(
    -2.094395102393,0.,2.094395102393,4.188790204786,6.28318530718,
8.377580409573),.UNSPECIFIED.) CURVE() GEOMETRIC_REPRESENTATION_ITEM() 
RATIONAL_B_SPLINE_CURVE((1.,0.5,1.,0.5,1.,0.5,1.)) REPRESENTATION_ITEM(
  '') );
#975 = CARTESIAN_POINT('',(-7.25,-36.5));
#976 = CARTESIAN_POINT('',(-7.25,-29.57179676972));
#977 = CARTESIAN_POINT('',(-1.25,-33.03589838486));
#978 = CARTESIAN_POINT('',(4.75,-36.5));
#979 = CARTESIAN_POINT('',(-1.25,-39.96410161513));
#980 = CARTESIAN_POINT('',(-7.25,-43.42820323027));
#981 = CARTESIAN_POINT('',(-7.25,-36.5));
#982 = ( GEOMETRIC_REPRESENTATION_CONTEXT(2) 
PARAMETRIC_REPRESENTATION_CONTEXT() REPRESENTATION_CONTEXT('2D SPACE',''
  ) );
#983 = PCURVE('',#984,#989);
#984 = CYLINDRICAL_SURFACE('',#985,4.);
#985 = AXIS2_PLACEMENT_3D('',#986,#987,#988);
#986 = CARTESIAN_POINT('',(46.,-12.5,10.));
#987 = DIRECTION('',(0.,0.,-1.));
#988 = DIRECTION('',(-1.,0.,0.));
#989 = DEFINITIONAL_REPRESENTATION('',(#990),#994);
#990 = LINE('',#991,#992);
#991 = CARTESIAN_POINT('',(0.,0.));
#992 = VECTOR('',#993,1.);
#993 = DIRECTION('',(1.,0.));
#994 = ( GEOMETRIC_REPRESENTATION_CONTEXT(2) 
PARAMETRIC_REPRESENTATION_CONTEXT() REPRESENTATION_CONTEXT('2D SPACE',''
  ) );
#995 = ADVANCED_FACE('',(#996),#484,.F.);
#996 = FACE_BOUND('',#997,.F.);
#997 = EDGE_LOOP('',(#998,#1019,#1020,#1021));
#998 = ORIENTED_EDGE('',*,*,#999,.T.);
#999 = EDGE_CURVE('',#441,#629,#1000,.T.);
#1000 = SURFACE_CURVE('',#1001,(#1005,#1012),.PCURVE_S1.);
#1001 = LINE('',#1002,#1003);
#1002 = CARTESIAN_POINT('',(49.25,26.5,-2.));
#1003 = VECTOR('',#1004,1.);
#1004 = DIRECTION('',(1.,0.,0.));
#1005 = PCURVE('',#484,#1006);
#1006 = DEFINITIONAL_REPRESENTATION('',(#1007),#1011);
#1007 = LINE('',#1008,#1009);
#1008 = CARTESIAN_POINT('',(0.,0.));
#1009 = VECTOR('',#1010,1.);
#1010 = DIRECTION('',(0.,-1.));
#1011 = ( GEOMETRIC_REPRESENTATION_CONTEXT(2) 
PARAMETRIC_REPRESENTATION_CONTEXT() REPRESENTATION_CONTEXT('2D SPACE',''
  ) );
#1012 = PCURVE('',#456,#1013);
#1013 = DEFINITIONAL_REPRESENTATION('',(#1014),#1018);
#1014 = LINE('',#1015,#1016);
#1015 = CARTESIAN_POINT('',(3.,0.));
#1016 = VECTOR('',#1017,1.);
#1017 = DIRECTION('',(0.,-1.));
#1018 = ( GEOMETRIC_REPRESENTATION_CONTEXT(2) 
PARAMETRIC_REPRESENTATION_CONTEXT() REPRESENTATION_CONTEXT('2D SPACE',''
  ) );
#1019 = ORIENTED_EDGE('',*,*,#651,.T.);
#1020 = ORIENTED_EDGE('',*,*,#698,.F.);
#1021 = ORIENTED_EDGE('',*,*,#468,.F.);
#1022 = ADVANCED_FACE('',(#1023),#456,.F.);
#1023 = FACE_BOUND('',#1024,.F.);
#1024 = EDGE_LOOP('',(#1025,#1026,#1045,#1046));
#1025 = ORIENTED_EDGE('',*,*,#440,.F.);
#1026 = ORIENTED_EDGE('',*,*,#1027,.F.);
#1027 = EDGE_CURVE('',#606,#413,#1028,.T.);
#1028 = SURFACE_CURVE('',#1029,(#1033,#1039),.PCURVE_S1.);
#1029 = LINE('',#1030,#1031);
#1030 = CARTESIAN_POINT('',(49.25,26.5,0.));
#1031 = VECTOR('',#1032,1.);
#1032 = DIRECTION('',(-1.,-0.,0.));
#1033 = PCURVE('',#456,#1034);
#1034 = DEFINITIONAL_REPRESENTATION('',(#1035),#1038);
#1035 = B_SPLINE_CURVE_WITH_KNOTS('',1,(#1036,#1037),.UNSPECIFIED.,.F.,
  .F.,(2,2),(-15.75,0.),.PIECEWISE_BEZIER_KNOTS.);
#1036 = CARTESIAN_POINT('',(1.,-15.75));
#1037 = CARTESIAN_POINT('',(1.,0.));
#1038 = ( GEOMETRIC_REPRESENTATION_CONTEXT(2) 
PARAMETRIC_REPRESENTATION_CONTEXT() REPRESENTATION_CONTEXT('2D SPACE',''
  ) );
#1039 = PCURVE('',#428,#1040);
#1040 = DEFINITIONAL_REPRESENTATION('',(#1041),#1044);
#1041 = B_SPLINE_CURVE_WITH_KNOTS('',1,(#1042,#1043),.UNSPECIFIED.,.F.,
  .F.,(2,2),(-15.75,0.),.PIECEWISE_BEZIER_KNOTS.);
#1042 = CARTESIAN_POINT('',(15.75,2.5));
#1043 = CARTESIAN_POINT('',(0.,2.5));
#1044 = ( GEOMETRIC_REPRESENTATION_CONTEXT(2) 
PARAMETRIC_REPRESENTATION_CONTEXT() REPRESENTATION_CONTEXT('2D SPACE',''
  ) );
#1045 = ORIENTED_EDGE('',*,*,#628,.T.);
#1046 = ORIENTED_EDGE('',*,*,#999,.F.);
#1047 = ADVANCED_FACE('',(#1048,#1169,#1204,#1239,#1274),#428,.F.);
#1048 = FACE_BOUND('',#1049,.F.);
#1049 = EDGE_LOOP('',(#1050,#1051,#1052,#1053,#1076,#1099,#1125,#1148));
#1050 = ORIENTED_EDGE('',*,*,#605,.F.);
#1051 = ORIENTED_EDGE('',*,*,#1027,.T.);
#1052 = ORIENTED_EDGE('',*,*,#412,.F.);
#1053 = ORIENTED_EDGE('',*,*,#1054,.F.);
#1054 = EDGE_CURVE('',#1055,#385,#1057,.T.);
#1055 = VERTEX_POINT('',#1056);
#1056 = CARTESIAN_POINT('',(15.75,24.,0.));
#1057 = SURFACE_CURVE('',#1058,(#1062,#1069),.PCURVE_S1.);
#1058 = LINE('',#1059,#1060);
#1059 = CARTESIAN_POINT('',(0.,24.,0.));
#1060 = VECTOR('',#1061,1.);
#1061 = DIRECTION('',(1.,0.,0.));
#1062 = PCURVE('',#428,#1063);
#1063 = DEFINITIONAL_REPRESENTATION('',(#1064),#1068);
#1064 = LINE('',#1065,#1066);
#1065 = CARTESIAN_POINT('',(-49.25,0.));
#1066 = VECTOR('',#1067,1.);
#1067 = DIRECTION('',(1.,0.));
#1068 = ( GEOMETRIC_REPRESENTATION_CONTEXT(2) 
PARAMETRIC_REPRESENTATION_CONTEXT() REPRESENTATION_CONTEXT('2D SPACE',''
  ) );
#1069 = PCURVE('',#400,#1070);
#1070 = DEFINITIONAL_REPRESENTATION('',(#1071),#1075);
#1071 = LINE('',#1072,#1073);
#1072 = CARTESIAN_POINT('',(0.,0.));
#1073 = VECTOR('',#1074,1.);
#1074 = DIRECTION('',(0.,1.));
#1075 = ( GEOMETRIC_REPRESENTATION_CONTEXT(2) 
PARAMETRIC_REPRESENTATION_CONTEXT() REPRESENTATION_CONTEXT('2D SPACE',''
  ) );
#1076 = ORIENTED_EDGE('',*,*,#1077,.T.);
#1077 = EDGE_CURVE('',#1055,#1078,#1080,.T.);
#1078 = VERTEX_POINT('',#1079);
#1079 = CARTESIAN_POINT('',(15.75,26.5,0.));
#1080 = SURFACE_CURVE('',#1081,(#1085,#1092),.PCURVE_S1.);
#1081 = LINE('',#1082,#1083);
#1082 = CARTESIAN_POINT('',(15.75,24.,0.));
#1083 = VECTOR('',#1084,1.);
#1084 = DIRECTION('',(0.,1.,0.));
#1085 = PCURVE('',#428,#1086);
#1086 = DEFINITIONAL_REPRESENTATION('',(#1087),#1091);
#1087 = LINE('',#1088,#1089);
#1088 = CARTESIAN_POINT('',(-33.5,0.));
#1089 = VECTOR('',#1090,1.);
#1090 = DIRECTION('',(0.,1.));
#1091 = ( GEOMETRIC_REPRESENTATION_CONTEXT(2) 
PARAMETRIC_REPRESENTATION_CONTEXT() REPRESENTATION_CONTEXT('2D SPACE',''
  ) );
#1092 = PCURVE('',#765,#1093);
#1093 = DEFINITIONAL_REPRESENTATION('',(#1094),#1098);
#1094 = LINE('',#1095,#1096);
#1095 = CARTESIAN_POINT('',(0.5,7.5));
#1096 = VECTOR('',#1097,1.);
#1097 = DIRECTION('',(0.,-1.));
#1098 = ( GEOMETRIC_REPRESENTATION_CONTEXT(2) 
PARAMETRIC_REPRESENTATION_CONTEXT() REPRESENTATION_CONTEXT('2D SPACE',''
  ) );
#1099 = ORIENTED_EDGE('',*,*,#1100,.T.);
#1100 = EDGE_CURVE('',#1078,#1101,#1103,.T.);
#1101 = VERTEX_POINT('',#1102);
#1102 = CARTESIAN_POINT('',(0.,26.5,0.));
#1103 = SURFACE_CURVE('',#1104,(#1108,#1114),.PCURVE_S1.);
#1104 = LINE('',#1105,#1106);
#1105 = CARTESIAN_POINT('',(24.625,26.5,0.));
#1106 = VECTOR('',#1107,1.);
#1107 = DIRECTION('',(-1.,-0.,0.));
#1108 = PCURVE('',#428,#1109);
#1109 = DEFINITIONAL_REPRESENTATION('',(#1110),#1113);
#1110 = B_SPLINE_CURVE_WITH_KNOTS('',1,(#1111,#1112),.UNSPECIFIED.,.F.,
  .F.,(2,2),(8.875,24.625),.PIECEWISE_BEZIER_KNOTS.);
#1111 = CARTESIAN_POINT('',(-33.5,2.5));
#1112 = CARTESIAN_POINT('',(-49.25,2.5));
#1113 = ( GEOMETRIC_REPRESENTATION_CONTEXT(2) 
PARAMETRIC_REPRESENTATION_CONTEXT() REPRESENTATION_CONTEXT('2D SPACE',''
  ) );
#1114 = PCURVE('',#1115,#1120);
#1115 = PLANE('',#1116);
#1116 = AXIS2_PLACEMENT_3D('',#1117,#1118,#1119);
#1117 = CARTESIAN_POINT('',(0.,26.5,1.));
#1118 = DIRECTION('',(-0.,1.,0.));
#1119 = DIRECTION('',(0.,0.,-1.));
#1120 = DEFINITIONAL_REPRESENTATION('',(#1121),#1124);
#1121 = B_SPLINE_CURVE_WITH_KNOTS('',1,(#1122,#1123),.UNSPECIFIED.,.F.,
  .F.,(2,2),(8.875,24.625),.PIECEWISE_BEZIER_KNOTS.);
#1122 = CARTESIAN_POINT('',(1.,-15.75));
#1123 = CARTESIAN_POINT('',(1.,0.));
#1124 = ( GEOMETRIC_REPRESENTATION_CONTEXT(2) 
PARAMETRIC_REPRESENTATION_CONTEXT() REPRESENTATION_CONTEXT('2D SPACE',''
  ) );
#1125 = ORIENTED_EDGE('',*,*,#1126,.T.);
#1126 = EDGE_CURVE('',#1101,#1127,#1129,.T.);
#1127 = VERTEX_POINT('',#1128);
#1128 = CARTESIAN_POINT('',(0.,-24.,0.));
#1129 = SURFACE_CURVE('',#1130,(#1134,#1141),.PCURVE_S1.);
#1130 = LINE('',#1131,#1132);
#1131 = CARTESIAN_POINT('',(0.,31.5,0.));
#1132 = VECTOR('',#1133,1.);
#1133 = DIRECTION('',(0.,-1.,0.));
#1134 = PCURVE('',#428,#1135);
#1135 = DEFINITIONAL_REPRESENTATION('',(#1136),#1140);
#1136 = LINE('',#1137,#1138);
#1137 = CARTESIAN_POINT('',(-49.25,7.5));
#1138 = VECTOR('',#1139,1.);
#1139 = DIRECTION('',(0.,-1.));
#1140 = ( GEOMETRIC_REPRESENTATION_CONTEXT(2) 
PARAMETRIC_REPRESENTATION_CONTEXT() REPRESENTATION_CONTEXT('2D SPACE',''
  ) );
#1141 = PCURVE('',#821,#1142);
#1142 = DEFINITIONAL_REPRESENTATION('',(#1143),#1147);
#1143 = LINE('',#1144,#1145);
#1144 = CARTESIAN_POINT('',(0.5,3.552713678801E-15));
#1145 = VECTOR('',#1146,1.);
#1146 = DIRECTION('',(0.,1.));
#1147 = ( GEOMETRIC_REPRESENTATION_CONTEXT(2) 
PARAMETRIC_REPRESENTATION_CONTEXT() REPRESENTATION_CONTEXT('2D SPACE',''
  ) );
#1148 = ORIENTED_EDGE('',*,*,#1149,.T.);
#1149 = EDGE_CURVE('',#1127,#578,#1150,.T.);
#1150 = SURFACE_CURVE('',#1151,(#1155,#1162),.PCURVE_S1.);
#1151 = LINE('',#1152,#1153);
#1152 = CARTESIAN_POINT('',(0.,-24.,0.));
#1153 = VECTOR('',#1154,1.);
#1154 = DIRECTION('',(1.,0.,0.));
#1155 = PCURVE('',#428,#1156);
#1156 = DEFINITIONAL_REPRESENTATION('',(#1157),#1161);
#1157 = LINE('',#1158,#1159);
#1158 = CARTESIAN_POINT('',(-49.25,-48.));
#1159 = VECTOR('',#1160,1.);
#1160 = DIRECTION('',(1.,0.));
#1161 = ( GEOMETRIC_REPRESENTATION_CONTEXT(2) 
PARAMETRIC_REPRESENTATION_CONTEXT() REPRESENTATION_CONTEXT('2D SPACE',''
  ) );
#1162 = PCURVE('',#593,#1163);
#1163 = DEFINITIONAL_REPRESENTATION('',(#1164),#1168);
#1164 = LINE('',#1165,#1166);
#1165 = CARTESIAN_POINT('',(0.,0.));
#1166 = VECTOR('',#1167,1.);
#1167 = DIRECTION('',(0.,1.));
#1168 = ( GEOMETRIC_REPRESENTATION_CONTEXT(2) 
PARAMETRIC_REPRESENTATION_CONTEXT() REPRESENTATION_CONTEXT('2D SPACE',''
  ) );
#1169 = FACE_BOUND('',#1170,.F.);
#1170 = EDGE_LOOP('',(#1171));
#1171 = ORIENTED_EDGE('',*,*,#1172,.T.);
#1172 = EDGE_CURVE('',#1173,#1173,#1175,.T.);
#1173 = VERTEX_POINT('',#1174);
#1174 = CARTESIAN_POINT('',(18.75,-12.5,0.));
#1175 = SURFACE_CURVE('',#1176,(#1181,#1192),.PCURVE_S1.);
#1176 = CIRCLE('',#1177,2.25);
#1177 = AXIS2_PLACEMENT_3D('',#1178,#1179,#1180);
#1178 = CARTESIAN_POINT('',(21.,-12.5,0.));
#1179 = DIRECTION('',(0.,0.,-1.));
#1180 = DIRECTION('',(-1.,0.,0.));
#1181 = PCURVE('',#428,#1182);
#1182 = DEFINITIONAL_REPRESENTATION('',(#1183),#1191);
#1183 = ( BOUNDED_CURVE() B_SPLINE_CURVE(2,(#1184,#1185,#1186,#1187,
#1188,#1189,#1190),.UNSPECIFIED.,.T.,.F.) B_SPLINE_CURVE_WITH_KNOTS((1,2
    ,2,2,2,1),(-2.094395102393,0.,2.094395102393,4.188790204786,
6.28318530718,8.377580409573),.UNSPECIFIED.) CURVE() 
GEOMETRIC_REPRESENTATION_ITEM() RATIONAL_B_SPLINE_CURVE((1.,0.5,1.,0.5,
1.,0.5,1.)) REPRESENTATION_ITEM('') );
#1184 = CARTESIAN_POINT('',(-30.5,-36.5));
#1185 = CARTESIAN_POINT('',(-30.5,-32.60288568297));
#1186 = CARTESIAN_POINT('',(-27.125,-34.55144284148));
#1187 = CARTESIAN_POINT('',(-23.75,-36.5));
#1188 = CARTESIAN_POINT('',(-27.125,-38.44855715851));
#1189 = CARTESIAN_POINT('',(-30.5,-40.39711431703));
#1190 = CARTESIAN_POINT('',(-30.5,-36.5));
#1191 = ( GEOMETRIC_REPRESENTATION_CONTEXT(2) 
PARAMETRIC_REPRESENTATION_CONTEXT() REPRESENTATION_CONTEXT('2D SPACE',''
  ) );
#1192 = PCURVE('',#1193,#1198);
#1193 = CYLINDRICAL_SURFACE('',#1194,2.25);
#1194 = AXIS2_PLACEMENT_3D('',#1195,#1196,#1197);
#1195 = CARTESIAN_POINT('',(21.,-12.5,10.));
#1196 = DIRECTION('',(0.,0.,-1.));
#1197 = DIRECTION('',(-1.,0.,0.));
#1198 = DEFINITIONAL_REPRESENTATION('',(#1199),#1203);
#1199 = LINE('',#1200,#1201);
#1200 = CARTESIAN_POINT('',(0.,10.));
#1201 = VECTOR('',#1202,1.);
#1202 = DIRECTION('',(1.,0.));
#1203 = ( GEOMETRIC_REPRESENTATION_CONTEXT(2) 
PARAMETRIC_REPRESENTATION_CONTEXT() REPRESENTATION_CONTEXT('2D SPACE',''
  ) );
#1204 = FACE_BOUND('',#1205,.F.);
#1205 = EDGE_LOOP('',(#1206));
#1206 = ORIENTED_EDGE('',*,*,#1207,.T.);
#1207 = EDGE_CURVE('',#1208,#1208,#1210,.T.);
#1208 = VERTEX_POINT('',#1209);
#1209 = CARTESIAN_POINT('',(43.75,-12.5,0.));
#1210 = SURFACE_CURVE('',#1211,(#1216,#1227),.PCURVE_S1.);
#1211 = CIRCLE('',#1212,2.25);
#1212 = AXIS2_PLACEMENT_3D('',#1213,#1214,#1215);
#1213 = CARTESIAN_POINT('',(46.,-12.5,0.));
#1214 = DIRECTION('',(0.,0.,-1.));
#1215 = DIRECTION('',(-1.,0.,0.));
#1216 = PCURVE('',#428,#1217);
#1217 = DEFINITIONAL_REPRESENTATION('',(#1218),#1226);
#1218 = ( BOUNDED_CURVE() B_SPLINE_CURVE(2,(#1219,#1220,#1221,#1222,
#1223,#1224,#1225),.UNSPECIFIED.,.T.,.F.) B_SPLINE_CURVE_WITH_KNOTS((1,2
    ,2,2,2,1),(-2.094395102393,0.,2.094395102393,4.188790204786,
6.28318530718,8.377580409573),.UNSPECIFIED.) CURVE() 
GEOMETRIC_REPRESENTATION_ITEM() RATIONAL_B_SPLINE_CURVE((1.,0.5,1.,0.5,
1.,0.5,1.)) REPRESENTATION_ITEM('') );
#1219 = CARTESIAN_POINT('',(-5.5,-36.5));
#1220 = CARTESIAN_POINT('',(-5.5,-32.60288568297));
#1221 = CARTESIAN_POINT('',(-2.125,-34.55144284148));
#1222 = CARTESIAN_POINT('',(1.25,-36.5));
#1223 = CARTESIAN_POINT('',(-2.125,-38.44855715851));
#1224 = CARTESIAN_POINT('',(-5.5,-40.39711431703));
#1225 = CARTESIAN_POINT('',(-5.5,-36.5));
#1226 = ( GEOMETRIC_REPRESENTATION_CONTEXT(2) 
PARAMETRIC_REPRESENTATION_CONTEXT() REPRESENTATION_CONTEXT('2D SPACE',''
  ) );
#1227 = PCURVE('',#1228,#1233);
#1228 = CYLINDRICAL_SURFACE('',#1229,2.25);
#1229 = AXIS2_PLACEMENT_3D('',#1230,#1231,#1232);
#1230 = CARTESIAN_POINT('',(46.,-12.5,10.));
#1231 = DIRECTION('',(0.,0.,-1.));
#1232 = DIRECTION('',(-1.,0.,0.));
#1233 = DEFINITIONAL_REPRESENTATION('',(#1234),#1238);
#1234 = LINE('',#1235,#1236);
#1235 = CARTESIAN_POINT('',(0.,10.));
#1236 = VECTOR('',#1237,1.);
#1237 = DIRECTION('',(1.,0.));
#1238 = ( GEOMETRIC_REPRESENTATION_CONTEXT(2) 
PARAMETRIC_REPRESENTATION_CONTEXT() REPRESENTATION_CONTEXT('2D SPACE',''
  ) );
#1239 = FACE_BOUND('',#1240,.F.);
#1240 = EDGE_LOOP('',(#1241));
#1241 = ORIENTED_EDGE('',*,*,#1242,.T.);
#1242 = EDGE_CURVE('',#1243,#1243,#1245,.T.);
#1243 = VERTEX_POINT('',#1244);
#1244 = CARTESIAN_POINT('',(18.75,12.5,0.));
#1245 = SURFACE_CURVE('',#1246,(#1251,#1262),.PCURVE_S1.);
#1246 = CIRCLE('',#1247,2.25);
#1247 = AXIS2_PLACEMENT_3D('',#1248,#1249,#1250);
#1248 = CARTESIAN_POINT('',(21.,12.5,0.));
#1249 = DIRECTION('',(0.,0.,-1.));
#1250 = DIRECTION('',(-1.,0.,0.));
#1251 = PCURVE('',#428,#1252);
#1252 = DEFINITIONAL_REPRESENTATION('',(#1253),#1261);
#1253 = ( BOUNDED_CURVE() B_SPLINE_CURVE(2,(#1254,#1255,#1256,#1257,
#1258,#1259,#1260),.UNSPECIFIED.,.T.,.F.) B_SPLINE_CURVE_WITH_KNOTS((1,2
    ,2,2,2,1),(-2.094395102393,0.,2.094395102393,4.188790204786,
6.28318530718,8.377580409573),.UNSPECIFIED.) CURVE() 
GEOMETRIC_REPRESENTATION_ITEM() RATIONAL_B_SPLINE_CURVE((1.,0.5,1.,0.5,
1.,0.5,1.)) REPRESENTATION_ITEM('') );
#1254 = CARTESIAN_POINT('',(-30.5,-11.5));
#1255 = CARTESIAN_POINT('',(-30.5,-7.60288568297));
#1256 = CARTESIAN_POINT('',(-27.125,-9.551442841485));
#1257 = CARTESIAN_POINT('',(-23.75,-11.5));
#1258 = CARTESIAN_POINT('',(-27.125,-13.44855715851));
#1259 = CARTESIAN_POINT('',(-30.5,-15.39711431703));
#1260 = CARTESIAN_POINT('',(-30.5,-11.5));
#1261 = ( GEOMETRIC_REPRESENTATION_CONTEXT(2) 
PARAMETRIC_REPRESENTATION_CONTEXT() REPRESENTATION_CONTEXT('2D SPACE',''
  ) );
#1262 = PCURVE('',#1263,#1268);
#1263 = CYLINDRICAL_SURFACE('',#1264,2.25);
#1264 = AXIS2_PLACEMENT_3D('',#1265,#1266,#1267);
#1265 = CARTESIAN_POINT('',(21.,12.5,10.));
#1266 = DIRECTION('',(0.,0.,-1.));
#1267 = DIRECTION('',(-1.,0.,0.));
#1268 = DEFINITIONAL_REPRESENTATION('',(#1269),#1273);
#1269 = LINE('',#1270,#1271);
#1270 = CARTESIAN_POINT('',(0.,10.));
#1271 = VECTOR('',#1272,1.);
#1272 = DIRECTION('',(1.,0.));
#1273 = ( GEOMETRIC_REPRESENTATION_CONTEXT(2) 
PARAMETRIC_REPRESENTATION_CONTEXT() REPRESENTATION_CONTEXT('2D SPACE',''
  ) );
#1274 = FACE_BOUND('',#1275,.F.);
#1275 = EDGE_LOOP('',(#1276));
#1276 = ORIENTED_EDGE('',*,*,#1277,.T.);
#1277 = EDGE_CURVE('',#1278,#1278,#1280,.T.);
#1278 = VERTEX_POINT('',#1279);
#1279 = CARTESIAN_POINT('',(43.75,12.5,0.));
#1280 = SURFACE_CURVE('',#1281,(#1286,#1297),.PCURVE_S1.);
#1281 = CIRCLE('',#1282,2.25);
#1282 = AXIS2_PLACEMENT_3D('',#1283,#1284,#1285);
#1283 = CARTESIAN_POINT('',(46.,12.5,0.));
#1284 = DIRECTION('',(0.,0.,-1.));
#1285 = DIRECTION('',(-1.,0.,0.));
#1286 = PCURVE('',#428,#1287);
#1287 = DEFINITIONAL_REPRESENTATION('',(#1288),#1296);
#1288 = ( BOUNDED_CURVE() B_SPLINE_CURVE(2,(#1289,#1290,#1291,#1292,
#1293,#1294,#1295),.UNSPECIFIED.,.T.,.F.) B_SPLINE_CURVE_WITH_KNOTS((1,2
    ,2,2,2,1),(-2.094395102393,0.,2.094395102393,4.188790204786,
6.28318530718,8.377580409573),.UNSPECIFIED.) CURVE() 
GEOMETRIC_REPRESENTATION_ITEM() RATIONAL_B_SPLINE_CURVE((1.,0.5,1.,0.5,
1.,0.5,1.)) REPRESENTATION_ITEM('') );
#1289 = CARTESIAN_POINT('',(-5.5,-11.5));
#1290 = CARTESIAN_POINT('',(-5.5,-7.60288568297));
#1291 = CARTESIAN_POINT('',(-2.125,-9.551442841485));
#1292 = CARTESIAN_POINT('',(1.25,-11.5));
#1293 = CARTESIAN_POINT('',(-2.125,-13.44855715851));
#1294 = CARTESIAN_POINT('',(-5.5,-15.39711431703));
#1295 = CARTESIAN_POINT('',(-5.5,-11.5));
#1296 = ( GEOMETRIC_REPRESENTATION_CONTEXT(2) 
PARAMETRIC_REPRESENTATION_CONTEXT() REPRESENTATION_CONTEXT('2D SPACE',''
  ) );
#1297 = PCURVE('',#1298,#1303);
#1298 = CYLINDRICAL_SURFACE('',#1299,2.25);
#1299 = AXIS2_PLACEMENT_3D('',#1300,#1301,#1302);
#1300 = CARTESIAN_POINT('',(46.,12.5,10.));
#1301 = DIRECTION('',(0.,0.,-1.));
#1302 = DIRECTION('',(-1.,0.,0.));
#1303 = DEFINITIONAL_REPRESENTATION('',(#1304),#1308);
#1304 = LINE('',#1305,#1306);
#1305 = CARTESIAN_POINT('',(0.,10.));
#1306 = VECTOR('',#1307,1.);
#1307 = DIRECTION('',(1.,0.));
#1308 = ( GEOMETRIC_REPRESENTATION_CONTEXT(2) 
PARAMETRIC_REPRESENTATION_CONTEXT() REPRESENTATION_CONTEXT('2D SPACE',''
  ) );
#1309 = ADVANCED_FACE('',(#1310),#400,.T.);
#1310 = FACE_BOUND('',#1311,.T.);
#1311 = EDGE_LOOP('',(#1312,#1313,#1334,#1335));
#1312 = ORIENTED_EDGE('',*,*,#1054,.F.);
#1313 = ORIENTED_EDGE('',*,*,#1314,.T.);
#1314 = EDGE_CURVE('',#1055,#727,#1315,.T.);
#1315 = SURFACE_CURVE('',#1316,(#1320,#1327),.PCURVE_S1.);
#1316 = LINE('',#1317,#1318);
#1317 = CARTESIAN_POINT('',(15.75,24.,0.));
#1318 = VECTOR('',#1319,1.);
#1319 = DIRECTION('',(0.,0.,1.));
#1320 = PCURVE('',#400,#1321);
#1321 = DEFINITIONAL_REPRESENTATION('',(#1322),#1326);
#1322 = LINE('',#1323,#1324);
#1323 = CARTESIAN_POINT('',(0.,15.75));
#1324 = VECTOR('',#1325,1.);
#1325 = DIRECTION('',(1.,0.));
#1326 = ( GEOMETRIC_REPRESENTATION_CONTEXT(2) 
PARAMETRIC_REPRESENTATION_CONTEXT() REPRESENTATION_CONTEXT('2D SPACE',''
  ) );
#1327 = PCURVE('',#765,#1328);
#1328 = DEFINITIONAL_REPRESENTATION('',(#1329),#1333);
#1329 = LINE('',#1330,#1331);
#1330 = CARTESIAN_POINT('',(0.5,7.5));
#1331 = VECTOR('',#1332,1.);
#1332 = DIRECTION('',(1.,0.));
#1333 = ( GEOMETRIC_REPRESENTATION_CONTEXT(2) 
PARAMETRIC_REPRESENTATION_CONTEXT() REPRESENTATION_CONTEXT('2D SPACE',''
  ) );
#1334 = ORIENTED_EDGE('',*,*,#726,.T.);
#1335 = ORIENTED_EDGE('',*,*,#384,.F.);
#1336 = ADVANCED_FACE('',(#1337),#536,.F.);
#1337 = FACE_BOUND('',#1338,.F.);
#1338 = EDGE_LOOP('',(#1339,#1362,#1363));
#1339 = ORIENTED_EDGE('',*,*,#1340,.T.);
#1340 = EDGE_CURVE('',#520,#1341,#1343,.T.);
#1341 = VERTEX_POINT('',#1342);
#1342 = CARTESIAN_POINT('',(52.815685424949,31.5,-0.5));
#1343 = SEAM_CURVE('',#1344,(#1348,#1355),.PCURVE_S1.);
#1344 = LINE('',#1345,#1346);
#1345 = CARTESIAN_POINT('',(48.75,31.5,3.565685424949));
#1346 = VECTOR('',#1347,1.);
#1347 = DIRECTION('',(0.707106781187,-1.731912112471E-16,-0.707106781187
    ));
#1348 = PCURVE('',#536,#1349);
#1349 = DEFINITIONAL_REPRESENTATION('',(#1350),#1354);
#1350 = LINE('',#1351,#1352);
#1351 = CARTESIAN_POINT('',(-6.28318530718,0.));
#1352 = VECTOR('',#1353,1.);
#1353 = DIRECTION('',(-0.,-1.));
#1354 = ( GEOMETRIC_REPRESENTATION_CONTEXT(2) 
PARAMETRIC_REPRESENTATION_CONTEXT() REPRESENTATION_CONTEXT('2D SPACE',''
  ) );
#1355 = PCURVE('',#536,#1356);
#1356 = DEFINITIONAL_REPRESENTATION('',(#1357),#1361);
#1357 = LINE('',#1358,#1359);
#1358 = CARTESIAN_POINT('',(0.,-0.));
#1359 = VECTOR('',#1360,1.);
#1360 = DIRECTION('',(-0.,-1.));
#1361 = ( GEOMETRIC_REPRESENTATION_CONTEXT(2) 
PARAMETRIC_REPRESENTATION_CONTEXT() REPRESENTATION_CONTEXT('2D SPACE',''
  ) );
#1362 = ORIENTED_EDGE('',*,*,#1340,.F.);
#1363 = ORIENTED_EDGE('',*,*,#519,.T.);
#1364 = ADVANCED_FACE('',(#1365),#593,.F.);
#1365 = FACE_BOUND('',#1366,.F.);
#1366 = EDGE_LOOP('',(#1367,#1368,#1389,#1390));
#1367 = ORIENTED_EDGE('',*,*,#1149,.F.);
#1368 = ORIENTED_EDGE('',*,*,#1369,.T.);
#1369 = EDGE_CURVE('',#1127,#806,#1370,.T.);
#1370 = SURFACE_CURVE('',#1371,(#1375,#1382),.PCURVE_S1.);
#1371 = LINE('',#1372,#1373);
#1372 = CARTESIAN_POINT('',(0.,-24.,0.));
#1373 = VECTOR('',#1374,1.);
#1374 = DIRECTION('',(0.,0.,1.));
#1375 = PCURVE('',#593,#1376);
#1376 = DEFINITIONAL_REPRESENTATION('',(#1377),#1381);
#1377 = LINE('',#1378,#1379);
#1378 = CARTESIAN_POINT('',(0.,0.));
#1379 = VECTOR('',#1380,1.);
#1380 = DIRECTION('',(1.,0.));
#1381 = ( GEOMETRIC_REPRESENTATION_CONTEXT(2) 
PARAMETRIC_REPRESENTATION_CONTEXT() REPRESENTATION_CONTEXT('2D SPACE',''
  ) );
#1382 = PCURVE('',#821,#1383);
#1383 = DEFINITIONAL_REPRESENTATION('',(#1384),#1388);
#1384 = LINE('',#1385,#1386);
#1385 = CARTESIAN_POINT('',(0.5,55.5));
#1386 = VECTOR('',#1387,1.);
#1387 = DIRECTION('',(1.,0.));
#1388 = ( GEOMETRIC_REPRESENTATION_CONTEXT(2) 
PARAMETRIC_REPRESENTATION_CONTEXT() REPRESENTATION_CONTEXT('2D SPACE',''
  ) );
#1389 = ORIENTED_EDGE('',*,*,#833,.T.);
#1390 = ORIENTED_EDGE('',*,*,#577,.F.);
#1391 = ADVANCED_FACE('',(#1392,#1553),#765,.T.);
#1392 = FACE_BOUND('',#1393,.T.);
#1393 = EDGE_LOOP('',(#1394,#1424,#1452,#1473,#1474,#1475,#1476,#1499,
    #1527));
#1394 = ORIENTED_EDGE('',*,*,#1395,.T.);
#1395 = EDGE_CURVE('',#1396,#1398,#1400,.T.);
#1396 = VERTEX_POINT('',#1397);
#1397 = CARTESIAN_POINT('',(15.75,36.5,-2.));
#1398 = VERTEX_POINT('',#1399);
#1399 = CARTESIAN_POINT('',(15.75,36.5,1.));
#1400 = SURFACE_CURVE('',#1401,(#1405,#1412),.PCURVE_S1.);
#1401 = LINE('',#1402,#1403);
#1402 = CARTESIAN_POINT('',(15.75,36.5,-2.));
#1403 = VECTOR('',#1404,1.);
#1404 = DIRECTION('',(0.,0.,1.));
#1405 = PCURVE('',#765,#1406);
#1406 = DEFINITIONAL_REPRESENTATION('',(#1407),#1411);
#1407 = LINE('',#1408,#1409);
#1408 = CARTESIAN_POINT('',(-1.5,-5.));
#1409 = VECTOR('',#1410,1.);
#1410 = DIRECTION('',(1.,0.));
#1411 = ( GEOMETRIC_REPRESENTATION_CONTEXT(2) 
PARAMETRIC_REPRESENTATION_CONTEXT() REPRESENTATION_CONTEXT('2D SPACE',''
  ) );
#1412 = PCURVE('',#1413,#1418);
#1413 = PLANE('',#1414);
#1414 = AXIS2_PLACEMENT_3D('',#1415,#1416,#1417);
#1415 = CARTESIAN_POINT('',(0.,36.5,-2.));
#1416 = DIRECTION('',(0.,-1.,0.));
#1417 = DIRECTION('',(0.,0.,1.));
#1418 = DEFINITIONAL_REPRESENTATION('',(#1419),#1423);
#1419 = LINE('',#1420,#1421);
#1420 = CARTESIAN_POINT('',(0.,-15.75));
#1421 = VECTOR('',#1422,1.);
#1422 = DIRECTION('',(1.,0.));
#1423 = ( GEOMETRIC_REPRESENTATION_CONTEXT(2) 
PARAMETRIC_REPRESENTATION_CONTEXT() REPRESENTATION_CONTEXT('2D SPACE',''
  ) );
#1424 = ORIENTED_EDGE('',*,*,#1425,.T.);
#1425 = EDGE_CURVE('',#1398,#1426,#1428,.T.);
#1426 = VERTEX_POINT('',#1427);
#1427 = CARTESIAN_POINT('',(15.75,31.5,6.));
#1428 = SURFACE_CURVE('',#1429,(#1433,#1440),.PCURVE_S1.);
#1429 = LINE('',#1430,#1431);
#1430 = CARTESIAN_POINT('',(15.75,36.5,1.));
#1431 = VECTOR('',#1432,1.);
#1432 = DIRECTION('',(0.,-0.707106781187,0.707106781187));
#1433 = PCURVE('',#765,#1434);
#1434 = DEFINITIONAL_REPRESENTATION('',(#1435),#1439);
#1435 = LINE('',#1436,#1437);
#1436 = CARTESIAN_POINT('',(1.5,-5.));
#1437 = VECTOR('',#1438,1.);
#1438 = DIRECTION('',(0.707106781187,0.707106781187));
#1439 = ( GEOMETRIC_REPRESENTATION_CONTEXT(2) 
PARAMETRIC_REPRESENTATION_CONTEXT() REPRESENTATION_CONTEXT('2D SPACE',''
  ) );
#1440 = PCURVE('',#1441,#1446);
#1441 = PLANE('',#1442);
#1442 = AXIS2_PLACEMENT_3D('',#1443,#1444,#1445);
#1443 = CARTESIAN_POINT('',(0.,36.5,1.));
#1444 = DIRECTION('',(0.,-0.707106781187,-0.707106781187));
#1445 = DIRECTION('',(0.,-0.707106781187,0.707106781187));
#1446 = DEFINITIONAL_REPRESENTATION('',(#1447),#1451);
#1447 = LINE('',#1448,#1449);
#1448 = CARTESIAN_POINT('',(0.,-15.75));
#1449 = VECTOR('',#1450,1.);
#1450 = DIRECTION('',(1.,0.));
#1451 = ( GEOMETRIC_REPRESENTATION_CONTEXT(2) 
PARAMETRIC_REPRESENTATION_CONTEXT() REPRESENTATION_CONTEXT('2D SPACE',''
  ) );
#1452 = ORIENTED_EDGE('',*,*,#1453,.T.);
#1453 = EDGE_CURVE('',#1426,#750,#1454,.T.);
#1454 = SURFACE_CURVE('',#1455,(#1459,#1466),.PCURVE_S1.);
#1455 = LINE('',#1456,#1457);
#1456 = CARTESIAN_POINT('',(15.75,31.5,0.));
#1457 = VECTOR('',#1458,1.);
#1458 = DIRECTION('',(0.,0.,1.));
#1459 = PCURVE('',#765,#1460);
#1460 = DEFINITIONAL_REPRESENTATION('',(#1461),#1465);
#1461 = LINE('',#1462,#1463);
#1462 = CARTESIAN_POINT('',(0.5,3.552713678801E-15));
#1463 = VECTOR('',#1464,1.);
#1464 = DIRECTION('',(1.,0.));
#1465 = ( GEOMETRIC_REPRESENTATION_CONTEXT(2) 
PARAMETRIC_REPRESENTATION_CONTEXT() REPRESENTATION_CONTEXT('2D SPACE',''
  ) );
#1466 = PCURVE('',#793,#1467);
#1467 = DEFINITIONAL_REPRESENTATION('',(#1468),#1472);
#1468 = LINE('',#1469,#1470);
#1469 = CARTESIAN_POINT('',(0.,15.75));
#1470 = VECTOR('',#1471,1.);
#1471 = DIRECTION('',(1.,0.));
#1472 = ( GEOMETRIC_REPRESENTATION_CONTEXT(2) 
PARAMETRIC_REPRESENTATION_CONTEXT() REPRESENTATION_CONTEXT('2D SPACE',''
  ) );
#1473 = ORIENTED_EDGE('',*,*,#749,.F.);
#1474 = ORIENTED_EDGE('',*,*,#1314,.F.);
#1475 = ORIENTED_EDGE('',*,*,#1077,.T.);
#1476 = ORIENTED_EDGE('',*,*,#1477,.T.);
#1477 = EDGE_CURVE('',#1078,#1478,#1480,.T.);
#1478 = VERTEX_POINT('',#1479);
#1479 = CARTESIAN_POINT('',(15.75,26.5,-2.));
#1480 = SURFACE_CURVE('',#1481,(#1485,#1492),.PCURVE_S1.);
#1481 = LINE('',#1482,#1483);
#1482 = CARTESIAN_POINT('',(15.75,26.5,1.));
#1483 = VECTOR('',#1484,1.);
#1484 = DIRECTION('',(0.,0.,-1.));
#1485 = PCURVE('',#765,#1486);
#1486 = DEFINITIONAL_REPRESENTATION('',(#1487),#1491);
#1487 = LINE('',#1488,#1489);
#1488 = CARTESIAN_POINT('',(1.5,5.));
#1489 = VECTOR('',#1490,1.);
#1490 = DIRECTION('',(-1.,0.));
#1491 = ( GEOMETRIC_REPRESENTATION_CONTEXT(2) 
PARAMETRIC_REPRESENTATION_CONTEXT() REPRESENTATION_CONTEXT('2D SPACE',''
  ) );
#1492 = PCURVE('',#1115,#1493);
#1493 = DEFINITIONAL_REPRESENTATION('',(#1494),#1498);
#1494 = LINE('',#1495,#1496);
#1495 = CARTESIAN_POINT('',(0.,-15.75));
#1496 = VECTOR('',#1497,1.);
#1497 = DIRECTION('',(1.,0.));
#1498 = ( GEOMETRIC_REPRESENTATION_CONTEXT(2) 
PARAMETRIC_REPRESENTATION_CONTEXT() REPRESENTATION_CONTEXT('2D SPACE',''
  ) );
#1499 = ORIENTED_EDGE('',*,*,#1500,.T.);
#1500 = EDGE_CURVE('',#1478,#1501,#1503,.T.);
#1501 = VERTEX_POINT('',#1502);
#1502 = CARTESIAN_POINT('',(15.75,31.5,-7.));
#1503 = SURFACE_CURVE('',#1504,(#1508,#1515),.PCURVE_S1.);
#1504 = LINE('',#1505,#1506);
#1505 = CARTESIAN_POINT('',(15.75,26.5,-2.));
#1506 = VECTOR('',#1507,1.);
#1507 = DIRECTION('',(0.,0.707106781187,-0.707106781187));
#1508 = PCURVE('',#765,#1509);
#1509 = DEFINITIONAL_REPRESENTATION('',(#1510),#1514);
#1510 = LINE('',#1511,#1512);
#1511 = CARTESIAN_POINT('',(-1.5,5.));
#1512 = VECTOR('',#1513,1.);
#1513 = DIRECTION('',(-0.707106781187,-0.707106781187));
#1514 = ( GEOMETRIC_REPRESENTATION_CONTEXT(2) 
PARAMETRIC_REPRESENTATION_CONTEXT() REPRESENTATION_CONTEXT('2D SPACE',''
  ) );
#1515 = PCURVE('',#1516,#1521);
#1516 = PLANE('',#1517);
#1517 = AXIS2_PLACEMENT_3D('',#1518,#1519,#1520);
#1518 = CARTESIAN_POINT('',(0.,26.5,-2.));
#1519 = DIRECTION('',(-0.,0.707106781187,0.707106781187));
#1520 = DIRECTION('',(0.,0.707106781187,-0.707106781187));
#1521 = DEFINITIONAL_REPRESENTATION('',(#1522),#1526);
#1522 = LINE('',#1523,#1524);
#1523 = CARTESIAN_POINT('',(0.,-15.75));
#1524 = VECTOR('',#1525,1.);
#1525 = DIRECTION('',(1.,0.));
#1526 = ( GEOMETRIC_REPRESENTATION_CONTEXT(2) 
PARAMETRIC_REPRESENTATION_CONTEXT() REPRESENTATION_CONTEXT('2D SPACE',''
  ) );
#1527 = ORIENTED_EDGE('',*,*,#1528,.T.);
#1528 = EDGE_CURVE('',#1501,#1396,#1529,.T.);
#1529 = SURFACE_CURVE('',#1530,(#1534,#1541),.PCURVE_S1.);
#1530 = LINE('',#1531,#1532);
#1531 = CARTESIAN_POINT('',(15.75,31.5,-7.));
#1532 = VECTOR('',#1533,1.);
#1533 = DIRECTION('',(0.,0.707106781187,0.707106781187));
#1534 = PCURVE('',#765,#1535);
#1535 = DEFINITIONAL_REPRESENTATION('',(#1536),#1540);
#1536 = LINE('',#1537,#1538);
#1537 = CARTESIAN_POINT('',(-6.5,3.552713678801E-15));
#1538 = VECTOR('',#1539,1.);
#1539 = DIRECTION('',(0.707106781187,-0.707106781187));
#1540 = ( GEOMETRIC_REPRESENTATION_CONTEXT(2) 
PARAMETRIC_REPRESENTATION_CONTEXT() REPRESENTATION_CONTEXT('2D SPACE',''
  ) );
#1541 = PCURVE('',#1542,#1547);
#1542 = PLANE('',#1543);
#1543 = AXIS2_PLACEMENT_3D('',#1544,#1545,#1546);
#1544 = CARTESIAN_POINT('',(0.,31.5,-7.));
#1545 = DIRECTION('',(0.,-0.707106781187,0.707106781187));
#1546 = DIRECTION('',(0.,0.707106781187,0.707106781187));
#1547 = DEFINITIONAL_REPRESENTATION('',(#1548),#1552);
#1548 = LINE('',#1549,#1550);
#1549 = CARTESIAN_POINT('',(0.,-15.75));
#1550 = VECTOR('',#1551,1.);
#1551 = DIRECTION('',(1.,0.));
#1552 = ( GEOMETRIC_REPRESENTATION_CONTEXT(2) 
PARAMETRIC_REPRESENTATION_CONTEXT() REPRESENTATION_CONTEXT('2D SPACE',''
  ) );
#1553 = FACE_BOUND('',#1554,.T.);
#1554 = EDGE_LOOP('',(#1555));
#1555 = ORIENTED_EDGE('',*,*,#1556,.T.);
#1556 = EDGE_CURVE('',#1557,#1557,#1559,.T.);
#1557 = VERTEX_POINT('',#1558);
#1558 = CARTESIAN_POINT('',(15.75,31.5,-4.065685424949));
#1559 = SURFACE_CURVE('',#1560,(#1565,#1576),.PCURVE_S1.);
#1560 = CIRCLE('',#1561,3.565685424949);
#1561 = AXIS2_PLACEMENT_3D('',#1562,#1563,#1564);
#1562 = CARTESIAN_POINT('',(15.75,31.5,-0.5));
#1563 = DIRECTION('',(-1.,0.,0.));
#1564 = DIRECTION('',(0.,0.,-1.));
#1565 = PCURVE('',#765,#1566);
#1566 = DEFINITIONAL_REPRESENTATION('',(#1567),#1575);
#1567 = ( BOUNDED_CURVE() B_SPLINE_CURVE(2,(#1568,#1569,#1570,#1571,
#1572,#1573,#1574),.UNSPECIFIED.,.T.,.F.) B_SPLINE_CURVE_WITH_KNOTS((1,2
    ,2,2,2,1),(-2.094395102393,0.,2.094395102393,4.188790204786,
6.28318530718,8.377580409573),.UNSPECIFIED.) CURVE() 
GEOMETRIC_REPRESENTATION_ITEM() RATIONAL_B_SPLINE_CURVE((1.,0.5,1.,0.5,
1.,0.5,1.)) REPRESENTATION_ITEM('') );
#1568 = CARTESIAN_POINT('',(-3.565685424949,3.552713678801E-15));
#1569 = CARTESIAN_POINT('',(-3.565685424949,6.17594831982));
#1570 = CARTESIAN_POINT('',(1.782842712475,3.08797415991));
#1571 = CARTESIAN_POINT('',(7.131370849898,4.426054727287E-15));
#1572 = CARTESIAN_POINT('',(1.782842712475,-3.08797415991));
#1573 = CARTESIAN_POINT('',(-3.565685424949,-6.17594831982));
#1574 = CARTESIAN_POINT('',(-3.565685424949,3.552713678801E-15));
#1575 = ( GEOMETRIC_REPRESENTATION_CONTEXT(2) 
PARAMETRIC_REPRESENTATION_CONTEXT() REPRESENTATION_CONTEXT('2D SPACE',''
  ) );
#1576 = PCURVE('',#1577,#1582);
#1577 = CONICAL_SURFACE('',#1578,4.065685424949,0.785398163397);
#1578 = AXIS2_PLACEMENT_3D('',#1579,#1580,#1581);
#1579 = CARTESIAN_POINT('',(16.25,31.5,-0.5));
#1580 = DIRECTION('',(1.,-0.,-0.));
#1581 = DIRECTION('',(0.,0.,-1.));
#1582 = DEFINITIONAL_REPRESENTATION('',(#1583),#1587);
#1583 = LINE('',#1584,#1585);
#1584 = CARTESIAN_POINT('',(-0.,-0.5));
#1585 = VECTOR('',#1586,1.);
#1586 = DIRECTION('',(-1.,-0.));
#1587 = ( GEOMETRIC_REPRESENTATION_CONTEXT(2) 
PARAMETRIC_REPRESENTATION_CONTEXT() REPRESENTATION_CONTEXT('2D SPACE',''
  ) );
#1588 = ADVANCED_FACE('',(#1589),#793,.T.);
#1589 = FACE_BOUND('',#1590,.T.);
#1590 = EDGE_LOOP('',(#1591,#1592,#1615,#1636));
#1591 = ORIENTED_EDGE('',*,*,#1453,.F.);
#1592 = ORIENTED_EDGE('',*,*,#1593,.F.);
#1593 = EDGE_CURVE('',#1594,#1426,#1596,.T.);
#1594 = VERTEX_POINT('',#1595);
#1595 = CARTESIAN_POINT('',(0.,31.5,6.));
#1596 = SURFACE_CURVE('',#1597,(#1601,#1608),.PCURVE_S1.);
#1597 = LINE('',#1598,#1599);
#1598 = CARTESIAN_POINT('',(0.,31.5,6.));
#1599 = VECTOR('',#1600,1.);
#1600 = DIRECTION('',(1.,0.,0.));
#1601 = PCURVE('',#793,#1602);
#1602 = DEFINITIONAL_REPRESENTATION('',(#1603),#1607);
#1603 = LINE('',#1604,#1605);
#1604 = CARTESIAN_POINT('',(6.,0.));
#1605 = VECTOR('',#1606,1.);
#1606 = DIRECTION('',(0.,1.));
#1607 = ( GEOMETRIC_REPRESENTATION_CONTEXT(2) 
PARAMETRIC_REPRESENTATION_CONTEXT() REPRESENTATION_CONTEXT('2D SPACE',''
  ) );
#1608 = PCURVE('',#1441,#1609);
#1609 = DEFINITIONAL_REPRESENTATION('',(#1610),#1614);
#1610 = LINE('',#1611,#1612);
#1611 = CARTESIAN_POINT('',(7.071067811865,0.));
#1612 = VECTOR('',#1613,1.);
#1613 = DIRECTION('',(0.,-1.));
#1614 = ( GEOMETRIC_REPRESENTATION_CONTEXT(2) 
PARAMETRIC_REPRESENTATION_CONTEXT() REPRESENTATION_CONTEXT('2D SPACE',''
  ) );
#1615 = ORIENTED_EDGE('',*,*,#1616,.T.);
#1616 = EDGE_CURVE('',#1594,#778,#1617,.T.);
#1617 = SURFACE_CURVE('',#1618,(#1622,#1629),.PCURVE_S1.);
#1618 = LINE('',#1619,#1620);
#1619 = CARTESIAN_POINT('',(0.,31.5,0.));
#1620 = VECTOR('',#1621,1.);
#1621 = DIRECTION('',(0.,0.,1.));
#1622 = PCURVE('',#793,#1623);
#1623 = DEFINITIONAL_REPRESENTATION('',(#1624),#1628);
#1624 = LINE('',#1625,#1626);
#1625 = CARTESIAN_POINT('',(0.,0.));
#1626 = VECTOR('',#1627,1.);
#1627 = DIRECTION('',(1.,0.));
#1628 = ( GEOMETRIC_REPRESENTATION_CONTEXT(2) 
PARAMETRIC_REPRESENTATION_CONTEXT() REPRESENTATION_CONTEXT('2D SPACE',''
  ) );
#1629 = PCURVE('',#821,#1630);
#1630 = DEFINITIONAL_REPRESENTATION('',(#1631),#1635);
#1631 = LINE('',#1632,#1633);
#1632 = CARTESIAN_POINT('',(0.5,3.552713678801E-15));
#1633 = VECTOR('',#1634,1.);
#1634 = DIRECTION('',(1.,0.));
#1635 = ( GEOMETRIC_REPRESENTATION_CONTEXT(2) 
PARAMETRIC_REPRESENTATION_CONTEXT() REPRESENTATION_CONTEXT('2D SPACE',''
  ) );
#1636 = ORIENTED_EDGE('',*,*,#777,.T.);
#1637 = ADVANCED_FACE('',(#1638),#821,.F.);
#1638 = FACE_BOUND('',#1639,.F.);
#1639 = EDGE_LOOP('',(#1640,#1665,#1686,#1687,#1688,#1689,#1690,#1713,
    #1736));
#1640 = ORIENTED_EDGE('',*,*,#1641,.T.);
#1641 = EDGE_CURVE('',#1642,#1644,#1646,.T.);
#1642 = VERTEX_POINT('',#1643);
#1643 = CARTESIAN_POINT('',(0.,36.5,-2.));
#1644 = VERTEX_POINT('',#1645);
#1645 = CARTESIAN_POINT('',(0.,36.5,1.));
#1646 = SURFACE_CURVE('',#1647,(#1651,#1658),.PCURVE_S1.);
#1647 = LINE('',#1648,#1649);
#1648 = CARTESIAN_POINT('',(0.,36.5,-2.));
#1649 = VECTOR('',#1650,1.);
#1650 = DIRECTION('',(0.,0.,1.));
#1651 = PCURVE('',#821,#1652);
#1652 = DEFINITIONAL_REPRESENTATION('',(#1653),#1657);
#1653 = LINE('',#1654,#1655);
#1654 = CARTESIAN_POINT('',(-1.5,-5.));
#1655 = VECTOR('',#1656,1.);
#1656 = DIRECTION('',(1.,0.));
#1657 = ( GEOMETRIC_REPRESENTATION_CONTEXT(2) 
PARAMETRIC_REPRESENTATION_CONTEXT() REPRESENTATION_CONTEXT('2D SPACE',''
  ) );
#1658 = PCURVE('',#1413,#1659);
#1659 = DEFINITIONAL_REPRESENTATION('',(#1660),#1664);
#1660 = LINE('',#1661,#1662);
#1661 = CARTESIAN_POINT('',(0.,0.));
#1662 = VECTOR('',#1663,1.);
#1663 = DIRECTION('',(1.,0.));
#1664 = ( GEOMETRIC_REPRESENTATION_CONTEXT(2) 
PARAMETRIC_REPRESENTATION_CONTEXT() REPRESENTATION_CONTEXT('2D SPACE',''
  ) );
#1665 = ORIENTED_EDGE('',*,*,#1666,.T.);
#1666 = EDGE_CURVE('',#1644,#1594,#1667,.T.);
#1667 = SURFACE_CURVE('',#1668,(#1672,#1679),.PCURVE_S1.);
#1668 = LINE('',#1669,#1670);
#1669 = CARTESIAN_POINT('',(0.,36.5,1.));
#1670 = VECTOR('',#1671,1.);
#1671 = DIRECTION('',(0.,-0.707106781187,0.707106781187));
#1672 = PCURVE('',#821,#1673);
#1673 = DEFINITIONAL_REPRESENTATION('',(#1674),#1678);
#1674 = LINE('',#1675,#1676);
#1675 = CARTESIAN_POINT('',(1.5,-5.));
#1676 = VECTOR('',#1677,1.);
#1677 = DIRECTION('',(0.707106781187,0.707106781187));
#1678 = ( GEOMETRIC_REPRESENTATION_CONTEXT(2) 
PARAMETRIC_REPRESENTATION_CONTEXT() REPRESENTATION_CONTEXT('2D SPACE',''
  ) );
#1679 = PCURVE('',#1441,#1680);
#1680 = DEFINITIONAL_REPRESENTATION('',(#1681),#1685);
#1681 = LINE('',#1682,#1683);
#1682 = CARTESIAN_POINT('',(0.,0.));
#1683 = VECTOR('',#1684,1.);
#1684 = DIRECTION('',(1.,0.));
#1685 = ( GEOMETRIC_REPRESENTATION_CONTEXT(2) 
PARAMETRIC_REPRESENTATION_CONTEXT() REPRESENTATION_CONTEXT('2D SPACE',''
  ) );
#1686 = ORIENTED_EDGE('',*,*,#1616,.T.);
#1687 = ORIENTED_EDGE('',*,*,#805,.F.);
#1688 = ORIENTED_EDGE('',*,*,#1369,.F.);
#1689 = ORIENTED_EDGE('',*,*,#1126,.F.);
#1690 = ORIENTED_EDGE('',*,*,#1691,.T.);
#1691 = EDGE_CURVE('',#1101,#1692,#1694,.T.);
#1692 = VERTEX_POINT('',#1693);
#1693 = CARTESIAN_POINT('',(0.,26.5,-2.));
#1694 = SURFACE_CURVE('',#1695,(#1699,#1706),.PCURVE_S1.);
#1695 = LINE('',#1696,#1697);
#1696 = CARTESIAN_POINT('',(0.,26.5,1.));
#1697 = VECTOR('',#1698,1.);
#1698 = DIRECTION('',(0.,0.,-1.));
#1699 = PCURVE('',#821,#1700);
#1700 = DEFINITIONAL_REPRESENTATION('',(#1701),#1705);
#1701 = LINE('',#1702,#1703);
#1702 = CARTESIAN_POINT('',(1.5,5.));
#1703 = VECTOR('',#1704,1.);
#1704 = DIRECTION('',(-1.,0.));
#1705 = ( GEOMETRIC_REPRESENTATION_CONTEXT(2) 
PARAMETRIC_REPRESENTATION_CONTEXT() REPRESENTATION_CONTEXT('2D SPACE',''
  ) );
#1706 = PCURVE('',#1115,#1707);
#1707 = DEFINITIONAL_REPRESENTATION('',(#1708),#1712);
#1708 = LINE('',#1709,#1710);
#1709 = CARTESIAN_POINT('',(0.,0.));
#1710 = VECTOR('',#1711,1.);
#1711 = DIRECTION('',(1.,0.));
#1712 = ( GEOMETRIC_REPRESENTATION_CONTEXT(2) 
PARAMETRIC_REPRESENTATION_CONTEXT() REPRESENTATION_CONTEXT('2D SPACE',''
  ) );
#1713 = ORIENTED_EDGE('',*,*,#1714,.T.);
#1714 = EDGE_CURVE('',#1692,#1715,#1717,.T.);
#1715 = VERTEX_POINT('',#1716);
#1716 = CARTESIAN_POINT('',(0.,31.5,-7.));
#1717 = SURFACE_CURVE('',#1718,(#1722,#1729),.PCURVE_S1.);
#1718 = LINE('',#1719,#1720);
#1719 = CARTESIAN_POINT('',(0.,26.5,-2.));
#1720 = VECTOR('',#1721,1.);
#1721 = DIRECTION('',(0.,0.707106781187,-0.707106781187));
#1722 = PCURVE('',#821,#1723);
#1723 = DEFINITIONAL_REPRESENTATION('',(#1724),#1728);
#1724 = LINE('',#1725,#1726);
#1725 = CARTESIAN_POINT('',(-1.5,5.));
#1726 = VECTOR('',#1727,1.);
#1727 = DIRECTION('',(-0.707106781187,-0.707106781187));
#1728 = ( GEOMETRIC_REPRESENTATION_CONTEXT(2) 
PARAMETRIC_REPRESENTATION_CONTEXT() REPRESENTATION_CONTEXT('2D SPACE',''
  ) );
#1729 = PCURVE('',#1516,#1730);
#1730 = DEFINITIONAL_REPRESENTATION('',(#1731),#1735);
#1731 = LINE('',#1732,#1733);
#1732 = CARTESIAN_POINT('',(0.,0.));
#1733 = VECTOR('',#1734,1.);
#1734 = DIRECTION('',(1.,0.));
#1735 = ( GEOMETRIC_REPRESENTATION_CONTEXT(2) 
PARAMETRIC_REPRESENTATION_CONTEXT() REPRESENTATION_CONTEXT('2D SPACE',''
  ) );
#1736 = ORIENTED_EDGE('',*,*,#1737,.T.);
#1737 = EDGE_CURVE('',#1715,#1642,#1738,.T.);
#1738 = SURFACE_CURVE('',#1739,(#1743,#1750),.PCURVE_S1.);
#1739 = LINE('',#1740,#1741);
#1740 = CARTESIAN_POINT('',(0.,31.5,-7.));
#1741 = VECTOR('',#1742,1.);
#1742 = DIRECTION('',(0.,0.707106781187,0.707106781187));
#1743 = PCURVE('',#821,#1744);
#1744 = DEFINITIONAL_REPRESENTATION('',(#1745),#1749);
#1745 = LINE('',#1746,#1747);
#1746 = CARTESIAN_POINT('',(-6.5,3.552713678801E-15));
#1747 = VECTOR('',#1748,1.);
#1748 = DIRECTION('',(0.707106781187,-0.707106781187));
#1749 = ( GEOMETRIC_REPRESENTATION_CONTEXT(2) 
PARAMETRIC_REPRESENTATION_CONTEXT() REPRESENTATION_CONTEXT('2D SPACE',''
  ) );
#1750 = PCURVE('',#1542,#1751);
#1751 = DEFINITIONAL_REPRESENTATION('',(#1752),#1756);
#1752 = LINE('',#1753,#1754);
#1753 = CARTESIAN_POINT('',(0.,0.));
#1754 = VECTOR('',#1755,1.);
#1755 = DIRECTION('',(1.,0.));
#1756 = ( GEOMETRIC_REPRESENTATION_CONTEXT(2) 
PARAMETRIC_REPRESENTATION_CONTEXT() REPRESENTATION_CONTEXT('2D SPACE',''
  ) );
#1757 = ADVANCED_FACE('',(#1758),#879,.F.);
#1758 = FACE_BOUND('',#1759,.F.);
#1759 = EDGE_LOOP('',(#1760,#1789,#1810,#1811));
#1760 = ORIENTED_EDGE('',*,*,#1761,.F.);
#1761 = EDGE_CURVE('',#1762,#1762,#1764,.T.);
#1762 = VERTEX_POINT('',#1763);
#1763 = CARTESIAN_POINT('',(17.,12.5,5.));
#1764 = SURFACE_CURVE('',#1765,(#1770,#1777),.PCURVE_S1.);
#1765 = CIRCLE('',#1766,4.);
#1766 = AXIS2_PLACEMENT_3D('',#1767,#1768,#1769);
#1767 = CARTESIAN_POINT('',(21.,12.5,5.));
#1768 = DIRECTION('',(0.,0.,-1.));
#1769 = DIRECTION('',(-1.,0.,0.));
#1770 = PCURVE('',#879,#1771);
#1771 = DEFINITIONAL_REPRESENTATION('',(#1772),#1776);
#1772 = LINE('',#1773,#1774);
#1773 = CARTESIAN_POINT('',(0.,5.));
#1774 = VECTOR('',#1775,1.);
#1775 = DIRECTION('',(1.,0.));
#1776 = ( GEOMETRIC_REPRESENTATION_CONTEXT(2) 
PARAMETRIC_REPRESENTATION_CONTEXT() REPRESENTATION_CONTEXT('2D SPACE',''
  ) );
#1777 = PCURVE('',#1778,#1783);
#1778 = PLANE('',#1779);
#1779 = AXIS2_PLACEMENT_3D('',#1780,#1781,#1782);
#1780 = CARTESIAN_POINT('',(21.,12.5,5.));
#1781 = DIRECTION('',(0.,0.,-1.));
#1782 = DIRECTION('',(-1.,0.,0.));
#1783 = DEFINITIONAL_REPRESENTATION('',(#1784),#1788);
#1784 = CIRCLE('',#1785,4.);
#1785 = AXIS2_PLACEMENT_2D('',#1786,#1787);
#1786 = CARTESIAN_POINT('',(0.,0.));
#1787 = DIRECTION('',(1.,0.));
#1788 = ( GEOMETRIC_REPRESENTATION_CONTEXT(2) 
PARAMETRIC_REPRESENTATION_CONTEXT() REPRESENTATION_CONTEXT('2D SPACE',''
  ) );
#1789 = ORIENTED_EDGE('',*,*,#1790,.F.);
#1790 = EDGE_CURVE('',#859,#1762,#1791,.T.);
#1791 = SEAM_CURVE('',#1792,(#1796,#1803),.PCURVE_S1.);
#1792 = LINE('',#1793,#1794);
#1793 = CARTESIAN_POINT('',(17.,12.5,10.));
#1794 = VECTOR('',#1795,1.);
#1795 = DIRECTION('',(0.,0.,-1.));
#1796 = PCURVE('',#879,#1797);
#1797 = DEFINITIONAL_REPRESENTATION('',(#1798),#1802);
#1798 = LINE('',#1799,#1800);
#1799 = CARTESIAN_POINT('',(6.28318530718,-0.));
#1800 = VECTOR('',#1801,1.);
#1801 = DIRECTION('',(0.,1.));
#1802 = ( GEOMETRIC_REPRESENTATION_CONTEXT(2) 
PARAMETRIC_REPRESENTATION_CONTEXT() REPRESENTATION_CONTEXT('2D SPACE',''
  ) );
#1803 = PCURVE('',#879,#1804);
#1804 = DEFINITIONAL_REPRESENTATION('',(#1805),#1809);
#1805 = LINE('',#1806,#1807);
#1806 = CARTESIAN_POINT('',(0.,-0.));
#1807 = VECTOR('',#1808,1.);
#1808 = DIRECTION('',(0.,1.));
#1809 = ( GEOMETRIC_REPRESENTATION_CONTEXT(2) 
PARAMETRIC_REPRESENTATION_CONTEXT() REPRESENTATION_CONTEXT('2D SPACE',''
  ) );
#1810 = ORIENTED_EDGE('',*,*,#858,.T.);
#1811 = ORIENTED_EDGE('',*,*,#1790,.T.);
#1812 = ADVANCED_FACE('',(#1813),#914,.F.);
#1813 = FACE_BOUND('',#1814,.F.);
#1814 = EDGE_LOOP('',(#1815,#1844,#1865,#1866));
#1815 = ORIENTED_EDGE('',*,*,#1816,.F.);
#1816 = EDGE_CURVE('',#1817,#1817,#1819,.T.);
#1817 = VERTEX_POINT('',#1818);
#1818 = CARTESIAN_POINT('',(42.,12.5,5.));
#1819 = SURFACE_CURVE('',#1820,(#1825,#1832),.PCURVE_S1.);
#1820 = CIRCLE('',#1821,4.);
#1821 = AXIS2_PLACEMENT_3D('',#1822,#1823,#1824);
#1822 = CARTESIAN_POINT('',(46.,12.5,5.));
#1823 = DIRECTION('',(0.,0.,-1.));
#1824 = DIRECTION('',(-1.,0.,0.));
#1825 = PCURVE('',#914,#1826);
#1826 = DEFINITIONAL_REPRESENTATION('',(#1827),#1831);
#1827 = LINE('',#1828,#1829);
#1828 = CARTESIAN_POINT('',(0.,5.));
#1829 = VECTOR('',#1830,1.);
#1830 = DIRECTION('',(1.,0.));
#1831 = ( GEOMETRIC_REPRESENTATION_CONTEXT(2) 
PARAMETRIC_REPRESENTATION_CONTEXT() REPRESENTATION_CONTEXT('2D SPACE',''
  ) );
#1832 = PCURVE('',#1833,#1838);
#1833 = PLANE('',#1834);
#1834 = AXIS2_PLACEMENT_3D('',#1835,#1836,#1837);
#1835 = CARTESIAN_POINT('',(46.,12.5,5.));
#1836 = DIRECTION('',(0.,0.,-1.));
#1837 = DIRECTION('',(-1.,0.,0.));
#1838 = DEFINITIONAL_REPRESENTATION('',(#1839),#1843);
#1839 = CIRCLE('',#1840,4.);
#1840 = AXIS2_PLACEMENT_2D('',#1841,#1842);
#1841 = CARTESIAN_POINT('',(0.,0.));
#1842 = DIRECTION('',(1.,0.));
#1843 = ( GEOMETRIC_REPRESENTATION_CONTEXT(2) 
PARAMETRIC_REPRESENTATION_CONTEXT() REPRESENTATION_CONTEXT('2D SPACE',''
  ) );
#1844 = ORIENTED_EDGE('',*,*,#1845,.F.);
#1845 = EDGE_CURVE('',#894,#1817,#1846,.T.);
#1846 = SEAM_CURVE('',#1847,(#1851,#1858),.PCURVE_S1.);
#1847 = LINE('',#1848,#1849);
#1848 = CARTESIAN_POINT('',(42.,12.5,10.));
#1849 = VECTOR('',#1850,1.);
#1850 = DIRECTION('',(0.,0.,-1.));
#1851 = PCURVE('',#914,#1852);
#1852 = DEFINITIONAL_REPRESENTATION('',(#1853),#1857);
#1853 = LINE('',#1854,#1855);
#1854 = CARTESIAN_POINT('',(6.28318530718,-0.));
#1855 = VECTOR('',#1856,1.);
#1856 = DIRECTION('',(0.,1.));
#1857 = ( GEOMETRIC_REPRESENTATION_CONTEXT(2) 
PARAMETRIC_REPRESENTATION_CONTEXT() REPRESENTATION_CONTEXT('2D SPACE',''
  ) );
#1858 = PCURVE('',#914,#1859);
#1859 = DEFINITIONAL_REPRESENTATION('',(#1860),#1864);
#1860 = LINE('',#1861,#1862);
#1861 = CARTESIAN_POINT('',(0.,-0.));
#1862 = VECTOR('',#1863,1.);
#1863 = DIRECTION('',(0.,1.));
#1864 = ( GEOMETRIC_REPRESENTATION_CONTEXT(2) 
PARAMETRIC_REPRESENTATION_CONTEXT() REPRESENTATION_CONTEXT('2D SPACE',''
  ) );
#1865 = ORIENTED_EDGE('',*,*,#893,.T.);
#1866 = ORIENTED_EDGE('',*,*,#1845,.T.);
#1867 = ADVANCED_FACE('',(#1868),#949,.F.);
#1868 = FACE_BOUND('',#1869,.F.);
#1869 = EDGE_LOOP('',(#1870,#1899,#1920,#1921));
#1870 = ORIENTED_EDGE('',*,*,#1871,.F.);
#1871 = EDGE_CURVE('',#1872,#1872,#1874,.T.);
#1872 = VERTEX_POINT('',#1873);
#1873 = CARTESIAN_POINT('',(17.,-12.5,5.));
#1874 = SURFACE_CURVE('',#1875,(#1880,#1887),.PCURVE_S1.);
#1875 = CIRCLE('',#1876,4.);
#1876 = AXIS2_PLACEMENT_3D('',#1877,#1878,#1879);
#1877 = CARTESIAN_POINT('',(21.,-12.5,5.));
#1878 = DIRECTION('',(0.,0.,-1.));
#1879 = DIRECTION('',(-1.,0.,0.));
#1880 = PCURVE('',#949,#1881);
#1881 = DEFINITIONAL_REPRESENTATION('',(#1882),#1886);
#1882 = LINE('',#1883,#1884);
#1883 = CARTESIAN_POINT('',(0.,5.));
#1884 = VECTOR('',#1885,1.);
#1885 = DIRECTION('',(1.,0.));
#1886 = ( GEOMETRIC_REPRESENTATION_CONTEXT(2) 
PARAMETRIC_REPRESENTATION_CONTEXT() REPRESENTATION_CONTEXT('2D SPACE',''
  ) );
#1887 = PCURVE('',#1888,#1893);
#1888 = PLANE('',#1889);
#1889 = AXIS2_PLACEMENT_3D('',#1890,#1891,#1892);
#1890 = CARTESIAN_POINT('',(21.,-12.5,5.));
#1891 = DIRECTION('',(0.,0.,-1.));
#1892 = DIRECTION('',(-1.,0.,0.));
#1893 = DEFINITIONAL_REPRESENTATION('',(#1894),#1898);
#1894 = CIRCLE('',#1895,4.);
#1895 = AXIS2_PLACEMENT_2D('',#1896,#1897);
#1896 = CARTESIAN_POINT('',(0.,0.));
#1897 = DIRECTION('',(1.,0.));
#1898 = ( GEOMETRIC_REPRESENTATION_CONTEXT(2) 
PARAMETRIC_REPRESENTATION_CONTEXT() REPRESENTATION_CONTEXT('2D SPACE',''
  ) );
#1899 = ORIENTED_EDGE('',*,*,#1900,.F.);
#1900 = EDGE_CURVE('',#929,#1872,#1901,.T.);
#1901 = SEAM_CURVE('',#1902,(#1906,#1913),.PCURVE_S1.);
#1902 = LINE('',#1903,#1904);
#1903 = CARTESIAN_POINT('',(17.,-12.5,10.));
#1904 = VECTOR('',#1905,1.);
#1905 = DIRECTION('',(0.,0.,-1.));
#1906 = PCURVE('',#949,#1907);
#1907 = DEFINITIONAL_REPRESENTATION('',(#1908),#1912);
#1908 = LINE('',#1909,#1910);
#1909 = CARTESIAN_POINT('',(6.28318530718,-0.));
#1910 = VECTOR('',#1911,1.);
#1911 = DIRECTION('',(0.,1.));
#1912 = ( GEOMETRIC_REPRESENTATION_CONTEXT(2) 
PARAMETRIC_REPRESENTATION_CONTEXT() REPRESENTATION_CONTEXT('2D SPACE',''
  ) );
#1913 = PCURVE('',#949,#1914);
#1914 = DEFINITIONAL_REPRESENTATION('',(#1915),#1919);
#1915 = LINE('',#1916,#1917);
#1916 = CARTESIAN_POINT('',(0.,-0.));
#1917 = VECTOR('',#1918,1.);
#1918 = DIRECTION('',(0.,1.));
#1919 = ( GEOMETRIC_REPRESENTATION_CONTEXT(2) 
PARAMETRIC_REPRESENTATION_CONTEXT() REPRESENTATION_CONTEXT('2D SPACE',''
  ) );
#1920 = ORIENTED_EDGE('',*,*,#928,.T.);
#1921 = ORIENTED_EDGE('',*,*,#1900,.T.);
#1922 = ADVANCED_FACE('',(#1923),#984,.F.);
#1923 = FACE_BOUND('',#1924,.F.);
#1924 = EDGE_LOOP('',(#1925,#1954,#1975,#1976));
#1925 = ORIENTED_EDGE('',*,*,#1926,.F.);
#1926 = EDGE_CURVE('',#1927,#1927,#1929,.T.);
#1927 = VERTEX_POINT('',#1928);
#1928 = CARTESIAN_POINT('',(42.,-12.5,5.));
#1929 = SURFACE_CURVE('',#1930,(#1935,#1942),.PCURVE_S1.);
#1930 = CIRCLE('',#1931,4.);
#1931 = AXIS2_PLACEMENT_3D('',#1932,#1933,#1934);
#1932 = CARTESIAN_POINT('',(46.,-12.5,5.));
#1933 = DIRECTION('',(0.,0.,-1.));
#1934 = DIRECTION('',(-1.,0.,0.));
#1935 = PCURVE('',#984,#1936);
#1936 = DEFINITIONAL_REPRESENTATION('',(#1937),#1941);
#1937 = LINE('',#1938,#1939);
#1938 = CARTESIAN_POINT('',(0.,5.));
#1939 = VECTOR('',#1940,1.);
#1940 = DIRECTION('',(1.,0.));
#1941 = ( GEOMETRIC_REPRESENTATION_CONTEXT(2) 
PARAMETRIC_REPRESENTATION_CONTEXT() REPRESENTATION_CONTEXT('2D SPACE',''
  ) );
#1942 = PCURVE('',#1943,#1948);
#1943 = PLANE('',#1944);
#1944 = AXIS2_PLACEMENT_3D('',#1945,#1946,#1947);
#1945 = CARTESIAN_POINT('',(46.,-12.5,5.));
#1946 = DIRECTION('',(0.,0.,-1.));
#1947 = DIRECTION('',(-1.,0.,0.));
#1948 = DEFINITIONAL_REPRESENTATION('',(#1949),#1953);
#1949 = CIRCLE('',#1950,4.);
#1950 = AXIS2_PLACEMENT_2D('',#1951,#1952);
#1951 = CARTESIAN_POINT('',(0.,0.));
#1952 = DIRECTION('',(1.,0.));
#1953 = ( GEOMETRIC_REPRESENTATION_CONTEXT(2) 
PARAMETRIC_REPRESENTATION_CONTEXT() REPRESENTATION_CONTEXT('2D SPACE',''
  ) );
#1954 = ORIENTED_EDGE('',*,*,#1955,.F.);
#1955 = EDGE_CURVE('',#964,#1927,#1956,.T.);
#1956 = SEAM_CURVE('',#1957,(#1961,#1968),.PCURVE_S1.);
#1957 = LINE('',#1958,#1959);
#1958 = CARTESIAN_POINT('',(42.,-12.5,10.));
#1959 = VECTOR('',#1960,1.);
#1960 = DIRECTION('',(0.,0.,-1.));
#1961 = PCURVE('',#984,#1962);
#1962 = DEFINITIONAL_REPRESENTATION('',(#1963),#1967);
#1963 = LINE('',#1964,#1965);
#1964 = CARTESIAN_POINT('',(6.28318530718,-0.));
#1965 = VECTOR('',#1966,1.);
#1966 = DIRECTION('',(0.,1.));
#1967 = ( GEOMETRIC_REPRESENTATION_CONTEXT(2) 
PARAMETRIC_REPRESENTATION_CONTEXT() REPRESENTATION_CONTEXT('2D SPACE',''
  ) );
#1968 = PCURVE('',#984,#1969);
#1969 = DEFINITIONAL_REPRESENTATION('',(#1970),#1974);
#1970 = LINE('',#1971,#1972);
#1971 = CARTESIAN_POINT('',(0.,-0.));
#1972 = VECTOR('',#1973,1.);
#1973 = DIRECTION('',(0.,1.));
#1974 = ( GEOMETRIC_REPRESENTATION_CONTEXT(2) 
PARAMETRIC_REPRESENTATION_CONTEXT() REPRESENTATION_CONTEXT('2D SPACE',''
  ) );
#1975 = ORIENTED_EDGE('',*,*,#963,.T.);
#1976 = ORIENTED_EDGE('',*,*,#1955,.T.);
#1977 = ADVANCED_FACE('',(#1978),#1115,.F.);
#1978 = FACE_BOUND('',#1979,.F.);
#1979 = EDGE_LOOP('',(#1980,#1981,#1982,#1983));
#1980 = ORIENTED_EDGE('',*,*,#1691,.F.);
#1981 = ORIENTED_EDGE('',*,*,#1100,.F.);
#1982 = ORIENTED_EDGE('',*,*,#1477,.T.);
#1983 = ORIENTED_EDGE('',*,*,#1984,.F.);
#1984 = EDGE_CURVE('',#1692,#1478,#1985,.T.);
#1985 = SURFACE_CURVE('',#1986,(#1990,#1997),.PCURVE_S1.);
#1986 = LINE('',#1987,#1988);
#1987 = CARTESIAN_POINT('',(0.,26.5,-2.));
#1988 = VECTOR('',#1989,1.);
#1989 = DIRECTION('',(1.,0.,0.));
#1990 = PCURVE('',#1115,#1991);
#1991 = DEFINITIONAL_REPRESENTATION('',(#1992),#1996);
#1992 = LINE('',#1993,#1994);
#1993 = CARTESIAN_POINT('',(3.,0.));
#1994 = VECTOR('',#1995,1.);
#1995 = DIRECTION('',(0.,-1.));
#1996 = ( GEOMETRIC_REPRESENTATION_CONTEXT(2) 
PARAMETRIC_REPRESENTATION_CONTEXT() REPRESENTATION_CONTEXT('2D SPACE',''
  ) );
#1997 = PCURVE('',#1516,#1998);
#1998 = DEFINITIONAL_REPRESENTATION('',(#1999),#2003);
#1999 = LINE('',#2000,#2001);
#2000 = CARTESIAN_POINT('',(0.,0.));
#2001 = VECTOR('',#2002,1.);
#2002 = DIRECTION('',(0.,-1.));
#2003 = ( GEOMETRIC_REPRESENTATION_CONTEXT(2) 
PARAMETRIC_REPRESENTATION_CONTEXT() REPRESENTATION_CONTEXT('2D SPACE',''
  ) );
#2004 = ADVANCED_FACE('',(#2005),#1193,.F.);
#2005 = FACE_BOUND('',#2006,.F.);
#2006 = EDGE_LOOP('',(#2007,#2031,#2052,#2053));
#2007 = ORIENTED_EDGE('',*,*,#2008,.T.);
#2008 = EDGE_CURVE('',#2009,#2009,#2011,.T.);
#2009 = VERTEX_POINT('',#2010);
#2010 = CARTESIAN_POINT('',(18.75,-12.5,5.));
#2011 = SURFACE_CURVE('',#2012,(#2017,#2024),.PCURVE_S1.);
#2012 = CIRCLE('',#2013,2.25);
#2013 = AXIS2_PLACEMENT_3D('',#2014,#2015,#2016);
#2014 = CARTESIAN_POINT('',(21.,-12.5,5.));
#2015 = DIRECTION('',(0.,0.,-1.));
#2016 = DIRECTION('',(-1.,0.,0.));
#2017 = PCURVE('',#1193,#2018);
#2018 = DEFINITIONAL_REPRESENTATION('',(#2019),#2023);
#2019 = LINE('',#2020,#2021);
#2020 = CARTESIAN_POINT('',(0.,5.));
#2021 = VECTOR('',#2022,1.);
#2022 = DIRECTION('',(1.,0.));
#2023 = ( GEOMETRIC_REPRESENTATION_CONTEXT(2) 
PARAMETRIC_REPRESENTATION_CONTEXT() REPRESENTATION_CONTEXT('2D SPACE',''
  ) );
#2024 = PCURVE('',#1888,#2025);
#2025 = DEFINITIONAL_REPRESENTATION('',(#2026),#2030);
#2026 = CIRCLE('',#2027,2.25);
#2027 = AXIS2_PLACEMENT_2D('',#2028,#2029);
#2028 = CARTESIAN_POINT('',(0.,0.));
#2029 = DIRECTION('',(1.,0.));
#2030 = ( GEOMETRIC_REPRESENTATION_CONTEXT(2) 
PARAMETRIC_REPRESENTATION_CONTEXT() REPRESENTATION_CONTEXT('2D SPACE',''
  ) );
#2031 = ORIENTED_EDGE('',*,*,#2032,.T.);
#2032 = EDGE_CURVE('',#2009,#1173,#2033,.T.);
#2033 = SEAM_CURVE('',#2034,(#2038,#2045),.PCURVE_S1.);
#2034 = LINE('',#2035,#2036);
#2035 = CARTESIAN_POINT('',(18.75,-12.5,10.));
#2036 = VECTOR('',#2037,1.);
#2037 = DIRECTION('',(0.,0.,-1.));
#2038 = PCURVE('',#1193,#2039);
#2039 = DEFINITIONAL_REPRESENTATION('',(#2040),#2044);
#2040 = LINE('',#2041,#2042);
#2041 = CARTESIAN_POINT('',(0.,-0.));
#2042 = VECTOR('',#2043,1.);
#2043 = DIRECTION('',(0.,1.));
#2044 = ( GEOMETRIC_REPRESENTATION_CONTEXT(2) 
PARAMETRIC_REPRESENTATION_CONTEXT() REPRESENTATION_CONTEXT('2D SPACE',''
  ) );
#2045 = PCURVE('',#1193,#2046);
#2046 = DEFINITIONAL_REPRESENTATION('',(#2047),#2051);
#2047 = LINE('',#2048,#2049);
#2048 = CARTESIAN_POINT('',(6.28318530718,-0.));
#2049 = VECTOR('',#2050,1.);
#2050 = DIRECTION('',(0.,1.));
#2051 = ( GEOMETRIC_REPRESENTATION_CONTEXT(2) 
PARAMETRIC_REPRESENTATION_CONTEXT() REPRESENTATION_CONTEXT('2D SPACE',''
  ) );
#2052 = ORIENTED_EDGE('',*,*,#1172,.F.);
#2053 = ORIENTED_EDGE('',*,*,#2032,.F.);
#2054 = ADVANCED_FACE('',(#2055),#1228,.F.);
#2055 = FACE_BOUND('',#2056,.F.);
#2056 = EDGE_LOOP('',(#2057,#2081,#2102,#2103));
#2057 = ORIENTED_EDGE('',*,*,#2058,.T.);
#2058 = EDGE_CURVE('',#2059,#2059,#2061,.T.);
#2059 = VERTEX_POINT('',#2060);
#2060 = CARTESIAN_POINT('',(43.75,-12.5,5.));
#2061 = SURFACE_CURVE('',#2062,(#2067,#2074),.PCURVE_S1.);
#2062 = CIRCLE('',#2063,2.25);
#2063 = AXIS2_PLACEMENT_3D('',#2064,#2065,#2066);
#2064 = CARTESIAN_POINT('',(46.,-12.5,5.));
#2065 = DIRECTION('',(0.,0.,-1.));
#2066 = DIRECTION('',(-1.,0.,0.));
#2067 = PCURVE('',#1228,#2068);
#2068 = DEFINITIONAL_REPRESENTATION('',(#2069),#2073);
#2069 = LINE('',#2070,#2071);
#2070 = CARTESIAN_POINT('',(0.,5.));
#2071 = VECTOR('',#2072,1.);
#2072 = DIRECTION('',(1.,0.));
#2073 = ( GEOMETRIC_REPRESENTATION_CONTEXT(2) 
PARAMETRIC_REPRESENTATION_CONTEXT() REPRESENTATION_CONTEXT('2D SPACE',''
  ) );
#2074 = PCURVE('',#1943,#2075);
#2075 = DEFINITIONAL_REPRESENTATION('',(#2076),#2080);
#2076 = CIRCLE('',#2077,2.25);
#2077 = AXIS2_PLACEMENT_2D('',#2078,#2079);
#2078 = CARTESIAN_POINT('',(0.,0.));
#2079 = DIRECTION('',(1.,0.));
#2080 = ( GEOMETRIC_REPRESENTATION_CONTEXT(2) 
PARAMETRIC_REPRESENTATION_CONTEXT() REPRESENTATION_CONTEXT('2D SPACE',''
  ) );
#2081 = ORIENTED_EDGE('',*,*,#2082,.T.);
#2082 = EDGE_CURVE('',#2059,#1208,#2083,.T.);
#2083 = SEAM_CURVE('',#2084,(#2088,#2095),.PCURVE_S1.);
#2084 = LINE('',#2085,#2086);
#2085 = CARTESIAN_POINT('',(43.75,-12.5,10.));
#2086 = VECTOR('',#2087,1.);
#2087 = DIRECTION('',(0.,0.,-1.));
#2088 = PCURVE('',#1228,#2089);
#2089 = DEFINITIONAL_REPRESENTATION('',(#2090),#2094);
#2090 = LINE('',#2091,#2092);
#2091 = CARTESIAN_POINT('',(0.,-0.));
#2092 = VECTOR('',#2093,1.);
#2093 = DIRECTION('',(0.,1.));
#2094 = ( GEOMETRIC_REPRESENTATION_CONTEXT(2) 
PARAMETRIC_REPRESENTATION_CONTEXT() REPRESENTATION_CONTEXT('2D SPACE',''
  ) );
#2095 = PCURVE('',#1228,#2096);
#2096 = DEFINITIONAL_REPRESENTATION('',(#2097),#2101);
#2097 = LINE('',#2098,#2099);
#2098 = CARTESIAN_POINT('',(6.28318530718,-0.));
#2099 = VECTOR('',#2100,1.);
#2100 = DIRECTION('',(0.,1.));
#2101 = ( GEOMETRIC_REPRESENTATION_CONTEXT(2) 
PARAMETRIC_REPRESENTATION_CONTEXT() REPRESENTATION_CONTEXT('2D SPACE',''
  ) );
#2102 = ORIENTED_EDGE('',*,*,#1207,.F.);
#2103 = ORIENTED_EDGE('',*,*,#2082,.F.);
#2104 = ADVANCED_FACE('',(#2105),#1263,.F.);
#2105 = FACE_BOUND('',#2106,.F.);
#2106 = EDGE_LOOP('',(#2107,#2131,#2152,#2153));
#2107 = ORIENTED_EDGE('',*,*,#2108,.T.);
#2108 = EDGE_CURVE('',#2109,#2109,#2111,.T.);
#2109 = VERTEX_POINT('',#2110);
#2110 = CARTESIAN_POINT('',(18.75,12.5,5.));
#2111 = SURFACE_CURVE('',#2112,(#2117,#2124),.PCURVE_S1.);
#2112 = CIRCLE('',#2113,2.25);
#2113 = AXIS2_PLACEMENT_3D('',#2114,#2115,#2116);
#2114 = CARTESIAN_POINT('',(21.,12.5,5.));
#2115 = DIRECTION('',(0.,0.,-1.));
#2116 = DIRECTION('',(-1.,0.,0.));
#2117 = PCURVE('',#1263,#2118);
#2118 = DEFINITIONAL_REPRESENTATION('',(#2119),#2123);
#2119 = LINE('',#2120,#2121);
#2120 = CARTESIAN_POINT('',(0.,5.));
#2121 = VECTOR('',#2122,1.);
#2122 = DIRECTION('',(1.,0.));
#2123 = ( GEOMETRIC_REPRESENTATION_CONTEXT(2) 
PARAMETRIC_REPRESENTATION_CONTEXT() REPRESENTATION_CONTEXT('2D SPACE',''
  ) );
#2124 = PCURVE('',#1778,#2125);
#2125 = DEFINITIONAL_REPRESENTATION('',(#2126),#2130);
#2126 = CIRCLE('',#2127,2.25);
#2127 = AXIS2_PLACEMENT_2D('',#2128,#2129);
#2128 = CARTESIAN_POINT('',(0.,0.));
#2129 = DIRECTION('',(1.,0.));
#2130 = ( GEOMETRIC_REPRESENTATION_CONTEXT(2) 
PARAMETRIC_REPRESENTATION_CONTEXT() REPRESENTATION_CONTEXT('2D SPACE',''
  ) );
#2131 = ORIENTED_EDGE('',*,*,#2132,.T.);
#2132 = EDGE_CURVE('',#2109,#1243,#2133,.T.);
#2133 = SEAM_CURVE('',#2134,(#2138,#2145),.PCURVE_S1.);
#2134 = LINE('',#2135,#2136);
#2135 = CARTESIAN_POINT('',(18.75,12.5,10.));
#2136 = VECTOR('',#2137,1.);
#2137 = DIRECTION('',(0.,0.,-1.));
#2138 = PCURVE('',#1263,#2139);
#2139 = DEFINITIONAL_REPRESENTATION('',(#2140),#2144);
#2140 = LINE('',#2141,#2142);
#2141 = CARTESIAN_POINT('',(0.,-0.));
#2142 = VECTOR('',#2143,1.);
#2143 = DIRECTION('',(0.,1.));
#2144 = ( GEOMETRIC_REPRESENTATION_CONTEXT(2) 
PARAMETRIC_REPRESENTATION_CONTEXT() REPRESENTATION_CONTEXT('2D SPACE',''
  ) );
#2145 = PCURVE('',#1263,#2146);
#2146 = DEFINITIONAL_REPRESENTATION('',(#2147),#2151);
#2147 = LINE('',#2148,#2149);
#2148 = CARTESIAN_POINT('',(6.28318530718,-0.));
#2149 = VECTOR('',#2150,1.);
#2150 = DIRECTION('',(0.,1.));
#2151 = ( GEOMETRIC_REPRESENTATION_CONTEXT(2) 
PARAMETRIC_REPRESENTATION_CONTEXT() REPRESENTATION_CONTEXT('2D SPACE',''
  ) );
#2152 = ORIENTED_EDGE('',*,*,#1242,.F.);
#2153 = ORIENTED_EDGE('',*,*,#2132,.F.);
#2154 = ADVANCED_FACE('',(#2155),#1298,.F.);
#2155 = FACE_BOUND('',#2156,.F.);
#2156 = EDGE_LOOP('',(#2157,#2181,#2202,#2203));
#2157 = ORIENTED_EDGE('',*,*,#2158,.T.);
#2158 = EDGE_CURVE('',#2159,#2159,#2161,.T.);
#2159 = VERTEX_POINT('',#2160);
#2160 = CARTESIAN_POINT('',(43.75,12.5,5.));
#2161 = SURFACE_CURVE('',#2162,(#2167,#2174),.PCURVE_S1.);
#2162 = CIRCLE('',#2163,2.25);
#2163 = AXIS2_PLACEMENT_3D('',#2164,#2165,#2166);
#2164 = CARTESIAN_POINT('',(46.,12.5,5.));
#2165 = DIRECTION('',(0.,0.,-1.));
#2166 = DIRECTION('',(-1.,0.,0.));
#2167 = PCURVE('',#1298,#2168);
#2168 = DEFINITIONAL_REPRESENTATION('',(#2169),#2173);
#2169 = LINE('',#2170,#2171);
#2170 = CARTESIAN_POINT('',(0.,5.));
#2171 = VECTOR('',#2172,1.);
#2172 = DIRECTION('',(1.,0.));
#2173 = ( GEOMETRIC_REPRESENTATION_CONTEXT(2) 
PARAMETRIC_REPRESENTATION_CONTEXT() REPRESENTATION_CONTEXT('2D SPACE',''
  ) );
#2174 = PCURVE('',#1833,#2175);
#2175 = DEFINITIONAL_REPRESENTATION('',(#2176),#2180);
#2176 = CIRCLE('',#2177,2.25);
#2177 = AXIS2_PLACEMENT_2D('',#2178,#2179);
#2178 = CARTESIAN_POINT('',(0.,0.));
#2179 = DIRECTION('',(1.,0.));
#2180 = ( GEOMETRIC_REPRESENTATION_CONTEXT(2) 
PARAMETRIC_REPRESENTATION_CONTEXT() REPRESENTATION_CONTEXT('2D SPACE',''
  ) );
#2181 = ORIENTED_EDGE('',*,*,#2182,.T.);
#2182 = EDGE_CURVE('',#2159,#1278,#2183,.T.);
#2183 = SEAM_CURVE('',#2184,(#2188,#2195),.PCURVE_S1.);
#2184 = LINE('',#2185,#2186);
#2185 = CARTESIAN_POINT('',(43.75,12.5,10.));
#2186 = VECTOR('',#2187,1.);
#2187 = DIRECTION('',(0.,0.,-1.));
#2188 = PCURVE('',#1298,#2189);
#2189 = DEFINITIONAL_REPRESENTATION('',(#2190),#2194);
#2190 = LINE('',#2191,#2192);
#2191 = CARTESIAN_POINT('',(0.,-0.));
#2192 = VECTOR('',#2193,1.);
#2193 = DIRECTION('',(0.,1.));
#2194 = ( GEOMETRIC_REPRESENTATION_CONTEXT(2) 
PARAMETRIC_REPRESENTATION_CONTEXT() REPRESENTATION_CONTEXT('2D SPACE',''
  ) );
#2195 = PCURVE('',#1298,#2196);
#2196 = DEFINITIONAL_REPRESENTATION('',(#2197),#2201);
#2197 = LINE('',#2198,#2199);
#2198 = CARTESIAN_POINT('',(6.28318530718,-0.));
#2199 = VECTOR('',#2200,1.);
#2200 = DIRECTION('',(0.,1.));
#2201 = ( GEOMETRIC_REPRESENTATION_CONTEXT(2) 
PARAMETRIC_REPRESENTATION_CONTEXT() REPRESENTATION_CONTEXT('2D SPACE',''
  ) );
#2202 = ORIENTED_EDGE('',*,*,#1277,.F.);
#2203 = ORIENTED_EDGE('',*,*,#2182,.F.);
#2204 = ADVANCED_FACE('',(#2205),#1413,.F.);
#2205 = FACE_BOUND('',#2206,.F.);
#2206 = EDGE_LOOP('',(#2207,#2228,#2229,#2250));
#2207 = ORIENTED_EDGE('',*,*,#2208,.T.);
#2208 = EDGE_CURVE('',#1642,#1396,#2209,.T.);
#2209 = SURFACE_CURVE('',#2210,(#2214,#2221),.PCURVE_S1.);
#2210 = LINE('',#2211,#2212);
#2211 = CARTESIAN_POINT('',(0.,36.5,-2.));
#2212 = VECTOR('',#2213,1.);
#2213 = DIRECTION('',(1.,0.,0.));
#2214 = PCURVE('',#1413,#2215);
#2215 = DEFINITIONAL_REPRESENTATION('',(#2216),#2220);
#2216 = LINE('',#2217,#2218);
#2217 = CARTESIAN_POINT('',(0.,0.));
#2218 = VECTOR('',#2219,1.);
#2219 = DIRECTION('',(0.,-1.));
#2220 = ( GEOMETRIC_REPRESENTATION_CONTEXT(2) 
PARAMETRIC_REPRESENTATION_CONTEXT() REPRESENTATION_CONTEXT('2D SPACE',''
  ) );
#2221 = PCURVE('',#1542,#2222);
#2222 = DEFINITIONAL_REPRESENTATION('',(#2223),#2227);
#2223 = LINE('',#2224,#2225);
#2224 = CARTESIAN_POINT('',(7.071067811865,0.));
#2225 = VECTOR('',#2226,1.);
#2226 = DIRECTION('',(0.,-1.));
#2227 = ( GEOMETRIC_REPRESENTATION_CONTEXT(2) 
PARAMETRIC_REPRESENTATION_CONTEXT() REPRESENTATION_CONTEXT('2D SPACE',''
  ) );
#2228 = ORIENTED_EDGE('',*,*,#1395,.T.);
#2229 = ORIENTED_EDGE('',*,*,#2230,.F.);
#2230 = EDGE_CURVE('',#1644,#1398,#2231,.T.);
#2231 = SURFACE_CURVE('',#2232,(#2236,#2243),.PCURVE_S1.);
#2232 = LINE('',#2233,#2234);
#2233 = CARTESIAN_POINT('',(0.,36.5,1.));
#2234 = VECTOR('',#2235,1.);
#2235 = DIRECTION('',(1.,0.,0.));
#2236 = PCURVE('',#1413,#2237);
#2237 = DEFINITIONAL_REPRESENTATION('',(#2238),#2242);
#2238 = LINE('',#2239,#2240);
#2239 = CARTESIAN_POINT('',(3.,0.));
#2240 = VECTOR('',#2241,1.);
#2241 = DIRECTION('',(0.,-1.));
#2242 = ( GEOMETRIC_REPRESENTATION_CONTEXT(2) 
PARAMETRIC_REPRESENTATION_CONTEXT() REPRESENTATION_CONTEXT('2D SPACE',''
  ) );
#2243 = PCURVE('',#1441,#2244);
#2244 = DEFINITIONAL_REPRESENTATION('',(#2245),#2249);
#2245 = LINE('',#2246,#2247);
#2246 = CARTESIAN_POINT('',(0.,0.));
#2247 = VECTOR('',#2248,1.);
#2248 = DIRECTION('',(0.,-1.));
#2249 = ( GEOMETRIC_REPRESENTATION_CONTEXT(2) 
PARAMETRIC_REPRESENTATION_CONTEXT() REPRESENTATION_CONTEXT('2D SPACE',''
  ) );
#2250 = ORIENTED_EDGE('',*,*,#1641,.F.);
#2251 = ADVANCED_FACE('',(#2252),#1542,.F.);
#2252 = FACE_BOUND('',#2253,.F.);
#2253 = EDGE_LOOP('',(#2254,#2275,#2276,#2277));
#2254 = ORIENTED_EDGE('',*,*,#2255,.T.);
#2255 = EDGE_CURVE('',#1715,#1501,#2256,.T.);
#2256 = SURFACE_CURVE('',#2257,(#2261,#2268),.PCURVE_S1.);
#2257 = LINE('',#2258,#2259);
#2258 = CARTESIAN_POINT('',(0.,31.5,-7.));
#2259 = VECTOR('',#2260,1.);
#2260 = DIRECTION('',(1.,0.,0.));
#2261 = PCURVE('',#1542,#2262);
#2262 = DEFINITIONAL_REPRESENTATION('',(#2263),#2267);
#2263 = LINE('',#2264,#2265);
#2264 = CARTESIAN_POINT('',(0.,0.));
#2265 = VECTOR('',#2266,1.);
#2266 = DIRECTION('',(0.,-1.));
#2267 = ( GEOMETRIC_REPRESENTATION_CONTEXT(2) 
PARAMETRIC_REPRESENTATION_CONTEXT() REPRESENTATION_CONTEXT('2D SPACE',''
  ) );
#2268 = PCURVE('',#1516,#2269);
#2269 = DEFINITIONAL_REPRESENTATION('',(#2270),#2274);
#2270 = LINE('',#2271,#2272);
#2271 = CARTESIAN_POINT('',(7.071067811865,0.));
#2272 = VECTOR('',#2273,1.);
#2273 = DIRECTION('',(0.,-1.));
#2274 = ( GEOMETRIC_REPRESENTATION_CONTEXT(2) 
PARAMETRIC_REPRESENTATION_CONTEXT() REPRESENTATION_CONTEXT('2D SPACE',''
  ) );
#2275 = ORIENTED_EDGE('',*,*,#1528,.T.);
#2276 = ORIENTED_EDGE('',*,*,#2208,.F.);
#2277 = ORIENTED_EDGE('',*,*,#1737,.F.);
#2278 = ADVANCED_FACE('',(#2279),#1441,.F.);
#2279 = FACE_BOUND('',#2280,.F.);
#2280 = EDGE_LOOP('',(#2281,#2282,#2283,#2284));
#2281 = ORIENTED_EDGE('',*,*,#2230,.T.);
#2282 = ORIENTED_EDGE('',*,*,#1425,.T.);
#2283 = ORIENTED_EDGE('',*,*,#1593,.F.);
#2284 = ORIENTED_EDGE('',*,*,#1666,.F.);
#2285 = ADVANCED_FACE('',(#2286),#1516,.F.);
#2286 = FACE_BOUND('',#2287,.F.);
#2287 = EDGE_LOOP('',(#2288,#2289,#2290,#2291));
#2288 = ORIENTED_EDGE('',*,*,#1984,.T.);
#2289 = ORIENTED_EDGE('',*,*,#1500,.T.);
#2290 = ORIENTED_EDGE('',*,*,#2255,.F.);
#2291 = ORIENTED_EDGE('',*,*,#1714,.F.);
#2292 = ADVANCED_FACE('',(#2293),#1577,.F.);
#2293 = FACE_BOUND('',#2294,.F.);
#2294 = EDGE_LOOP('',(#2295,#2318,#2319));
#2295 = ORIENTED_EDGE('',*,*,#2296,.T.);
#2296 = EDGE_CURVE('',#1557,#2297,#2299,.T.);
#2297 = VERTEX_POINT('',#2298);
#2298 = CARTESIAN_POINT('',(12.184314575051,31.5,-0.5));
#2299 = SEAM_CURVE('',#2300,(#2304,#2311),.PCURVE_S1.);
#2300 = LINE('',#2301,#2302);
#2301 = CARTESIAN_POINT('',(16.25,31.5,-4.565685424949));
#2302 = VECTOR('',#2303,1.);
#2303 = DIRECTION('',(-0.707106781187,-1.731912112471E-16,0.707106781187
    ));
#2304 = PCURVE('',#1577,#2305);
#2305 = DEFINITIONAL_REPRESENTATION('',(#2306),#2310);
#2306 = LINE('',#2307,#2308);
#2307 = CARTESIAN_POINT('',(-6.28318530718,0.));
#2308 = VECTOR('',#2309,1.);
#2309 = DIRECTION('',(-0.,-1.));
#2310 = ( GEOMETRIC_REPRESENTATION_CONTEXT(2) 
PARAMETRIC_REPRESENTATION_CONTEXT() REPRESENTATION_CONTEXT('2D SPACE',''
  ) );
#2311 = PCURVE('',#1577,#2312);
#2312 = DEFINITIONAL_REPRESENTATION('',(#2313),#2317);
#2313 = LINE('',#2314,#2315);
#2314 = CARTESIAN_POINT('',(0.,-0.));
#2315 = VECTOR('',#2316,1.);
#2316 = DIRECTION('',(-0.,-1.));
#2317 = ( GEOMETRIC_REPRESENTATION_CONTEXT(2) 
PARAMETRIC_REPRESENTATION_CONTEXT() REPRESENTATION_CONTEXT('2D SPACE',''
  ) );
#2318 = ORIENTED_EDGE('',*,*,#2296,.F.);
#2319 = ORIENTED_EDGE('',*,*,#1556,.T.);
#2320 = ADVANCED_FACE('',(#2321,#2324),#1778,.F.);
#2321 = FACE_BOUND('',#2322,.F.);
#2322 = EDGE_LOOP('',(#2323));
#2323 = ORIENTED_EDGE('',*,*,#1761,.T.);
#2324 = FACE_BOUND('',#2325,.F.);
#2325 = EDGE_LOOP('',(#2326));
#2326 = ORIENTED_EDGE('',*,*,#2108,.F.);
#2327 = ADVANCED_FACE('',(#2328,#2331),#1833,.F.);
#2328 = FACE_BOUND('',#2329,.F.);
#2329 = EDGE_LOOP('',(#2330));
#2330 = ORIENTED_EDGE('',*,*,#1816,.T.);
#2331 = FACE_BOUND('',#2332,.F.);
#2332 = EDGE_LOOP('',(#2333));
#2333 = ORIENTED_EDGE('',*,*,#2158,.F.);
#2334 = ADVANCED_FACE('',(#2335,#2338),#1888,.F.);
#2335 = FACE_BOUND('',#2336,.F.);
#2336 = EDGE_LOOP('',(#2337));
#2337 = ORIENTED_EDGE('',*,*,#1871,.T.);
#2338 = FACE_BOUND('',#2339,.F.);
#2339 = EDGE_LOOP('',(#2340));
#2340 = ORIENTED_EDGE('',*,*,#2008,.F.);
#2341 = ADVANCED_FACE('',(#2342,#2345),#1943,.F.);
#2342 = FACE_BOUND('',#2343,.F.);
#2343 = EDGE_LOOP('',(#2344));
#2344 = ORIENTED_EDGE('',*,*,#1926,.T.);
#2345 = FACE_BOUND('',#2346,.F.);
#2346 = EDGE_LOOP('',(#2347));
#2347 = ORIENTED_EDGE('',*,*,#2058,.F.);
#2348 = ( GEOMETRIC_REPRESENTATION_CONTEXT(3) 
GLOBAL_UNCERTAINTY_ASSIGNED_CONTEXT((#2352)) 
GLOBAL_UNIT_ASSIGNED_CONTEXT((#2349,#2350,#2351)) REPRESENTATION_CONTEXT
('Context #1','3D Context with UNIT and UNCERTAINTY') );
#2349 = ( LENGTH_UNIT() NAMED_UNIT(*) SI_UNIT(.MILLI.,.METRE.) );
#2350 = ( NAMED_UNIT(*) PLANE_ANGLE_UNIT() SI_UNIT($,.RADIAN.) );
#2351 = ( NAMED_UNIT(*) SI_UNIT($,.STERADIAN.) SOLID_ANGLE_UNIT() );
#2352 = UNCERTAINTY_MEASURE_WITH_UNIT(LENGTH_MEASURE(1.E-07),#2349,
  'distance_accuracy_value','confusion accuracy');
#2353 = CONTEXT_DEPENDENT_SHAPE_REPRESENTATION(#2354,#2356);
#2354 = ( REPRESENTATION_RELATIONSHIP('','',#79,#56) 
REPRESENTATION_RELATIONSHIP_WITH_TRANSFORMATION(#2355) 
SHAPE_REPRESENTATION_RELATIONSHIP() );
#2355 = ITEM_DEFINED_TRANSFORMATION('','',#11,#57);
#2356 = PRODUCT_DEFINITION_SHAPE('Placement','Placement of an item',
  #2357);
#2357 = NEXT_ASSEMBLY_USAGE_OCCURRENCE('8','','',#51,#74,$);
#2358 = PRODUCT_RELATED_PRODUCT_CATEGORY('part',$,(#76));
#2359 = SHAPE_DEFINITION_REPRESENTATION(#2360,#2366);
#2360 = PRODUCT_DEFINITION_SHAPE('','',#2361);
#2361 = PRODUCT_DEFINITION('design','',#2362,#2365);
#2362 = PRODUCT_DEFINITION_FORMATION('','',#2363);
#2363 = PRODUCT('link1','link1','',(#2364));
#2364 = PRODUCT_CONTEXT('',#2,'mechanical');
#2365 = PRODUCT_DEFINITION_CONTEXT('part definition',#2,'design');
#2366 = SHAPE_REPRESENTATION('',(#11,#2367),#2371);
#2367 = AXIS2_PLACEMENT_3D('',#2368,#2369,#2370);
#2368 = CARTESIAN_POINT('',(0.,0.,0.));
#2369 = DIRECTION('',(0.,0.,1.));
#2370 = DIRECTION('',(1.,0.,-0.));
#2371 = ( GEOMETRIC_REPRESENTATION_CONTEXT(3) 
GLOBAL_UNCERTAINTY_ASSIGNED_CONTEXT((#2375)) 
GLOBAL_UNIT_ASSIGNED_CONTEXT((#2372,#2373,#2374)) REPRESENTATION_CONTEXT
('Context #1','3D Context with UNIT and UNCERTAINTY') );
#2372 = ( LENGTH_UNIT() NAMED_UNIT(*) SI_UNIT(.MILLI.,.METRE.) );
#2373 = ( NAMED_UNIT(*) PLANE_ANGLE_UNIT() SI_UNIT($,.RADIAN.) );
#2374 = ( NAMED_UNIT(*) SI_UNIT($,.STERADIAN.) SOLID_ANGLE_UNIT() );
#2375 = UNCERTAINTY_MEASURE_WITH_UNIT(LENGTH_MEASURE(1.E-07),#2372,
  'distance_accuracy_value','confusion accuracy');
#2376 = CONTEXT_DEPENDENT_SHAPE_REPRESENTATION(#2377,#2379);
#2377 = ( REPRESENTATION_RELATIONSHIP('','',#2366,#10) 
REPRESENTATION_RELATIONSHIP_WITH_TRANSFORMATION(#2378) 
SHAPE_REPRESENTATION_RELATIONSHIP() );
#2378 = ITEM_DEFINED_TRANSFORMATION('','',#11,#19);
#2379 = PRODUCT_DEFINITION_SHAPE('Placement','Placement of an item',
  #2380);
#2380 = NEXT_ASSEMBLY_USAGE_OCCURRENCE('11','','',#5,#2361,$);
#2381 = PRODUCT_RELATED_PRODUCT_CATEGORY('part',$,(#2363));
#2382 = SHAPE_DEFINITION_REPRESENTATION(#2383,#2389);
#2383 = PRODUCT_DEFINITION_SHAPE('','',#2384);
#2384 = PRODUCT_DEFINITION('design','',#2385,#2388);
#2385 = PRODUCT_DEFINITION_FORMATION('','',#2386);
#2386 = PRODUCT('link1_part','link1_part','',(#2387));
#2387 = PRODUCT_CONTEXT('',#2,'mechanical');
#2388 = PRODUCT_DEFINITION_CONTEXT('part definition',#2,'design');
#2389 = ADVANCED_BREP_SHAPE_REPRESENTATION('',(#11,#2390),#4522);
#2390 = MANIFOLD_SOLID_BREP('',#2391);
#2391 = CLOSED_SHELL('',(#2392,#2512,#2588,#2664,#2829,#2953,#2980,#3005
    ,#3249,#3298,#3495,#3523,#3550,#3704,#3753,#3885,#4054,#4103,#4255,
    #4262,#4289,#4316,#4343,#4370,#4377,#4405,#4432,#4459,#4466,#4494));
#2392 = ADVANCED_FACE('',(#2393),#2407,.F.);
#2393 = FACE_BOUND('',#2394,.F.);
#2394 = EDGE_LOOP('',(#2395,#2430,#2458,#2486));
#2395 = ORIENTED_EDGE('',*,*,#2396,.T.);
#2396 = EDGE_CURVE('',#2397,#2399,#2401,.T.);
#2397 = VERTEX_POINT('',#2398);
#2398 = CARTESIAN_POINT('',(49.25,40.,-56.));
#2399 = VERTEX_POINT('',#2400);
#2400 = CARTESIAN_POINT('',(65.,40.,-56.));
#2401 = SURFACE_CURVE('',#2402,(#2406,#2418),.PCURVE_S1.);
#2402 = LINE('',#2403,#2404);
#2403 = CARTESIAN_POINT('',(49.25,40.,-56.));
#2404 = VECTOR('',#2405,1.);
#2405 = DIRECTION('',(1.,0.,0.));
#2406 = PCURVE('',#2407,#2412);
#2407 = PLANE('',#2408);
#2408 = AXIS2_PLACEMENT_3D('',#2409,#2410,#2411);
#2409 = CARTESIAN_POINT('',(49.25,40.,-56.));
#2410 = DIRECTION('',(0.,-0.707106781187,0.707106781187));
#2411 = DIRECTION('',(0.,0.707106781187,0.707106781187));
#2412 = DEFINITIONAL_REPRESENTATION('',(#2413),#2417);
#2413 = LINE('',#2414,#2415);
#2414 = CARTESIAN_POINT('',(0.,0.));
#2415 = VECTOR('',#2416,1.);
#2416 = DIRECTION('',(0.,-1.));
#2417 = ( GEOMETRIC_REPRESENTATION_CONTEXT(2) 
PARAMETRIC_REPRESENTATION_CONTEXT() REPRESENTATION_CONTEXT('2D SPACE',''
  ) );
#2418 = PCURVE('',#2419,#2424);
#2419 = PLANE('',#2420);
#2420 = AXIS2_PLACEMENT_3D('',#2421,#2422,#2423);
#2421 = CARTESIAN_POINT('',(49.25,37.,-56.));
#2422 = DIRECTION('',(0.,-6.123233995737E-17,1.));
#2423 = DIRECTION('',(0.,1.,6.123233995737E-17));
#2424 = DEFINITIONAL_REPRESENTATION('',(#2425),#2429);
#2425 = LINE('',#2426,#2427);
#2426 = CARTESIAN_POINT('',(3.,0.));
#2427 = VECTOR('',#2428,1.);
#2428 = DIRECTION('',(0.,-1.));
#2429 = ( GEOMETRIC_REPRESENTATION_CONTEXT(2) 
PARAMETRIC_REPRESENTATION_CONTEXT() REPRESENTATION_CONTEXT('2D SPACE',''
  ) );
#2430 = ORIENTED_EDGE('',*,*,#2431,.T.);
#2431 = EDGE_CURVE('',#2399,#2432,#2434,.T.);
#2432 = VERTEX_POINT('',#2433);
#2433 = CARTESIAN_POINT('',(65.,45.,-51.));
#2434 = SURFACE_CURVE('',#2435,(#2439,#2446),.PCURVE_S1.);
#2435 = LINE('',#2436,#2437);
#2436 = CARTESIAN_POINT('',(65.,40.,-56.));
#2437 = VECTOR('',#2438,1.);
#2438 = DIRECTION('',(0.,0.707106781187,0.707106781187));
#2439 = PCURVE('',#2407,#2440);
#2440 = DEFINITIONAL_REPRESENTATION('',(#2441),#2445);
#2441 = LINE('',#2442,#2443);
#2442 = CARTESIAN_POINT('',(0.,-15.75));
#2443 = VECTOR('',#2444,1.);
#2444 = DIRECTION('',(1.,0.));
#2445 = ( GEOMETRIC_REPRESENTATION_CONTEXT(2) 
PARAMETRIC_REPRESENTATION_CONTEXT() REPRESENTATION_CONTEXT('2D SPACE',''
  ) );
#2446 = PCURVE('',#2447,#2452);
#2447 = PLANE('',#2448);
#2448 = AXIS2_PLACEMENT_3D('',#2449,#2450,#2451);
#2449 = CARTESIAN_POINT('',(65.,38.5,-51.));
#2450 = DIRECTION('',(1.,0.,0.));
#2451 = DIRECTION('',(0.,1.,6.123233995737E-17));
#2452 = DEFINITIONAL_REPRESENTATION('',(#2453),#2457);
#2453 = LINE('',#2454,#2455);
#2454 = CARTESIAN_POINT('',(1.5,-5.));
#2455 = VECTOR('',#2456,1.);
#2456 = DIRECTION('',(0.707106781187,0.707106781187));
#2457 = ( GEOMETRIC_REPRESENTATION_CONTEXT(2) 
PARAMETRIC_REPRESENTATION_CONTEXT() REPRESENTATION_CONTEXT('2D SPACE',''
  ) );
#2458 = ORIENTED_EDGE('',*,*,#2459,.F.);
#2459 = EDGE_CURVE('',#2460,#2432,#2462,.T.);
#2460 = VERTEX_POINT('',#2461);
#2461 = CARTESIAN_POINT('',(49.25,45.,-51.));
#2462 = SURFACE_CURVE('',#2463,(#2467,#2474),.PCURVE_S1.);
#2463 = LINE('',#2464,#2465);
#2464 = CARTESIAN_POINT('',(49.25,45.,-51.));
#2465 = VECTOR('',#2466,1.);
#2466 = DIRECTION('',(1.,0.,0.));
#2467 = PCURVE('',#2407,#2468);
#2468 = DEFINITIONAL_REPRESENTATION('',(#2469),#2473);
#2469 = LINE('',#2470,#2471);
#2470 = CARTESIAN_POINT('',(7.071067811865,0.));
#2471 = VECTOR('',#2472,1.);
#2472 = DIRECTION('',(0.,-1.));
#2473 = ( GEOMETRIC_REPRESENTATION_CONTEXT(2) 
PARAMETRIC_REPRESENTATION_CONTEXT() REPRESENTATION_CONTEXT('2D SPACE',''
  ) );
#2474 = PCURVE('',#2475,#2480);
#2475 = PLANE('',#2476);
#2476 = AXIS2_PLACEMENT_3D('',#2477,#2478,#2479);
#2477 = CARTESIAN_POINT('',(49.25,45.,-51.));
#2478 = DIRECTION('',(0.,-0.707106781187,-0.707106781187));
#2479 = DIRECTION('',(0.,-0.707106781187,0.707106781187));
#2480 = DEFINITIONAL_REPRESENTATION('',(#2481),#2485);
#2481 = LINE('',#2482,#2483);
#2482 = CARTESIAN_POINT('',(0.,0.));
#2483 = VECTOR('',#2484,1.);
#2484 = DIRECTION('',(0.,-1.));
#2485 = ( GEOMETRIC_REPRESENTATION_CONTEXT(2) 
PARAMETRIC_REPRESENTATION_CONTEXT() REPRESENTATION_CONTEXT('2D SPACE',''
  ) );
#2486 = ORIENTED_EDGE('',*,*,#2487,.F.);
#2487 = EDGE_CURVE('',#2397,#2460,#2488,.T.);
#2488 = SURFACE_CURVE('',#2489,(#2493,#2500),.PCURVE_S1.);
#2489 = LINE('',#2490,#2491);
#2490 = CARTESIAN_POINT('',(49.25,40.,-56.));
#2491 = VECTOR('',#2492,1.);
#2492 = DIRECTION('',(0.,0.707106781187,0.707106781187));
#2493 = PCURVE('',#2407,#2494);
#2494 = DEFINITIONAL_REPRESENTATION('',(#2495),#2499);
#2495 = LINE('',#2496,#2497);
#2496 = CARTESIAN_POINT('',(0.,0.));
#2497 = VECTOR('',#2498,1.);
#2498 = DIRECTION('',(1.,0.));
#2499 = ( GEOMETRIC_REPRESENTATION_CONTEXT(2) 
PARAMETRIC_REPRESENTATION_CONTEXT() REPRESENTATION_CONTEXT('2D SPACE',''
  ) );
#2500 = PCURVE('',#2501,#2506);
#2501 = PLANE('',#2502);
#2502 = AXIS2_PLACEMENT_3D('',#2503,#2504,#2505);
#2503 = CARTESIAN_POINT('',(49.25,38.5,-51.));
#2504 = DIRECTION('',(1.,0.,0.));
#2505 = DIRECTION('',(0.,1.,6.123233995737E-17));
#2506 = DEFINITIONAL_REPRESENTATION('',(#2507),#2511);
#2507 = LINE('',#2508,#2509);
#2508 = CARTESIAN_POINT('',(1.5,-5.));
#2509 = VECTOR('',#2510,1.);
#2510 = DIRECTION('',(0.707106781187,0.707106781187));
#2511 = ( GEOMETRIC_REPRESENTATION_CONTEXT(2) 
PARAMETRIC_REPRESENTATION_CONTEXT() REPRESENTATION_CONTEXT('2D SPACE',''
  ) );
#2512 = ADVANCED_FACE('',(#2513),#2419,.F.);
#2513 = FACE_BOUND('',#2514,.F.);
#2514 = EDGE_LOOP('',(#2515,#2545,#2566,#2567));
#2515 = ORIENTED_EDGE('',*,*,#2516,.T.);
#2516 = EDGE_CURVE('',#2517,#2519,#2521,.T.);
#2517 = VERTEX_POINT('',#2518);
#2518 = CARTESIAN_POINT('',(49.25,37.,-56.));
#2519 = VERTEX_POINT('',#2520);
#2520 = CARTESIAN_POINT('',(65.,37.,-56.));
#2521 = SURFACE_CURVE('',#2522,(#2526,#2533),.PCURVE_S1.);
#2522 = LINE('',#2523,#2524);
#2523 = CARTESIAN_POINT('',(49.25,37.,-56.));
#2524 = VECTOR('',#2525,1.);
#2525 = DIRECTION('',(1.,0.,0.));
#2526 = PCURVE('',#2419,#2527);
#2527 = DEFINITIONAL_REPRESENTATION('',(#2528),#2532);
#2528 = LINE('',#2529,#2530);
#2529 = CARTESIAN_POINT('',(0.,0.));
#2530 = VECTOR('',#2531,1.);
#2531 = DIRECTION('',(0.,-1.));
#2532 = ( GEOMETRIC_REPRESENTATION_CONTEXT(2) 
PARAMETRIC_REPRESENTATION_CONTEXT() REPRESENTATION_CONTEXT('2D SPACE',''
  ) );
#2533 = PCURVE('',#2534,#2539);
#2534 = PLANE('',#2535);
#2535 = AXIS2_PLACEMENT_3D('',#2536,#2537,#2538);
#2536 = CARTESIAN_POINT('',(49.25,32.,-51.));
#2537 = DIRECTION('',(0.,0.707106781187,0.707106781187));
#2538 = DIRECTION('',(0.,0.707106781187,-0.707106781187));
#2539 = DEFINITIONAL_REPRESENTATION('',(#2540),#2544);
#2540 = LINE('',#2541,#2542);
#2541 = CARTESIAN_POINT('',(7.071067811865,0.));
#2542 = VECTOR('',#2543,1.);
#2543 = DIRECTION('',(0.,-1.));
#2544 = ( GEOMETRIC_REPRESENTATION_CONTEXT(2) 
PARAMETRIC_REPRESENTATION_CONTEXT() REPRESENTATION_CONTEXT('2D SPACE',''
  ) );
#2545 = ORIENTED_EDGE('',*,*,#2546,.T.);
#2546 = EDGE_CURVE('',#2519,#2399,#2547,.T.);
#2547 = SURFACE_CURVE('',#2548,(#2552,#2559),.PCURVE_S1.);
#2548 = LINE('',#2549,#2550);
#2549 = CARTESIAN_POINT('',(65.,37.,-56.));
#2550 = VECTOR('',#2551,1.);
#2551 = DIRECTION('',(0.,1.,6.123233995737E-17));
#2552 = PCURVE('',#2419,#2553);
#2553 = DEFINITIONAL_REPRESENTATION('',(#2554),#2558);
#2554 = LINE('',#2555,#2556);
#2555 = CARTESIAN_POINT('',(0.,-15.75));
#2556 = VECTOR('',#2557,1.);
#2557 = DIRECTION('',(1.,0.));
#2558 = ( GEOMETRIC_REPRESENTATION_CONTEXT(2) 
PARAMETRIC_REPRESENTATION_CONTEXT() REPRESENTATION_CONTEXT('2D SPACE',''
  ) );
#2559 = PCURVE('',#2447,#2560);
#2560 = DEFINITIONAL_REPRESENTATION('',(#2561),#2565);
#2561 = LINE('',#2562,#2563);
#2562 = CARTESIAN_POINT('',(-1.5,-5.));
#2563 = VECTOR('',#2564,1.);
#2564 = DIRECTION('',(1.,0.));
#2565 = ( GEOMETRIC_REPRESENTATION_CONTEXT(2) 
PARAMETRIC_REPRESENTATION_CONTEXT() REPRESENTATION_CONTEXT('2D SPACE',''
  ) );
#2566 = ORIENTED_EDGE('',*,*,#2396,.F.);
#2567 = ORIENTED_EDGE('',*,*,#2568,.F.);
#2568 = EDGE_CURVE('',#2517,#2397,#2569,.T.);
#2569 = SURFACE_CURVE('',#2570,(#2574,#2581),.PCURVE_S1.);
#2570 = LINE('',#2571,#2572);
#2571 = CARTESIAN_POINT('',(49.25,37.,-56.));
#2572 = VECTOR('',#2573,1.);
#2573 = DIRECTION('',(0.,1.,6.123233995737E-17));
#2574 = PCURVE('',#2419,#2575);
#2575 = DEFINITIONAL_REPRESENTATION('',(#2576),#2580);
#2576 = LINE('',#2577,#2578);
#2577 = CARTESIAN_POINT('',(0.,0.));
#2578 = VECTOR('',#2579,1.);
#2579 = DIRECTION('',(1.,0.));
#2580 = ( GEOMETRIC_REPRESENTATION_CONTEXT(2) 
PARAMETRIC_REPRESENTATION_CONTEXT() REPRESENTATION_CONTEXT('2D SPACE',''
  ) );
#2581 = PCURVE('',#2501,#2582);
#2582 = DEFINITIONAL_REPRESENTATION('',(#2583),#2587);
#2583 = LINE('',#2584,#2585);
#2584 = CARTESIAN_POINT('',(-1.5,-5.));
#2585 = VECTOR('',#2586,1.);
#2586 = DIRECTION('',(1.,0.));
#2587 = ( GEOMETRIC_REPRESENTATION_CONTEXT(2) 
PARAMETRIC_REPRESENTATION_CONTEXT() REPRESENTATION_CONTEXT('2D SPACE',''
  ) );
#2588 = ADVANCED_FACE('',(#2589),#2475,.F.);
#2589 = FACE_BOUND('',#2590,.F.);
#2590 = EDGE_LOOP('',(#2591,#2592,#2615,#2643));
#2591 = ORIENTED_EDGE('',*,*,#2459,.T.);
#2592 = ORIENTED_EDGE('',*,*,#2593,.T.);
#2593 = EDGE_CURVE('',#2432,#2594,#2596,.T.);
#2594 = VERTEX_POINT('',#2595);
#2595 = CARTESIAN_POINT('',(65.,40.,-46.));
#2596 = SURFACE_CURVE('',#2597,(#2601,#2608),.PCURVE_S1.);
#2597 = LINE('',#2598,#2599);
#2598 = CARTESIAN_POINT('',(65.,45.,-51.));
#2599 = VECTOR('',#2600,1.);
#2600 = DIRECTION('',(0.,-0.707106781187,0.707106781187));
#2601 = PCURVE('',#2475,#2602);
#2602 = DEFINITIONAL_REPRESENTATION('',(#2603),#2607);
#2603 = LINE('',#2604,#2605);
#2604 = CARTESIAN_POINT('',(0.,-15.75));
#2605 = VECTOR('',#2606,1.);
#2606 = DIRECTION('',(1.,0.));
#2607 = ( GEOMETRIC_REPRESENTATION_CONTEXT(2) 
PARAMETRIC_REPRESENTATION_CONTEXT() REPRESENTATION_CONTEXT('2D SPACE',''
  ) );
#2608 = PCURVE('',#2447,#2609);
#2609 = DEFINITIONAL_REPRESENTATION('',(#2610),#2614);
#2610 = LINE('',#2611,#2612);
#2611 = CARTESIAN_POINT('',(6.5,0.));
#2612 = VECTOR('',#2613,1.);
#2613 = DIRECTION('',(-0.707106781187,0.707106781187));
#2614 = ( GEOMETRIC_REPRESENTATION_CONTEXT(2) 
PARAMETRIC_REPRESENTATION_CONTEXT() REPRESENTATION_CONTEXT('2D SPACE',''
  ) );
#2615 = ORIENTED_EDGE('',*,*,#2616,.F.);
#2616 = EDGE_CURVE('',#2617,#2594,#2619,.T.);
#2617 = VERTEX_POINT('',#2618);
#2618 = CARTESIAN_POINT('',(49.25,40.,-46.));
#2619 = SURFACE_CURVE('',#2620,(#2624,#2631),.PCURVE_S1.);
#2620 = LINE('',#2621,#2622);
#2621 = CARTESIAN_POINT('',(49.25,40.,-46.));
#2622 = VECTOR('',#2623,1.);
#2623 = DIRECTION('',(1.,0.,0.));
#2624 = PCURVE('',#2475,#2625);
#2625 = DEFINITIONAL_REPRESENTATION('',(#2626),#2630);
#2626 = LINE('',#2627,#2628);
#2627 = CARTESIAN_POINT('',(7.071067811865,0.));
#2628 = VECTOR('',#2629,1.);
#2629 = DIRECTION('',(0.,-1.));
#2630 = ( GEOMETRIC_REPRESENTATION_CONTEXT(2) 
PARAMETRIC_REPRESENTATION_CONTEXT() REPRESENTATION_CONTEXT('2D SPACE',''
  ) );
#2631 = PCURVE('',#2632,#2637);
#2632 = PLANE('',#2633);
#2633 = AXIS2_PLACEMENT_3D('',#2634,#2635,#2636);
#2634 = CARTESIAN_POINT('',(49.25,40.,-46.));
#2635 = DIRECTION('',(0.,6.123233995737E-17,-1.));
#2636 = DIRECTION('',(0.,-1.,-6.123233995737E-17));
#2637 = DEFINITIONAL_REPRESENTATION('',(#2638),#2642);
#2638 = LINE('',#2639,#2640);
#2639 = CARTESIAN_POINT('',(0.,0.));
#2640 = VECTOR('',#2641,1.);
#2641 = DIRECTION('',(0.,-1.));
#2642 = ( GEOMETRIC_REPRESENTATION_CONTEXT(2) 
PARAMETRIC_REPRESENTATION_CONTEXT() REPRESENTATION_CONTEXT('2D SPACE',''
  ) );
#2643 = ORIENTED_EDGE('',*,*,#2644,.F.);
#2644 = EDGE_CURVE('',#2460,#2617,#2645,.T.);
#2645 = SURFACE_CURVE('',#2646,(#2650,#2657),.PCURVE_S1.);
#2646 = LINE('',#2647,#2648);
#2647 = CARTESIAN_POINT('',(49.25,45.,-51.));
#2648 = VECTOR('',#2649,1.);
#2649 = DIRECTION('',(0.,-0.707106781187,0.707106781187));
#2650 = PCURVE('',#2475,#2651);
#2651 = DEFINITIONAL_REPRESENTATION('',(#2652),#2656);
#2652 = LINE('',#2653,#2654);
#2653 = CARTESIAN_POINT('',(0.,0.));
#2654 = VECTOR('',#2655,1.);
#2655 = DIRECTION('',(1.,0.));
#2656 = ( GEOMETRIC_REPRESENTATION_CONTEXT(2) 
PARAMETRIC_REPRESENTATION_CONTEXT() REPRESENTATION_CONTEXT('2D SPACE',''
  ) );
#2657 = PCURVE('',#2501,#2658);
#2658 = DEFINITIONAL_REPRESENTATION('',(#2659),#2663);
#2659 = LINE('',#2660,#2661);
#2660 = CARTESIAN_POINT('',(6.5,0.));
#2661 = VECTOR('',#2662,1.);
#2662 = DIRECTION('',(-0.707106781187,0.707106781187));
#2663 = ( GEOMETRIC_REPRESENTATION_CONTEXT(2) 
PARAMETRIC_REPRESENTATION_CONTEXT() REPRESENTATION_CONTEXT('2D SPACE',''
  ) );
#2664 = ADVANCED_FACE('',(#2665,#2798),#2501,.F.);
#2665 = FACE_BOUND('',#2666,.F.);
#2666 = EDGE_LOOP('',(#2667,#2668,#2669,#2670,#2693,#2721,#2749,#2777));
#2667 = ORIENTED_EDGE('',*,*,#2568,.T.);
#2668 = ORIENTED_EDGE('',*,*,#2487,.T.);
#2669 = ORIENTED_EDGE('',*,*,#2644,.T.);
#2670 = ORIENTED_EDGE('',*,*,#2671,.T.);
#2671 = EDGE_CURVE('',#2617,#2672,#2674,.T.);
#2672 = VERTEX_POINT('',#2673);
#2673 = CARTESIAN_POINT('',(49.25,38.,-46.));
#2674 = SURFACE_CURVE('',#2675,(#2679,#2686),.PCURVE_S1.);
#2675 = LINE('',#2676,#2677);
#2676 = CARTESIAN_POINT('',(49.25,40.,-46.));
#2677 = VECTOR('',#2678,1.);
#2678 = DIRECTION('',(0.,-1.,-6.123233995737E-17));
#2679 = PCURVE('',#2501,#2680);
#2680 = DEFINITIONAL_REPRESENTATION('',(#2681),#2685);
#2681 = LINE('',#2682,#2683);
#2682 = CARTESIAN_POINT('',(1.5,5.));
#2683 = VECTOR('',#2684,1.);
#2684 = DIRECTION('',(-1.,0.));
#2685 = ( GEOMETRIC_REPRESENTATION_CONTEXT(2) 
PARAMETRIC_REPRESENTATION_CONTEXT() REPRESENTATION_CONTEXT('2D SPACE',''
  ) );
#2686 = PCURVE('',#2632,#2687);
#2687 = DEFINITIONAL_REPRESENTATION('',(#2688),#2692);
#2688 = LINE('',#2689,#2690);
#2689 = CARTESIAN_POINT('',(0.,0.));
#2690 = VECTOR('',#2691,1.);
#2691 = DIRECTION('',(1.,0.));
#2692 = ( GEOMETRIC_REPRESENTATION_CONTEXT(2) 
PARAMETRIC_REPRESENTATION_CONTEXT() REPRESENTATION_CONTEXT('2D SPACE',''
  ) );
#2693 = ORIENTED_EDGE('',*,*,#2694,.T.);
#2694 = EDGE_CURVE('',#2672,#2695,#2697,.T.);
#2695 = VERTEX_POINT('',#2696);
#2696 = CARTESIAN_POINT('',(49.25,38.,-43.5));
#2697 = SURFACE_CURVE('',#2698,(#2702,#2709),.PCURVE_S1.);
#2698 = LINE('',#2699,#2700);
#2699 = CARTESIAN_POINT('',(49.25,38.,-51.));
#2700 = VECTOR('',#2701,1.);
#2701 = DIRECTION('',(0.,-6.123233995737E-17,1.));
#2702 = PCURVE('',#2501,#2703);
#2703 = DEFINITIONAL_REPRESENTATION('',(#2704),#2708);
#2704 = LINE('',#2705,#2706);
#2705 = CARTESIAN_POINT('',(-0.5,0.));
#2706 = VECTOR('',#2707,1.);
#2707 = DIRECTION('',(0.,1.));
#2708 = ( GEOMETRIC_REPRESENTATION_CONTEXT(2) 
PARAMETRIC_REPRESENTATION_CONTEXT() REPRESENTATION_CONTEXT('2D SPACE',''
  ) );
#2709 = PCURVE('',#2710,#2715);
#2710 = PLANE('',#2711);
#2711 = AXIS2_PLACEMENT_3D('',#2712,#2713,#2714);
#2712 = CARTESIAN_POINT('',(32.5,38.,-29.1087297386));
#2713 = DIRECTION('',(0.,1.,6.123233995737E-17));
#2714 = DIRECTION('',(1.,0.,0.));
#2715 = DEFINITIONAL_REPRESENTATION('',(#2716),#2720);
#2716 = LINE('',#2717,#2718);
#2717 = CARTESIAN_POINT('',(16.75,21.891270261393));
#2718 = VECTOR('',#2719,1.);
#2719 = DIRECTION('',(0.,-1.));
#2720 = ( GEOMETRIC_REPRESENTATION_CONTEXT(2) 
PARAMETRIC_REPRESENTATION_CONTEXT() REPRESENTATION_CONTEXT('2D SPACE',''
  ) );
#2721 = ORIENTED_EDGE('',*,*,#2722,.F.);
#2722 = EDGE_CURVE('',#2723,#2695,#2725,.T.);
#2723 = VERTEX_POINT('',#2724);
#2724 = CARTESIAN_POINT('',(49.25,32.,-43.5));
#2725 = SURFACE_CURVE('',#2726,(#2730,#2737),.PCURVE_S1.);
#2726 = LINE('',#2727,#2728);
#2727 = CARTESIAN_POINT('',(49.25,32.,-43.5));
#2728 = VECTOR('',#2729,1.);
#2729 = DIRECTION('',(0.,1.,6.123233995737E-17));
#2730 = PCURVE('',#2501,#2731);
#2731 = DEFINITIONAL_REPRESENTATION('',(#2732),#2736);
#2732 = LINE('',#2733,#2734);
#2733 = CARTESIAN_POINT('',(-6.5,7.5));
#2734 = VECTOR('',#2735,1.);
#2735 = DIRECTION('',(1.,0.));
#2736 = ( GEOMETRIC_REPRESENTATION_CONTEXT(2) 
PARAMETRIC_REPRESENTATION_CONTEXT() REPRESENTATION_CONTEXT('2D SPACE',''
  ) );
#2737 = PCURVE('',#2738,#2743);
#2738 = PLANE('',#2739);
#2739 = AXIS2_PLACEMENT_3D('',#2740,#2741,#2742);
#2740 = CARTESIAN_POINT('',(49.25,32.,-43.5));
#2741 = DIRECTION('',(0.,-6.123233995737E-17,1.));
#2742 = DIRECTION('',(-1.,0.,0.));
#2743 = DEFINITIONAL_REPRESENTATION('',(#2744),#2748);
#2744 = LINE('',#2745,#2746);
#2745 = CARTESIAN_POINT('',(0.,-0.));
#2746 = VECTOR('',#2747,1.);
#2747 = DIRECTION('',(0.,-1.));
#2748 = ( GEOMETRIC_REPRESENTATION_CONTEXT(2) 
PARAMETRIC_REPRESENTATION_CONTEXT() REPRESENTATION_CONTEXT('2D SPACE',''
  ) );
#2749 = ORIENTED_EDGE('',*,*,#2750,.F.);
#2750 = EDGE_CURVE('',#2751,#2723,#2753,.T.);
#2751 = VERTEX_POINT('',#2752);
#2752 = CARTESIAN_POINT('',(49.25,32.,-51.));
#2753 = SURFACE_CURVE('',#2754,(#2758,#2765),.PCURVE_S1.);
#2754 = LINE('',#2755,#2756);
#2755 = CARTESIAN_POINT('',(49.25,32.,-51.));
#2756 = VECTOR('',#2757,1.);
#2757 = DIRECTION('',(0.,-6.123233995737E-17,1.));
#2758 = PCURVE('',#2501,#2759);
#2759 = DEFINITIONAL_REPRESENTATION('',(#2760),#2764);
#2760 = LINE('',#2761,#2762);
#2761 = CARTESIAN_POINT('',(-6.5,0.));
#2762 = VECTOR('',#2763,1.);
#2763 = DIRECTION('',(0.,1.));
#2764 = ( GEOMETRIC_REPRESENTATION_CONTEXT(2) 
PARAMETRIC_REPRESENTATION_CONTEXT() REPRESENTATION_CONTEXT('2D SPACE',''
  ) );
#2765 = PCURVE('',#2766,#2771);
#2766 = PLANE('',#2767);
#2767 = AXIS2_PLACEMENT_3D('',#2768,#2769,#2770);
#2768 = CARTESIAN_POINT('',(32.5,32.,-29.1087297386));
#2769 = DIRECTION('',(0.,1.,6.123233995737E-17));
#2770 = DIRECTION('',(1.,0.,0.));
#2771 = DEFINITIONAL_REPRESENTATION('',(#2772),#2776);
#2772 = LINE('',#2773,#2774);
#2773 = CARTESIAN_POINT('',(16.75,21.891270261393));
#2774 = VECTOR('',#2775,1.);
#2775 = DIRECTION('',(0.,-1.));
#2776 = ( GEOMETRIC_REPRESENTATION_CONTEXT(2) 
PARAMETRIC_REPRESENTATION_CONTEXT() REPRESENTATION_CONTEXT('2D SPACE',''
  ) );
#2777 = ORIENTED_EDGE('',*,*,#2778,.T.);
#2778 = EDGE_CURVE('',#2751,#2517,#2779,.T.);
#2779 = SURFACE_CURVE('',#2780,(#2784,#2791),.PCURVE_S1.);
#2780 = LINE('',#2781,#2782);
#2781 = CARTESIAN_POINT('',(49.25,32.,-51.));
#2782 = VECTOR('',#2783,1.);
#2783 = DIRECTION('',(0.,0.707106781187,-0.707106781187));
#2784 = PCURVE('',#2501,#2785);
#2785 = DEFINITIONAL_REPRESENTATION('',(#2786),#2790);
#2786 = LINE('',#2787,#2788);
#2787 = CARTESIAN_POINT('',(-6.5,0.));
#2788 = VECTOR('',#2789,1.);
#2789 = DIRECTION('',(0.707106781187,-0.707106781187));
#2790 = ( GEOMETRIC_REPRESENTATION_CONTEXT(2) 
PARAMETRIC_REPRESENTATION_CONTEXT() REPRESENTATION_CONTEXT('2D SPACE',''
  ) );
#2791 = PCURVE('',#2534,#2792);
#2792 = DEFINITIONAL_REPRESENTATION('',(#2793),#2797);
#2793 = LINE('',#2794,#2795);
#2794 = CARTESIAN_POINT('',(0.,0.));
#2795 = VECTOR('',#2796,1.);
#2796 = DIRECTION('',(1.,0.));
#2797 = ( GEOMETRIC_REPRESENTATION_CONTEXT(2) 
PARAMETRIC_REPRESENTATION_CONTEXT() REPRESENTATION_CONTEXT('2D SPACE',''
  ) );
#2798 = FACE_BOUND('',#2799,.F.);
#2799 = EDGE_LOOP('',(#2800));
#2800 = ORIENTED_EDGE('',*,*,#2801,.F.);
#2801 = EDGE_CURVE('',#2802,#2802,#2804,.T.);
#2802 = VERTEX_POINT('',#2803);
#2803 = CARTESIAN_POINT('',(49.25,42.065685424949,-51.));
#2804 = SURFACE_CURVE('',#2805,(#2810,#2817),.PCURVE_S1.);
#2805 = CIRCLE('',#2806,3.565685424949);
#2806 = AXIS2_PLACEMENT_3D('',#2807,#2808,#2809);
#2807 = CARTESIAN_POINT('',(49.25,38.5,-51.));
#2808 = DIRECTION('',(1.,0.,-0.));
#2809 = DIRECTION('',(0.,1.,6.123233995737E-17));
#2810 = PCURVE('',#2501,#2811);
#2811 = DEFINITIONAL_REPRESENTATION('',(#2812),#2816);
#2812 = CIRCLE('',#2813,3.565685424949);
#2813 = AXIS2_PLACEMENT_2D('',#2814,#2815);
#2814 = CARTESIAN_POINT('',(0.,0.));
#2815 = DIRECTION('',(1.,0.));
#2816 = ( GEOMETRIC_REPRESENTATION_CONTEXT(2) 
PARAMETRIC_REPRESENTATION_CONTEXT() REPRESENTATION_CONTEXT('2D SPACE',''
  ) );
#2817 = PCURVE('',#2818,#2823);
#2818 = CONICAL_SURFACE('',#2819,4.065685424949,0.785398163397);
#2819 = AXIS2_PLACEMENT_3D('',#2820,#2821,#2822);
#2820 = CARTESIAN_POINT('',(48.75,38.5,-51.));
#2821 = DIRECTION('',(-1.,-0.,0.));
#2822 = DIRECTION('',(0.,1.,6.123233995737E-17));
#2823 = DEFINITIONAL_REPRESENTATION('',(#2824),#2828);
#2824 = LINE('',#2825,#2826);
#2825 = CARTESIAN_POINT('',(-0.,-0.5));
#2826 = VECTOR('',#2827,1.);
#2827 = DIRECTION('',(-1.,-0.));
#2828 = ( GEOMETRIC_REPRESENTATION_CONTEXT(2) 
PARAMETRIC_REPRESENTATION_CONTEXT() REPRESENTATION_CONTEXT('2D SPACE',''
  ) );
#2829 = ADVANCED_FACE('',(#2830),#2447,.T.);
#2830 = FACE_BOUND('',#2831,.T.);
#2831 = EDGE_LOOP('',(#2832,#2833,#2834,#2835,#2858,#2881,#2909,#2932));
#2832 = ORIENTED_EDGE('',*,*,#2546,.T.);
#2833 = ORIENTED_EDGE('',*,*,#2431,.T.);
#2834 = ORIENTED_EDGE('',*,*,#2593,.T.);
#2835 = ORIENTED_EDGE('',*,*,#2836,.T.);
#2836 = EDGE_CURVE('',#2594,#2837,#2839,.T.);
#2837 = VERTEX_POINT('',#2838);
#2838 = CARTESIAN_POINT('',(65.,38.,-46.));
#2839 = SURFACE_CURVE('',#2840,(#2844,#2851),.PCURVE_S1.);
#2840 = LINE('',#2841,#2842);
#2841 = CARTESIAN_POINT('',(65.,40.,-46.));
#2842 = VECTOR('',#2843,1.);
#2843 = DIRECTION('',(0.,-1.,-6.123233995737E-17));
#2844 = PCURVE('',#2447,#2845);
#2845 = DEFINITIONAL_REPRESENTATION('',(#2846),#2850);
#2846 = LINE('',#2847,#2848);
#2847 = CARTESIAN_POINT('',(1.5,5.));
#2848 = VECTOR('',#2849,1.);
#2849 = DIRECTION('',(-1.,0.));
#2850 = ( GEOMETRIC_REPRESENTATION_CONTEXT(2) 
PARAMETRIC_REPRESENTATION_CONTEXT() REPRESENTATION_CONTEXT('2D SPACE',''
  ) );
#2851 = PCURVE('',#2632,#2852);
#2852 = DEFINITIONAL_REPRESENTATION('',(#2853),#2857);
#2853 = LINE('',#2854,#2855);
#2854 = CARTESIAN_POINT('',(0.,-15.75));
#2855 = VECTOR('',#2856,1.);
#2856 = DIRECTION('',(1.,0.));
#2857 = ( GEOMETRIC_REPRESENTATION_CONTEXT(2) 
PARAMETRIC_REPRESENTATION_CONTEXT() REPRESENTATION_CONTEXT('2D SPACE',''
  ) );
#2858 = ORIENTED_EDGE('',*,*,#2859,.F.);
#2859 = EDGE_CURVE('',#2860,#2837,#2862,.T.);
#2860 = VERTEX_POINT('',#2861);
#2861 = CARTESIAN_POINT('',(65.,38.,-24.25));
#2862 = SURFACE_CURVE('',#2863,(#2867,#2874),.PCURVE_S1.);
#2863 = LINE('',#2864,#2865);
#2864 = CARTESIAN_POINT('',(65.,38.,-24.25));
#2865 = VECTOR('',#2866,1.);
#2866 = DIRECTION('',(0.,6.123233995737E-17,-1.));
#2867 = PCURVE('',#2447,#2868);
#2868 = DEFINITIONAL_REPRESENTATION('',(#2869),#2873);
#2869 = LINE('',#2870,#2871);
#2870 = CARTESIAN_POINT('',(-0.5,26.75));
#2871 = VECTOR('',#2872,1.);
#2872 = DIRECTION('',(0.,-1.));
#2873 = ( GEOMETRIC_REPRESENTATION_CONTEXT(2) 
PARAMETRIC_REPRESENTATION_CONTEXT() REPRESENTATION_CONTEXT('2D SPACE',''
  ) );
#2874 = PCURVE('',#2710,#2875);
#2875 = DEFINITIONAL_REPRESENTATION('',(#2876),#2880);
#2876 = LINE('',#2877,#2878);
#2877 = CARTESIAN_POINT('',(32.5,-4.858729738607));
#2878 = VECTOR('',#2879,1.);
#2879 = DIRECTION('',(0.,1.));
#2880 = ( GEOMETRIC_REPRESENTATION_CONTEXT(2) 
PARAMETRIC_REPRESENTATION_CONTEXT() REPRESENTATION_CONTEXT('2D SPACE',''
  ) );
#2881 = ORIENTED_EDGE('',*,*,#2882,.F.);
#2882 = EDGE_CURVE('',#2883,#2860,#2885,.T.);
#2883 = VERTEX_POINT('',#2884);
#2884 = CARTESIAN_POINT('',(65.,32.,-24.25));
#2885 = SURFACE_CURVE('',#2886,(#2890,#2897),.PCURVE_S1.);
#2886 = LINE('',#2887,#2888);
#2887 = CARTESIAN_POINT('',(65.,32.,-24.25));
#2888 = VECTOR('',#2889,1.);
#2889 = DIRECTION('',(0.,1.,6.123233995737E-17));
#2890 = PCURVE('',#2447,#2891);
#2891 = DEFINITIONAL_REPRESENTATION('',(#2892),#2896);
#2892 = LINE('',#2893,#2894);
#2893 = CARTESIAN_POINT('',(-6.5,26.75));
#2894 = VECTOR('',#2895,1.);
#2895 = DIRECTION('',(1.,0.));
#2896 = ( GEOMETRIC_REPRESENTATION_CONTEXT(2) 
PARAMETRIC_REPRESENTATION_CONTEXT() REPRESENTATION_CONTEXT('2D SPACE',''
  ) );
#2897 = PCURVE('',#2898,#2903);
#2898 = PLANE('',#2899);
#2899 = AXIS2_PLACEMENT_3D('',#2900,#2901,#2902);
#2900 = CARTESIAN_POINT('',(48.75,32.,-8.));
#2901 = DIRECTION('',(-0.707106781187,4.329780281177E-17,-0.707106781187
    ));
#2902 = DIRECTION('',(0.707106781187,4.329780281177E-17,-0.707106781187)
  );
#2903 = DEFINITIONAL_REPRESENTATION('',(#2904),#2908);
#2904 = LINE('',#2905,#2906);
#2905 = CARTESIAN_POINT('',(22.980970388563,0.));
#2906 = VECTOR('',#2907,1.);
#2907 = DIRECTION('',(0.,-1.));
#2908 = ( GEOMETRIC_REPRESENTATION_CONTEXT(2) 
PARAMETRIC_REPRESENTATION_CONTEXT() REPRESENTATION_CONTEXT('2D SPACE',''
  ) );
#2909 = ORIENTED_EDGE('',*,*,#2910,.T.);
#2910 = EDGE_CURVE('',#2883,#2911,#2913,.T.);
#2911 = VERTEX_POINT('',#2912);
#2912 = CARTESIAN_POINT('',(65.,32.,-51.));
#2913 = SURFACE_CURVE('',#2914,(#2918,#2925),.PCURVE_S1.);
#2914 = LINE('',#2915,#2916);
#2915 = CARTESIAN_POINT('',(65.,32.,-24.25));
#2916 = VECTOR('',#2917,1.);
#2917 = DIRECTION('',(0.,6.123233995737E-17,-1.));
#2918 = PCURVE('',#2447,#2919);
#2919 = DEFINITIONAL_REPRESENTATION('',(#2920),#2924);
#2920 = LINE('',#2921,#2922);
#2921 = CARTESIAN_POINT('',(-6.5,26.75));
#2922 = VECTOR('',#2923,1.);
#2923 = DIRECTION('',(0.,-1.));
#2924 = ( GEOMETRIC_REPRESENTATION_CONTEXT(2) 
PARAMETRIC_REPRESENTATION_CONTEXT() REPRESENTATION_CONTEXT('2D SPACE',''
  ) );
#2925 = PCURVE('',#2766,#2926);
#2926 = DEFINITIONAL_REPRESENTATION('',(#2927),#2931);
#2927 = LINE('',#2928,#2929);
#2928 = CARTESIAN_POINT('',(32.5,-4.858729738607));
#2929 = VECTOR('',#2930,1.);
#2930 = DIRECTION('',(0.,1.));
#2931 = ( GEOMETRIC_REPRESENTATION_CONTEXT(2) 
PARAMETRIC_REPRESENTATION_CONTEXT() REPRESENTATION_CONTEXT('2D SPACE',''
  ) );
#2932 = ORIENTED_EDGE('',*,*,#2933,.T.);
#2933 = EDGE_CURVE('',#2911,#2519,#2934,.T.);
#2934 = SURFACE_CURVE('',#2935,(#2939,#2946),.PCURVE_S1.);
#2935 = LINE('',#2936,#2937);
#2936 = CARTESIAN_POINT('',(65.,32.,-51.));
#2937 = VECTOR('',#2938,1.);
#2938 = DIRECTION('',(0.,0.707106781187,-0.707106781187));
#2939 = PCURVE('',#2447,#2940);
#2940 = DEFINITIONAL_REPRESENTATION('',(#2941),#2945);
#2941 = LINE('',#2942,#2943);
#2942 = CARTESIAN_POINT('',(-6.5,0.));
#2943 = VECTOR('',#2944,1.);
#2944 = DIRECTION('',(0.707106781187,-0.707106781187));
#2945 = ( GEOMETRIC_REPRESENTATION_CONTEXT(2) 
PARAMETRIC_REPRESENTATION_CONTEXT() REPRESENTATION_CONTEXT('2D SPACE',''
  ) );
#2946 = PCURVE('',#2534,#2947);
#2947 = DEFINITIONAL_REPRESENTATION('',(#2948),#2952);
#2948 = LINE('',#2949,#2950);
#2949 = CARTESIAN_POINT('',(0.,-15.75));
#2950 = VECTOR('',#2951,1.);
#2951 = DIRECTION('',(1.,0.));
#2952 = ( GEOMETRIC_REPRESENTATION_CONTEXT(2) 
PARAMETRIC_REPRESENTATION_CONTEXT() REPRESENTATION_CONTEXT('2D SPACE',''
  ) );
#2953 = ADVANCED_FACE('',(#2954),#2534,.F.);
#2954 = FACE_BOUND('',#2955,.F.);
#2955 = EDGE_LOOP('',(#2956,#2977,#2978,#2979));
#2956 = ORIENTED_EDGE('',*,*,#2957,.F.);
#2957 = EDGE_CURVE('',#2911,#2751,#2958,.T.);
#2958 = SURFACE_CURVE('',#2959,(#2963,#2970),.PCURVE_S1.);
#2959 = LINE('',#2960,#2961);
#2960 = CARTESIAN_POINT('',(65.,32.,-51.));
#2961 = VECTOR('',#2962,1.);
#2962 = DIRECTION('',(-1.,0.,0.));
#2963 = PCURVE('',#2534,#2964);
#2964 = DEFINITIONAL_REPRESENTATION('',(#2965),#2969);
#2965 = LINE('',#2966,#2967);
#2966 = CARTESIAN_POINT('',(0.,-15.75));
#2967 = VECTOR('',#2968,1.);
#2968 = DIRECTION('',(0.,1.));
#2969 = ( GEOMETRIC_REPRESENTATION_CONTEXT(2) 
PARAMETRIC_REPRESENTATION_CONTEXT() REPRESENTATION_CONTEXT('2D SPACE',''
  ) );
#2970 = PCURVE('',#2766,#2971);
#2971 = DEFINITIONAL_REPRESENTATION('',(#2972),#2976);
#2972 = LINE('',#2973,#2974);
#2973 = CARTESIAN_POINT('',(32.5,21.891270261393));
#2974 = VECTOR('',#2975,1.);
#2975 = DIRECTION('',(-1.,0.));
#2976 = ( GEOMETRIC_REPRESENTATION_CONTEXT(2) 
PARAMETRIC_REPRESENTATION_CONTEXT() REPRESENTATION_CONTEXT('2D SPACE',''
  ) );
#2977 = ORIENTED_EDGE('',*,*,#2933,.T.);
#2978 = ORIENTED_EDGE('',*,*,#2516,.F.);
#2979 = ORIENTED_EDGE('',*,*,#2778,.F.);
#2980 = ADVANCED_FACE('',(#2981),#2632,.F.);
#2981 = FACE_BOUND('',#2982,.F.);
#2982 = EDGE_LOOP('',(#2983,#2984,#2985,#2986));
#2983 = ORIENTED_EDGE('',*,*,#2671,.F.);
#2984 = ORIENTED_EDGE('',*,*,#2616,.T.);
#2985 = ORIENTED_EDGE('',*,*,#2836,.T.);
#2986 = ORIENTED_EDGE('',*,*,#2987,.T.);
#2987 = EDGE_CURVE('',#2837,#2672,#2988,.T.);
#2988 = SURFACE_CURVE('',#2989,(#2993,#2999),.PCURVE_S1.);
#2989 = LINE('',#2990,#2991);
#2990 = CARTESIAN_POINT('',(40.875,38.,-46.));
#2991 = VECTOR('',#2992,1.);
#2992 = DIRECTION('',(-1.,0.,0.));
#2993 = PCURVE('',#2632,#2994);
#2994 = DEFINITIONAL_REPRESENTATION('',(#2995),#2998);
#2995 = B_SPLINE_CURVE_WITH_KNOTS('',1,(#2996,#2997),.UNSPECIFIED.,.F.,
  .F.,(2,2),(-24.125,-8.375),.PIECEWISE_BEZIER_KNOTS.);
#2996 = CARTESIAN_POINT('',(2.,-15.75));
#2997 = CARTESIAN_POINT('',(2.,0.));
#2998 = ( GEOMETRIC_REPRESENTATION_CONTEXT(2) 
PARAMETRIC_REPRESENTATION_CONTEXT() REPRESENTATION_CONTEXT('2D SPACE',''
  ) );
#2999 = PCURVE('',#2710,#3000);
#3000 = DEFINITIONAL_REPRESENTATION('',(#3001),#3004);
#3001 = B_SPLINE_CURVE_WITH_KNOTS('',1,(#3002,#3003),.UNSPECIFIED.,.F.,
  .F.,(2,2),(-24.125,-8.375),.PIECEWISE_BEZIER_KNOTS.);
#3002 = CARTESIAN_POINT('',(32.5,16.891270261393));
#3003 = CARTESIAN_POINT('',(16.75,16.891270261393));
#3004 = ( GEOMETRIC_REPRESENTATION_CONTEXT(2) 
PARAMETRIC_REPRESENTATION_CONTEXT() REPRESENTATION_CONTEXT('2D SPACE',''
  ) );
#3005 = ADVANCED_FACE('',(#3006),#2766,.F.);
#3006 = FACE_BOUND('',#3007,.F.);
#3007 = EDGE_LOOP('',(#3008,#3038,#3066,#3094,#3120,#3148,#3169,#3170,
    #3171,#3172,#3195,#3223));
#3008 = ORIENTED_EDGE('',*,*,#3009,.T.);
#3009 = EDGE_CURVE('',#3010,#3012,#3014,.T.);
#3010 = VERTEX_POINT('',#3011);
#3011 = CARTESIAN_POINT('',(0.,32.,-51.));
#3012 = VERTEX_POINT('',#3013);
#3013 = CARTESIAN_POINT('',(0.,32.,-24.25));
#3014 = SURFACE_CURVE('',#3015,(#3019,#3026),.PCURVE_S1.);
#3015 = LINE('',#3016,#3017);
#3016 = CARTESIAN_POINT('',(0.,32.,-51.));
#3017 = VECTOR('',#3018,1.);
#3018 = DIRECTION('',(0.,-6.123233995737E-17,1.));
#3019 = PCURVE('',#2766,#3020);
#3020 = DEFINITIONAL_REPRESENTATION('',(#3021),#3025);
#3021 = LINE('',#3022,#3023);
#3022 = CARTESIAN_POINT('',(-32.5,21.891270261393));
#3023 = VECTOR('',#3024,1.);
#3024 = DIRECTION('',(0.,-1.));
#3025 = ( GEOMETRIC_REPRESENTATION_CONTEXT(2) 
PARAMETRIC_REPRESENTATION_CONTEXT() REPRESENTATION_CONTEXT('2D SPACE',''
  ) );
#3026 = PCURVE('',#3027,#3032);
#3027 = PLANE('',#3028);
#3028 = AXIS2_PLACEMENT_3D('',#3029,#3030,#3031);
#3029 = CARTESIAN_POINT('',(0.,38.5,-51.));
#3030 = DIRECTION('',(1.,0.,0.));
#3031 = DIRECTION('',(0.,1.,6.123233995737E-17));
#3032 = DEFINITIONAL_REPRESENTATION('',(#3033),#3037);
#3033 = LINE('',#3034,#3035);
#3034 = CARTESIAN_POINT('',(-6.5,0.));
#3035 = VECTOR('',#3036,1.);
#3036 = DIRECTION('',(0.,1.));
#3037 = ( GEOMETRIC_REPRESENTATION_CONTEXT(2) 
PARAMETRIC_REPRESENTATION_CONTEXT() REPRESENTATION_CONTEXT('2D SPACE',''
  ) );
#3038 = ORIENTED_EDGE('',*,*,#3039,.T.);
#3039 = EDGE_CURVE('',#3012,#3040,#3042,.T.);
#3040 = VERTEX_POINT('',#3041);
#3041 = CARTESIAN_POINT('',(16.25,32.,-8.));
#3042 = SURFACE_CURVE('',#3043,(#3047,#3054),.PCURVE_S1.);
#3043 = LINE('',#3044,#3045);
#3044 = CARTESIAN_POINT('',(0.,32.,-24.25));
#3045 = VECTOR('',#3046,1.);
#3046 = DIRECTION('',(0.707106781187,-4.329780281177E-17,0.707106781187)
  );
#3047 = PCURVE('',#2766,#3048);
#3048 = DEFINITIONAL_REPRESENTATION('',(#3049),#3053);
#3049 = LINE('',#3050,#3051);
#3050 = CARTESIAN_POINT('',(-32.5,-4.858729738607));
#3051 = VECTOR('',#3052,1.);
#3052 = DIRECTION('',(0.707106781187,-0.707106781187));
#3053 = ( GEOMETRIC_REPRESENTATION_CONTEXT(2) 
PARAMETRIC_REPRESENTATION_CONTEXT() REPRESENTATION_CONTEXT('2D SPACE',''
  ) );
#3054 = PCURVE('',#3055,#3060);
#3055 = PLANE('',#3056);
#3056 = AXIS2_PLACEMENT_3D('',#3057,#3058,#3059);
#3057 = CARTESIAN_POINT('',(0.,32.,-24.25));
#3058 = DIRECTION('',(0.707106781187,4.329780281177E-17,-0.707106781187)
  );
#3059 = DIRECTION('',(0.707106781187,-4.329780281177E-17,0.707106781187)
  );
#3060 = DEFINITIONAL_REPRESENTATION('',(#3061),#3065);
#3061 = LINE('',#3062,#3063);
#3062 = CARTESIAN_POINT('',(0.,0.));
#3063 = VECTOR('',#3064,1.);
#3064 = DIRECTION('',(1.,0.));
#3065 = ( GEOMETRIC_REPRESENTATION_CONTEXT(2) 
PARAMETRIC_REPRESENTATION_CONTEXT() REPRESENTATION_CONTEXT('2D SPACE',''
  ) );
#3066 = ORIENTED_EDGE('',*,*,#3067,.T.);
#3067 = EDGE_CURVE('',#3040,#3068,#3070,.T.);
#3068 = VERTEX_POINT('',#3069);
#3069 = CARTESIAN_POINT('',(16.25,32.,-5.5));
#3070 = SURFACE_CURVE('',#3071,(#3075,#3082),.PCURVE_S1.);
#3071 = LINE('',#3072,#3073);
#3072 = CARTESIAN_POINT('',(16.25,32.,-8.));
#3073 = VECTOR('',#3074,1.);
#3074 = DIRECTION('',(0.,-6.123233995737E-17,1.));
#3075 = PCURVE('',#2766,#3076);
#3076 = DEFINITIONAL_REPRESENTATION('',(#3077),#3081);
#3077 = LINE('',#3078,#3079);
#3078 = CARTESIAN_POINT('',(-16.25,-21.1087297386));
#3079 = VECTOR('',#3080,1.);
#3080 = DIRECTION('',(0.,-1.));
#3081 = ( GEOMETRIC_REPRESENTATION_CONTEXT(2) 
PARAMETRIC_REPRESENTATION_CONTEXT() REPRESENTATION_CONTEXT('2D SPACE',''
  ) );
#3082 = PCURVE('',#3083,#3088);
#3083 = PLANE('',#3084);
#3084 = AXIS2_PLACEMENT_3D('',#3085,#3086,#3087);
#3085 = CARTESIAN_POINT('',(16.25,32.,-8.));
#3086 = DIRECTION('',(1.,0.,0.));
#3087 = DIRECTION('',(0.,-6.123233995737E-17,1.));
#3088 = DEFINITIONAL_REPRESENTATION('',(#3089),#3093);
#3089 = LINE('',#3090,#3091);
#3090 = CARTESIAN_POINT('',(0.,0.));
#3091 = VECTOR('',#3092,1.);
#3092 = DIRECTION('',(1.,0.));
#3093 = ( GEOMETRIC_REPRESENTATION_CONTEXT(2) 
PARAMETRIC_REPRESENTATION_CONTEXT() REPRESENTATION_CONTEXT('2D SPACE',''
  ) );
#3094 = ORIENTED_EDGE('',*,*,#3095,.T.);
#3095 = EDGE_CURVE('',#3068,#3096,#3098,.T.);
#3096 = VERTEX_POINT('',#3097);
#3097 = CARTESIAN_POINT('',(48.75,32.,-5.5));
#3098 = SURFACE_CURVE('',#3099,(#3103,#3109),.PCURVE_S1.);
#3099 = LINE('',#3100,#3101);
#3100 = CARTESIAN_POINT('',(24.375,32.,-5.5));
#3101 = VECTOR('',#3102,1.);
#3102 = DIRECTION('',(1.,0.,0.));
#3103 = PCURVE('',#2766,#3104);
#3104 = DEFINITIONAL_REPRESENTATION('',(#3105),#3108);
#3105 = B_SPLINE_CURVE_WITH_KNOTS('',1,(#3106,#3107),.UNSPECIFIED.,.F.,
  .F.,(2,2),(-8.125,24.375),.PIECEWISE_BEZIER_KNOTS.);
#3106 = CARTESIAN_POINT('',(-16.25,-23.6087297386));
#3107 = CARTESIAN_POINT('',(16.25,-23.6087297386));
#3108 = ( GEOMETRIC_REPRESENTATION_CONTEXT(2) 
PARAMETRIC_REPRESENTATION_CONTEXT() REPRESENTATION_CONTEXT('2D SPACE',''
  ) );
#3109 = PCURVE('',#3110,#3115);
#3110 = PLANE('',#3111);
#3111 = AXIS2_PLACEMENT_3D('',#3112,#3113,#3114);
#3112 = CARTESIAN_POINT('',(16.25,30.,-5.5));
#3113 = DIRECTION('',(0.,-6.123233995737E-17,1.));
#3114 = DIRECTION('',(0.,1.,6.123233995737E-17));
#3115 = DEFINITIONAL_REPRESENTATION('',(#3116),#3119);
#3116 = B_SPLINE_CURVE_WITH_KNOTS('',1,(#3117,#3118),.UNSPECIFIED.,.F.,
  .F.,(2,2),(-8.125,24.375),.PIECEWISE_BEZIER_KNOTS.);
#3117 = CARTESIAN_POINT('',(2.,0.));
#3118 = CARTESIAN_POINT('',(2.,-32.5));
#3119 = ( GEOMETRIC_REPRESENTATION_CONTEXT(2) 
PARAMETRIC_REPRESENTATION_CONTEXT() REPRESENTATION_CONTEXT('2D SPACE',''
  ) );
#3120 = ORIENTED_EDGE('',*,*,#3121,.T.);
#3121 = EDGE_CURVE('',#3096,#3122,#3124,.T.);
#3122 = VERTEX_POINT('',#3123);
#3123 = CARTESIAN_POINT('',(48.75,32.,-8.));
#3124 = SURFACE_CURVE('',#3125,(#3129,#3136),.PCURVE_S1.);
#3125 = LINE('',#3126,#3127);
#3126 = CARTESIAN_POINT('',(48.75,32.,-0.5));
#3127 = VECTOR('',#3128,1.);
#3128 = DIRECTION('',(0.,6.123233995737E-17,-1.));
#3129 = PCURVE('',#2766,#3130);
#3130 = DEFINITIONAL_REPRESENTATION('',(#3131),#3135);
#3131 = LINE('',#3132,#3133);
#3132 = CARTESIAN_POINT('',(16.25,-28.6087297386));
#3133 = VECTOR('',#3134,1.);
#3134 = DIRECTION('',(0.,1.));
#3135 = ( GEOMETRIC_REPRESENTATION_CONTEXT(2) 
PARAMETRIC_REPRESENTATION_CONTEXT() REPRESENTATION_CONTEXT('2D SPACE',''
  ) );
#3136 = PCURVE('',#3137,#3142);
#3137 = PLANE('',#3138);
#3138 = AXIS2_PLACEMENT_3D('',#3139,#3140,#3141);
#3139 = CARTESIAN_POINT('',(48.75,32.,-0.5));
#3140 = DIRECTION('',(-1.,0.,0.));
#3141 = DIRECTION('',(0.,6.123233995737E-17,-1.));
#3142 = DEFINITIONAL_REPRESENTATION('',(#3143),#3147);
#3143 = LINE('',#3144,#3145);
#3144 = CARTESIAN_POINT('',(0.,0.));
#3145 = VECTOR('',#3146,1.);
#3146 = DIRECTION('',(1.,0.));
#3147 = ( GEOMETRIC_REPRESENTATION_CONTEXT(2) 
PARAMETRIC_REPRESENTATION_CONTEXT() REPRESENTATION_CONTEXT('2D SPACE',''
  ) );
#3148 = ORIENTED_EDGE('',*,*,#3149,.T.);
#3149 = EDGE_CURVE('',#3122,#2883,#3150,.T.);
#3150 = SURFACE_CURVE('',#3151,(#3155,#3162),.PCURVE_S1.);
#3151 = LINE('',#3152,#3153);
#3152 = CARTESIAN_POINT('',(48.75,32.,-8.));
#3153 = VECTOR('',#3154,1.);
#3154 = DIRECTION('',(0.707106781187,4.329780281177E-17,-0.707106781187)
  );
#3155 = PCURVE('',#2766,#3156);
#3156 = DEFINITIONAL_REPRESENTATION('',(#3157),#3161);
#3157 = LINE('',#3158,#3159);
#3158 = CARTESIAN_POINT('',(16.25,-21.1087297386));
#3159 = VECTOR('',#3160,1.);
#3160 = DIRECTION('',(0.707106781187,0.707106781187));
#3161 = ( GEOMETRIC_REPRESENTATION_CONTEXT(2) 
PARAMETRIC_REPRESENTATION_CONTEXT() REPRESENTATION_CONTEXT('2D SPACE',''
  ) );
#3162 = PCURVE('',#2898,#3163);
#3163 = DEFINITIONAL_REPRESENTATION('',(#3164),#3168);
#3164 = LINE('',#3165,#3166);
#3165 = CARTESIAN_POINT('',(0.,0.));
#3166 = VECTOR('',#3167,1.);
#3167 = DIRECTION('',(1.,0.));
#3168 = ( GEOMETRIC_REPRESENTATION_CONTEXT(2) 
PARAMETRIC_REPRESENTATION_CONTEXT() REPRESENTATION_CONTEXT('2D SPACE',''
  ) );
#3169 = ORIENTED_EDGE('',*,*,#2910,.T.);
#3170 = ORIENTED_EDGE('',*,*,#2957,.T.);
#3171 = ORIENTED_EDGE('',*,*,#2750,.T.);
#3172 = ORIENTED_EDGE('',*,*,#3173,.T.);
#3173 = EDGE_CURVE('',#2723,#3174,#3176,.T.);
#3174 = VERTEX_POINT('',#3175);
#3175 = CARTESIAN_POINT('',(15.75,32.,-43.5));
#3176 = SURFACE_CURVE('',#3177,(#3181,#3188),.PCURVE_S1.);
#3177 = LINE('',#3178,#3179);
#3178 = CARTESIAN_POINT('',(49.25,32.,-43.5));
#3179 = VECTOR('',#3180,1.);
#3180 = DIRECTION('',(-1.,0.,0.));
#3181 = PCURVE('',#2766,#3182);
#3182 = DEFINITIONAL_REPRESENTATION('',(#3183),#3187);
#3183 = LINE('',#3184,#3185);
#3184 = CARTESIAN_POINT('',(16.75,14.391270261393));
#3185 = VECTOR('',#3186,1.);
#3186 = DIRECTION('',(-1.,0.));
#3187 = ( GEOMETRIC_REPRESENTATION_CONTEXT(2) 
PARAMETRIC_REPRESENTATION_CONTEXT() REPRESENTATION_CONTEXT('2D SPACE',''
  ) );
#3188 = PCURVE('',#2738,#3189);
#3189 = DEFINITIONAL_REPRESENTATION('',(#3190),#3194);
#3190 = LINE('',#3191,#3192);
#3191 = CARTESIAN_POINT('',(0.,-0.));
#3192 = VECTOR('',#3193,1.);
#3193 = DIRECTION('',(1.,0.));
#3194 = ( GEOMETRIC_REPRESENTATION_CONTEXT(2) 
PARAMETRIC_REPRESENTATION_CONTEXT() REPRESENTATION_CONTEXT('2D SPACE',''
  ) );
#3195 = ORIENTED_EDGE('',*,*,#3196,.T.);
#3196 = EDGE_CURVE('',#3174,#3197,#3199,.T.);
#3197 = VERTEX_POINT('',#3198);
#3198 = CARTESIAN_POINT('',(15.75,32.,-51.));
#3199 = SURFACE_CURVE('',#3200,(#3204,#3211),.PCURVE_S1.);
#3200 = LINE('',#3201,#3202);
#3201 = CARTESIAN_POINT('',(15.75,32.,-43.5));
#3202 = VECTOR('',#3203,1.);
#3203 = DIRECTION('',(0.,6.123233995737E-17,-1.));
#3204 = PCURVE('',#2766,#3205);
#3205 = DEFINITIONAL_REPRESENTATION('',(#3206),#3210);
#3206 = LINE('',#3207,#3208);
#3207 = CARTESIAN_POINT('',(-16.75,14.391270261393));
#3208 = VECTOR('',#3209,1.);
#3209 = DIRECTION('',(0.,1.));
#3210 = ( GEOMETRIC_REPRESENTATION_CONTEXT(2) 
PARAMETRIC_REPRESENTATION_CONTEXT() REPRESENTATION_CONTEXT('2D SPACE',''
  ) );
#3211 = PCURVE('',#3212,#3217);
#3212 = PLANE('',#3213);
#3213 = AXIS2_PLACEMENT_3D('',#3214,#3215,#3216);
#3214 = CARTESIAN_POINT('',(15.75,38.5,-51.));
#3215 = DIRECTION('',(1.,0.,0.));
#3216 = DIRECTION('',(0.,1.,6.123233995737E-17));
#3217 = DEFINITIONAL_REPRESENTATION('',(#3218),#3222);
#3218 = LINE('',#3219,#3220);
#3219 = CARTESIAN_POINT('',(-6.5,7.5));
#3220 = VECTOR('',#3221,1.);
#3221 = DIRECTION('',(0.,-1.));
#3222 = ( GEOMETRIC_REPRESENTATION_CONTEXT(2) 
PARAMETRIC_REPRESENTATION_CONTEXT() REPRESENTATION_CONTEXT('2D SPACE',''
  ) );
#3223 = ORIENTED_EDGE('',*,*,#3224,.T.);
#3224 = EDGE_CURVE('',#3197,#3010,#3225,.T.);
#3225 = SURFACE_CURVE('',#3226,(#3230,#3237),.PCURVE_S1.);
#3226 = LINE('',#3227,#3228);
#3227 = CARTESIAN_POINT('',(15.75,32.,-51.));
#3228 = VECTOR('',#3229,1.);
#3229 = DIRECTION('',(-1.,0.,0.));
#3230 = PCURVE('',#2766,#3231);
#3231 = DEFINITIONAL_REPRESENTATION('',(#3232),#3236);
#3232 = LINE('',#3233,#3234);
#3233 = CARTESIAN_POINT('',(-16.75,21.891270261393));
#3234 = VECTOR('',#3235,1.);
#3235 = DIRECTION('',(-1.,0.));
#3236 = ( GEOMETRIC_REPRESENTATION_CONTEXT(2) 
PARAMETRIC_REPRESENTATION_CONTEXT() REPRESENTATION_CONTEXT('2D SPACE',''
  ) );
#3237 = PCURVE('',#3238,#3243);
#3238 = PLANE('',#3239);
#3239 = AXIS2_PLACEMENT_3D('',#3240,#3241,#3242);
#3240 = CARTESIAN_POINT('',(0.,32.,-51.));
#3241 = DIRECTION('',(0.,0.707106781187,0.707106781187));
#3242 = DIRECTION('',(0.,0.707106781187,-0.707106781187));
#3243 = DEFINITIONAL_REPRESENTATION('',(#3244),#3248);
#3244 = LINE('',#3245,#3246);
#3245 = CARTESIAN_POINT('',(0.,-15.75));
#3246 = VECTOR('',#3247,1.);
#3247 = DIRECTION('',(0.,1.));
#3248 = ( GEOMETRIC_REPRESENTATION_CONTEXT(2) 
PARAMETRIC_REPRESENTATION_CONTEXT() REPRESENTATION_CONTEXT('2D SPACE',''
  ) );
#3249 = ADVANCED_FACE('',(#3250),#2738,.F.);
#3250 = FACE_BOUND('',#3251,.F.);
#3251 = EDGE_LOOP('',(#3252,#3253,#3276,#3297));
#3252 = ORIENTED_EDGE('',*,*,#2722,.T.);
#3253 = ORIENTED_EDGE('',*,*,#3254,.T.);
#3254 = EDGE_CURVE('',#2695,#3255,#3257,.T.);
#3255 = VERTEX_POINT('',#3256);
#3256 = CARTESIAN_POINT('',(15.75,38.,-43.5));
#3257 = SURFACE_CURVE('',#3258,(#3262,#3269),.PCURVE_S1.);
#3258 = LINE('',#3259,#3260);
#3259 = CARTESIAN_POINT('',(49.25,38.,-43.5));
#3260 = VECTOR('',#3261,1.);
#3261 = DIRECTION('',(-1.,0.,0.));
#3262 = PCURVE('',#2738,#3263);
#3263 = DEFINITIONAL_REPRESENTATION('',(#3264),#3268);
#3264 = LINE('',#3265,#3266);
#3265 = CARTESIAN_POINT('',(0.,-6.));
#3266 = VECTOR('',#3267,1.);
#3267 = DIRECTION('',(1.,0.));
#3268 = ( GEOMETRIC_REPRESENTATION_CONTEXT(2) 
PARAMETRIC_REPRESENTATION_CONTEXT() REPRESENTATION_CONTEXT('2D SPACE',''
  ) );
#3269 = PCURVE('',#2710,#3270);
#3270 = DEFINITIONAL_REPRESENTATION('',(#3271),#3275);
#3271 = LINE('',#3272,#3273);
#3272 = CARTESIAN_POINT('',(16.75,14.391270261393));
#3273 = VECTOR('',#3274,1.);
#3274 = DIRECTION('',(-1.,0.));
#3275 = ( GEOMETRIC_REPRESENTATION_CONTEXT(2) 
PARAMETRIC_REPRESENTATION_CONTEXT() REPRESENTATION_CONTEXT('2D SPACE',''
  ) );
#3276 = ORIENTED_EDGE('',*,*,#3277,.F.);
#3277 = EDGE_CURVE('',#3174,#3255,#3278,.T.);
#3278 = SURFACE_CURVE('',#3279,(#3283,#3290),.PCURVE_S1.);
#3279 = LINE('',#3280,#3281);
#3280 = CARTESIAN_POINT('',(15.75,32.,-43.5));
#3281 = VECTOR('',#3282,1.);
#3282 = DIRECTION('',(0.,1.,6.123233995737E-17));
#3283 = PCURVE('',#2738,#3284);
#3284 = DEFINITIONAL_REPRESENTATION('',(#3285),#3289);
#3285 = LINE('',#3286,#3287);
#3286 = CARTESIAN_POINT('',(33.5,0.));
#3287 = VECTOR('',#3288,1.);
#3288 = DIRECTION('',(0.,-1.));
#3289 = ( GEOMETRIC_REPRESENTATION_CONTEXT(2) 
PARAMETRIC_REPRESENTATION_CONTEXT() REPRESENTATION_CONTEXT('2D SPACE',''
  ) );
#3290 = PCURVE('',#3212,#3291);
#3291 = DEFINITIONAL_REPRESENTATION('',(#3292),#3296);
#3292 = LINE('',#3293,#3294);
#3293 = CARTESIAN_POINT('',(-6.5,7.5));
#3294 = VECTOR('',#3295,1.);
#3295 = DIRECTION('',(1.,0.));
#3296 = ( GEOMETRIC_REPRESENTATION_CONTEXT(2) 
PARAMETRIC_REPRESENTATION_CONTEXT() REPRESENTATION_CONTEXT('2D SPACE',''
  ) );
#3297 = ORIENTED_EDGE('',*,*,#3173,.F.);
#3298 = ADVANCED_FACE('',(#3299),#2710,.T.);
#3299 = FACE_BOUND('',#3300,.T.);
#3300 = EDGE_LOOP('',(#3301,#3329,#3352,#3375,#3398,#3426,#3449,#3470,
    #3471,#3472,#3473,#3474));
#3301 = ORIENTED_EDGE('',*,*,#3302,.T.);
#3302 = EDGE_CURVE('',#3303,#3305,#3307,.T.);
#3303 = VERTEX_POINT('',#3304);
#3304 = CARTESIAN_POINT('',(15.75,38.,-46.));
#3305 = VERTEX_POINT('',#3306);
#3306 = CARTESIAN_POINT('',(0.,38.,-46.));
#3307 = SURFACE_CURVE('',#3308,(#3312,#3318),.PCURVE_S1.);
#3308 = LINE('',#3309,#3310);
#3309 = CARTESIAN_POINT('',(16.25,38.,-46.));
#3310 = VECTOR('',#3311,1.);
#3311 = DIRECTION('',(-1.,0.,0.));
#3312 = PCURVE('',#2710,#3313);
#3313 = DEFINITIONAL_REPRESENTATION('',(#3314),#3317);
#3314 = B_SPLINE_CURVE_WITH_KNOTS('',1,(#3315,#3316),.UNSPECIFIED.,.F.,
  .F.,(2,2),(0.5,16.25),.PIECEWISE_BEZIER_KNOTS.);
#3315 = CARTESIAN_POINT('',(-16.75,16.891270261393));
#3316 = CARTESIAN_POINT('',(-32.5,16.891270261393));
#3317 = ( GEOMETRIC_REPRESENTATION_CONTEXT(2) 
PARAMETRIC_REPRESENTATION_CONTEXT() REPRESENTATION_CONTEXT('2D SPACE',''
  ) );
#3318 = PCURVE('',#3319,#3324);
#3319 = PLANE('',#3320);
#3320 = AXIS2_PLACEMENT_3D('',#3321,#3322,#3323);
#3321 = CARTESIAN_POINT('',(0.,40.,-46.));
#3322 = DIRECTION('',(0.,6.123233995737E-17,-1.));
#3323 = DIRECTION('',(0.,-1.,-6.123233995737E-17));
#3324 = DEFINITIONAL_REPRESENTATION('',(#3325),#3328);
#3325 = B_SPLINE_CURVE_WITH_KNOTS('',1,(#3326,#3327),.UNSPECIFIED.,.F.,
  .F.,(2,2),(0.5,16.25),.PIECEWISE_BEZIER_KNOTS.);
#3326 = CARTESIAN_POINT('',(2.,-15.75));
#3327 = CARTESIAN_POINT('',(2.,0.));
#3328 = ( GEOMETRIC_REPRESENTATION_CONTEXT(2) 
PARAMETRIC_REPRESENTATION_CONTEXT() REPRESENTATION_CONTEXT('2D SPACE',''
  ) );
#3329 = ORIENTED_EDGE('',*,*,#3330,.T.);
#3330 = EDGE_CURVE('',#3305,#3331,#3333,.T.);
#3331 = VERTEX_POINT('',#3332);
#3332 = CARTESIAN_POINT('',(0.,38.,-24.25));
#3333 = SURFACE_CURVE('',#3334,(#3338,#3345),.PCURVE_S1.);
#3334 = LINE('',#3335,#3336);
#3335 = CARTESIAN_POINT('',(0.,38.,-51.));
#3336 = VECTOR('',#3337,1.);
#3337 = DIRECTION('',(0.,-6.123233995737E-17,1.));
#3338 = PCURVE('',#2710,#3339);
#3339 = DEFINITIONAL_REPRESENTATION('',(#3340),#3344);
#3340 = LINE('',#3341,#3342);
#3341 = CARTESIAN_POINT('',(-32.5,21.891270261393));
#3342 = VECTOR('',#3343,1.);
#3343 = DIRECTION('',(0.,-1.));
#3344 = ( GEOMETRIC_REPRESENTATION_CONTEXT(2) 
PARAMETRIC_REPRESENTATION_CONTEXT() REPRESENTATION_CONTEXT('2D SPACE',''
  ) );
#3345 = PCURVE('',#3027,#3346);
#3346 = DEFINITIONAL_REPRESENTATION('',(#3347),#3351);
#3347 = LINE('',#3348,#3349);
#3348 = CARTESIAN_POINT('',(-0.5,0.));
#3349 = VECTOR('',#3350,1.);
#3350 = DIRECTION('',(0.,1.));
#3351 = ( GEOMETRIC_REPRESENTATION_CONTEXT(2) 
PARAMETRIC_REPRESENTATION_CONTEXT() REPRESENTATION_CONTEXT('2D SPACE',''
  ) );
#3352 = ORIENTED_EDGE('',*,*,#3353,.T.);
#3353 = EDGE_CURVE('',#3331,#3354,#3356,.T.);
#3354 = VERTEX_POINT('',#3355);
#3355 = CARTESIAN_POINT('',(16.25,38.,-8.));
#3356 = SURFACE_CURVE('',#3357,(#3361,#3368),.PCURVE_S1.);
#3357 = LINE('',#3358,#3359);
#3358 = CARTESIAN_POINT('',(0.,38.,-24.25));
#3359 = VECTOR('',#3360,1.);
#3360 = DIRECTION('',(0.707106781187,-4.329780281177E-17,0.707106781187)
  );
#3361 = PCURVE('',#2710,#3362);
#3362 = DEFINITIONAL_REPRESENTATION('',(#3363),#3367);
#3363 = LINE('',#3364,#3365);
#3364 = CARTESIAN_POINT('',(-32.5,-4.858729738607));
#3365 = VECTOR('',#3366,1.);
#3366 = DIRECTION('',(0.707106781187,-0.707106781187));
#3367 = ( GEOMETRIC_REPRESENTATION_CONTEXT(2) 
PARAMETRIC_REPRESENTATION_CONTEXT() REPRESENTATION_CONTEXT('2D SPACE',''
  ) );
#3368 = PCURVE('',#3055,#3369);
#3369 = DEFINITIONAL_REPRESENTATION('',(#3370),#3374);
#3370 = LINE('',#3371,#3372);
#3371 = CARTESIAN_POINT('',(0.,-6.));
#3372 = VECTOR('',#3373,1.);
#3373 = DIRECTION('',(1.,0.));
#3374 = ( GEOMETRIC_REPRESENTATION_CONTEXT(2) 
PARAMETRIC_REPRESENTATION_CONTEXT() REPRESENTATION_CONTEXT('2D SPACE',''
  ) );
#3375 = ORIENTED_EDGE('',*,*,#3376,.T.);
#3376 = EDGE_CURVE('',#3354,#3377,#3379,.T.);
#3377 = VERTEX_POINT('',#3378);
#3378 = CARTESIAN_POINT('',(16.25,38.,-0.5));
#3379 = SURFACE_CURVE('',#3380,(#3384,#3391),.PCURVE_S1.);
#3380 = LINE('',#3381,#3382);
#3381 = CARTESIAN_POINT('',(16.25,38.,-8.));
#3382 = VECTOR('',#3383,1.);
#3383 = DIRECTION('',(0.,-6.123233995737E-17,1.));
#3384 = PCURVE('',#2710,#3385);
#3385 = DEFINITIONAL_REPRESENTATION('',(#3386),#3390);
#3386 = LINE('',#3387,#3388);
#3387 = CARTESIAN_POINT('',(-16.25,-21.1087297386));
#3388 = VECTOR('',#3389,1.);
#3389 = DIRECTION('',(0.,-1.));
#3390 = ( GEOMETRIC_REPRESENTATION_CONTEXT(2) 
PARAMETRIC_REPRESENTATION_CONTEXT() REPRESENTATION_CONTEXT('2D SPACE',''
  ) );
#3391 = PCURVE('',#3083,#3392);
#3392 = DEFINITIONAL_REPRESENTATION('',(#3393),#3397);
#3393 = LINE('',#3394,#3395);
#3394 = CARTESIAN_POINT('',(0.,-6.));
#3395 = VECTOR('',#3396,1.);
#3396 = DIRECTION('',(1.,0.));
#3397 = ( GEOMETRIC_REPRESENTATION_CONTEXT(2) 
PARAMETRIC_REPRESENTATION_CONTEXT() REPRESENTATION_CONTEXT('2D SPACE',''
  ) );
#3398 = ORIENTED_EDGE('',*,*,#3399,.T.);
#3399 = EDGE_CURVE('',#3377,#3400,#3402,.T.);
#3400 = VERTEX_POINT('',#3401);
#3401 = CARTESIAN_POINT('',(48.75,38.,-0.5));
#3402 = SURFACE_CURVE('',#3403,(#3407,#3414),.PCURVE_S1.);
#3403 = LINE('',#3404,#3405);
#3404 = CARTESIAN_POINT('',(16.25,38.,-0.5));
#3405 = VECTOR('',#3406,1.);
#3406 = DIRECTION('',(1.,0.,0.));
#3407 = PCURVE('',#2710,#3408);
#3408 = DEFINITIONAL_REPRESENTATION('',(#3409),#3413);
#3409 = LINE('',#3410,#3411);
#3410 = CARTESIAN_POINT('',(-16.25,-28.6087297386));
#3411 = VECTOR('',#3412,1.);
#3412 = DIRECTION('',(1.,0.));
#3413 = ( GEOMETRIC_REPRESENTATION_CONTEXT(2) 
PARAMETRIC_REPRESENTATION_CONTEXT() REPRESENTATION_CONTEXT('2D SPACE',''
  ) );
#3414 = PCURVE('',#3415,#3420);
#3415 = PLANE('',#3416);
#3416 = AXIS2_PLACEMENT_3D('',#3417,#3418,#3419);
#3417 = CARTESIAN_POINT('',(16.25,38.,-0.5));
#3418 = DIRECTION('',(0.,-0.707106781187,-0.707106781187));
#3419 = DIRECTION('',(0.,-0.707106781187,0.707106781187));
#3420 = DEFINITIONAL_REPRESENTATION('',(#3421),#3425);
#3421 = LINE('',#3422,#3423);
#3422 = CARTESIAN_POINT('',(0.,0.));
#3423 = VECTOR('',#3424,1.);
#3424 = DIRECTION('',(0.,-1.));
#3425 = ( GEOMETRIC_REPRESENTATION_CONTEXT(2) 
PARAMETRIC_REPRESENTATION_CONTEXT() REPRESENTATION_CONTEXT('2D SPACE',''
  ) );
#3426 = ORIENTED_EDGE('',*,*,#3427,.T.);
#3427 = EDGE_CURVE('',#3400,#3428,#3430,.T.);
#3428 = VERTEX_POINT('',#3429);
#3429 = CARTESIAN_POINT('',(48.75,38.,-8.));
#3430 = SURFACE_CURVE('',#3431,(#3435,#3442),.PCURVE_S1.);
#3431 = LINE('',#3432,#3433);
#3432 = CARTESIAN_POINT('',(48.75,38.,-0.5));
#3433 = VECTOR('',#3434,1.);
#3434 = DIRECTION('',(0.,6.123233995737E-17,-1.));
#3435 = PCURVE('',#2710,#3436);
#3436 = DEFINITIONAL_REPRESENTATION('',(#3437),#3441);
#3437 = LINE('',#3438,#3439);
#3438 = CARTESIAN_POINT('',(16.25,-28.6087297386));
#3439 = VECTOR('',#3440,1.);
#3440 = DIRECTION('',(0.,1.));
#3441 = ( GEOMETRIC_REPRESENTATION_CONTEXT(2) 
PARAMETRIC_REPRESENTATION_CONTEXT() REPRESENTATION_CONTEXT('2D SPACE',''
  ) );
#3442 = PCURVE('',#3137,#3443);
#3443 = DEFINITIONAL_REPRESENTATION('',(#3444),#3448);
#3444 = LINE('',#3445,#3446);
#3445 = CARTESIAN_POINT('',(0.,-6.));
#3446 = VECTOR('',#3447,1.);
#3447 = DIRECTION('',(1.,0.));
#3448 = ( GEOMETRIC_REPRESENTATION_CONTEXT(2) 
PARAMETRIC_REPRESENTATION_CONTEXT() REPRESENTATION_CONTEXT('2D SPACE',''
  ) );
#3449 = ORIENTED_EDGE('',*,*,#3450,.T.);
#3450 = EDGE_CURVE('',#3428,#2860,#3451,.T.);
#3451 = SURFACE_CURVE('',#3452,(#3456,#3463),.PCURVE_S1.);
#3452 = LINE('',#3453,#3454);
#3453 = CARTESIAN_POINT('',(48.75,38.,-8.));
#3454 = VECTOR('',#3455,1.);
#3455 = DIRECTION('',(0.707106781187,4.329780281177E-17,-0.707106781187)
  );
#3456 = PCURVE('',#2710,#3457);
#3457 = DEFINITIONAL_REPRESENTATION('',(#3458),#3462);
#3458 = LINE('',#3459,#3460);
#3459 = CARTESIAN_POINT('',(16.25,-21.1087297386));
#3460 = VECTOR('',#3461,1.);
#3461 = DIRECTION('',(0.707106781187,0.707106781187));
#3462 = ( GEOMETRIC_REPRESENTATION_CONTEXT(2) 
PARAMETRIC_REPRESENTATION_CONTEXT() REPRESENTATION_CONTEXT('2D SPACE',''
  ) );
#3463 = PCURVE('',#2898,#3464);
#3464 = DEFINITIONAL_REPRESENTATION('',(#3465),#3469);
#3465 = LINE('',#3466,#3467);
#3466 = CARTESIAN_POINT('',(0.,-6.));
#3467 = VECTOR('',#3468,1.);
#3468 = DIRECTION('',(1.,0.));
#3469 = ( GEOMETRIC_REPRESENTATION_CONTEXT(2) 
PARAMETRIC_REPRESENTATION_CONTEXT() REPRESENTATION_CONTEXT('2D SPACE',''
  ) );
#3470 = ORIENTED_EDGE('',*,*,#2859,.T.);
#3471 = ORIENTED_EDGE('',*,*,#2987,.T.);
#3472 = ORIENTED_EDGE('',*,*,#2694,.T.);
#3473 = ORIENTED_EDGE('',*,*,#3254,.T.);
#3474 = ORIENTED_EDGE('',*,*,#3475,.T.);
#3475 = EDGE_CURVE('',#3255,#3303,#3476,.T.);
#3476 = SURFACE_CURVE('',#3477,(#3481,#3488),.PCURVE_S1.);
#3477 = LINE('',#3478,#3479);
#3478 = CARTESIAN_POINT('',(15.75,38.,-43.5));
#3479 = VECTOR('',#3480,1.);
#3480 = DIRECTION('',(0.,6.123233995737E-17,-1.));
#3481 = PCURVE('',#2710,#3482);
#3482 = DEFINITIONAL_REPRESENTATION('',(#3483),#3487);
#3483 = LINE('',#3484,#3485);
#3484 = CARTESIAN_POINT('',(-16.75,14.391270261393));
#3485 = VECTOR('',#3486,1.);
#3486 = DIRECTION('',(0.,1.));
#3487 = ( GEOMETRIC_REPRESENTATION_CONTEXT(2) 
PARAMETRIC_REPRESENTATION_CONTEXT() REPRESENTATION_CONTEXT('2D SPACE',''
  ) );
#3488 = PCURVE('',#3212,#3489);
#3489 = DEFINITIONAL_REPRESENTATION('',(#3490),#3494);
#3490 = LINE('',#3491,#3492);
#3491 = CARTESIAN_POINT('',(-0.5,7.5));
#3492 = VECTOR('',#3493,1.);
#3493 = DIRECTION('',(0.,-1.));
#3494 = ( GEOMETRIC_REPRESENTATION_CONTEXT(2) 
PARAMETRIC_REPRESENTATION_CONTEXT() REPRESENTATION_CONTEXT('2D SPACE',''
  ) );
#3495 = ADVANCED_FACE('',(#3496),#2818,.F.);
#3496 = FACE_BOUND('',#3497,.F.);
#3497 = EDGE_LOOP('',(#3498,#3521,#3522));
#3498 = ORIENTED_EDGE('',*,*,#3499,.T.);
#3499 = EDGE_CURVE('',#2802,#3500,#3502,.T.);
#3500 = VERTEX_POINT('',#3501);
#3501 = CARTESIAN_POINT('',(52.815685424949,38.5,-51.));
#3502 = SEAM_CURVE('',#3503,(#3507,#3514),.PCURVE_S1.);
#3503 = LINE('',#3504,#3505);
#3504 = CARTESIAN_POINT('',(48.75,42.565685424949,-51.));
#3505 = VECTOR('',#3506,1.);
#3506 = DIRECTION('',(0.707106781187,-0.707106781187,1.298934084353E-16)
  );
#3507 = PCURVE('',#2818,#3508);
#3508 = DEFINITIONAL_REPRESENTATION('',(#3509),#3513);
#3509 = LINE('',#3510,#3511);
#3510 = CARTESIAN_POINT('',(-6.28318530718,0.));
#3511 = VECTOR('',#3512,1.);
#3512 = DIRECTION('',(-0.,-1.));
#3513 = ( GEOMETRIC_REPRESENTATION_CONTEXT(2) 
PARAMETRIC_REPRESENTATION_CONTEXT() REPRESENTATION_CONTEXT('2D SPACE',''
  ) );
#3514 = PCURVE('',#2818,#3515);
#3515 = DEFINITIONAL_REPRESENTATION('',(#3516),#3520);
#3516 = LINE('',#3517,#3518);
#3517 = CARTESIAN_POINT('',(0.,-0.));
#3518 = VECTOR('',#3519,1.);
#3519 = DIRECTION('',(-0.,-1.));
#3520 = ( GEOMETRIC_REPRESENTATION_CONTEXT(2) 
PARAMETRIC_REPRESENTATION_CONTEXT() REPRESENTATION_CONTEXT('2D SPACE',''
  ) );
#3521 = ORIENTED_EDGE('',*,*,#3499,.F.);
#3522 = ORIENTED_EDGE('',*,*,#2801,.T.);
#3523 = ADVANCED_FACE('',(#3524),#2898,.F.);
#3524 = FACE_BOUND('',#3525,.F.);
#3525 = EDGE_LOOP('',(#3526,#3547,#3548,#3549));
#3526 = ORIENTED_EDGE('',*,*,#3527,.T.);
#3527 = EDGE_CURVE('',#3122,#3428,#3528,.T.);
#3528 = SURFACE_CURVE('',#3529,(#3533,#3540),.PCURVE_S1.);
#3529 = LINE('',#3530,#3531);
#3530 = CARTESIAN_POINT('',(48.75,32.,-8.));
#3531 = VECTOR('',#3532,1.);
#3532 = DIRECTION('',(0.,1.,6.123233995737E-17));
#3533 = PCURVE('',#2898,#3534);
#3534 = DEFINITIONAL_REPRESENTATION('',(#3535),#3539);
#3535 = LINE('',#3536,#3537);
#3536 = CARTESIAN_POINT('',(0.,0.));
#3537 = VECTOR('',#3538,1.);
#3538 = DIRECTION('',(0.,-1.));
#3539 = ( GEOMETRIC_REPRESENTATION_CONTEXT(2) 
PARAMETRIC_REPRESENTATION_CONTEXT() REPRESENTATION_CONTEXT('2D SPACE',''
  ) );
#3540 = PCURVE('',#3137,#3541);
#3541 = DEFINITIONAL_REPRESENTATION('',(#3542),#3546);
#3542 = LINE('',#3543,#3544);
#3543 = CARTESIAN_POINT('',(7.5,0.));
#3544 = VECTOR('',#3545,1.);
#3545 = DIRECTION('',(0.,-1.));
#3546 = ( GEOMETRIC_REPRESENTATION_CONTEXT(2) 
PARAMETRIC_REPRESENTATION_CONTEXT() REPRESENTATION_CONTEXT('2D SPACE',''
  ) );
#3547 = ORIENTED_EDGE('',*,*,#3450,.T.);
#3548 = ORIENTED_EDGE('',*,*,#2882,.F.);
#3549 = ORIENTED_EDGE('',*,*,#3149,.F.);
#3550 = ADVANCED_FACE('',(#3551),#3027,.F.);
#3551 = FACE_BOUND('',#3552,.F.);
#3552 = EDGE_LOOP('',(#3553,#3583,#3611,#3639,#3660,#3661,#3682,#3683));
#3553 = ORIENTED_EDGE('',*,*,#3554,.T.);
#3554 = EDGE_CURVE('',#3555,#3557,#3559,.T.);
#3555 = VERTEX_POINT('',#3556);
#3556 = CARTESIAN_POINT('',(0.,37.,-56.));
#3557 = VERTEX_POINT('',#3558);
#3558 = CARTESIAN_POINT('',(0.,40.,-56.));
#3559 = SURFACE_CURVE('',#3560,(#3564,#3571),.PCURVE_S1.);
#3560 = LINE('',#3561,#3562);
#3561 = CARTESIAN_POINT('',(0.,37.,-56.));
#3562 = VECTOR('',#3563,1.);
#3563 = DIRECTION('',(0.,1.,6.123233995737E-17));
#3564 = PCURVE('',#3027,#3565);
#3565 = DEFINITIONAL_REPRESENTATION('',(#3566),#3570);
#3566 = LINE('',#3567,#3568);
#3567 = CARTESIAN_POINT('',(-1.5,-5.));
#3568 = VECTOR('',#3569,1.);
#3569 = DIRECTION('',(1.,0.));
#3570 = ( GEOMETRIC_REPRESENTATION_CONTEXT(2) 
PARAMETRIC_REPRESENTATION_CONTEXT() REPRESENTATION_CONTEXT('2D SPACE',''
  ) );
#3571 = PCURVE('',#3572,#3577);
#3572 = PLANE('',#3573);
#3573 = AXIS2_PLACEMENT_3D('',#3574,#3575,#3576);
#3574 = CARTESIAN_POINT('',(0.,37.,-56.));
#3575 = DIRECTION('',(0.,-6.123233995737E-17,1.));
#3576 = DIRECTION('',(0.,1.,6.123233995737E-17));
#3577 = DEFINITIONAL_REPRESENTATION('',(#3578),#3582);
#3578 = LINE('',#3579,#3580);
#3579 = CARTESIAN_POINT('',(0.,0.));
#3580 = VECTOR('',#3581,1.);
#3581 = DIRECTION('',(1.,0.));
#3582 = ( GEOMETRIC_REPRESENTATION_CONTEXT(2) 
PARAMETRIC_REPRESENTATION_CONTEXT() REPRESENTATION_CONTEXT('2D SPACE',''
  ) );
#3583 = ORIENTED_EDGE('',*,*,#3584,.T.);
#3584 = EDGE_CURVE('',#3557,#3585,#3587,.T.);
#3585 = VERTEX_POINT('',#3586);
#3586 = CARTESIAN_POINT('',(0.,45.,-51.));
#3587 = SURFACE_CURVE('',#3588,(#3592,#3599),.PCURVE_S1.);
#3588 = LINE('',#3589,#3590);
#3589 = CARTESIAN_POINT('',(0.,40.,-56.));
#3590 = VECTOR('',#3591,1.);
#3591 = DIRECTION('',(0.,0.707106781187,0.707106781187));
#3592 = PCURVE('',#3027,#3593);
#3593 = DEFINITIONAL_REPRESENTATION('',(#3594),#3598);
#3594 = LINE('',#3595,#3596);
#3595 = CARTESIAN_POINT('',(1.5,-5.));
#3596 = VECTOR('',#3597,1.);
#3597 = DIRECTION('',(0.707106781187,0.707106781187));
#3598 = ( GEOMETRIC_REPRESENTATION_CONTEXT(2) 
PARAMETRIC_REPRESENTATION_CONTEXT() REPRESENTATION_CONTEXT('2D SPACE',''
  ) );
#3599 = PCURVE('',#3600,#3605);
#3600 = PLANE('',#3601);
#3601 = AXIS2_PLACEMENT_3D('',#3602,#3603,#3604);
#3602 = CARTESIAN_POINT('',(0.,40.,-56.));
#3603 = DIRECTION('',(0.,-0.707106781187,0.707106781187));
#3604 = DIRECTION('',(0.,0.707106781187,0.707106781187));
#3605 = DEFINITIONAL_REPRESENTATION('',(#3606),#3610);
#3606 = LINE('',#3607,#3608);
#3607 = CARTESIAN_POINT('',(0.,0.));
#3608 = VECTOR('',#3609,1.);
#3609 = DIRECTION('',(1.,0.));
#3610 = ( GEOMETRIC_REPRESENTATION_CONTEXT(2) 
PARAMETRIC_REPRESENTATION_CONTEXT() REPRESENTATION_CONTEXT('2D SPACE',''
  ) );
#3611 = ORIENTED_EDGE('',*,*,#3612,.T.);
#3612 = EDGE_CURVE('',#3585,#3613,#3615,.T.);
#3613 = VERTEX_POINT('',#3614);
#3614 = CARTESIAN_POINT('',(0.,40.,-46.));
#3615 = SURFACE_CURVE('',#3616,(#3620,#3627),.PCURVE_S1.);
#3616 = LINE('',#3617,#3618);
#3617 = CARTESIAN_POINT('',(0.,45.,-51.));
#3618 = VECTOR('',#3619,1.);
#3619 = DIRECTION('',(0.,-0.707106781187,0.707106781187));
#3620 = PCURVE('',#3027,#3621);
#3621 = DEFINITIONAL_REPRESENTATION('',(#3622),#3626);
#3622 = LINE('',#3623,#3624);
#3623 = CARTESIAN_POINT('',(6.5,0.));
#3624 = VECTOR('',#3625,1.);
#3625 = DIRECTION('',(-0.707106781187,0.707106781187));
#3626 = ( GEOMETRIC_REPRESENTATION_CONTEXT(2) 
PARAMETRIC_REPRESENTATION_CONTEXT() REPRESENTATION_CONTEXT('2D SPACE',''
  ) );
#3627 = PCURVE('',#3628,#3633);
#3628 = PLANE('',#3629);
#3629 = AXIS2_PLACEMENT_3D('',#3630,#3631,#3632);
#3630 = CARTESIAN_POINT('',(0.,45.,-51.));
#3631 = DIRECTION('',(0.,-0.707106781187,-0.707106781187));
#3632 = DIRECTION('',(0.,-0.707106781187,0.707106781187));
#3633 = DEFINITIONAL_REPRESENTATION('',(#3634),#3638);
#3634 = LINE('',#3635,#3636);
#3635 = CARTESIAN_POINT('',(0.,0.));
#3636 = VECTOR('',#3637,1.);
#3637 = DIRECTION('',(1.,0.));
#3638 = ( GEOMETRIC_REPRESENTATION_CONTEXT(2) 
PARAMETRIC_REPRESENTATION_CONTEXT() REPRESENTATION_CONTEXT('2D SPACE',''
  ) );
#3639 = ORIENTED_EDGE('',*,*,#3640,.T.);
#3640 = EDGE_CURVE('',#3613,#3305,#3641,.T.);
#3641 = SURFACE_CURVE('',#3642,(#3646,#3653),.PCURVE_S1.);
#3642 = LINE('',#3643,#3644);
#3643 = CARTESIAN_POINT('',(0.,40.,-46.));
#3644 = VECTOR('',#3645,1.);
#3645 = DIRECTION('',(0.,-1.,-6.123233995737E-17));
#3646 = PCURVE('',#3027,#3647);
#3647 = DEFINITIONAL_REPRESENTATION('',(#3648),#3652);
#3648 = LINE('',#3649,#3650);
#3649 = CARTESIAN_POINT('',(1.5,5.));
#3650 = VECTOR('',#3651,1.);
#3651 = DIRECTION('',(-1.,0.));
#3652 = ( GEOMETRIC_REPRESENTATION_CONTEXT(2) 
PARAMETRIC_REPRESENTATION_CONTEXT() REPRESENTATION_CONTEXT('2D SPACE',''
  ) );
#3653 = PCURVE('',#3319,#3654);
#3654 = DEFINITIONAL_REPRESENTATION('',(#3655),#3659);
#3655 = LINE('',#3656,#3657);
#3656 = CARTESIAN_POINT('',(0.,0.));
#3657 = VECTOR('',#3658,1.);
#3658 = DIRECTION('',(1.,0.));
#3659 = ( GEOMETRIC_REPRESENTATION_CONTEXT(2) 
PARAMETRIC_REPRESENTATION_CONTEXT() REPRESENTATION_CONTEXT('2D SPACE',''
  ) );
#3660 = ORIENTED_EDGE('',*,*,#3330,.T.);
#3661 = ORIENTED_EDGE('',*,*,#3662,.F.);
#3662 = EDGE_CURVE('',#3012,#3331,#3663,.T.);
#3663 = SURFACE_CURVE('',#3664,(#3668,#3675),.PCURVE_S1.);
#3664 = LINE('',#3665,#3666);
#3665 = CARTESIAN_POINT('',(0.,32.,-24.25));
#3666 = VECTOR('',#3667,1.);
#3667 = DIRECTION('',(0.,1.,6.123233995737E-17));
#3668 = PCURVE('',#3027,#3669);
#3669 = DEFINITIONAL_REPRESENTATION('',(#3670),#3674);
#3670 = LINE('',#3671,#3672);
#3671 = CARTESIAN_POINT('',(-6.5,26.75));
#3672 = VECTOR('',#3673,1.);
#3673 = DIRECTION('',(1.,0.));
#3674 = ( GEOMETRIC_REPRESENTATION_CONTEXT(2) 
PARAMETRIC_REPRESENTATION_CONTEXT() REPRESENTATION_CONTEXT('2D SPACE',''
  ) );
#3675 = PCURVE('',#3055,#3676);
#3676 = DEFINITIONAL_REPRESENTATION('',(#3677),#3681);
#3677 = LINE('',#3678,#3679);
#3678 = CARTESIAN_POINT('',(0.,0.));
#3679 = VECTOR('',#3680,1.);
#3680 = DIRECTION('',(0.,-1.));
#3681 = ( GEOMETRIC_REPRESENTATION_CONTEXT(2) 
PARAMETRIC_REPRESENTATION_CONTEXT() REPRESENTATION_CONTEXT('2D SPACE',''
  ) );
#3682 = ORIENTED_EDGE('',*,*,#3009,.F.);
#3683 = ORIENTED_EDGE('',*,*,#3684,.T.);
#3684 = EDGE_CURVE('',#3010,#3555,#3685,.T.);
#3685 = SURFACE_CURVE('',#3686,(#3690,#3697),.PCURVE_S1.);
#3686 = LINE('',#3687,#3688);
#3687 = CARTESIAN_POINT('',(0.,32.,-51.));
#3688 = VECTOR('',#3689,1.);
#3689 = DIRECTION('',(0.,0.707106781187,-0.707106781187));
#3690 = PCURVE('',#3027,#3691);
#3691 = DEFINITIONAL_REPRESENTATION('',(#3692),#3696);
#3692 = LINE('',#3693,#3694);
#3693 = CARTESIAN_POINT('',(-6.5,0.));
#3694 = VECTOR('',#3695,1.);
#3695 = DIRECTION('',(0.707106781187,-0.707106781187));
#3696 = ( GEOMETRIC_REPRESENTATION_CONTEXT(2) 
PARAMETRIC_REPRESENTATION_CONTEXT() REPRESENTATION_CONTEXT('2D SPACE',''
  ) );
#3697 = PCURVE('',#3238,#3698);
#3698 = DEFINITIONAL_REPRESENTATION('',(#3699),#3703);
#3699 = LINE('',#3700,#3701);
#3700 = CARTESIAN_POINT('',(0.,0.));
#3701 = VECTOR('',#3702,1.);
#3702 = DIRECTION('',(1.,0.));
#3703 = ( GEOMETRIC_REPRESENTATION_CONTEXT(2) 
PARAMETRIC_REPRESENTATION_CONTEXT() REPRESENTATION_CONTEXT('2D SPACE',''
  ) );
#3704 = ADVANCED_FACE('',(#3705),#3238,.F.);
#3705 = FACE_BOUND('',#3706,.F.);
#3706 = EDGE_LOOP('',(#3707,#3708,#3731,#3752));
#3707 = ORIENTED_EDGE('',*,*,#3224,.F.);
#3708 = ORIENTED_EDGE('',*,*,#3709,.T.);
#3709 = EDGE_CURVE('',#3197,#3710,#3712,.T.);
#3710 = VERTEX_POINT('',#3711);
#3711 = CARTESIAN_POINT('',(15.75,37.,-56.));
#3712 = SURFACE_CURVE('',#3713,(#3717,#3724),.PCURVE_S1.);
#3713 = LINE('',#3714,#3715);
#3714 = CARTESIAN_POINT('',(15.75,32.,-51.));
#3715 = VECTOR('',#3716,1.);
#3716 = DIRECTION('',(0.,0.707106781187,-0.707106781187));
#3717 = PCURVE('',#3238,#3718);
#3718 = DEFINITIONAL_REPRESENTATION('',(#3719),#3723);
#3719 = LINE('',#3720,#3721);
#3720 = CARTESIAN_POINT('',(0.,-15.75));
#3721 = VECTOR('',#3722,1.);
#3722 = DIRECTION('',(1.,0.));
#3723 = ( GEOMETRIC_REPRESENTATION_CONTEXT(2) 
PARAMETRIC_REPRESENTATION_CONTEXT() REPRESENTATION_CONTEXT('2D SPACE',''
  ) );
#3724 = PCURVE('',#3212,#3725);
#3725 = DEFINITIONAL_REPRESENTATION('',(#3726),#3730);
#3726 = LINE('',#3727,#3728);
#3727 = CARTESIAN_POINT('',(-6.5,0.));
#3728 = VECTOR('',#3729,1.);
#3729 = DIRECTION('',(0.707106781187,-0.707106781187));
#3730 = ( GEOMETRIC_REPRESENTATION_CONTEXT(2) 
PARAMETRIC_REPRESENTATION_CONTEXT() REPRESENTATION_CONTEXT('2D SPACE',''
  ) );
#3731 = ORIENTED_EDGE('',*,*,#3732,.F.);
#3732 = EDGE_CURVE('',#3555,#3710,#3733,.T.);
#3733 = SURFACE_CURVE('',#3734,(#3738,#3745),.PCURVE_S1.);
#3734 = LINE('',#3735,#3736);
#3735 = CARTESIAN_POINT('',(0.,37.,-56.));
#3736 = VECTOR('',#3737,1.);
#3737 = DIRECTION('',(1.,0.,0.));
#3738 = PCURVE('',#3238,#3739);
#3739 = DEFINITIONAL_REPRESENTATION('',(#3740),#3744);
#3740 = LINE('',#3741,#3742);
#3741 = CARTESIAN_POINT('',(7.071067811865,0.));
#3742 = VECTOR('',#3743,1.);
#3743 = DIRECTION('',(0.,-1.));
#3744 = ( GEOMETRIC_REPRESENTATION_CONTEXT(2) 
PARAMETRIC_REPRESENTATION_CONTEXT() REPRESENTATION_CONTEXT('2D SPACE',''
  ) );
#3745 = PCURVE('',#3572,#3746);
#3746 = DEFINITIONAL_REPRESENTATION('',(#3747),#3751);
#3747 = LINE('',#3748,#3749);
#3748 = CARTESIAN_POINT('',(0.,0.));
#3749 = VECTOR('',#3750,1.);
#3750 = DIRECTION('',(0.,-1.));
#3751 = ( GEOMETRIC_REPRESENTATION_CONTEXT(2) 
PARAMETRIC_REPRESENTATION_CONTEXT() REPRESENTATION_CONTEXT('2D SPACE',''
  ) );
#3752 = ORIENTED_EDGE('',*,*,#3684,.F.);
#3753 = ADVANCED_FACE('',(#3754,#3850),#3212,.T.);
#3754 = FACE_BOUND('',#3755,.T.);
#3755 = EDGE_LOOP('',(#3756,#3779,#3802,#3825,#3846,#3847,#3848,#3849));
#3756 = ORIENTED_EDGE('',*,*,#3757,.T.);
#3757 = EDGE_CURVE('',#3710,#3758,#3760,.T.);
#3758 = VERTEX_POINT('',#3759);
#3759 = CARTESIAN_POINT('',(15.75,40.,-56.));
#3760 = SURFACE_CURVE('',#3761,(#3765,#3772),.PCURVE_S1.);
#3761 = LINE('',#3762,#3763);
#3762 = CARTESIAN_POINT('',(15.75,37.,-56.));
#3763 = VECTOR('',#3764,1.);
#3764 = DIRECTION('',(0.,1.,6.123233995737E-17));
#3765 = PCURVE('',#3212,#3766);
#3766 = DEFINITIONAL_REPRESENTATION('',(#3767),#3771);
#3767 = LINE('',#3768,#3769);
#3768 = CARTESIAN_POINT('',(-1.5,-5.));
#3769 = VECTOR('',#3770,1.);
#3770 = DIRECTION('',(1.,0.));
#3771 = ( GEOMETRIC_REPRESENTATION_CONTEXT(2) 
PARAMETRIC_REPRESENTATION_CONTEXT() REPRESENTATION_CONTEXT('2D SPACE',''
  ) );
#3772 = PCURVE('',#3572,#3773);
#3773 = DEFINITIONAL_REPRESENTATION('',(#3774),#3778);
#3774 = LINE('',#3775,#3776);
#3775 = CARTESIAN_POINT('',(0.,-15.75));
#3776 = VECTOR('',#3777,1.);
#3777 = DIRECTION('',(1.,0.));
#3778 = ( GEOMETRIC_REPRESENTATION_CONTEXT(2) 
PARAMETRIC_REPRESENTATION_CONTEXT() REPRESENTATION_CONTEXT('2D SPACE',''
  ) );
#3779 = ORIENTED_EDGE('',*,*,#3780,.T.);
#3780 = EDGE_CURVE('',#3758,#3781,#3783,.T.);
#3781 = VERTEX_POINT('',#3782);
#3782 = CARTESIAN_POINT('',(15.75,45.,-51.));
#3783 = SURFACE_CURVE('',#3784,(#3788,#3795),.PCURVE_S1.);
#3784 = LINE('',#3785,#3786);
#3785 = CARTESIAN_POINT('',(15.75,40.,-56.));
#3786 = VECTOR('',#3787,1.);
#3787 = DIRECTION('',(0.,0.707106781187,0.707106781187));
#3788 = PCURVE('',#3212,#3789);
#3789 = DEFINITIONAL_REPRESENTATION('',(#3790),#3794);
#3790 = LINE('',#3791,#3792);
#3791 = CARTESIAN_POINT('',(1.5,-5.));
#3792 = VECTOR('',#3793,1.);
#3793 = DIRECTION('',(0.707106781187,0.707106781187));
#3794 = ( GEOMETRIC_REPRESENTATION_CONTEXT(2) 
PARAMETRIC_REPRESENTATION_CONTEXT() REPRESENTATION_CONTEXT('2D SPACE',''
  ) );
#3795 = PCURVE('',#3600,#3796);
#3796 = DEFINITIONAL_REPRESENTATION('',(#3797),#3801);
#3797 = LINE('',#3798,#3799);
#3798 = CARTESIAN_POINT('',(0.,-15.75));
#3799 = VECTOR('',#3800,1.);
#3800 = DIRECTION('',(1.,0.));
#3801 = ( GEOMETRIC_REPRESENTATION_CONTEXT(2) 
PARAMETRIC_REPRESENTATION_CONTEXT() REPRESENTATION_CONTEXT('2D SPACE',''
  ) );
#3802 = ORIENTED_EDGE('',*,*,#3803,.T.);
#3803 = EDGE_CURVE('',#3781,#3804,#3806,.T.);
#3804 = VERTEX_POINT('',#3805);
#3805 = CARTESIAN_POINT('',(15.75,40.,-46.));
#3806 = SURFACE_CURVE('',#3807,(#3811,#3818),.PCURVE_S1.);
#3807 = LINE('',#3808,#3809);
#3808 = CARTESIAN_POINT('',(15.75,45.,-51.));
#3809 = VECTOR('',#3810,1.);
#3810 = DIRECTION('',(0.,-0.707106781187,0.707106781187));
#3811 = PCURVE('',#3212,#3812);
#3812 = DEFINITIONAL_REPRESENTATION('',(#3813),#3817);
#3813 = LINE('',#3814,#3815);
#3814 = CARTESIAN_POINT('',(6.5,0.));
#3815 = VECTOR('',#3816,1.);
#3816 = DIRECTION('',(-0.707106781187,0.707106781187));
#3817 = ( GEOMETRIC_REPRESENTATION_CONTEXT(2) 
PARAMETRIC_REPRESENTATION_CONTEXT() REPRESENTATION_CONTEXT('2D SPACE',''
  ) );
#3818 = PCURVE('',#3628,#3819);
#3819 = DEFINITIONAL_REPRESENTATION('',(#3820),#3824);
#3820 = LINE('',#3821,#3822);
#3821 = CARTESIAN_POINT('',(0.,-15.75));
#3822 = VECTOR('',#3823,1.);
#3823 = DIRECTION('',(1.,0.));
#3824 = ( GEOMETRIC_REPRESENTATION_CONTEXT(2) 
PARAMETRIC_REPRESENTATION_CONTEXT() REPRESENTATION_CONTEXT('2D SPACE',''
  ) );
#3825 = ORIENTED_EDGE('',*,*,#3826,.T.);
#3826 = EDGE_CURVE('',#3804,#3303,#3827,.T.);
#3827 = SURFACE_CURVE('',#3828,(#3832,#3839),.PCURVE_S1.);
#3828 = LINE('',#3829,#3830);
#3829 = CARTESIAN_POINT('',(15.75,40.,-46.));
#3830 = VECTOR('',#3831,1.);
#3831 = DIRECTION('',(0.,-1.,-6.123233995737E-17));
#3832 = PCURVE('',#3212,#3833);
#3833 = DEFINITIONAL_REPRESENTATION('',(#3834),#3838);
#3834 = LINE('',#3835,#3836);
#3835 = CARTESIAN_POINT('',(1.5,5.));
#3836 = VECTOR('',#3837,1.);
#3837 = DIRECTION('',(-1.,0.));
#3838 = ( GEOMETRIC_REPRESENTATION_CONTEXT(2) 
PARAMETRIC_REPRESENTATION_CONTEXT() REPRESENTATION_CONTEXT('2D SPACE',''
  ) );
#3839 = PCURVE('',#3319,#3840);
#3840 = DEFINITIONAL_REPRESENTATION('',(#3841),#3845);
#3841 = LINE('',#3842,#3843);
#3842 = CARTESIAN_POINT('',(0.,-15.75));
#3843 = VECTOR('',#3844,1.);
#3844 = DIRECTION('',(1.,0.));
#3845 = ( GEOMETRIC_REPRESENTATION_CONTEXT(2) 
PARAMETRIC_REPRESENTATION_CONTEXT() REPRESENTATION_CONTEXT('2D SPACE',''
  ) );
#3846 = ORIENTED_EDGE('',*,*,#3475,.F.);
#3847 = ORIENTED_EDGE('',*,*,#3277,.F.);
#3848 = ORIENTED_EDGE('',*,*,#3196,.T.);
#3849 = ORIENTED_EDGE('',*,*,#3709,.T.);
#3850 = FACE_BOUND('',#3851,.T.);
#3851 = EDGE_LOOP('',(#3852));
#3852 = ORIENTED_EDGE('',*,*,#3853,.T.);
#3853 = EDGE_CURVE('',#3854,#3854,#3856,.T.);
#3854 = VERTEX_POINT('',#3855);
#3855 = CARTESIAN_POINT('',(15.75,34.934314575051,-51.));
#3856 = SURFACE_CURVE('',#3857,(#3862,#3873),.PCURVE_S1.);
#3857 = CIRCLE('',#3858,3.565685424949);
#3858 = AXIS2_PLACEMENT_3D('',#3859,#3860,#3861);
#3859 = CARTESIAN_POINT('',(15.75,38.5,-51.));
#3860 = DIRECTION('',(-1.,0.,-0.));
#3861 = DIRECTION('',(0.,-1.,-6.123233995737E-17));
#3862 = PCURVE('',#3212,#3863);
#3863 = DEFINITIONAL_REPRESENTATION('',(#3864),#3872);
#3864 = ( BOUNDED_CURVE() B_SPLINE_CURVE(2,(#3865,#3866,#3867,#3868,
#3869,#3870,#3871),.UNSPECIFIED.,.T.,.F.) B_SPLINE_CURVE_WITH_KNOTS((1,2
    ,2,2,2,1),(-2.094395102393,0.,2.094395102393,4.188790204786,
6.28318530718,8.377580409573),.UNSPECIFIED.) CURVE() 
GEOMETRIC_REPRESENTATION_ITEM() RATIONAL_B_SPLINE_CURVE((1.,0.5,1.,0.5,
1.,0.5,1.)) REPRESENTATION_ITEM('') );
#3865 = CARTESIAN_POINT('',(-3.565685424949,0.));
#3866 = CARTESIAN_POINT('',(-3.565685424949,6.17594831982));
#3867 = CARTESIAN_POINT('',(1.782842712475,3.08797415991));
#3868 = CARTESIAN_POINT('',(7.131370849898,8.733410484861E-16));
#3869 = CARTESIAN_POINT('',(1.782842712475,-3.08797415991));
#3870 = CARTESIAN_POINT('',(-3.565685424949,-6.17594831982));
#3871 = CARTESIAN_POINT('',(-3.565685424949,0.));
#3872 = ( GEOMETRIC_REPRESENTATION_CONTEXT(2) 
PARAMETRIC_REPRESENTATION_CONTEXT() REPRESENTATION_CONTEXT('2D SPACE',''
  ) );
#3873 = PCURVE('',#3874,#3879);
#3874 = CONICAL_SURFACE('',#3875,4.065685424949,0.785398163397);
#3875 = AXIS2_PLACEMENT_3D('',#3876,#3877,#3878);
#3876 = CARTESIAN_POINT('',(16.25,38.5,-51.));
#3877 = DIRECTION('',(1.,0.,0.));
#3878 = DIRECTION('',(0.,-1.,-6.123233995737E-17));
#3879 = DEFINITIONAL_REPRESENTATION('',(#3880),#3884);
#3880 = LINE('',#3881,#3882);
#3881 = CARTESIAN_POINT('',(-0.,-0.5));
#3882 = VECTOR('',#3883,1.);
#3883 = DIRECTION('',(-1.,-0.));
#3884 = ( GEOMETRIC_REPRESENTATION_CONTEXT(2) 
PARAMETRIC_REPRESENTATION_CONTEXT() REPRESENTATION_CONTEXT('2D SPACE',''
  ) );
#3885 = ADVANCED_FACE('',(#3886,#4019),#3137,.F.);
#3886 = FACE_BOUND('',#3887,.F.);
#3887 = EDGE_LOOP('',(#3888,#3889,#3912,#3940,#3968,#3996,#4017,#4018));
#3888 = ORIENTED_EDGE('',*,*,#3121,.F.);
#3889 = ORIENTED_EDGE('',*,*,#3890,.F.);
#3890 = EDGE_CURVE('',#3891,#3096,#3893,.T.);
#3891 = VERTEX_POINT('',#3892);
#3892 = CARTESIAN_POINT('',(48.75,30.,-5.5));
#3893 = SURFACE_CURVE('',#3894,(#3898,#3905),.PCURVE_S1.);
#3894 = LINE('',#3895,#3896);
#3895 = CARTESIAN_POINT('',(48.75,30.,-5.5));
#3896 = VECTOR('',#3897,1.);
#3897 = DIRECTION('',(0.,1.,6.123233995737E-17));
#3898 = PCURVE('',#3137,#3899);
#3899 = DEFINITIONAL_REPRESENTATION('',(#3900),#3904);
#3900 = LINE('',#3901,#3902);
#3901 = CARTESIAN_POINT('',(5.,2.));
#3902 = VECTOR('',#3903,1.);
#3903 = DIRECTION('',(0.,-1.));
#3904 = ( GEOMETRIC_REPRESENTATION_CONTEXT(2) 
PARAMETRIC_REPRESENTATION_CONTEXT() REPRESENTATION_CONTEXT('2D SPACE',''
  ) );
#3905 = PCURVE('',#3110,#3906);
#3906 = DEFINITIONAL_REPRESENTATION('',(#3907),#3911);
#3907 = LINE('',#3908,#3909);
#3908 = CARTESIAN_POINT('',(0.,-32.5));
#3909 = VECTOR('',#3910,1.);
#3910 = DIRECTION('',(1.,0.));
#3911 = ( GEOMETRIC_REPRESENTATION_CONTEXT(2) 
PARAMETRIC_REPRESENTATION_CONTEXT() REPRESENTATION_CONTEXT('2D SPACE',''
  ) );
#3912 = ORIENTED_EDGE('',*,*,#3913,.F.);
#3913 = EDGE_CURVE('',#3914,#3891,#3916,.T.);
#3914 = VERTEX_POINT('',#3915);
#3915 = CARTESIAN_POINT('',(48.75,25.,-0.5));
#3916 = SURFACE_CURVE('',#3917,(#3921,#3928),.PCURVE_S1.);
#3917 = LINE('',#3918,#3919);
#3918 = CARTESIAN_POINT('',(48.75,25.,-0.5));
#3919 = VECTOR('',#3920,1.);
#3920 = DIRECTION('',(0.,0.707106781187,-0.707106781187));
#3921 = PCURVE('',#3137,#3922);
#3922 = DEFINITIONAL_REPRESENTATION('',(#3923),#3927);
#3923 = LINE('',#3924,#3925);
#3924 = CARTESIAN_POINT('',(0.,7.));
#3925 = VECTOR('',#3926,1.);
#3926 = DIRECTION('',(0.707106781187,-0.707106781187));
#3927 = ( GEOMETRIC_REPRESENTATION_CONTEXT(2) 
PARAMETRIC_REPRESENTATION_CONTEXT() REPRESENTATION_CONTEXT('2D SPACE',''
  ) );
#3928 = PCURVE('',#3929,#3934);
#3929 = PLANE('',#3930);
#3930 = AXIS2_PLACEMENT_3D('',#3931,#3932,#3933);
#3931 = CARTESIAN_POINT('',(16.25,25.,-0.5));
#3932 = DIRECTION('',(0.,0.707106781187,0.707106781187));
#3933 = DIRECTION('',(0.,0.707106781187,-0.707106781187));
#3934 = DEFINITIONAL_REPRESENTATION('',(#3935),#3939);
#3935 = LINE('',#3936,#3937);
#3936 = CARTESIAN_POINT('',(0.,-32.5));
#3937 = VECTOR('',#3938,1.);
#3938 = DIRECTION('',(1.,0.));
#3939 = ( GEOMETRIC_REPRESENTATION_CONTEXT(2) 
PARAMETRIC_REPRESENTATION_CONTEXT() REPRESENTATION_CONTEXT('2D SPACE',''
  ) );
#3940 = ORIENTED_EDGE('',*,*,#3941,.F.);
#3941 = EDGE_CURVE('',#3942,#3914,#3944,.T.);
#3942 = VERTEX_POINT('',#3943);
#3943 = CARTESIAN_POINT('',(48.75,30.,4.5));
#3944 = SURFACE_CURVE('',#3945,(#3949,#3956),.PCURVE_S1.);
#3945 = LINE('',#3946,#3947);
#3946 = CARTESIAN_POINT('',(48.75,30.,4.5));
#3947 = VECTOR('',#3948,1.);
#3948 = DIRECTION('',(0.,-0.707106781187,-0.707106781187));
#3949 = PCURVE('',#3137,#3950);
#3950 = DEFINITIONAL_REPRESENTATION('',(#3951),#3955);
#3951 = LINE('',#3952,#3953);
#3952 = CARTESIAN_POINT('',(-5.,2.));
#3953 = VECTOR('',#3954,1.);
#3954 = DIRECTION('',(0.707106781187,0.707106781187));
#3955 = ( GEOMETRIC_REPRESENTATION_CONTEXT(2) 
PARAMETRIC_REPRESENTATION_CONTEXT() REPRESENTATION_CONTEXT('2D SPACE',''
  ) );
#3956 = PCURVE('',#3957,#3962);
#3957 = PLANE('',#3958);
#3958 = AXIS2_PLACEMENT_3D('',#3959,#3960,#3961);
#3959 = CARTESIAN_POINT('',(16.25,30.,4.5));
#3960 = DIRECTION('',(0.,0.707106781187,-0.707106781187));
#3961 = DIRECTION('',(0.,-0.707106781187,-0.707106781187));
#3962 = DEFINITIONAL_REPRESENTATION('',(#3963),#3967);
#3963 = LINE('',#3964,#3965);
#3964 = CARTESIAN_POINT('',(0.,-32.5));
#3965 = VECTOR('',#3966,1.);
#3966 = DIRECTION('',(1.,0.));
#3967 = ( GEOMETRIC_REPRESENTATION_CONTEXT(2) 
PARAMETRIC_REPRESENTATION_CONTEXT() REPRESENTATION_CONTEXT('2D SPACE',''
  ) );
#3968 = ORIENTED_EDGE('',*,*,#3969,.F.);
#3969 = EDGE_CURVE('',#3970,#3942,#3972,.T.);
#3970 = VERTEX_POINT('',#3971);
#3971 = CARTESIAN_POINT('',(48.75,33.,4.5));
#3972 = SURFACE_CURVE('',#3973,(#3977,#3984),.PCURVE_S1.);
#3973 = LINE('',#3974,#3975);
#3974 = CARTESIAN_POINT('',(48.75,33.,4.5));
#3975 = VECTOR('',#3976,1.);
#3976 = DIRECTION('',(0.,-1.,-6.123233995737E-17));
#3977 = PCURVE('',#3137,#3978);
#3978 = DEFINITIONAL_REPRESENTATION('',(#3979),#3983);
#3979 = LINE('',#3980,#3981);
#3980 = CARTESIAN_POINT('',(-5.,-1.));
#3981 = VECTOR('',#3982,1.);
#3982 = DIRECTION('',(0.,1.));
#3983 = ( GEOMETRIC_REPRESENTATION_CONTEXT(2) 
PARAMETRIC_REPRESENTATION_CONTEXT() REPRESENTATION_CONTEXT('2D SPACE',''
  ) );
#3984 = PCURVE('',#3985,#3990);
#3985 = PLANE('',#3986);
#3986 = AXIS2_PLACEMENT_3D('',#3987,#3988,#3989);
#3987 = CARTESIAN_POINT('',(16.25,33.,4.5));
#3988 = DIRECTION('',(0.,6.123233995737E-17,-1.));
#3989 = DIRECTION('',(0.,-1.,-6.123233995737E-17));
#3990 = DEFINITIONAL_REPRESENTATION('',(#3991),#3995);
#3991 = LINE('',#3992,#3993);
#3992 = CARTESIAN_POINT('',(0.,-32.5));
#3993 = VECTOR('',#3994,1.);
#3994 = DIRECTION('',(1.,0.));
#3995 = ( GEOMETRIC_REPRESENTATION_CONTEXT(2) 
PARAMETRIC_REPRESENTATION_CONTEXT() REPRESENTATION_CONTEXT('2D SPACE',''
  ) );
#3996 = ORIENTED_EDGE('',*,*,#3997,.F.);
#3997 = EDGE_CURVE('',#3400,#3970,#3998,.T.);
#3998 = SURFACE_CURVE('',#3999,(#4003,#4010),.PCURVE_S1.);
#3999 = LINE('',#4000,#4001);
#4000 = CARTESIAN_POINT('',(48.75,38.,-0.5));
#4001 = VECTOR('',#4002,1.);
#4002 = DIRECTION('',(0.,-0.707106781187,0.707106781187));
#4003 = PCURVE('',#3137,#4004);
#4004 = DEFINITIONAL_REPRESENTATION('',(#4005),#4009);
#4005 = LINE('',#4006,#4007);
#4006 = CARTESIAN_POINT('',(0.,-6.));
#4007 = VECTOR('',#4008,1.);
#4008 = DIRECTION('',(-0.707106781187,0.707106781187));
#4009 = ( GEOMETRIC_REPRESENTATION_CONTEXT(2) 
PARAMETRIC_REPRESENTATION_CONTEXT() REPRESENTATION_CONTEXT('2D SPACE',''
  ) );
#4010 = PCURVE('',#3415,#4011);
#4011 = DEFINITIONAL_REPRESENTATION('',(#4012),#4016);
#4012 = LINE('',#4013,#4014);
#4013 = CARTESIAN_POINT('',(0.,-32.5));
#4014 = VECTOR('',#4015,1.);
#4015 = DIRECTION('',(1.,0.));
#4016 = ( GEOMETRIC_REPRESENTATION_CONTEXT(2) 
PARAMETRIC_REPRESENTATION_CONTEXT() REPRESENTATION_CONTEXT('2D SPACE',''
  ) );
#4017 = ORIENTED_EDGE('',*,*,#3427,.T.);
#4018 = ORIENTED_EDGE('',*,*,#3527,.F.);
#4019 = FACE_BOUND('',#4020,.F.);
#4020 = EDGE_LOOP('',(#4021));
#4021 = ORIENTED_EDGE('',*,*,#4022,.T.);
#4022 = EDGE_CURVE('',#4023,#4023,#4025,.T.);
#4023 = VERTEX_POINT('',#4024);
#4024 = CARTESIAN_POINT('',(48.75,35.,-0.5));
#4025 = SURFACE_CURVE('',#4026,(#4031,#4042),.PCURVE_S1.);
#4026 = CIRCLE('',#4027,3.5);
#4027 = AXIS2_PLACEMENT_3D('',#4028,#4029,#4030);
#4028 = CARTESIAN_POINT('',(48.75,31.5,-0.5));
#4029 = DIRECTION('',(1.,0.,-0.));
#4030 = DIRECTION('',(0.,1.,6.123233995737E-17));
#4031 = PCURVE('',#3137,#4032);
#4032 = DEFINITIONAL_REPRESENTATION('',(#4033),#4041);
#4033 = ( BOUNDED_CURVE() B_SPLINE_CURVE(2,(#4034,#4035,#4036,#4037,
#4038,#4039,#4040),.UNSPECIFIED.,.T.,.F.) B_SPLINE_CURVE_WITH_KNOTS((1,2
    ,2,2,2,1),(-2.094395102393,0.,2.094395102393,4.188790204786,
6.28318530718,8.377580409573),.UNSPECIFIED.) CURVE() 
GEOMETRIC_REPRESENTATION_ITEM() RATIONAL_B_SPLINE_CURVE((1.,0.5,1.,0.5,
1.,0.5,1.)) REPRESENTATION_ITEM('') );
#4034 = CARTESIAN_POINT('',(0.,-3.));
#4035 = CARTESIAN_POINT('',(-6.062177826491,-3.));
#4036 = CARTESIAN_POINT('',(-3.031088913246,2.25));
#4037 = CARTESIAN_POINT('',(-8.572527594031E-16,7.5));
#4038 = CARTESIAN_POINT('',(3.031088913246,2.25));
#4039 = CARTESIAN_POINT('',(6.062177826491,-3.));
#4040 = CARTESIAN_POINT('',(0.,-3.));
#4041 = ( GEOMETRIC_REPRESENTATION_CONTEXT(2) 
PARAMETRIC_REPRESENTATION_CONTEXT() REPRESENTATION_CONTEXT('2D SPACE',''
  ) );
#4042 = PCURVE('',#4043,#4048);
#4043 = CONICAL_SURFACE('',#4044,3.5,0.785398163397);
#4044 = AXIS2_PLACEMENT_3D('',#4045,#4046,#4047);
#4045 = CARTESIAN_POINT('',(48.75,31.5,-0.5));
#4046 = DIRECTION('',(-1.,-0.,0.));
#4047 = DIRECTION('',(0.,1.,6.123233995737E-17));
#4048 = DEFINITIONAL_REPRESENTATION('',(#4049),#4053);
#4049 = LINE('',#4050,#4051);
#4050 = CARTESIAN_POINT('',(-0.,-0.));
#4051 = VECTOR('',#4052,1.);
#4052 = DIRECTION('',(-1.,-0.));
#4053 = ( GEOMETRIC_REPRESENTATION_CONTEXT(2) 
PARAMETRIC_REPRESENTATION_CONTEXT() REPRESENTATION_CONTEXT('2D SPACE',''
  ) );
#4054 = ADVANCED_FACE('',(#4055),#3110,.F.);
#4055 = FACE_BOUND('',#4056,.F.);
#4056 = EDGE_LOOP('',(#4057,#4080,#4101,#4102));
#4057 = ORIENTED_EDGE('',*,*,#4058,.F.);
#4058 = EDGE_CURVE('',#4059,#3068,#4061,.T.);
#4059 = VERTEX_POINT('',#4060);
#4060 = CARTESIAN_POINT('',(16.25,30.,-5.5));
#4061 = SURFACE_CURVE('',#4062,(#4066,#4073),.PCURVE_S1.);
#4062 = LINE('',#4063,#4064);
#4063 = CARTESIAN_POINT('',(16.25,30.,-5.5));
#4064 = VECTOR('',#4065,1.);
#4065 = DIRECTION('',(0.,1.,6.123233995737E-17));
#4066 = PCURVE('',#3110,#4067);
#4067 = DEFINITIONAL_REPRESENTATION('',(#4068),#4072);
#4068 = LINE('',#4069,#4070);
#4069 = CARTESIAN_POINT('',(0.,0.));
#4070 = VECTOR('',#4071,1.);
#4071 = DIRECTION('',(1.,0.));
#4072 = ( GEOMETRIC_REPRESENTATION_CONTEXT(2) 
PARAMETRIC_REPRESENTATION_CONTEXT() REPRESENTATION_CONTEXT('2D SPACE',''
  ) );
#4073 = PCURVE('',#3083,#4074);
#4074 = DEFINITIONAL_REPRESENTATION('',(#4075),#4079);
#4075 = LINE('',#4076,#4077);
#4076 = CARTESIAN_POINT('',(2.5,2.));
#4077 = VECTOR('',#4078,1.);
#4078 = DIRECTION('',(0.,-1.));
#4079 = ( GEOMETRIC_REPRESENTATION_CONTEXT(2) 
PARAMETRIC_REPRESENTATION_CONTEXT() REPRESENTATION_CONTEXT('2D SPACE',''
  ) );
#4080 = ORIENTED_EDGE('',*,*,#4081,.T.);
#4081 = EDGE_CURVE('',#4059,#3891,#4082,.T.);
#4082 = SURFACE_CURVE('',#4083,(#4087,#4094),.PCURVE_S1.);
#4083 = LINE('',#4084,#4085);
#4084 = CARTESIAN_POINT('',(16.25,30.,-5.5));
#4085 = VECTOR('',#4086,1.);
#4086 = DIRECTION('',(1.,0.,0.));
#4087 = PCURVE('',#3110,#4088);
#4088 = DEFINITIONAL_REPRESENTATION('',(#4089),#4093);
#4089 = LINE('',#4090,#4091);
#4090 = CARTESIAN_POINT('',(0.,0.));
#4091 = VECTOR('',#4092,1.);
#4092 = DIRECTION('',(0.,-1.));
#4093 = ( GEOMETRIC_REPRESENTATION_CONTEXT(2) 
PARAMETRIC_REPRESENTATION_CONTEXT() REPRESENTATION_CONTEXT('2D SPACE',''
  ) );
#4094 = PCURVE('',#3929,#4095);
#4095 = DEFINITIONAL_REPRESENTATION('',(#4096),#4100);
#4096 = LINE('',#4097,#4098);
#4097 = CARTESIAN_POINT('',(7.071067811865,0.));
#4098 = VECTOR('',#4099,1.);
#4099 = DIRECTION('',(0.,-1.));
#4100 = ( GEOMETRIC_REPRESENTATION_CONTEXT(2) 
PARAMETRIC_REPRESENTATION_CONTEXT() REPRESENTATION_CONTEXT('2D SPACE',''
  ) );
#4101 = ORIENTED_EDGE('',*,*,#3890,.T.);
#4102 = ORIENTED_EDGE('',*,*,#3095,.F.);
#4103 = ADVANCED_FACE('',(#4104,#4220),#3083,.F.);
#4104 = FACE_BOUND('',#4105,.F.);
#4105 = EDGE_LOOP('',(#4106,#4107,#4128,#4129,#4152,#4175,#4198,#4219));
#4106 = ORIENTED_EDGE('',*,*,#3067,.F.);
#4107 = ORIENTED_EDGE('',*,*,#4108,.T.);
#4108 = EDGE_CURVE('',#3040,#3354,#4109,.T.);
#4109 = SURFACE_CURVE('',#4110,(#4114,#4121),.PCURVE_S1.);
#4110 = LINE('',#4111,#4112);
#4111 = CARTESIAN_POINT('',(16.25,32.,-8.));
#4112 = VECTOR('',#4113,1.);
#4113 = DIRECTION('',(0.,1.,6.123233995737E-17));
#4114 = PCURVE('',#3083,#4115);
#4115 = DEFINITIONAL_REPRESENTATION('',(#4116),#4120);
#4116 = LINE('',#4117,#4118);
#4117 = CARTESIAN_POINT('',(0.,0.));
#4118 = VECTOR('',#4119,1.);
#4119 = DIRECTION('',(0.,-1.));
#4120 = ( GEOMETRIC_REPRESENTATION_CONTEXT(2) 
PARAMETRIC_REPRESENTATION_CONTEXT() REPRESENTATION_CONTEXT('2D SPACE',''
  ) );
#4121 = PCURVE('',#3055,#4122);
#4122 = DEFINITIONAL_REPRESENTATION('',(#4123),#4127);
#4123 = LINE('',#4124,#4125);
#4124 = CARTESIAN_POINT('',(22.980970388563,0.));
#4125 = VECTOR('',#4126,1.);
#4126 = DIRECTION('',(0.,-1.));
#4127 = ( GEOMETRIC_REPRESENTATION_CONTEXT(2) 
PARAMETRIC_REPRESENTATION_CONTEXT() REPRESENTATION_CONTEXT('2D SPACE',''
  ) );
#4128 = ORIENTED_EDGE('',*,*,#3376,.T.);
#4129 = ORIENTED_EDGE('',*,*,#4130,.T.);
#4130 = EDGE_CURVE('',#3377,#4131,#4133,.T.);
#4131 = VERTEX_POINT('',#4132);
#4132 = CARTESIAN_POINT('',(16.25,33.,4.5));
#4133 = SURFACE_CURVE('',#4134,(#4138,#4145),.PCURVE_S1.);
#4134 = LINE('',#4135,#4136);
#4135 = CARTESIAN_POINT('',(16.25,38.,-0.5));
#4136 = VECTOR('',#4137,1.);
#4137 = DIRECTION('',(0.,-0.707106781187,0.707106781187));
#4138 = PCURVE('',#3083,#4139);
#4139 = DEFINITIONAL_REPRESENTATION('',(#4140),#4144);
#4140 = LINE('',#4141,#4142);
#4141 = CARTESIAN_POINT('',(7.5,-6.));
#4142 = VECTOR('',#4143,1.);
#4143 = DIRECTION('',(0.707106781187,0.707106781187));
#4144 = ( GEOMETRIC_REPRESENTATION_CONTEXT(2) 
PARAMETRIC_REPRESENTATION_CONTEXT() REPRESENTATION_CONTEXT('2D SPACE',''
  ) );
#4145 = PCURVE('',#3415,#4146);
#4146 = DEFINITIONAL_REPRESENTATION('',(#4147),#4151);
#4147 = LINE('',#4148,#4149);
#4148 = CARTESIAN_POINT('',(0.,0.));
#4149 = VECTOR('',#4150,1.);
#4150 = DIRECTION('',(1.,0.));
#4151 = ( GEOMETRIC_REPRESENTATION_CONTEXT(2) 
PARAMETRIC_REPRESENTATION_CONTEXT() REPRESENTATION_CONTEXT('2D SPACE',''
  ) );
#4152 = ORIENTED_EDGE('',*,*,#4153,.T.);
#4153 = EDGE_CURVE('',#4131,#4154,#4156,.T.);
#4154 = VERTEX_POINT('',#4155);
#4155 = CARTESIAN_POINT('',(16.25,30.,4.5));
#4156 = SURFACE_CURVE('',#4157,(#4161,#4168),.PCURVE_S1.);
#4157 = LINE('',#4158,#4159);
#4158 = CARTESIAN_POINT('',(16.25,33.,4.5));
#4159 = VECTOR('',#4160,1.);
#4160 = DIRECTION('',(0.,-1.,-6.123233995737E-17));
#4161 = PCURVE('',#3083,#4162);
#4162 = DEFINITIONAL_REPRESENTATION('',(#4163),#4167);
#4163 = LINE('',#4164,#4165);
#4164 = CARTESIAN_POINT('',(12.5,-1.));
#4165 = VECTOR('',#4166,1.);
#4166 = DIRECTION('',(0.,1.));
#4167 = ( GEOMETRIC_REPRESENTATION_CONTEXT(2) 
PARAMETRIC_REPRESENTATION_CONTEXT() REPRESENTATION_CONTEXT('2D SPACE',''
  ) );
#4168 = PCURVE('',#3985,#4169);
#4169 = DEFINITIONAL_REPRESENTATION('',(#4170),#4174);
#4170 = LINE('',#4171,#4172);
#4171 = CARTESIAN_POINT('',(0.,0.));
#4172 = VECTOR('',#4173,1.);
#4173 = DIRECTION('',(1.,0.));
#4174 = ( GEOMETRIC_REPRESENTATION_CONTEXT(2) 
PARAMETRIC_REPRESENTATION_CONTEXT() REPRESENTATION_CONTEXT('2D SPACE',''
  ) );
#4175 = ORIENTED_EDGE('',*,*,#4176,.T.);
#4176 = EDGE_CURVE('',#4154,#4177,#4179,.T.);
#4177 = VERTEX_POINT('',#4178);
#4178 = CARTESIAN_POINT('',(16.25,25.,-0.5));
#4179 = SURFACE_CURVE('',#4180,(#4184,#4191),.PCURVE_S1.);
#4180 = LINE('',#4181,#4182);
#4181 = CARTESIAN_POINT('',(16.25,30.,4.5));
#4182 = VECTOR('',#4183,1.);
#4183 = DIRECTION('',(0.,-0.707106781187,-0.707106781187));
#4184 = PCURVE('',#3083,#4185);
#4185 = DEFINITIONAL_REPRESENTATION('',(#4186),#4190);
#4186 = LINE('',#4187,#4188);
#4187 = CARTESIAN_POINT('',(12.5,2.));
#4188 = VECTOR('',#4189,1.);
#4189 = DIRECTION('',(-0.707106781187,0.707106781187));
#4190 = ( GEOMETRIC_REPRESENTATION_CONTEXT(2) 
PARAMETRIC_REPRESENTATION_CONTEXT() REPRESENTATION_CONTEXT('2D SPACE',''
  ) );
#4191 = PCURVE('',#3957,#4192);
#4192 = DEFINITIONAL_REPRESENTATION('',(#4193),#4197);
#4193 = LINE('',#4194,#4195);
#4194 = CARTESIAN_POINT('',(0.,0.));
#4195 = VECTOR('',#4196,1.);
#4196 = DIRECTION('',(1.,0.));
#4197 = ( GEOMETRIC_REPRESENTATION_CONTEXT(2) 
PARAMETRIC_REPRESENTATION_CONTEXT() REPRESENTATION_CONTEXT('2D SPACE',''
  ) );
#4198 = ORIENTED_EDGE('',*,*,#4199,.T.);
#4199 = EDGE_CURVE('',#4177,#4059,#4200,.T.);
#4200 = SURFACE_CURVE('',#4201,(#4205,#4212),.PCURVE_S1.);
#4201 = LINE('',#4202,#4203);
#4202 = CARTESIAN_POINT('',(16.25,25.,-0.5));
#4203 = VECTOR('',#4204,1.);
#4204 = DIRECTION('',(0.,0.707106781187,-0.707106781187));
#4205 = PCURVE('',#3083,#4206);
#4206 = DEFINITIONAL_REPRESENTATION('',(#4207),#4211);
#4207 = LINE('',#4208,#4209);
#4208 = CARTESIAN_POINT('',(7.5,7.));
#4209 = VECTOR('',#4210,1.);
#4210 = DIRECTION('',(-0.707106781187,-0.707106781187));
#4211 = ( GEOMETRIC_REPRESENTATION_CONTEXT(2) 
PARAMETRIC_REPRESENTATION_CONTEXT() REPRESENTATION_CONTEXT('2D SPACE',''
  ) );
#4212 = PCURVE('',#3929,#4213);
#4213 = DEFINITIONAL_REPRESENTATION('',(#4214),#4218);
#4214 = LINE('',#4215,#4216);
#4215 = CARTESIAN_POINT('',(0.,0.));
#4216 = VECTOR('',#4217,1.);
#4217 = DIRECTION('',(1.,0.));
#4218 = ( GEOMETRIC_REPRESENTATION_CONTEXT(2) 
PARAMETRIC_REPRESENTATION_CONTEXT() REPRESENTATION_CONTEXT('2D SPACE',''
  ) );
#4219 = ORIENTED_EDGE('',*,*,#4058,.T.);
#4220 = FACE_BOUND('',#4221,.F.);
#4221 = EDGE_LOOP('',(#4222));
#4222 = ORIENTED_EDGE('',*,*,#4223,.T.);
#4223 = EDGE_CURVE('',#4224,#4224,#4226,.T.);
#4224 = VERTEX_POINT('',#4225);
#4225 = CARTESIAN_POINT('',(16.25,28.,-0.5));
#4226 = SURFACE_CURVE('',#4227,(#4232,#4243),.PCURVE_S1.);
#4227 = CIRCLE('',#4228,3.5);
#4228 = AXIS2_PLACEMENT_3D('',#4229,#4230,#4231);
#4229 = CARTESIAN_POINT('',(16.25,31.5,-0.5));
#4230 = DIRECTION('',(-1.,0.,-0.));
#4231 = DIRECTION('',(0.,-1.,-6.123233995737E-17));
#4232 = PCURVE('',#3083,#4233);
#4233 = DEFINITIONAL_REPRESENTATION('',(#4234),#4242);
#4234 = ( BOUNDED_CURVE() B_SPLINE_CURVE(2,(#4235,#4236,#4237,#4238,
#4239,#4240,#4241),.UNSPECIFIED.,.T.,.F.) B_SPLINE_CURVE_WITH_KNOTS((1,2
    ,2,2,2,1),(-2.094395102393,0.,2.094395102393,4.188790204786,
6.28318530718,8.377580409573),.UNSPECIFIED.) CURVE() 
GEOMETRIC_REPRESENTATION_ITEM() RATIONAL_B_SPLINE_CURVE((1.,0.5,1.,0.5,
1.,0.5,1.)) REPRESENTATION_ITEM('') );
#4235 = CARTESIAN_POINT('',(7.5,4.));
#4236 = CARTESIAN_POINT('',(13.562177826491,4.));
#4237 = CARTESIAN_POINT('',(10.531088913246,-1.25));
#4238 = CARTESIAN_POINT('',(7.5,-6.5));
#4239 = CARTESIAN_POINT('',(4.468911086754,-1.25));
#4240 = CARTESIAN_POINT('',(1.437822173509,4.));
#4241 = CARTESIAN_POINT('',(7.5,4.));
#4242 = ( GEOMETRIC_REPRESENTATION_CONTEXT(2) 
PARAMETRIC_REPRESENTATION_CONTEXT() REPRESENTATION_CONTEXT('2D SPACE',''
  ) );
#4243 = PCURVE('',#4244,#4249);
#4244 = CONICAL_SURFACE('',#4245,3.5,0.785398163397);
#4245 = AXIS2_PLACEMENT_3D('',#4246,#4247,#4248);
#4246 = CARTESIAN_POINT('',(16.25,31.5,-0.5));
#4247 = DIRECTION('',(1.,0.,0.));
#4248 = DIRECTION('',(0.,-1.,-6.123233995737E-17));
#4249 = DEFINITIONAL_REPRESENTATION('',(#4250),#4254);
#4250 = LINE('',#4251,#4252);
#4251 = CARTESIAN_POINT('',(-0.,-0.));
#4252 = VECTOR('',#4253,1.);
#4253 = DIRECTION('',(-1.,-0.));
#4254 = ( GEOMETRIC_REPRESENTATION_CONTEXT(2) 
PARAMETRIC_REPRESENTATION_CONTEXT() REPRESENTATION_CONTEXT('2D SPACE',''
  ) );
#4255 = ADVANCED_FACE('',(#4256),#3055,.F.);
#4256 = FACE_BOUND('',#4257,.F.);
#4257 = EDGE_LOOP('',(#4258,#4259,#4260,#4261));
#4258 = ORIENTED_EDGE('',*,*,#3662,.T.);
#4259 = ORIENTED_EDGE('',*,*,#3353,.T.);
#4260 = ORIENTED_EDGE('',*,*,#4108,.F.);
#4261 = ORIENTED_EDGE('',*,*,#3039,.F.);
#4262 = ADVANCED_FACE('',(#4263),#3319,.F.);
#4263 = FACE_BOUND('',#4264,.F.);
#4264 = EDGE_LOOP('',(#4265,#4266,#4287,#4288));
#4265 = ORIENTED_EDGE('',*,*,#3640,.F.);
#4266 = ORIENTED_EDGE('',*,*,#4267,.T.);
#4267 = EDGE_CURVE('',#3613,#3804,#4268,.T.);
#4268 = SURFACE_CURVE('',#4269,(#4273,#4280),.PCURVE_S1.);
#4269 = LINE('',#4270,#4271);
#4270 = CARTESIAN_POINT('',(0.,40.,-46.));
#4271 = VECTOR('',#4272,1.);
#4272 = DIRECTION('',(1.,0.,0.));
#4273 = PCURVE('',#3319,#4274);
#4274 = DEFINITIONAL_REPRESENTATION('',(#4275),#4279);
#4275 = LINE('',#4276,#4277);
#4276 = CARTESIAN_POINT('',(0.,0.));
#4277 = VECTOR('',#4278,1.);
#4278 = DIRECTION('',(0.,-1.));
#4279 = ( GEOMETRIC_REPRESENTATION_CONTEXT(2) 
PARAMETRIC_REPRESENTATION_CONTEXT() REPRESENTATION_CONTEXT('2D SPACE',''
  ) );
#4280 = PCURVE('',#3628,#4281);
#4281 = DEFINITIONAL_REPRESENTATION('',(#4282),#4286);
#4282 = LINE('',#4283,#4284);
#4283 = CARTESIAN_POINT('',(7.071067811865,0.));
#4284 = VECTOR('',#4285,1.);
#4285 = DIRECTION('',(0.,-1.));
#4286 = ( GEOMETRIC_REPRESENTATION_CONTEXT(2) 
PARAMETRIC_REPRESENTATION_CONTEXT() REPRESENTATION_CONTEXT('2D SPACE',''
  ) );
#4287 = ORIENTED_EDGE('',*,*,#3826,.T.);
#4288 = ORIENTED_EDGE('',*,*,#3302,.T.);
#4289 = ADVANCED_FACE('',(#4290),#3415,.F.);
#4290 = FACE_BOUND('',#4291,.F.);
#4291 = EDGE_LOOP('',(#4292,#4293,#4294,#4315));
#4292 = ORIENTED_EDGE('',*,*,#3399,.T.);
#4293 = ORIENTED_EDGE('',*,*,#3997,.T.);
#4294 = ORIENTED_EDGE('',*,*,#4295,.F.);
#4295 = EDGE_CURVE('',#4131,#3970,#4296,.T.);
#4296 = SURFACE_CURVE('',#4297,(#4301,#4308),.PCURVE_S1.);
#4297 = LINE('',#4298,#4299);
#4298 = CARTESIAN_POINT('',(16.25,33.,4.5));
#4299 = VECTOR('',#4300,1.);
#4300 = DIRECTION('',(1.,0.,0.));
#4301 = PCURVE('',#3415,#4302);
#4302 = DEFINITIONAL_REPRESENTATION('',(#4303),#4307);
#4303 = LINE('',#4304,#4305);
#4304 = CARTESIAN_POINT('',(7.071067811865,0.));
#4305 = VECTOR('',#4306,1.);
#4306 = DIRECTION('',(0.,-1.));
#4307 = ( GEOMETRIC_REPRESENTATION_CONTEXT(2) 
PARAMETRIC_REPRESENTATION_CONTEXT() REPRESENTATION_CONTEXT('2D SPACE',''
  ) );
#4308 = PCURVE('',#3985,#4309);
#4309 = DEFINITIONAL_REPRESENTATION('',(#4310),#4314);
#4310 = LINE('',#4311,#4312);
#4311 = CARTESIAN_POINT('',(0.,0.));
#4312 = VECTOR('',#4313,1.);
#4313 = DIRECTION('',(0.,-1.));
#4314 = ( GEOMETRIC_REPRESENTATION_CONTEXT(2) 
PARAMETRIC_REPRESENTATION_CONTEXT() REPRESENTATION_CONTEXT('2D SPACE',''
  ) );
#4315 = ORIENTED_EDGE('',*,*,#4130,.F.);
#4316 = ADVANCED_FACE('',(#4317),#3572,.F.);
#4317 = FACE_BOUND('',#4318,.F.);
#4318 = EDGE_LOOP('',(#4319,#4320,#4321,#4342));
#4319 = ORIENTED_EDGE('',*,*,#3732,.T.);
#4320 = ORIENTED_EDGE('',*,*,#3757,.T.);
#4321 = ORIENTED_EDGE('',*,*,#4322,.F.);
#4322 = EDGE_CURVE('',#3557,#3758,#4323,.T.);
#4323 = SURFACE_CURVE('',#4324,(#4328,#4335),.PCURVE_S1.);
#4324 = LINE('',#4325,#4326);
#4325 = CARTESIAN_POINT('',(0.,40.,-56.));
#4326 = VECTOR('',#4327,1.);
#4327 = DIRECTION('',(1.,0.,0.));
#4328 = PCURVE('',#3572,#4329);
#4329 = DEFINITIONAL_REPRESENTATION('',(#4330),#4334);
#4330 = LINE('',#4331,#4332);
#4331 = CARTESIAN_POINT('',(3.,0.));
#4332 = VECTOR('',#4333,1.);
#4333 = DIRECTION('',(0.,-1.));
#4334 = ( GEOMETRIC_REPRESENTATION_CONTEXT(2) 
PARAMETRIC_REPRESENTATION_CONTEXT() REPRESENTATION_CONTEXT('2D SPACE',''
  ) );
#4335 = PCURVE('',#3600,#4336);
#4336 = DEFINITIONAL_REPRESENTATION('',(#4337),#4341);
#4337 = LINE('',#4338,#4339);
#4338 = CARTESIAN_POINT('',(0.,0.));
#4339 = VECTOR('',#4340,1.);
#4340 = DIRECTION('',(0.,-1.));
#4341 = ( GEOMETRIC_REPRESENTATION_CONTEXT(2) 
PARAMETRIC_REPRESENTATION_CONTEXT() REPRESENTATION_CONTEXT('2D SPACE',''
  ) );
#4342 = ORIENTED_EDGE('',*,*,#3554,.F.);
#4343 = ADVANCED_FACE('',(#4344),#3600,.F.);
#4344 = FACE_BOUND('',#4345,.F.);
#4345 = EDGE_LOOP('',(#4346,#4347,#4348,#4369));
#4346 = ORIENTED_EDGE('',*,*,#4322,.T.);
#4347 = ORIENTED_EDGE('',*,*,#3780,.T.);
#4348 = ORIENTED_EDGE('',*,*,#4349,.F.);
#4349 = EDGE_CURVE('',#3585,#3781,#4350,.T.);
#4350 = SURFACE_CURVE('',#4351,(#4355,#4362),.PCURVE_S1.);
#4351 = LINE('',#4352,#4353);
#4352 = CARTESIAN_POINT('',(0.,45.,-51.));
#4353 = VECTOR('',#4354,1.);
#4354 = DIRECTION('',(1.,0.,0.));
#4355 = PCURVE('',#3600,#4356);
#4356 = DEFINITIONAL_REPRESENTATION('',(#4357),#4361);
#4357 = LINE('',#4358,#4359);
#4358 = CARTESIAN_POINT('',(7.071067811865,0.));
#4359 = VECTOR('',#4360,1.);
#4360 = DIRECTION('',(0.,-1.));
#4361 = ( GEOMETRIC_REPRESENTATION_CONTEXT(2) 
PARAMETRIC_REPRESENTATION_CONTEXT() REPRESENTATION_CONTEXT('2D SPACE',''
  ) );
#4362 = PCURVE('',#3628,#4363);
#4363 = DEFINITIONAL_REPRESENTATION('',(#4364),#4368);
#4364 = LINE('',#4365,#4366);
#4365 = CARTESIAN_POINT('',(0.,0.));
#4366 = VECTOR('',#4367,1.);
#4367 = DIRECTION('',(0.,-1.));
#4368 = ( GEOMETRIC_REPRESENTATION_CONTEXT(2) 
PARAMETRIC_REPRESENTATION_CONTEXT() REPRESENTATION_CONTEXT('2D SPACE',''
  ) );
#4369 = ORIENTED_EDGE('',*,*,#3584,.F.);
#4370 = ADVANCED_FACE('',(#4371),#3628,.F.);
#4371 = FACE_BOUND('',#4372,.F.);
#4372 = EDGE_LOOP('',(#4373,#4374,#4375,#4376));
#4373 = ORIENTED_EDGE('',*,*,#4349,.T.);
#4374 = ORIENTED_EDGE('',*,*,#3803,.T.);
#4375 = ORIENTED_EDGE('',*,*,#4267,.F.);
#4376 = ORIENTED_EDGE('',*,*,#3612,.F.);
#4377 = ADVANCED_FACE('',(#4378),#3874,.F.);
#4378 = FACE_BOUND('',#4379,.F.);
#4379 = EDGE_LOOP('',(#4380,#4403,#4404));
#4380 = ORIENTED_EDGE('',*,*,#4381,.T.);
#4381 = EDGE_CURVE('',#3854,#4382,#4384,.T.);
#4382 = VERTEX_POINT('',#4383);
#4383 = CARTESIAN_POINT('',(12.184314575051,38.5,-51.));
#4384 = SEAM_CURVE('',#4385,(#4389,#4396),.PCURVE_S1.);
#4385 = LINE('',#4386,#4387);
#4386 = CARTESIAN_POINT('',(16.25,34.434314575051,-51.));
#4387 = VECTOR('',#4388,1.);
#4388 = DIRECTION('',(-0.707106781187,0.707106781187,2.164890140589E-16)
  );
#4389 = PCURVE('',#3874,#4390);
#4390 = DEFINITIONAL_REPRESENTATION('',(#4391),#4395);
#4391 = LINE('',#4392,#4393);
#4392 = CARTESIAN_POINT('',(-6.28318530718,0.));
#4393 = VECTOR('',#4394,1.);
#4394 = DIRECTION('',(-0.,-1.));
#4395 = ( GEOMETRIC_REPRESENTATION_CONTEXT(2) 
PARAMETRIC_REPRESENTATION_CONTEXT() REPRESENTATION_CONTEXT('2D SPACE',''
  ) );
#4396 = PCURVE('',#3874,#4397);
#4397 = DEFINITIONAL_REPRESENTATION('',(#4398),#4402);
#4398 = LINE('',#4399,#4400);
#4399 = CARTESIAN_POINT('',(0.,-0.));
#4400 = VECTOR('',#4401,1.);
#4401 = DIRECTION('',(-0.,-1.));
#4402 = ( GEOMETRIC_REPRESENTATION_CONTEXT(2) 
PARAMETRIC_REPRESENTATION_CONTEXT() REPRESENTATION_CONTEXT('2D SPACE',''
  ) );
#4403 = ORIENTED_EDGE('',*,*,#4381,.F.);
#4404 = ORIENTED_EDGE('',*,*,#3853,.T.);
#4405 = ADVANCED_FACE('',(#4406),#3929,.F.);
#4406 = FACE_BOUND('',#4407,.F.);
#4407 = EDGE_LOOP('',(#4408,#4429,#4430,#4431));
#4408 = ORIENTED_EDGE('',*,*,#4409,.T.);
#4409 = EDGE_CURVE('',#4177,#3914,#4410,.T.);
#4410 = SURFACE_CURVE('',#4411,(#4415,#4422),.PCURVE_S1.);
#4411 = LINE('',#4412,#4413);
#4412 = CARTESIAN_POINT('',(16.25,25.,-0.5));
#4413 = VECTOR('',#4414,1.);
#4414 = DIRECTION('',(1.,0.,0.));
#4415 = PCURVE('',#3929,#4416);
#4416 = DEFINITIONAL_REPRESENTATION('',(#4417),#4421);
#4417 = LINE('',#4418,#4419);
#4418 = CARTESIAN_POINT('',(0.,0.));
#4419 = VECTOR('',#4420,1.);
#4420 = DIRECTION('',(0.,-1.));
#4421 = ( GEOMETRIC_REPRESENTATION_CONTEXT(2) 
PARAMETRIC_REPRESENTATION_CONTEXT() REPRESENTATION_CONTEXT('2D SPACE',''
  ) );
#4422 = PCURVE('',#3957,#4423);
#4423 = DEFINITIONAL_REPRESENTATION('',(#4424),#4428);
#4424 = LINE('',#4425,#4426);
#4425 = CARTESIAN_POINT('',(7.071067811865,0.));
#4426 = VECTOR('',#4427,1.);
#4427 = DIRECTION('',(0.,-1.));
#4428 = ( GEOMETRIC_REPRESENTATION_CONTEXT(2) 
PARAMETRIC_REPRESENTATION_CONTEXT() REPRESENTATION_CONTEXT('2D SPACE',''
  ) );
#4429 = ORIENTED_EDGE('',*,*,#3913,.T.);
#4430 = ORIENTED_EDGE('',*,*,#4081,.F.);
#4431 = ORIENTED_EDGE('',*,*,#4199,.F.);
#4432 = ADVANCED_FACE('',(#4433),#3957,.F.);
#4433 = FACE_BOUND('',#4434,.F.);
#4434 = EDGE_LOOP('',(#4435,#4456,#4457,#4458));
#4435 = ORIENTED_EDGE('',*,*,#4436,.T.);
#4436 = EDGE_CURVE('',#4154,#3942,#4437,.T.);
#4437 = SURFACE_CURVE('',#4438,(#4442,#4449),.PCURVE_S1.);
#4438 = LINE('',#4439,#4440);
#4439 = CARTESIAN_POINT('',(16.25,30.,4.5));
#4440 = VECTOR('',#4441,1.);
#4441 = DIRECTION('',(1.,0.,0.));
#4442 = PCURVE('',#3957,#4443);
#4443 = DEFINITIONAL_REPRESENTATION('',(#4444),#4448);
#4444 = LINE('',#4445,#4446);
#4445 = CARTESIAN_POINT('',(0.,0.));
#4446 = VECTOR('',#4447,1.);
#4447 = DIRECTION('',(0.,-1.));
#4448 = ( GEOMETRIC_REPRESENTATION_CONTEXT(2) 
PARAMETRIC_REPRESENTATION_CONTEXT() REPRESENTATION_CONTEXT('2D SPACE',''
  ) );
#4449 = PCURVE('',#3985,#4450);
#4450 = DEFINITIONAL_REPRESENTATION('',(#4451),#4455);
#4451 = LINE('',#4452,#4453);
#4452 = CARTESIAN_POINT('',(3.,0.));
#4453 = VECTOR('',#4454,1.);
#4454 = DIRECTION('',(0.,-1.));
#4455 = ( GEOMETRIC_REPRESENTATION_CONTEXT(2) 
PARAMETRIC_REPRESENTATION_CONTEXT() REPRESENTATION_CONTEXT('2D SPACE',''
  ) );
#4456 = ORIENTED_EDGE('',*,*,#3941,.T.);
#4457 = ORIENTED_EDGE('',*,*,#4409,.F.);
#4458 = ORIENTED_EDGE('',*,*,#4176,.F.);
#4459 = ADVANCED_FACE('',(#4460),#3985,.F.);
#4460 = FACE_BOUND('',#4461,.F.);
#4461 = EDGE_LOOP('',(#4462,#4463,#4464,#4465));
#4462 = ORIENTED_EDGE('',*,*,#4295,.T.);
#4463 = ORIENTED_EDGE('',*,*,#3969,.T.);
#4464 = ORIENTED_EDGE('',*,*,#4436,.F.);
#4465 = ORIENTED_EDGE('',*,*,#4153,.F.);
#4466 = ADVANCED_FACE('',(#4467),#4043,.T.);
#4467 = FACE_BOUND('',#4468,.T.);
#4468 = EDGE_LOOP('',(#4469,#4492,#4493));
#4469 = ORIENTED_EDGE('',*,*,#4470,.F.);
#4470 = EDGE_CURVE('',#4023,#4471,#4473,.T.);
#4471 = VERTEX_POINT('',#4472);
#4472 = CARTESIAN_POINT('',(52.25,31.5,-0.5));
#4473 = SEAM_CURVE('',#4474,(#4478,#4485),.PCURVE_S1.);
#4474 = LINE('',#4475,#4476);
#4475 = CARTESIAN_POINT('',(48.75,35.,-0.5));
#4476 = VECTOR('',#4477,1.);
#4477 = DIRECTION('',(0.707106781187,-0.707106781187,1.298934084353E-16)
  );
#4478 = PCURVE('',#4043,#4479);
#4479 = DEFINITIONAL_REPRESENTATION('',(#4480),#4484);
#4480 = LINE('',#4481,#4482);
#4481 = CARTESIAN_POINT('',(-6.28318530718,0.));
#4482 = VECTOR('',#4483,1.);
#4483 = DIRECTION('',(-0.,-1.));
#4484 = ( GEOMETRIC_REPRESENTATION_CONTEXT(2) 
PARAMETRIC_REPRESENTATION_CONTEXT() REPRESENTATION_CONTEXT('2D SPACE',''
  ) );
#4485 = PCURVE('',#4043,#4486);
#4486 = DEFINITIONAL_REPRESENTATION('',(#4487),#4491);
#4487 = LINE('',#4488,#4489);
#4488 = CARTESIAN_POINT('',(0.,-0.));
#4489 = VECTOR('',#4490,1.);
#4490 = DIRECTION('',(-0.,-1.));
#4491 = ( GEOMETRIC_REPRESENTATION_CONTEXT(2) 
PARAMETRIC_REPRESENTATION_CONTEXT() REPRESENTATION_CONTEXT('2D SPACE',''
  ) );
#4492 = ORIENTED_EDGE('',*,*,#4022,.T.);
#4493 = ORIENTED_EDGE('',*,*,#4470,.T.);
#4494 = ADVANCED_FACE('',(#4495),#4244,.T.);
#4495 = FACE_BOUND('',#4496,.T.);
#4496 = EDGE_LOOP('',(#4497,#4520,#4521));
#4497 = ORIENTED_EDGE('',*,*,#4498,.F.);
#4498 = EDGE_CURVE('',#4224,#4499,#4501,.T.);
#4499 = VERTEX_POINT('',#4500);
#4500 = CARTESIAN_POINT('',(12.75,31.5,-0.5));
#4501 = SEAM_CURVE('',#4502,(#4506,#4513),.PCURVE_S1.);
#4502 = LINE('',#4503,#4504);
#4503 = CARTESIAN_POINT('',(16.25,28.,-0.5));
#4504 = VECTOR('',#4505,1.);
#4505 = DIRECTION('',(-0.707106781187,0.707106781187,2.164890140589E-16)
  );
#4506 = PCURVE('',#4244,#4507);
#4507 = DEFINITIONAL_REPRESENTATION('',(#4508),#4512);
#4508 = LINE('',#4509,#4510);
#4509 = CARTESIAN_POINT('',(-6.28318530718,0.));
#4510 = VECTOR('',#4511,1.);
#4511 = DIRECTION('',(-0.,-1.));
#4512 = ( GEOMETRIC_REPRESENTATION_CONTEXT(2) 
PARAMETRIC_REPRESENTATION_CONTEXT() REPRESENTATION_CONTEXT('2D SPACE',''
  ) );
#4513 = PCURVE('',#4244,#4514);
#4514 = DEFINITIONAL_REPRESENTATION('',(#4515),#4519);
#4515 = LINE('',#4516,#4517);
#4516 = CARTESIAN_POINT('',(0.,-0.));
#4517 = VECTOR('',#4518,1.);
#4518 = DIRECTION('',(-0.,-1.));
#4519 = ( GEOMETRIC_REPRESENTATION_CONTEXT(2) 
PARAMETRIC_REPRESENTATION_CONTEXT() REPRESENTATION_CONTEXT('2D SPACE',''
  ) );
#4520 = ORIENTED_EDGE('',*,*,#4223,.T.);
#4521 = ORIENTED_EDGE('',*,*,#4498,.T.);
#4522 = ( GEOMETRIC_REPRESENTATION_CONTEXT(3) 
GLOBAL_UNCERTAINTY_ASSIGNED_CONTEXT((#4526)) 
GLOBAL_UNIT_ASSIGNED_CONTEXT((#4523,#4524,#4525)) REPRESENTATION_CONTEXT
('Context #1','3D Context with UNIT and UNCERTAINTY') );
#4523 = ( LENGTH_UNIT() NAMED_UNIT(*) SI_UNIT(.MILLI.,.METRE.) );
#4524 = ( NAMED_UNIT(*) PLANE_ANGLE_UNIT() SI_UNIT($,.RADIAN.) );
#4525 = ( NAMED_UNIT(*) SI_UNIT($,.STERADIAN.) SOLID_ANGLE_UNIT() );
#4526 = UNCERTAINTY_MEASURE_WITH_UNIT(LENGTH_MEASURE(1.E-07),#4523,
  'distance_accuracy_value','confusion accuracy');
#4527 = CONTEXT_DEPENDENT_SHAPE_REPRESENTATION(#4528,#4530);
#4528 = ( REPRESENTATION_RELATIONSHIP('','',#2389,#2366) 
REPRESENTATION_RELATIONSHIP_WITH_TRANSFORMATION(#4529) 
SHAPE_REPRESENTATION_RELATIONSHIP() );
#4529 = ITEM_DEFINED_TRANSFORMATION('','',#11,#2367);
#4530 = PRODUCT_DEFINITION_SHAPE('Placement','Placement of an item',
  #4531);
#4531 = NEXT_ASSEMBLY_USAGE_OCCURRENCE('10','','',#2361,#2384,$);
#4532 = PRODUCT_RELATED_PRODUCT_CATEGORY('part',$,(#2386));
#4533 = SHAPE_DEFINITION_REPRESENTATION(#4534,#4540);
#4534 = PRODUCT_DEFINITION_SHAPE('','',#4535);
#4535 = PRODUCT_DEFINITION('design','',#4536,#4539);
#4536 = PRODUCT_DEFINITION_FORMATION('','',#4537);
#4537 = PRODUCT('link2','link2','',(#4538));
#4538 = PRODUCT_CONTEXT('',#2,'mechanical');
#4539 = PRODUCT_DEFINITION_CONTEXT('part definition',#2,'design');
#4540 = SHAPE_REPRESENTATION('',(#11,#4541),#4545);
#4541 = AXIS2_PLACEMENT_3D('',#4542,#4543,#4544);
#4542 = CARTESIAN_POINT('',(0.,0.,0.));
#4543 = DIRECTION('',(0.,0.,1.));
#4544 = DIRECTION('',(1.,0.,-0.));
#4545 = ( GEOMETRIC_REPRESENTATION_CONTEXT(3) 
GLOBAL_UNCERTAINTY_ASSIGNED_CONTEXT((#4549)) 
GLOBAL_UNIT_ASSIGNED_CONTEXT((#4546,#4547,#4548)) REPRESENTATION_CONTEXT
('Context #1','3D Context with UNIT and UNCERTAINTY') );
#4546 = ( LENGTH_UNIT() NAMED_UNIT(*) SI_UNIT(.MILLI.,.METRE.) );
#4547 = ( NAMED_UNIT(*) PLANE_ANGLE_UNIT() SI_UNIT($,.RADIAN.) );
#4548 = ( NAMED_UNIT(*) SI_UNIT($,.STERADIAN.) SOLID_ANGLE_UNIT() );
#4549 = UNCERTAINTY_MEASURE_WITH_UNIT(LENGTH_MEASURE(1.E-07),#4546,
  'distance_accuracy_value','confusion accuracy');
#4550 = CONTEXT_DEPENDENT_SHAPE_REPRESENTATION(#4551,#4553);
#4551 = ( REPRESENTATION_RELATIONSHIP('','',#4540,#10) 
REPRESENTATION_RELATIONSHIP_WITH_TRANSFORMATION(#4552) 
SHAPE_REPRESENTATION_RELATIONSHIP() );
#4552 = ITEM_DEFINED_TRANSFORMATION('','',#11,#23);
#4553 = PRODUCT_DEFINITION_SHAPE('Placement','Placement of an item',
  #4554);
#4554 = NEXT_ASSEMBLY_USAGE_OCCURRENCE('13','','',#5,#4535,$);
#4555 = PRODUCT_RELATED_PRODUCT_CATEGORY('part',$,(#4537));
#4556 = SHAPE_DEFINITION_REPRESENTATION(#4557,#4563);
#4557 = PRODUCT_DEFINITION_SHAPE('','',#4558);
#4558 = PRODUCT_DEFINITION('design','',#4559,#4562);
#4559 = PRODUCT_DEFINITION_FORMATION('','',#4560);
#4560 = PRODUCT('link2_part','link2_part','',(#4561));
#4561 = PRODUCT_CONTEXT('',#2,'mechanical');
#4562 = PRODUCT_DEFINITION_CONTEXT('part definition',#2,'design');
#4563 = ADVANCED_BREP_SHAPE_REPRESENTATION('',(#11,#4564),#6696);
#4564 = MANIFOLD_SOLID_BREP('',#4565);
#4565 = CLOSED_SHELL('',(#4566,#4686,#4762,#4838,#5003,#5127,#5154,#5179
    ,#5423,#5472,#5669,#5697,#5724,#5878,#5927,#6059,#6228,#6277,#6429,
    #6436,#6463,#6490,#6517,#6544,#6551,#6579,#6606,#6633,#6640,#6668));
#4566 = ADVANCED_FACE('',(#4567),#4581,.F.);
#4567 = FACE_BOUND('',#4568,.F.);
#4568 = EDGE_LOOP('',(#4569,#4604,#4632,#4660));
#4569 = ORIENTED_EDGE('',*,*,#4570,.T.);
#4570 = EDGE_CURVE('',#4571,#4573,#4575,.T.);
#4571 = VERTEX_POINT('',#4572);
#4572 = CARTESIAN_POINT('',(15.75,30.,-106.5));
#4573 = VERTEX_POINT('',#4574);
#4574 = CARTESIAN_POINT('',(0.,30.,-106.5));
#4575 = SURFACE_CURVE('',#4576,(#4580,#4592),.PCURVE_S1.);
#4576 = LINE('',#4577,#4578);
#4577 = CARTESIAN_POINT('',(15.75,30.,-106.5));
#4578 = VECTOR('',#4579,1.);
#4579 = DIRECTION('',(-1.,0.,0.));
#4580 = PCURVE('',#4581,#4586);
#4581 = PLANE('',#4582);
#4582 = AXIS2_PLACEMENT_3D('',#4583,#4584,#4585);
#4583 = CARTESIAN_POINT('',(15.75,30.,-106.5));
#4584 = DIRECTION('',(-0.,0.707106781187,0.707106781187));
#4585 = DIRECTION('',(0.,-0.707106781187,0.707106781187));
#4586 = DEFINITIONAL_REPRESENTATION('',(#4587),#4591);
#4587 = LINE('',#4588,#4589);
#4588 = CARTESIAN_POINT('',(0.,0.));
#4589 = VECTOR('',#4590,1.);
#4590 = DIRECTION('',(0.,-1.));
#4591 = ( GEOMETRIC_REPRESENTATION_CONTEXT(2) 
PARAMETRIC_REPRESENTATION_CONTEXT() REPRESENTATION_CONTEXT('2D SPACE',''
  ) );
#4592 = PCURVE('',#4593,#4598);
#4593 = PLANE('',#4594);
#4594 = AXIS2_PLACEMENT_3D('',#4595,#4596,#4597);
#4595 = CARTESIAN_POINT('',(15.75,33.,-106.5));
#4596 = DIRECTION('',(0.,-6.123233995737E-17,1.));
#4597 = DIRECTION('',(0.,-1.,-6.123233995737E-17));
#4598 = DEFINITIONAL_REPRESENTATION('',(#4599),#4603);
#4599 = LINE('',#4600,#4601);
#4600 = CARTESIAN_POINT('',(3.,0.));
#4601 = VECTOR('',#4602,1.);
#4602 = DIRECTION('',(0.,-1.));
#4603 = ( GEOMETRIC_REPRESENTATION_CONTEXT(2) 
PARAMETRIC_REPRESENTATION_CONTEXT() REPRESENTATION_CONTEXT('2D SPACE',''
  ) );
#4604 = ORIENTED_EDGE('',*,*,#4605,.T.);
#4605 = EDGE_CURVE('',#4573,#4606,#4608,.T.);
#4606 = VERTEX_POINT('',#4607);
#4607 = CARTESIAN_POINT('',(0.,25.,-101.5));
#4608 = SURFACE_CURVE('',#4609,(#4613,#4620),.PCURVE_S1.);
#4609 = LINE('',#4610,#4611);
#4610 = CARTESIAN_POINT('',(0.,30.,-106.5));
#4611 = VECTOR('',#4612,1.);
#4612 = DIRECTION('',(0.,-0.707106781187,0.707106781187));
#4613 = PCURVE('',#4581,#4614);
#4614 = DEFINITIONAL_REPRESENTATION('',(#4615),#4619);
#4615 = LINE('',#4616,#4617);
#4616 = CARTESIAN_POINT('',(0.,-15.75));
#4617 = VECTOR('',#4618,1.);
#4618 = DIRECTION('',(1.,0.));
#4619 = ( GEOMETRIC_REPRESENTATION_CONTEXT(2) 
PARAMETRIC_REPRESENTATION_CONTEXT() REPRESENTATION_CONTEXT('2D SPACE',''
  ) );
#4620 = PCURVE('',#4621,#4626);
#4621 = PLANE('',#4622);
#4622 = AXIS2_PLACEMENT_3D('',#4623,#4624,#4625);
#4623 = CARTESIAN_POINT('',(0.,31.5,-101.5));
#4624 = DIRECTION('',(-1.,0.,0.));
#4625 = DIRECTION('',(0.,-1.,-6.123233995737E-17));
#4626 = DEFINITIONAL_REPRESENTATION('',(#4627),#4631);
#4627 = LINE('',#4628,#4629);
#4628 = CARTESIAN_POINT('',(1.5,-5.));
#4629 = VECTOR('',#4630,1.);
#4630 = DIRECTION('',(0.707106781187,0.707106781187));
#4631 = ( GEOMETRIC_REPRESENTATION_CONTEXT(2) 
PARAMETRIC_REPRESENTATION_CONTEXT() REPRESENTATION_CONTEXT('2D SPACE',''
  ) );
#4632 = ORIENTED_EDGE('',*,*,#4633,.F.);
#4633 = EDGE_CURVE('',#4634,#4606,#4636,.T.);
#4634 = VERTEX_POINT('',#4635);
#4635 = CARTESIAN_POINT('',(15.75,25.,-101.5));
#4636 = SURFACE_CURVE('',#4637,(#4641,#4648),.PCURVE_S1.);
#4637 = LINE('',#4638,#4639);
#4638 = CARTESIAN_POINT('',(15.75,25.,-101.5));
#4639 = VECTOR('',#4640,1.);
#4640 = DIRECTION('',(-1.,0.,0.));
#4641 = PCURVE('',#4581,#4642);
#4642 = DEFINITIONAL_REPRESENTATION('',(#4643),#4647);
#4643 = LINE('',#4644,#4645);
#4644 = CARTESIAN_POINT('',(7.071067811865,0.));
#4645 = VECTOR('',#4646,1.);
#4646 = DIRECTION('',(0.,-1.));
#4647 = ( GEOMETRIC_REPRESENTATION_CONTEXT(2) 
PARAMETRIC_REPRESENTATION_CONTEXT() REPRESENTATION_CONTEXT('2D SPACE',''
  ) );
#4648 = PCURVE('',#4649,#4654);
#4649 = PLANE('',#4650);
#4650 = AXIS2_PLACEMENT_3D('',#4651,#4652,#4653);
#4651 = CARTESIAN_POINT('',(15.75,25.,-101.5));
#4652 = DIRECTION('',(0.,0.707106781187,-0.707106781187));
#4653 = DIRECTION('',(-0.,0.707106781187,0.707106781187));
#4654 = DEFINITIONAL_REPRESENTATION('',(#4655),#4659);
#4655 = LINE('',#4656,#4657);
#4656 = CARTESIAN_POINT('',(0.,0.));
#4657 = VECTOR('',#4658,1.);
#4658 = DIRECTION('',(0.,-1.));
#4659 = ( GEOMETRIC_REPRESENTATION_CONTEXT(2) 
PARAMETRIC_REPRESENTATION_CONTEXT() REPRESENTATION_CONTEXT('2D SPACE',''
  ) );
#4660 = ORIENTED_EDGE('',*,*,#4661,.F.);
#4661 = EDGE_CURVE('',#4571,#4634,#4662,.T.);
#4662 = SURFACE_CURVE('',#4663,(#4667,#4674),.PCURVE_S1.);
#4663 = LINE('',#4664,#4665);
#4664 = CARTESIAN_POINT('',(15.75,30.,-106.5));
#4665 = VECTOR('',#4666,1.);
#4666 = DIRECTION('',(0.,-0.707106781187,0.707106781187));
#4667 = PCURVE('',#4581,#4668);
#4668 = DEFINITIONAL_REPRESENTATION('',(#4669),#4673);
#4669 = LINE('',#4670,#4671);
#4670 = CARTESIAN_POINT('',(0.,0.));
#4671 = VECTOR('',#4672,1.);
#4672 = DIRECTION('',(1.,0.));
#4673 = ( GEOMETRIC_REPRESENTATION_CONTEXT(2) 
PARAMETRIC_REPRESENTATION_CONTEXT() REPRESENTATION_CONTEXT('2D SPACE',''
  ) );
#4674 = PCURVE('',#4675,#4680);
#4675 = PLANE('',#4676);
#4676 = AXIS2_PLACEMENT_3D('',#4677,#4678,#4679);
#4677 = CARTESIAN_POINT('',(15.75,31.5,-101.5));
#4678 = DIRECTION('',(-1.,0.,0.));
#4679 = DIRECTION('',(0.,-1.,-6.123233995737E-17));
#4680 = DEFINITIONAL_REPRESENTATION('',(#4681),#4685);
#4681 = LINE('',#4682,#4683);
#4682 = CARTESIAN_POINT('',(1.5,-5.));
#4683 = VECTOR('',#4684,1.);
#4684 = DIRECTION('',(0.707106781187,0.707106781187));
#4685 = ( GEOMETRIC_REPRESENTATION_CONTEXT(2) 
PARAMETRIC_REPRESENTATION_CONTEXT() REPRESENTATION_CONTEXT('2D SPACE',''
  ) );
#4686 = ADVANCED_FACE('',(#4687),#4593,.F.);
#4687 = FACE_BOUND('',#4688,.F.);
#4688 = EDGE_LOOP('',(#4689,#4719,#4740,#4741));
#4689 = ORIENTED_EDGE('',*,*,#4690,.T.);
#4690 = EDGE_CURVE('',#4691,#4693,#4695,.T.);
#4691 = VERTEX_POINT('',#4692);
#4692 = CARTESIAN_POINT('',(15.75,33.,-106.5));
#4693 = VERTEX_POINT('',#4694);
#4694 = CARTESIAN_POINT('',(0.,33.,-106.5));
#4695 = SURFACE_CURVE('',#4696,(#4700,#4707),.PCURVE_S1.);
#4696 = LINE('',#4697,#4698);
#4697 = CARTESIAN_POINT('',(15.75,33.,-106.5));
#4698 = VECTOR('',#4699,1.);
#4699 = DIRECTION('',(-1.,0.,0.));
#4700 = PCURVE('',#4593,#4701);
#4701 = DEFINITIONAL_REPRESENTATION('',(#4702),#4706);
#4702 = LINE('',#4703,#4704);
#4703 = CARTESIAN_POINT('',(0.,0.));
#4704 = VECTOR('',#4705,1.);
#4705 = DIRECTION('',(0.,-1.));
#4706 = ( GEOMETRIC_REPRESENTATION_CONTEXT(2) 
PARAMETRIC_REPRESENTATION_CONTEXT() REPRESENTATION_CONTEXT('2D SPACE',''
  ) );
#4707 = PCURVE('',#4708,#4713);
#4708 = PLANE('',#4709);
#4709 = AXIS2_PLACEMENT_3D('',#4710,#4711,#4712);
#4710 = CARTESIAN_POINT('',(15.75,38.,-101.5));
#4711 = DIRECTION('',(0.,-0.707106781187,0.707106781187));
#4712 = DIRECTION('',(0.,-0.707106781187,-0.707106781187));
#4713 = DEFINITIONAL_REPRESENTATION('',(#4714),#4718);
#4714 = LINE('',#4715,#4716);
#4715 = CARTESIAN_POINT('',(7.071067811865,0.));
#4716 = VECTOR('',#4717,1.);
#4717 = DIRECTION('',(0.,-1.));
#4718 = ( GEOMETRIC_REPRESENTATION_CONTEXT(2) 
PARAMETRIC_REPRESENTATION_CONTEXT() REPRESENTATION_CONTEXT('2D SPACE',''
  ) );
#4719 = ORIENTED_EDGE('',*,*,#4720,.T.);
#4720 = EDGE_CURVE('',#4693,#4573,#4721,.T.);
#4721 = SURFACE_CURVE('',#4722,(#4726,#4733),.PCURVE_S1.);
#4722 = LINE('',#4723,#4724);
#4723 = CARTESIAN_POINT('',(0.,33.,-106.5));
#4724 = VECTOR('',#4725,1.);
#4725 = DIRECTION('',(0.,-1.,-6.123233995737E-17));
#4726 = PCURVE('',#4593,#4727);
#4727 = DEFINITIONAL_REPRESENTATION('',(#4728),#4732);
#4728 = LINE('',#4729,#4730);
#4729 = CARTESIAN_POINT('',(0.,-15.75));
#4730 = VECTOR('',#4731,1.);
#4731 = DIRECTION('',(1.,0.));
#4732 = ( GEOMETRIC_REPRESENTATION_CONTEXT(2) 
PARAMETRIC_REPRESENTATION_CONTEXT() REPRESENTATION_CONTEXT('2D SPACE',''
  ) );
#4733 = PCURVE('',#4621,#4734);
#4734 = DEFINITIONAL_REPRESENTATION('',(#4735),#4739);
#4735 = LINE('',#4736,#4737);
#4736 = CARTESIAN_POINT('',(-1.5,-5.));
#4737 = VECTOR('',#4738,1.);
#4738 = DIRECTION('',(1.,0.));
#4739 = ( GEOMETRIC_REPRESENTATION_CONTEXT(2) 
PARAMETRIC_REPRESENTATION_CONTEXT() REPRESENTATION_CONTEXT('2D SPACE',''
  ) );
#4740 = ORIENTED_EDGE('',*,*,#4570,.F.);
#4741 = ORIENTED_EDGE('',*,*,#4742,.F.);
#4742 = EDGE_CURVE('',#4691,#4571,#4743,.T.);
#4743 = SURFACE_CURVE('',#4744,(#4748,#4755),.PCURVE_S1.);
#4744 = LINE('',#4745,#4746);
#4745 = CARTESIAN_POINT('',(15.75,33.,-106.5));
#4746 = VECTOR('',#4747,1.);
#4747 = DIRECTION('',(0.,-1.,-6.123233995737E-17));
#4748 = PCURVE('',#4593,#4749);
#4749 = DEFINITIONAL_REPRESENTATION('',(#4750),#4754);
#4750 = LINE('',#4751,#4752);
#4751 = CARTESIAN_POINT('',(0.,0.));
#4752 = VECTOR('',#4753,1.);
#4753 = DIRECTION('',(1.,0.));
#4754 = ( GEOMETRIC_REPRESENTATION_CONTEXT(2) 
PARAMETRIC_REPRESENTATION_CONTEXT() REPRESENTATION_CONTEXT('2D SPACE',''
  ) );
#4755 = PCURVE('',#4675,#4756);
#4756 = DEFINITIONAL_REPRESENTATION('',(#4757),#4761);
#4757 = LINE('',#4758,#4759);
#4758 = CARTESIAN_POINT('',(-1.5,-5.));
#4759 = VECTOR('',#4760,1.);
#4760 = DIRECTION('',(1.,0.));
#4761 = ( GEOMETRIC_REPRESENTATION_CONTEXT(2) 
PARAMETRIC_REPRESENTATION_CONTEXT() REPRESENTATION_CONTEXT('2D SPACE',''
  ) );
#4762 = ADVANCED_FACE('',(#4763),#4649,.F.);
#4763 = FACE_BOUND('',#4764,.F.);
#4764 = EDGE_LOOP('',(#4765,#4766,#4789,#4817));
#4765 = ORIENTED_EDGE('',*,*,#4633,.T.);
#4766 = ORIENTED_EDGE('',*,*,#4767,.T.);
#4767 = EDGE_CURVE('',#4606,#4768,#4770,.T.);
#4768 = VERTEX_POINT('',#4769);
#4769 = CARTESIAN_POINT('',(0.,30.,-96.5));
#4770 = SURFACE_CURVE('',#4771,(#4775,#4782),.PCURVE_S1.);
#4771 = LINE('',#4772,#4773);
#4772 = CARTESIAN_POINT('',(0.,25.,-101.5));
#4773 = VECTOR('',#4774,1.);
#4774 = DIRECTION('',(-0.,0.707106781187,0.707106781187));
#4775 = PCURVE('',#4649,#4776);
#4776 = DEFINITIONAL_REPRESENTATION('',(#4777),#4781);
#4777 = LINE('',#4778,#4779);
#4778 = CARTESIAN_POINT('',(0.,-15.75));
#4779 = VECTOR('',#4780,1.);
#4780 = DIRECTION('',(1.,0.));
#4781 = ( GEOMETRIC_REPRESENTATION_CONTEXT(2) 
PARAMETRIC_REPRESENTATION_CONTEXT() REPRESENTATION_CONTEXT('2D SPACE',''
  ) );
#4782 = PCURVE('',#4621,#4783);
#4783 = DEFINITIONAL_REPRESENTATION('',(#4784),#4788);
#4784 = LINE('',#4785,#4786);
#4785 = CARTESIAN_POINT('',(6.5,0.));
#4786 = VECTOR('',#4787,1.);
#4787 = DIRECTION('',(-0.707106781187,0.707106781187));
#4788 = ( GEOMETRIC_REPRESENTATION_CONTEXT(2) 
PARAMETRIC_REPRESENTATION_CONTEXT() REPRESENTATION_CONTEXT('2D SPACE',''
  ) );
#4789 = ORIENTED_EDGE('',*,*,#4790,.F.);
#4790 = EDGE_CURVE('',#4791,#4768,#4793,.T.);
#4791 = VERTEX_POINT('',#4792);
#4792 = CARTESIAN_POINT('',(15.75,30.,-96.5));
#4793 = SURFACE_CURVE('',#4794,(#4798,#4805),.PCURVE_S1.);
#4794 = LINE('',#4795,#4796);
#4795 = CARTESIAN_POINT('',(15.75,30.,-96.5));
#4796 = VECTOR('',#4797,1.);
#4797 = DIRECTION('',(-1.,0.,0.));
#4798 = PCURVE('',#4649,#4799);
#4799 = DEFINITIONAL_REPRESENTATION('',(#4800),#4804);
#4800 = LINE('',#4801,#4802);
#4801 = CARTESIAN_POINT('',(7.071067811865,0.));
#4802 = VECTOR('',#4803,1.);
#4803 = DIRECTION('',(0.,-1.));
#4804 = ( GEOMETRIC_REPRESENTATION_CONTEXT(2) 
PARAMETRIC_REPRESENTATION_CONTEXT() REPRESENTATION_CONTEXT('2D SPACE',''
  ) );
#4805 = PCURVE('',#4806,#4811);
#4806 = PLANE('',#4807);
#4807 = AXIS2_PLACEMENT_3D('',#4808,#4809,#4810);
#4808 = CARTESIAN_POINT('',(15.75,30.,-96.5));
#4809 = DIRECTION('',(0.,6.123233995737E-17,-1.));
#4810 = DIRECTION('',(0.,1.,6.123233995737E-17));
#4811 = DEFINITIONAL_REPRESENTATION('',(#4812),#4816);
#4812 = LINE('',#4813,#4814);
#4813 = CARTESIAN_POINT('',(0.,0.));
#4814 = VECTOR('',#4815,1.);
#4815 = DIRECTION('',(0.,-1.));
#4816 = ( GEOMETRIC_REPRESENTATION_CONTEXT(2) 
PARAMETRIC_REPRESENTATION_CONTEXT() REPRESENTATION_CONTEXT('2D SPACE',''
  ) );
#4817 = ORIENTED_EDGE('',*,*,#4818,.F.);
#4818 = EDGE_CURVE('',#4634,#4791,#4819,.T.);
#4819 = SURFACE_CURVE('',#4820,(#4824,#4831),.PCURVE_S1.);
#4820 = LINE('',#4821,#4822);
#4821 = CARTESIAN_POINT('',(15.75,25.,-101.5));
#4822 = VECTOR('',#4823,1.);
#4823 = DIRECTION('',(-0.,0.707106781187,0.707106781187));
#4824 = PCURVE('',#4649,#4825);
#4825 = DEFINITIONAL_REPRESENTATION('',(#4826),#4830);
#4826 = LINE('',#4827,#4828);
#4827 = CARTESIAN_POINT('',(0.,0.));
#4828 = VECTOR('',#4829,1.);
#4829 = DIRECTION('',(1.,0.));
#4830 = ( GEOMETRIC_REPRESENTATION_CONTEXT(2) 
PARAMETRIC_REPRESENTATION_CONTEXT() REPRESENTATION_CONTEXT('2D SPACE',''
  ) );
#4831 = PCURVE('',#4675,#4832);
#4832 = DEFINITIONAL_REPRESENTATION('',(#4833),#4837);
#4833 = LINE('',#4834,#4835);
#4834 = CARTESIAN_POINT('',(6.5,0.));
#4835 = VECTOR('',#4836,1.);
#4836 = DIRECTION('',(-0.707106781187,0.707106781187));
#4837 = ( GEOMETRIC_REPRESENTATION_CONTEXT(2) 
PARAMETRIC_REPRESENTATION_CONTEXT() REPRESENTATION_CONTEXT('2D SPACE',''
  ) );
#4838 = ADVANCED_FACE('',(#4839,#4972),#4675,.F.);
#4839 = FACE_BOUND('',#4840,.F.);
#4840 = EDGE_LOOP('',(#4841,#4842,#4843,#4844,#4867,#4895,#4923,#4951));
#4841 = ORIENTED_EDGE('',*,*,#4742,.T.);
#4842 = ORIENTED_EDGE('',*,*,#4661,.T.);
#4843 = ORIENTED_EDGE('',*,*,#4818,.T.);
#4844 = ORIENTED_EDGE('',*,*,#4845,.T.);
#4845 = EDGE_CURVE('',#4791,#4846,#4848,.T.);
#4846 = VERTEX_POINT('',#4847);
#4847 = CARTESIAN_POINT('',(15.75,32.,-96.5));
#4848 = SURFACE_CURVE('',#4849,(#4853,#4860),.PCURVE_S1.);
#4849 = LINE('',#4850,#4851);
#4850 = CARTESIAN_POINT('',(15.75,30.,-96.5));
#4851 = VECTOR('',#4852,1.);
#4852 = DIRECTION('',(0.,1.,6.123233995737E-17));
#4853 = PCURVE('',#4675,#4854);
#4854 = DEFINITIONAL_REPRESENTATION('',(#4855),#4859);
#4855 = LINE('',#4856,#4857);
#4856 = CARTESIAN_POINT('',(1.5,5.));
#4857 = VECTOR('',#4858,1.);
#4858 = DIRECTION('',(-1.,0.));
#4859 = ( GEOMETRIC_REPRESENTATION_CONTEXT(2) 
PARAMETRIC_REPRESENTATION_CONTEXT() REPRESENTATION_CONTEXT('2D SPACE',''
  ) );
#4860 = PCURVE('',#4806,#4861);
#4861 = DEFINITIONAL_REPRESENTATION('',(#4862),#4866);
#4862 = LINE('',#4863,#4864);
#4863 = CARTESIAN_POINT('',(0.,0.));
#4864 = VECTOR('',#4865,1.);
#4865 = DIRECTION('',(1.,0.));
#4866 = ( GEOMETRIC_REPRESENTATION_CONTEXT(2) 
PARAMETRIC_REPRESENTATION_CONTEXT() REPRESENTATION_CONTEXT('2D SPACE',''
  ) );
#4867 = ORIENTED_EDGE('',*,*,#4868,.T.);
#4868 = EDGE_CURVE('',#4846,#4869,#4871,.T.);
#4869 = VERTEX_POINT('',#4870);
#4870 = CARTESIAN_POINT('',(15.75,32.,-94.));
#4871 = SURFACE_CURVE('',#4872,(#4876,#4883),.PCURVE_S1.);
#4872 = LINE('',#4873,#4874);
#4873 = CARTESIAN_POINT('',(15.75,32.,-101.5));
#4874 = VECTOR('',#4875,1.);
#4875 = DIRECTION('',(0.,-6.123233995737E-17,1.));
#4876 = PCURVE('',#4675,#4877);
#4877 = DEFINITIONAL_REPRESENTATION('',(#4878),#4882);
#4878 = LINE('',#4879,#4880);
#4879 = CARTESIAN_POINT('',(-0.5,0.));
#4880 = VECTOR('',#4881,1.);
#4881 = DIRECTION('',(0.,1.));
#4882 = ( GEOMETRIC_REPRESENTATION_CONTEXT(2) 
PARAMETRIC_REPRESENTATION_CONTEXT() REPRESENTATION_CONTEXT('2D SPACE',''
  ) );
#4883 = PCURVE('',#4884,#4889);
#4884 = PLANE('',#4885);
#4885 = AXIS2_PLACEMENT_3D('',#4886,#4887,#4888);
#4886 = CARTESIAN_POINT('',(32.5,32.,-79.6087297386));
#4887 = DIRECTION('',(0.,-1.,-6.123233995737E-17));
#4888 = DIRECTION('',(-1.,0.,0.));
#4889 = DEFINITIONAL_REPRESENTATION('',(#4890),#4894);
#4890 = LINE('',#4891,#4892);
#4891 = CARTESIAN_POINT('',(16.75,21.891270261393));
#4892 = VECTOR('',#4893,1.);
#4893 = DIRECTION('',(0.,-1.));
#4894 = ( GEOMETRIC_REPRESENTATION_CONTEXT(2) 
PARAMETRIC_REPRESENTATION_CONTEXT() REPRESENTATION_CONTEXT('2D SPACE',''
  ) );
#4895 = ORIENTED_EDGE('',*,*,#4896,.F.);
#4896 = EDGE_CURVE('',#4897,#4869,#4899,.T.);
#4897 = VERTEX_POINT('',#4898);
#4898 = CARTESIAN_POINT('',(15.75,38.,-94.));
#4899 = SURFACE_CURVE('',#4900,(#4904,#4911),.PCURVE_S1.);
#4900 = LINE('',#4901,#4902);
#4901 = CARTESIAN_POINT('',(15.75,38.,-94.));
#4902 = VECTOR('',#4903,1.);
#4903 = DIRECTION('',(0.,-1.,-6.123233995737E-17));
#4904 = PCURVE('',#4675,#4905);
#4905 = DEFINITIONAL_REPRESENTATION('',(#4906),#4910);
#4906 = LINE('',#4907,#4908);
#4907 = CARTESIAN_POINT('',(-6.5,7.5));
#4908 = VECTOR('',#4909,1.);
#4909 = DIRECTION('',(1.,0.));
#4910 = ( GEOMETRIC_REPRESENTATION_CONTEXT(2) 
PARAMETRIC_REPRESENTATION_CONTEXT() REPRESENTATION_CONTEXT('2D SPACE',''
  ) );
#4911 = PCURVE('',#4912,#4917);
#4912 = PLANE('',#4913);
#4913 = AXIS2_PLACEMENT_3D('',#4914,#4915,#4916);
#4914 = CARTESIAN_POINT('',(15.75,38.,-94.));
#4915 = DIRECTION('',(0.,-6.123233995737E-17,1.));
#4916 = DIRECTION('',(1.,0.,-0.));
#4917 = DEFINITIONAL_REPRESENTATION('',(#4918),#4922);
#4918 = LINE('',#4919,#4920);
#4919 = CARTESIAN_POINT('',(0.,-0.));
#4920 = VECTOR('',#4921,1.);
#4921 = DIRECTION('',(0.,-1.));
#4922 = ( GEOMETRIC_REPRESENTATION_CONTEXT(2) 
PARAMETRIC_REPRESENTATION_CONTEXT() REPRESENTATION_CONTEXT('2D SPACE',''
  ) );
#4923 = ORIENTED_EDGE('',*,*,#4924,.F.);
#4924 = EDGE_CURVE('',#4925,#4897,#4927,.T.);
#4925 = VERTEX_POINT('',#4926);
#4926 = CARTESIAN_POINT('',(15.75,38.,-101.5));
#4927 = SURFACE_CURVE('',#4928,(#4932,#4939),.PCURVE_S1.);
#4928 = LINE('',#4929,#4930);
#4929 = CARTESIAN_POINT('',(15.75,38.,-101.5));
#4930 = VECTOR('',#4931,1.);
#4931 = DIRECTION('',(0.,-6.123233995737E-17,1.));
#4932 = PCURVE('',#4675,#4933);
#4933 = DEFINITIONAL_REPRESENTATION('',(#4934),#4938);
#4934 = LINE('',#4935,#4936);
#4935 = CARTESIAN_POINT('',(-6.5,0.));
#4936 = VECTOR('',#4937,1.);
#4937 = DIRECTION('',(0.,1.));
#4938 = ( GEOMETRIC_REPRESENTATION_CONTEXT(2) 
PARAMETRIC_REPRESENTATION_CONTEXT() REPRESENTATION_CONTEXT('2D SPACE',''
  ) );
#4939 = PCURVE('',#4940,#4945);
#4940 = PLANE('',#4941);
#4941 = AXIS2_PLACEMENT_3D('',#4942,#4943,#4944);
#4942 = CARTESIAN_POINT('',(32.5,38.,-79.6087297386));
#4943 = DIRECTION('',(0.,-1.,-6.123233995737E-17));
#4944 = DIRECTION('',(-1.,0.,0.));
#4945 = DEFINITIONAL_REPRESENTATION('',(#4946),#4950);
#4946 = LINE('',#4947,#4948);
#4947 = CARTESIAN_POINT('',(16.75,21.891270261393));
#4948 = VECTOR('',#4949,1.);
#4949 = DIRECTION('',(0.,-1.));
#4950 = ( GEOMETRIC_REPRESENTATION_CONTEXT(2) 
PARAMETRIC_REPRESENTATION_CONTEXT() REPRESENTATION_CONTEXT('2D SPACE',''
  ) );
#4951 = ORIENTED_EDGE('',*,*,#4952,.T.);
#4952 = EDGE_CURVE('',#4925,#4691,#4953,.T.);
#4953 = SURFACE_CURVE('',#4954,(#4958,#4965),.PCURVE_S1.);
#4954 = LINE('',#4955,#4956);
#4955 = CARTESIAN_POINT('',(15.75,38.,-101.5));
#4956 = VECTOR('',#4957,1.);
#4957 = DIRECTION('',(0.,-0.707106781187,-0.707106781187));
#4958 = PCURVE('',#4675,#4959);
#4959 = DEFINITIONAL_REPRESENTATION('',(#4960),#4964);
#4960 = LINE('',#4961,#4962);
#4961 = CARTESIAN_POINT('',(-6.5,0.));
#4962 = VECTOR('',#4963,1.);
#4963 = DIRECTION('',(0.707106781187,-0.707106781187));
#4964 = ( GEOMETRIC_REPRESENTATION_CONTEXT(2) 
PARAMETRIC_REPRESENTATION_CONTEXT() REPRESENTATION_CONTEXT('2D SPACE',''
  ) );
#4965 = PCURVE('',#4708,#4966);
#4966 = DEFINITIONAL_REPRESENTATION('',(#4967),#4971);
#4967 = LINE('',#4968,#4969);
#4968 = CARTESIAN_POINT('',(0.,0.));
#4969 = VECTOR('',#4970,1.);
#4970 = DIRECTION('',(1.,0.));
#4971 = ( GEOMETRIC_REPRESENTATION_CONTEXT(2) 
PARAMETRIC_REPRESENTATION_CONTEXT() REPRESENTATION_CONTEXT('2D SPACE',''
  ) );
#4972 = FACE_BOUND('',#4973,.F.);
#4973 = EDGE_LOOP('',(#4974));
#4974 = ORIENTED_EDGE('',*,*,#4975,.F.);
#4975 = EDGE_CURVE('',#4976,#4976,#4978,.T.);
#4976 = VERTEX_POINT('',#4977);
#4977 = CARTESIAN_POINT('',(15.75,27.934314575051,-101.5));
#4978 = SURFACE_CURVE('',#4979,(#4984,#4991),.PCURVE_S1.);
#4979 = CIRCLE('',#4980,3.565685424949);
#4980 = AXIS2_PLACEMENT_3D('',#4981,#4982,#4983);
#4981 = CARTESIAN_POINT('',(15.75,31.5,-101.5));
#4982 = DIRECTION('',(-1.,-0.,0.));
#4983 = DIRECTION('',(0.,-1.,-6.123233995737E-17));
#4984 = PCURVE('',#4675,#4985);
#4985 = DEFINITIONAL_REPRESENTATION('',(#4986),#4990);
#4986 = CIRCLE('',#4987,3.565685424949);
#4987 = AXIS2_PLACEMENT_2D('',#4988,#4989);
#4988 = CARTESIAN_POINT('',(0.,0.));
#4989 = DIRECTION('',(1.,0.));
#4990 = ( GEOMETRIC_REPRESENTATION_CONTEXT(2) 
PARAMETRIC_REPRESENTATION_CONTEXT() REPRESENTATION_CONTEXT('2D SPACE',''
  ) );
#4991 = PCURVE('',#4992,#4997);
#4992 = CONICAL_SURFACE('',#4993,4.065685424949,0.785398163397);
#4993 = AXIS2_PLACEMENT_3D('',#4994,#4995,#4996);
#4994 = CARTESIAN_POINT('',(16.25,31.5,-101.5));
#4995 = DIRECTION('',(1.,0.,0.));
#4996 = DIRECTION('',(0.,-1.,-6.123233995737E-17));
#4997 = DEFINITIONAL_REPRESENTATION('',(#4998),#5002);
#4998 = LINE('',#4999,#5000);
#4999 = CARTESIAN_POINT('',(-0.,-0.5));
#5000 = VECTOR('',#5001,1.);
#5001 = DIRECTION('',(-1.,-0.));
#5002 = ( GEOMETRIC_REPRESENTATION_CONTEXT(2) 
PARAMETRIC_REPRESENTATION_CONTEXT() REPRESENTATION_CONTEXT('2D SPACE',''
  ) );
#5003 = ADVANCED_FACE('',(#5004),#4621,.T.);
#5004 = FACE_BOUND('',#5005,.T.);
#5005 = EDGE_LOOP('',(#5006,#5007,#5008,#5009,#5032,#5055,#5083,#5106));
#5006 = ORIENTED_EDGE('',*,*,#4720,.T.);
#5007 = ORIENTED_EDGE('',*,*,#4605,.T.);
#5008 = ORIENTED_EDGE('',*,*,#4767,.T.);
#5009 = ORIENTED_EDGE('',*,*,#5010,.T.);
#5010 = EDGE_CURVE('',#4768,#5011,#5013,.T.);
#5011 = VERTEX_POINT('',#5012);
#5012 = CARTESIAN_POINT('',(0.,32.,-96.5));
#5013 = SURFACE_CURVE('',#5014,(#5018,#5025),.PCURVE_S1.);
#5014 = LINE('',#5015,#5016);
#5015 = CARTESIAN_POINT('',(0.,30.,-96.5));
#5016 = VECTOR('',#5017,1.);
#5017 = DIRECTION('',(0.,1.,6.123233995737E-17));
#5018 = PCURVE('',#4621,#5019);
#5019 = DEFINITIONAL_REPRESENTATION('',(#5020),#5024);
#5020 = LINE('',#5021,#5022);
#5021 = CARTESIAN_POINT('',(1.5,5.));
#5022 = VECTOR('',#5023,1.);
#5023 = DIRECTION('',(-1.,0.));
#5024 = ( GEOMETRIC_REPRESENTATION_CONTEXT(2) 
PARAMETRIC_REPRESENTATION_CONTEXT() REPRESENTATION_CONTEXT('2D SPACE',''
  ) );
#5025 = PCURVE('',#4806,#5026);
#5026 = DEFINITIONAL_REPRESENTATION('',(#5027),#5031);
#5027 = LINE('',#5028,#5029);
#5028 = CARTESIAN_POINT('',(0.,-15.75));
#5029 = VECTOR('',#5030,1.);
#5030 = DIRECTION('',(1.,0.));
#5031 = ( GEOMETRIC_REPRESENTATION_CONTEXT(2) 
PARAMETRIC_REPRESENTATION_CONTEXT() REPRESENTATION_CONTEXT('2D SPACE',''
  ) );
#5032 = ORIENTED_EDGE('',*,*,#5033,.F.);
#5033 = EDGE_CURVE('',#5034,#5011,#5036,.T.);
#5034 = VERTEX_POINT('',#5035);
#5035 = CARTESIAN_POINT('',(0.,32.,-74.75));
#5036 = SURFACE_CURVE('',#5037,(#5041,#5048),.PCURVE_S1.);
#5037 = LINE('',#5038,#5039);
#5038 = CARTESIAN_POINT('',(0.,32.,-74.75));
#5039 = VECTOR('',#5040,1.);
#5040 = DIRECTION('',(0.,6.123233995737E-17,-1.));
#5041 = PCURVE('',#4621,#5042);
#5042 = DEFINITIONAL_REPRESENTATION('',(#5043),#5047);
#5043 = LINE('',#5044,#5045);
#5044 = CARTESIAN_POINT('',(-0.5,26.75));
#5045 = VECTOR('',#5046,1.);
#5046 = DIRECTION('',(0.,-1.));
#5047 = ( GEOMETRIC_REPRESENTATION_CONTEXT(2) 
PARAMETRIC_REPRESENTATION_CONTEXT() REPRESENTATION_CONTEXT('2D SPACE',''
  ) );
#5048 = PCURVE('',#4884,#5049);
#5049 = DEFINITIONAL_REPRESENTATION('',(#5050),#5054);
#5050 = LINE('',#5051,#5052);
#5051 = CARTESIAN_POINT('',(32.5,-4.858729738607));
#5052 = VECTOR('',#5053,1.);
#5053 = DIRECTION('',(0.,1.));
#5054 = ( GEOMETRIC_REPRESENTATION_CONTEXT(2) 
PARAMETRIC_REPRESENTATION_CONTEXT() REPRESENTATION_CONTEXT('2D SPACE',''
  ) );
#5055 = ORIENTED_EDGE('',*,*,#5056,.F.);
#5056 = EDGE_CURVE('',#5057,#5034,#5059,.T.);
#5057 = VERTEX_POINT('',#5058);
#5058 = CARTESIAN_POINT('',(0.,38.,-74.75));
#5059 = SURFACE_CURVE('',#5060,(#5064,#5071),.PCURVE_S1.);
#5060 = LINE('',#5061,#5062);
#5061 = CARTESIAN_POINT('',(0.,38.,-74.75));
#5062 = VECTOR('',#5063,1.);
#5063 = DIRECTION('',(0.,-1.,-6.123233995737E-17));
#5064 = PCURVE('',#4621,#5065);
#5065 = DEFINITIONAL_REPRESENTATION('',(#5066),#5070);
#5066 = LINE('',#5067,#5068);
#5067 = CARTESIAN_POINT('',(-6.5,26.75));
#5068 = VECTOR('',#5069,1.);
#5069 = DIRECTION('',(1.,0.));
#5070 = ( GEOMETRIC_REPRESENTATION_CONTEXT(2) 
PARAMETRIC_REPRESENTATION_CONTEXT() REPRESENTATION_CONTEXT('2D SPACE',''
  ) );
#5071 = PCURVE('',#5072,#5077);
#5072 = PLANE('',#5073);
#5073 = AXIS2_PLACEMENT_3D('',#5074,#5075,#5076);
#5074 = CARTESIAN_POINT('',(16.25,38.,-58.5));
#5075 = DIRECTION('',(0.707106781187,4.329780281177E-17,-0.707106781187)
  );
#5076 = DIRECTION('',(-0.707106781187,4.329780281177E-17,-0.707106781187
    ));
#5077 = DEFINITIONAL_REPRESENTATION('',(#5078),#5082);
#5078 = LINE('',#5079,#5080);
#5079 = CARTESIAN_POINT('',(22.980970388563,0.));
#5080 = VECTOR('',#5081,1.);
#5081 = DIRECTION('',(0.,-1.));
#5082 = ( GEOMETRIC_REPRESENTATION_CONTEXT(2) 
PARAMETRIC_REPRESENTATION_CONTEXT() REPRESENTATION_CONTEXT('2D SPACE',''
  ) );
#5083 = ORIENTED_EDGE('',*,*,#5084,.T.);
#5084 = EDGE_CURVE('',#5057,#5085,#5087,.T.);
#5085 = VERTEX_POINT('',#5086);
#5086 = CARTESIAN_POINT('',(0.,38.,-101.5));
#5087 = SURFACE_CURVE('',#5088,(#5092,#5099),.PCURVE_S1.);
#5088 = LINE('',#5089,#5090);
#5089 = CARTESIAN_POINT('',(0.,38.,-74.75));
#5090 = VECTOR('',#5091,1.);
#5091 = DIRECTION('',(0.,6.123233995737E-17,-1.));
#5092 = PCURVE('',#4621,#5093);
#5093 = DEFINITIONAL_REPRESENTATION('',(#5094),#5098);
#5094 = LINE('',#5095,#5096);
#5095 = CARTESIAN_POINT('',(-6.5,26.75));
#5096 = VECTOR('',#5097,1.);
#5097 = DIRECTION('',(0.,-1.));
#5098 = ( GEOMETRIC_REPRESENTATION_CONTEXT(2) 
PARAMETRIC_REPRESENTATION_CONTEXT() REPRESENTATION_CONTEXT('2D SPACE',''
  ) );
#5099 = PCURVE('',#4940,#5100);
#5100 = DEFINITIONAL_REPRESENTATION('',(#5101),#5105);
#5101 = LINE('',#5102,#5103);
#5102 = CARTESIAN_POINT('',(32.5,-4.858729738607));
#5103 = VECTOR('',#5104,1.);
#5104 = DIRECTION('',(0.,1.));
#5105 = ( GEOMETRIC_REPRESENTATION_CONTEXT(2) 
PARAMETRIC_REPRESENTATION_CONTEXT() REPRESENTATION_CONTEXT('2D SPACE',''
  ) );
#5106 = ORIENTED_EDGE('',*,*,#5107,.T.);
#5107 = EDGE_CURVE('',#5085,#4693,#5108,.T.);
#5108 = SURFACE_CURVE('',#5109,(#5113,#5120),.PCURVE_S1.);
#5109 = LINE('',#5110,#5111);
#5110 = CARTESIAN_POINT('',(0.,38.,-101.5));
#5111 = VECTOR('',#5112,1.);
#5112 = DIRECTION('',(0.,-0.707106781187,-0.707106781187));
#5113 = PCURVE('',#4621,#5114);
#5114 = DEFINITIONAL_REPRESENTATION('',(#5115),#5119);
#5115 = LINE('',#5116,#5117);
#5116 = CARTESIAN_POINT('',(-6.5,0.));
#5117 = VECTOR('',#5118,1.);
#5118 = DIRECTION('',(0.707106781187,-0.707106781187));
#5119 = ( GEOMETRIC_REPRESENTATION_CONTEXT(2) 
PARAMETRIC_REPRESENTATION_CONTEXT() REPRESENTATION_CONTEXT('2D SPACE',''
  ) );
#5120 = PCURVE('',#4708,#5121);
#5121 = DEFINITIONAL_REPRESENTATION('',(#5122),#5126);
#5122 = LINE('',#5123,#5124);
#5123 = CARTESIAN_POINT('',(0.,-15.75));
#5124 = VECTOR('',#5125,1.);
#5125 = DIRECTION('',(1.,0.));
#5126 = ( GEOMETRIC_REPRESENTATION_CONTEXT(2) 
PARAMETRIC_REPRESENTATION_CONTEXT() REPRESENTATION_CONTEXT('2D SPACE',''
  ) );
#5127 = ADVANCED_FACE('',(#5128),#4708,.F.);
#5128 = FACE_BOUND('',#5129,.F.);
#5129 = EDGE_LOOP('',(#5130,#5151,#5152,#5153));
#5130 = ORIENTED_EDGE('',*,*,#5131,.F.);
#5131 = EDGE_CURVE('',#5085,#4925,#5132,.T.);
#5132 = SURFACE_CURVE('',#5133,(#5137,#5144),.PCURVE_S1.);
#5133 = LINE('',#5134,#5135);
#5134 = CARTESIAN_POINT('',(0.,38.,-101.5));
#5135 = VECTOR('',#5136,1.);
#5136 = DIRECTION('',(1.,0.,-0.));
#5137 = PCURVE('',#4708,#5138);
#5138 = DEFINITIONAL_REPRESENTATION('',(#5139),#5143);
#5139 = LINE('',#5140,#5141);
#5140 = CARTESIAN_POINT('',(0.,-15.75));
#5141 = VECTOR('',#5142,1.);
#5142 = DIRECTION('',(0.,1.));
#5143 = ( GEOMETRIC_REPRESENTATION_CONTEXT(2) 
PARAMETRIC_REPRESENTATION_CONTEXT() REPRESENTATION_CONTEXT('2D SPACE',''
  ) );
#5144 = PCURVE('',#4940,#5145);
#5145 = DEFINITIONAL_REPRESENTATION('',(#5146),#5150);
#5146 = LINE('',#5147,#5148);
#5147 = CARTESIAN_POINT('',(32.5,21.891270261393));
#5148 = VECTOR('',#5149,1.);
#5149 = DIRECTION('',(-1.,0.));
#5150 = ( GEOMETRIC_REPRESENTATION_CONTEXT(2) 
PARAMETRIC_REPRESENTATION_CONTEXT() REPRESENTATION_CONTEXT('2D SPACE',''
  ) );
#5151 = ORIENTED_EDGE('',*,*,#5107,.T.);
#5152 = ORIENTED_EDGE('',*,*,#4690,.F.);
#5153 = ORIENTED_EDGE('',*,*,#4952,.F.);
#5154 = ADVANCED_FACE('',(#5155),#4806,.F.);
#5155 = FACE_BOUND('',#5156,.F.);
#5156 = EDGE_LOOP('',(#5157,#5158,#5159,#5160));
#5157 = ORIENTED_EDGE('',*,*,#4845,.F.);
#5158 = ORIENTED_EDGE('',*,*,#4790,.T.);
#5159 = ORIENTED_EDGE('',*,*,#5010,.T.);
#5160 = ORIENTED_EDGE('',*,*,#5161,.T.);
#5161 = EDGE_CURVE('',#5011,#4846,#5162,.T.);
#5162 = SURFACE_CURVE('',#5163,(#5167,#5173),.PCURVE_S1.);
#5163 = LINE('',#5164,#5165);
#5164 = CARTESIAN_POINT('',(24.125,32.,-96.5));
#5165 = VECTOR('',#5166,1.);
#5166 = DIRECTION('',(1.,-0.,0.));
#5167 = PCURVE('',#4806,#5168);
#5168 = DEFINITIONAL_REPRESENTATION('',(#5169),#5172);
#5169 = B_SPLINE_CURVE_WITH_KNOTS('',1,(#5170,#5171),.UNSPECIFIED.,.F.,
  .F.,(2,2),(-24.125,-8.375),.PIECEWISE_BEZIER_KNOTS.);
#5170 = CARTESIAN_POINT('',(2.,-15.75));
#5171 = CARTESIAN_POINT('',(2.,0.));
#5172 = ( GEOMETRIC_REPRESENTATION_CONTEXT(2) 
PARAMETRIC_REPRESENTATION_CONTEXT() REPRESENTATION_CONTEXT('2D SPACE',''
  ) );
#5173 = PCURVE('',#4884,#5174);
#5174 = DEFINITIONAL_REPRESENTATION('',(#5175),#5178);
#5175 = B_SPLINE_CURVE_WITH_KNOTS('',1,(#5176,#5177),.UNSPECIFIED.,.F.,
  .F.,(2,2),(-24.125,-8.375),.PIECEWISE_BEZIER_KNOTS.);
#5176 = CARTESIAN_POINT('',(32.5,16.891270261393));
#5177 = CARTESIAN_POINT('',(16.75,16.891270261393));
#5178 = ( GEOMETRIC_REPRESENTATION_CONTEXT(2) 
PARAMETRIC_REPRESENTATION_CONTEXT() REPRESENTATION_CONTEXT('2D SPACE',''
  ) );
#5179 = ADVANCED_FACE('',(#5180),#4940,.F.);
#5180 = FACE_BOUND('',#5181,.F.);
#5181 = EDGE_LOOP('',(#5182,#5212,#5240,#5268,#5294,#5322,#5343,#5344,
    #5345,#5346,#5369,#5397));
#5182 = ORIENTED_EDGE('',*,*,#5183,.T.);
#5183 = EDGE_CURVE('',#5184,#5186,#5188,.T.);
#5184 = VERTEX_POINT('',#5185);
#5185 = CARTESIAN_POINT('',(65.,38.,-101.5));
#5186 = VERTEX_POINT('',#5187);
#5187 = CARTESIAN_POINT('',(65.,38.,-74.75));
#5188 = SURFACE_CURVE('',#5189,(#5193,#5200),.PCURVE_S1.);
#5189 = LINE('',#5190,#5191);
#5190 = CARTESIAN_POINT('',(65.,38.,-101.5));
#5191 = VECTOR('',#5192,1.);
#5192 = DIRECTION('',(0.,-6.123233995737E-17,1.));
#5193 = PCURVE('',#4940,#5194);
#5194 = DEFINITIONAL_REPRESENTATION('',(#5195),#5199);
#5195 = LINE('',#5196,#5197);
#5196 = CARTESIAN_POINT('',(-32.5,21.891270261393));
#5197 = VECTOR('',#5198,1.);
#5198 = DIRECTION('',(0.,-1.));
#5199 = ( GEOMETRIC_REPRESENTATION_CONTEXT(2) 
PARAMETRIC_REPRESENTATION_CONTEXT() REPRESENTATION_CONTEXT('2D SPACE',''
  ) );
#5200 = PCURVE('',#5201,#5206);
#5201 = PLANE('',#5202);
#5202 = AXIS2_PLACEMENT_3D('',#5203,#5204,#5205);
#5203 = CARTESIAN_POINT('',(65.,31.5,-101.5));
#5204 = DIRECTION('',(-1.,0.,0.));
#5205 = DIRECTION('',(0.,-1.,-6.123233995737E-17));
#5206 = DEFINITIONAL_REPRESENTATION('',(#5207),#5211);
#5207 = LINE('',#5208,#5209);
#5208 = CARTESIAN_POINT('',(-6.5,0.));
#5209 = VECTOR('',#5210,1.);
#5210 = DIRECTION('',(0.,1.));
#5211 = ( GEOMETRIC_REPRESENTATION_CONTEXT(2) 
PARAMETRIC_REPRESENTATION_CONTEXT() REPRESENTATION_CONTEXT('2D SPACE',''
  ) );
#5212 = ORIENTED_EDGE('',*,*,#5213,.T.);
#5213 = EDGE_CURVE('',#5186,#5214,#5216,.T.);
#5214 = VERTEX_POINT('',#5215);
#5215 = CARTESIAN_POINT('',(48.75,38.,-58.5));
#5216 = SURFACE_CURVE('',#5217,(#5221,#5228),.PCURVE_S1.);
#5217 = LINE('',#5218,#5219);
#5218 = CARTESIAN_POINT('',(65.,38.,-74.75));
#5219 = VECTOR('',#5220,1.);
#5220 = DIRECTION('',(-0.707106781187,-4.329780281177E-17,0.707106781187
    ));
#5221 = PCURVE('',#4940,#5222);
#5222 = DEFINITIONAL_REPRESENTATION('',(#5223),#5227);
#5223 = LINE('',#5224,#5225);
#5224 = CARTESIAN_POINT('',(-32.5,-4.858729738607));
#5225 = VECTOR('',#5226,1.);
#5226 = DIRECTION('',(0.707106781187,-0.707106781187));
#5227 = ( GEOMETRIC_REPRESENTATION_CONTEXT(2) 
PARAMETRIC_REPRESENTATION_CONTEXT() REPRESENTATION_CONTEXT('2D SPACE',''
  ) );
#5228 = PCURVE('',#5229,#5234);
#5229 = PLANE('',#5230);
#5230 = AXIS2_PLACEMENT_3D('',#5231,#5232,#5233);
#5231 = CARTESIAN_POINT('',(65.,38.,-74.75));
#5232 = DIRECTION('',(-0.707106781187,4.329780281177E-17,-0.707106781187
    ));
#5233 = DIRECTION('',(-0.707106781187,-4.329780281177E-17,0.707106781187
    ));
#5234 = DEFINITIONAL_REPRESENTATION('',(#5235),#5239);
#5235 = LINE('',#5236,#5237);
#5236 = CARTESIAN_POINT('',(0.,0.));
#5237 = VECTOR('',#5238,1.);
#5238 = DIRECTION('',(1.,0.));
#5239 = ( GEOMETRIC_REPRESENTATION_CONTEXT(2) 
PARAMETRIC_REPRESENTATION_CONTEXT() REPRESENTATION_CONTEXT('2D SPACE',''
  ) );
#5240 = ORIENTED_EDGE('',*,*,#5241,.T.);
#5241 = EDGE_CURVE('',#5214,#5242,#5244,.T.);
#5242 = VERTEX_POINT('',#5243);
#5243 = CARTESIAN_POINT('',(48.75,38.,-56.));
#5244 = SURFACE_CURVE('',#5245,(#5249,#5256),.PCURVE_S1.);
#5245 = LINE('',#5246,#5247);
#5246 = CARTESIAN_POINT('',(48.75,38.,-58.5));
#5247 = VECTOR('',#5248,1.);
#5248 = DIRECTION('',(0.,-6.123233995737E-17,1.));
#5249 = PCURVE('',#4940,#5250);
#5250 = DEFINITIONAL_REPRESENTATION('',(#5251),#5255);
#5251 = LINE('',#5252,#5253);
#5252 = CARTESIAN_POINT('',(-16.25,-21.1087297386));
#5253 = VECTOR('',#5254,1.);
#5254 = DIRECTION('',(0.,-1.));
#5255 = ( GEOMETRIC_REPRESENTATION_CONTEXT(2) 
PARAMETRIC_REPRESENTATION_CONTEXT() REPRESENTATION_CONTEXT('2D SPACE',''
  ) );
#5256 = PCURVE('',#5257,#5262);
#5257 = PLANE('',#5258);
#5258 = AXIS2_PLACEMENT_3D('',#5259,#5260,#5261);
#5259 = CARTESIAN_POINT('',(48.75,38.,-58.5));
#5260 = DIRECTION('',(-1.,0.,0.));
#5261 = DIRECTION('',(0.,-6.123233995737E-17,1.));
#5262 = DEFINITIONAL_REPRESENTATION('',(#5263),#5267);
#5263 = LINE('',#5264,#5265);
#5264 = CARTESIAN_POINT('',(0.,0.));
#5265 = VECTOR('',#5266,1.);
#5266 = DIRECTION('',(1.,0.));
#5267 = ( GEOMETRIC_REPRESENTATION_CONTEXT(2) 
PARAMETRIC_REPRESENTATION_CONTEXT() REPRESENTATION_CONTEXT('2D SPACE',''
  ) );
#5268 = ORIENTED_EDGE('',*,*,#5269,.T.);
#5269 = EDGE_CURVE('',#5242,#5270,#5272,.T.);
#5270 = VERTEX_POINT('',#5271);
#5271 = CARTESIAN_POINT('',(16.25,38.,-56.));
#5272 = SURFACE_CURVE('',#5273,(#5277,#5283),.PCURVE_S1.);
#5273 = LINE('',#5274,#5275);
#5274 = CARTESIAN_POINT('',(40.625,38.,-56.));
#5275 = VECTOR('',#5276,1.);
#5276 = DIRECTION('',(-1.,0.,0.));
#5277 = PCURVE('',#4940,#5278);
#5278 = DEFINITIONAL_REPRESENTATION('',(#5279),#5282);
#5279 = B_SPLINE_CURVE_WITH_KNOTS('',1,(#5280,#5281),.UNSPECIFIED.,.F.,
  .F.,(2,2),(-8.125,24.375),.PIECEWISE_BEZIER_KNOTS.);
#5280 = CARTESIAN_POINT('',(-16.25,-23.6087297386));
#5281 = CARTESIAN_POINT('',(16.25,-23.6087297386));
#5282 = ( GEOMETRIC_REPRESENTATION_CONTEXT(2) 
PARAMETRIC_REPRESENTATION_CONTEXT() REPRESENTATION_CONTEXT('2D SPACE',''
  ) );
#5283 = PCURVE('',#5284,#5289);
#5284 = PLANE('',#5285);
#5285 = AXIS2_PLACEMENT_3D('',#5286,#5287,#5288);
#5286 = CARTESIAN_POINT('',(48.75,40.,-56.));
#5287 = DIRECTION('',(0.,-6.123233995737E-17,1.));
#5288 = DIRECTION('',(0.,-1.,-6.123233995737E-17));
#5289 = DEFINITIONAL_REPRESENTATION('',(#5290),#5293);
#5290 = B_SPLINE_CURVE_WITH_KNOTS('',1,(#5291,#5292),.UNSPECIFIED.,.F.,
  .F.,(2,2),(-8.125,24.375),.PIECEWISE_BEZIER_KNOTS.);
#5291 = CARTESIAN_POINT('',(2.,0.));
#5292 = CARTESIAN_POINT('',(2.,-32.5));
#5293 = ( GEOMETRIC_REPRESENTATION_CONTEXT(2) 
PARAMETRIC_REPRESENTATION_CONTEXT() REPRESENTATION_CONTEXT('2D SPACE',''
  ) );
#5294 = ORIENTED_EDGE('',*,*,#5295,.T.);
#5295 = EDGE_CURVE('',#5270,#5296,#5298,.T.);
#5296 = VERTEX_POINT('',#5297);
#5297 = CARTESIAN_POINT('',(16.25,38.,-58.5));
#5298 = SURFACE_CURVE('',#5299,(#5303,#5310),.PCURVE_S1.);
#5299 = LINE('',#5300,#5301);
#5300 = CARTESIAN_POINT('',(16.25,38.,-51.));
#5301 = VECTOR('',#5302,1.);
#5302 = DIRECTION('',(0.,6.123233995737E-17,-1.));
#5303 = PCURVE('',#4940,#5304);
#5304 = DEFINITIONAL_REPRESENTATION('',(#5305),#5309);
#5305 = LINE('',#5306,#5307);
#5306 = CARTESIAN_POINT('',(16.25,-28.6087297386));
#5307 = VECTOR('',#5308,1.);
#5308 = DIRECTION('',(0.,1.));
#5309 = ( GEOMETRIC_REPRESENTATION_CONTEXT(2) 
PARAMETRIC_REPRESENTATION_CONTEXT() REPRESENTATION_CONTEXT('2D SPACE',''
  ) );
#5310 = PCURVE('',#5311,#5316);
#5311 = PLANE('',#5312);
#5312 = AXIS2_PLACEMENT_3D('',#5313,#5314,#5315);
#5313 = CARTESIAN_POINT('',(16.25,38.,-51.));
#5314 = DIRECTION('',(1.,0.,-0.));
#5315 = DIRECTION('',(0.,6.123233995737E-17,-1.));
#5316 = DEFINITIONAL_REPRESENTATION('',(#5317),#5321);
#5317 = LINE('',#5318,#5319);
#5318 = CARTESIAN_POINT('',(0.,0.));
#5319 = VECTOR('',#5320,1.);
#5320 = DIRECTION('',(1.,0.));
#5321 = ( GEOMETRIC_REPRESENTATION_CONTEXT(2) 
PARAMETRIC_REPRESENTATION_CONTEXT() REPRESENTATION_CONTEXT('2D SPACE',''
  ) );
#5322 = ORIENTED_EDGE('',*,*,#5323,.T.);
#5323 = EDGE_CURVE('',#5296,#5057,#5324,.T.);
#5324 = SURFACE_CURVE('',#5325,(#5329,#5336),.PCURVE_S1.);
#5325 = LINE('',#5326,#5327);
#5326 = CARTESIAN_POINT('',(16.25,38.,-58.5));
#5327 = VECTOR('',#5328,1.);
#5328 = DIRECTION('',(-0.707106781187,4.329780281177E-17,-0.707106781187
    ));
#5329 = PCURVE('',#4940,#5330);
#5330 = DEFINITIONAL_REPRESENTATION('',(#5331),#5335);
#5331 = LINE('',#5332,#5333);
#5332 = CARTESIAN_POINT('',(16.25,-21.1087297386));
#5333 = VECTOR('',#5334,1.);
#5334 = DIRECTION('',(0.707106781187,0.707106781187));
#5335 = ( GEOMETRIC_REPRESENTATION_CONTEXT(2) 
PARAMETRIC_REPRESENTATION_CONTEXT() REPRESENTATION_CONTEXT('2D SPACE',''
  ) );
#5336 = PCURVE('',#5072,#5337);
#5337 = DEFINITIONAL_REPRESENTATION('',(#5338),#5342);
#5338 = LINE('',#5339,#5340);
#5339 = CARTESIAN_POINT('',(0.,0.));
#5340 = VECTOR('',#5341,1.);
#5341 = DIRECTION('',(1.,0.));
#5342 = ( GEOMETRIC_REPRESENTATION_CONTEXT(2) 
PARAMETRIC_REPRESENTATION_CONTEXT() REPRESENTATION_CONTEXT('2D SPACE',''
  ) );
#5343 = ORIENTED_EDGE('',*,*,#5084,.T.);
#5344 = ORIENTED_EDGE('',*,*,#5131,.T.);
#5345 = ORIENTED_EDGE('',*,*,#4924,.T.);
#5346 = ORIENTED_EDGE('',*,*,#5347,.T.);
#5347 = EDGE_CURVE('',#4897,#5348,#5350,.T.);
#5348 = VERTEX_POINT('',#5349);
#5349 = CARTESIAN_POINT('',(49.25,38.,-94.));
#5350 = SURFACE_CURVE('',#5351,(#5355,#5362),.PCURVE_S1.);
#5351 = LINE('',#5352,#5353);
#5352 = CARTESIAN_POINT('',(15.75,38.,-94.));
#5353 = VECTOR('',#5354,1.);
#5354 = DIRECTION('',(1.,0.,-0.));
#5355 = PCURVE('',#4940,#5356);
#5356 = DEFINITIONAL_REPRESENTATION('',(#5357),#5361);
#5357 = LINE('',#5358,#5359);
#5358 = CARTESIAN_POINT('',(16.75,14.391270261393));
#5359 = VECTOR('',#5360,1.);
#5360 = DIRECTION('',(-1.,0.));
#5361 = ( GEOMETRIC_REPRESENTATION_CONTEXT(2) 
PARAMETRIC_REPRESENTATION_CONTEXT() REPRESENTATION_CONTEXT('2D SPACE',''
  ) );
#5362 = PCURVE('',#4912,#5363);
#5363 = DEFINITIONAL_REPRESENTATION('',(#5364),#5368);
#5364 = LINE('',#5365,#5366);
#5365 = CARTESIAN_POINT('',(0.,-0.));
#5366 = VECTOR('',#5367,1.);
#5367 = DIRECTION('',(1.,0.));
#5368 = ( GEOMETRIC_REPRESENTATION_CONTEXT(2) 
PARAMETRIC_REPRESENTATION_CONTEXT() REPRESENTATION_CONTEXT('2D SPACE',''
  ) );
#5369 = ORIENTED_EDGE('',*,*,#5370,.T.);
#5370 = EDGE_CURVE('',#5348,#5371,#5373,.T.);
#5371 = VERTEX_POINT('',#5372);
#5372 = CARTESIAN_POINT('',(49.25,38.,-101.5));
#5373 = SURFACE_CURVE('',#5374,(#5378,#5385),.PCURVE_S1.);
#5374 = LINE('',#5375,#5376);
#5375 = CARTESIAN_POINT('',(49.25,38.,-94.));
#5376 = VECTOR('',#5377,1.);
#5377 = DIRECTION('',(0.,6.123233995737E-17,-1.));
#5378 = PCURVE('',#4940,#5379);
#5379 = DEFINITIONAL_REPRESENTATION('',(#5380),#5384);
#5380 = LINE('',#5381,#5382);
#5381 = CARTESIAN_POINT('',(-16.75,14.391270261393));
#5382 = VECTOR('',#5383,1.);
#5383 = DIRECTION('',(0.,1.));
#5384 = ( GEOMETRIC_REPRESENTATION_CONTEXT(2) 
PARAMETRIC_REPRESENTATION_CONTEXT() REPRESENTATION_CONTEXT('2D SPACE',''
  ) );
#5385 = PCURVE('',#5386,#5391);
#5386 = PLANE('',#5387);
#5387 = AXIS2_PLACEMENT_3D('',#5388,#5389,#5390);
#5388 = CARTESIAN_POINT('',(49.25,31.5,-101.5));
#5389 = DIRECTION('',(-1.,0.,0.));
#5390 = DIRECTION('',(0.,-1.,-6.123233995737E-17));
#5391 = DEFINITIONAL_REPRESENTATION('',(#5392),#5396);
#5392 = LINE('',#5393,#5394);
#5393 = CARTESIAN_POINT('',(-6.5,7.5));
#5394 = VECTOR('',#5395,1.);
#5395 = DIRECTION('',(0.,-1.));
#5396 = ( GEOMETRIC_REPRESENTATION_CONTEXT(2) 
PARAMETRIC_REPRESENTATION_CONTEXT() REPRESENTATION_CONTEXT('2D SPACE',''
  ) );
#5397 = ORIENTED_EDGE('',*,*,#5398,.T.);
#5398 = EDGE_CURVE('',#5371,#5184,#5399,.T.);
#5399 = SURFACE_CURVE('',#5400,(#5404,#5411),.PCURVE_S1.);
#5400 = LINE('',#5401,#5402);
#5401 = CARTESIAN_POINT('',(49.25,38.,-101.5));
#5402 = VECTOR('',#5403,1.);
#5403 = DIRECTION('',(1.,0.,-0.));
#5404 = PCURVE('',#4940,#5405);
#5405 = DEFINITIONAL_REPRESENTATION('',(#5406),#5410);
#5406 = LINE('',#5407,#5408);
#5407 = CARTESIAN_POINT('',(-16.75,21.891270261393));
#5408 = VECTOR('',#5409,1.);
#5409 = DIRECTION('',(-1.,0.));
#5410 = ( GEOMETRIC_REPRESENTATION_CONTEXT(2) 
PARAMETRIC_REPRESENTATION_CONTEXT() REPRESENTATION_CONTEXT('2D SPACE',''
  ) );
#5411 = PCURVE('',#5412,#5417);
#5412 = PLANE('',#5413);
#5413 = AXIS2_PLACEMENT_3D('',#5414,#5415,#5416);
#5414 = CARTESIAN_POINT('',(65.,38.,-101.5));
#5415 = DIRECTION('',(0.,-0.707106781187,0.707106781187));
#5416 = DIRECTION('',(0.,-0.707106781187,-0.707106781187));
#5417 = DEFINITIONAL_REPRESENTATION('',(#5418),#5422);
#5418 = LINE('',#5419,#5420);
#5419 = CARTESIAN_POINT('',(0.,-15.75));
#5420 = VECTOR('',#5421,1.);
#5421 = DIRECTION('',(0.,1.));
#5422 = ( GEOMETRIC_REPRESENTATION_CONTEXT(2) 
PARAMETRIC_REPRESENTATION_CONTEXT() REPRESENTATION_CONTEXT('2D SPACE',''
  ) );
#5423 = ADVANCED_FACE('',(#5424),#4912,.F.);
#5424 = FACE_BOUND('',#5425,.F.);
#5425 = EDGE_LOOP('',(#5426,#5427,#5450,#5471));
#5426 = ORIENTED_EDGE('',*,*,#4896,.T.);
#5427 = ORIENTED_EDGE('',*,*,#5428,.T.);
#5428 = EDGE_CURVE('',#4869,#5429,#5431,.T.);
#5429 = VERTEX_POINT('',#5430);
#5430 = CARTESIAN_POINT('',(49.25,32.,-94.));
#5431 = SURFACE_CURVE('',#5432,(#5436,#5443),.PCURVE_S1.);
#5432 = LINE('',#5433,#5434);
#5433 = CARTESIAN_POINT('',(15.75,32.,-94.));
#5434 = VECTOR('',#5435,1.);
#5435 = DIRECTION('',(1.,0.,-0.));
#5436 = PCURVE('',#4912,#5437);
#5437 = DEFINITIONAL_REPRESENTATION('',(#5438),#5442);
#5438 = LINE('',#5439,#5440);
#5439 = CARTESIAN_POINT('',(0.,-6.));
#5440 = VECTOR('',#5441,1.);
#5441 = DIRECTION('',(1.,0.));
#5442 = ( GEOMETRIC_REPRESENTATION_CONTEXT(2) 
PARAMETRIC_REPRESENTATION_CONTEXT() REPRESENTATION_CONTEXT('2D SPACE',''
  ) );
#5443 = PCURVE('',#4884,#5444);
#5444 = DEFINITIONAL_REPRESENTATION('',(#5445),#5449);
#5445 = LINE('',#5446,#5447);
#5446 = CARTESIAN_POINT('',(16.75,14.391270261393));
#5447 = VECTOR('',#5448,1.);
#5448 = DIRECTION('',(-1.,0.));
#5449 = ( GEOMETRIC_REPRESENTATION_CONTEXT(2) 
PARAMETRIC_REPRESENTATION_CONTEXT() REPRESENTATION_CONTEXT('2D SPACE',''
  ) );
#5450 = ORIENTED_EDGE('',*,*,#5451,.F.);
#5451 = EDGE_CURVE('',#5348,#5429,#5452,.T.);
#5452 = SURFACE_CURVE('',#5453,(#5457,#5464),.PCURVE_S1.);
#5453 = LINE('',#5454,#5455);
#5454 = CARTESIAN_POINT('',(49.25,38.,-94.));
#5455 = VECTOR('',#5456,1.);
#5456 = DIRECTION('',(0.,-1.,-6.123233995737E-17));
#5457 = PCURVE('',#4912,#5458);
#5458 = DEFINITIONAL_REPRESENTATION('',(#5459),#5463);
#5459 = LINE('',#5460,#5461);
#5460 = CARTESIAN_POINT('',(33.5,0.));
#5461 = VECTOR('',#5462,1.);
#5462 = DIRECTION('',(0.,-1.));
#5463 = ( GEOMETRIC_REPRESENTATION_CONTEXT(2) 
PARAMETRIC_REPRESENTATION_CONTEXT() REPRESENTATION_CONTEXT('2D SPACE',''
  ) );
#5464 = PCURVE('',#5386,#5465);
#5465 = DEFINITIONAL_REPRESENTATION('',(#5466),#5470);
#5466 = LINE('',#5467,#5468);
#5467 = CARTESIAN_POINT('',(-6.5,7.5));
#5468 = VECTOR('',#5469,1.);
#5469 = DIRECTION('',(1.,0.));
#5470 = ( GEOMETRIC_REPRESENTATION_CONTEXT(2) 
PARAMETRIC_REPRESENTATION_CONTEXT() REPRESENTATION_CONTEXT('2D SPACE',''
  ) );
#5471 = ORIENTED_EDGE('',*,*,#5347,.F.);
#5472 = ADVANCED_FACE('',(#5473),#4884,.T.);
#5473 = FACE_BOUND('',#5474,.T.);
#5474 = EDGE_LOOP('',(#5475,#5503,#5526,#5549,#5572,#5600,#5623,#5644,
    #5645,#5646,#5647,#5648));
#5475 = ORIENTED_EDGE('',*,*,#5476,.T.);
#5476 = EDGE_CURVE('',#5477,#5479,#5481,.T.);
#5477 = VERTEX_POINT('',#5478);
#5478 = CARTESIAN_POINT('',(49.25,32.,-96.5));
#5479 = VERTEX_POINT('',#5480);
#5480 = CARTESIAN_POINT('',(65.,32.,-96.5));
#5481 = SURFACE_CURVE('',#5482,(#5486,#5492),.PCURVE_S1.);
#5482 = LINE('',#5483,#5484);
#5483 = CARTESIAN_POINT('',(48.75,32.,-96.5));
#5484 = VECTOR('',#5485,1.);
#5485 = DIRECTION('',(1.,-0.,0.));
#5486 = PCURVE('',#4884,#5487);
#5487 = DEFINITIONAL_REPRESENTATION('',(#5488),#5491);
#5488 = B_SPLINE_CURVE_WITH_KNOTS('',1,(#5489,#5490),.UNSPECIFIED.,.F.,
  .F.,(2,2),(0.5,16.25),.PIECEWISE_BEZIER_KNOTS.);
#5489 = CARTESIAN_POINT('',(-16.75,16.891270261393));
#5490 = CARTESIAN_POINT('',(-32.5,16.891270261393));
#5491 = ( GEOMETRIC_REPRESENTATION_CONTEXT(2) 
PARAMETRIC_REPRESENTATION_CONTEXT() REPRESENTATION_CONTEXT('2D SPACE',''
  ) );
#5492 = PCURVE('',#5493,#5498);
#5493 = PLANE('',#5494);
#5494 = AXIS2_PLACEMENT_3D('',#5495,#5496,#5497);
#5495 = CARTESIAN_POINT('',(65.,30.,-96.5));
#5496 = DIRECTION('',(0.,6.123233995737E-17,-1.));
#5497 = DIRECTION('',(0.,1.,6.123233995737E-17));
#5498 = DEFINITIONAL_REPRESENTATION('',(#5499),#5502);
#5499 = B_SPLINE_CURVE_WITH_KNOTS('',1,(#5500,#5501),.UNSPECIFIED.,.F.,
  .F.,(2,2),(0.5,16.25),.PIECEWISE_BEZIER_KNOTS.);
#5500 = CARTESIAN_POINT('',(2.,-15.75));
#5501 = CARTESIAN_POINT('',(2.,0.));
#5502 = ( GEOMETRIC_REPRESENTATION_CONTEXT(2) 
PARAMETRIC_REPRESENTATION_CONTEXT() REPRESENTATION_CONTEXT('2D SPACE',''
  ) );
#5503 = ORIENTED_EDGE('',*,*,#5504,.T.);
#5504 = EDGE_CURVE('',#5479,#5505,#5507,.T.);
#5505 = VERTEX_POINT('',#5506);
#5506 = CARTESIAN_POINT('',(65.,32.,-74.75));
#5507 = SURFACE_CURVE('',#5508,(#5512,#5519),.PCURVE_S1.);
#5508 = LINE('',#5509,#5510);
#5509 = CARTESIAN_POINT('',(65.,32.,-101.5));
#5510 = VECTOR('',#5511,1.);
#5511 = DIRECTION('',(0.,-6.123233995737E-17,1.));
#5512 = PCURVE('',#4884,#5513);
#5513 = DEFINITIONAL_REPRESENTATION('',(#5514),#5518);
#5514 = LINE('',#5515,#5516);
#5515 = CARTESIAN_POINT('',(-32.5,21.891270261393));
#5516 = VECTOR('',#5517,1.);
#5517 = DIRECTION('',(0.,-1.));
#5518 = ( GEOMETRIC_REPRESENTATION_CONTEXT(2) 
PARAMETRIC_REPRESENTATION_CONTEXT() REPRESENTATION_CONTEXT('2D SPACE',''
  ) );
#5519 = PCURVE('',#5201,#5520);
#5520 = DEFINITIONAL_REPRESENTATION('',(#5521),#5525);
#5521 = LINE('',#5522,#5523);
#5522 = CARTESIAN_POINT('',(-0.5,0.));
#5523 = VECTOR('',#5524,1.);
#5524 = DIRECTION('',(0.,1.));
#5525 = ( GEOMETRIC_REPRESENTATION_CONTEXT(2) 
PARAMETRIC_REPRESENTATION_CONTEXT() REPRESENTATION_CONTEXT('2D SPACE',''
  ) );
#5526 = ORIENTED_EDGE('',*,*,#5527,.T.);
#5527 = EDGE_CURVE('',#5505,#5528,#5530,.T.);
#5528 = VERTEX_POINT('',#5529);
#5529 = CARTESIAN_POINT('',(48.75,32.,-58.5));
#5530 = SURFACE_CURVE('',#5531,(#5535,#5542),.PCURVE_S1.);
#5531 = LINE('',#5532,#5533);
#5532 = CARTESIAN_POINT('',(65.,32.,-74.75));
#5533 = VECTOR('',#5534,1.);
#5534 = DIRECTION('',(-0.707106781187,-4.329780281177E-17,0.707106781187
    ));
#5535 = PCURVE('',#4884,#5536);
#5536 = DEFINITIONAL_REPRESENTATION('',(#5537),#5541);
#5537 = LINE('',#5538,#5539);
#5538 = CARTESIAN_POINT('',(-32.5,-4.858729738607));
#5539 = VECTOR('',#5540,1.);
#5540 = DIRECTION('',(0.707106781187,-0.707106781187));
#5541 = ( GEOMETRIC_REPRESENTATION_CONTEXT(2) 
PARAMETRIC_REPRESENTATION_CONTEXT() REPRESENTATION_CONTEXT('2D SPACE',''
  ) );
#5542 = PCURVE('',#5229,#5543);
#5543 = DEFINITIONAL_REPRESENTATION('',(#5544),#5548);
#5544 = LINE('',#5545,#5546);
#5545 = CARTESIAN_POINT('',(0.,-6.));
#5546 = VECTOR('',#5547,1.);
#5547 = DIRECTION('',(1.,0.));
#5548 = ( GEOMETRIC_REPRESENTATION_CONTEXT(2) 
PARAMETRIC_REPRESENTATION_CONTEXT() REPRESENTATION_CONTEXT('2D SPACE',''
  ) );
#5549 = ORIENTED_EDGE('',*,*,#5550,.T.);
#5550 = EDGE_CURVE('',#5528,#5551,#5553,.T.);
#5551 = VERTEX_POINT('',#5552);
#5552 = CARTESIAN_POINT('',(48.75,32.,-51.));
#5553 = SURFACE_CURVE('',#5554,(#5558,#5565),.PCURVE_S1.);
#5554 = LINE('',#5555,#5556);
#5555 = CARTESIAN_POINT('',(48.75,32.,-58.5));
#5556 = VECTOR('',#5557,1.);
#5557 = DIRECTION('',(0.,-6.123233995737E-17,1.));
#5558 = PCURVE('',#4884,#5559);
#5559 = DEFINITIONAL_REPRESENTATION('',(#5560),#5564);
#5560 = LINE('',#5561,#5562);
#5561 = CARTESIAN_POINT('',(-16.25,-21.1087297386));
#5562 = VECTOR('',#5563,1.);
#5563 = DIRECTION('',(0.,-1.));
#5564 = ( GEOMETRIC_REPRESENTATION_CONTEXT(2) 
PARAMETRIC_REPRESENTATION_CONTEXT() REPRESENTATION_CONTEXT('2D SPACE',''
  ) );
#5565 = PCURVE('',#5257,#5566);
#5566 = DEFINITIONAL_REPRESENTATION('',(#5567),#5571);
#5567 = LINE('',#5568,#5569);
#5568 = CARTESIAN_POINT('',(0.,-6.));
#5569 = VECTOR('',#5570,1.);
#5570 = DIRECTION('',(1.,0.));
#5571 = ( GEOMETRIC_REPRESENTATION_CONTEXT(2) 
PARAMETRIC_REPRESENTATION_CONTEXT() REPRESENTATION_CONTEXT('2D SPACE',''
  ) );
#5572 = ORIENTED_EDGE('',*,*,#5573,.T.);
#5573 = EDGE_CURVE('',#5551,#5574,#5576,.T.);
#5574 = VERTEX_POINT('',#5575);
#5575 = CARTESIAN_POINT('',(16.25,32.,-51.));
#5576 = SURFACE_CURVE('',#5577,(#5581,#5588),.PCURVE_S1.);
#5577 = LINE('',#5578,#5579);
#5578 = CARTESIAN_POINT('',(48.75,32.,-51.));
#5579 = VECTOR('',#5580,1.);
#5580 = DIRECTION('',(-1.,0.,0.));
#5581 = PCURVE('',#4884,#5582);
#5582 = DEFINITIONAL_REPRESENTATION('',(#5583),#5587);
#5583 = LINE('',#5584,#5585);
#5584 = CARTESIAN_POINT('',(-16.25,-28.6087297386));
#5585 = VECTOR('',#5586,1.);
#5586 = DIRECTION('',(1.,0.));
#5587 = ( GEOMETRIC_REPRESENTATION_CONTEXT(2) 
PARAMETRIC_REPRESENTATION_CONTEXT() REPRESENTATION_CONTEXT('2D SPACE',''
  ) );
#5588 = PCURVE('',#5589,#5594);
#5589 = PLANE('',#5590);
#5590 = AXIS2_PLACEMENT_3D('',#5591,#5592,#5593);
#5591 = CARTESIAN_POINT('',(48.75,32.,-51.));
#5592 = DIRECTION('',(0.,0.707106781187,-0.707106781187));
#5593 = DIRECTION('',(-0.,0.707106781187,0.707106781187));
#5594 = DEFINITIONAL_REPRESENTATION('',(#5595),#5599);
#5595 = LINE('',#5596,#5597);
#5596 = CARTESIAN_POINT('',(0.,0.));
#5597 = VECTOR('',#5598,1.);
#5598 = DIRECTION('',(0.,-1.));
#5599 = ( GEOMETRIC_REPRESENTATION_CONTEXT(2) 
PARAMETRIC_REPRESENTATION_CONTEXT() REPRESENTATION_CONTEXT('2D SPACE',''
  ) );
#5600 = ORIENTED_EDGE('',*,*,#5601,.T.);
#5601 = EDGE_CURVE('',#5574,#5602,#5604,.T.);
#5602 = VERTEX_POINT('',#5603);
#5603 = CARTESIAN_POINT('',(16.25,32.,-58.5));
#5604 = SURFACE_CURVE('',#5605,(#5609,#5616),.PCURVE_S1.);
#5605 = LINE('',#5606,#5607);
#5606 = CARTESIAN_POINT('',(16.25,32.,-51.));
#5607 = VECTOR('',#5608,1.);
#5608 = DIRECTION('',(0.,6.123233995737E-17,-1.));
#5609 = PCURVE('',#4884,#5610);
#5610 = DEFINITIONAL_REPRESENTATION('',(#5611),#5615);
#5611 = LINE('',#5612,#5613);
#5612 = CARTESIAN_POINT('',(16.25,-28.6087297386));
#5613 = VECTOR('',#5614,1.);
#5614 = DIRECTION('',(0.,1.));
#5615 = ( GEOMETRIC_REPRESENTATION_CONTEXT(2) 
PARAMETRIC_REPRESENTATION_CONTEXT() REPRESENTATION_CONTEXT('2D SPACE',''
  ) );
#5616 = PCURVE('',#5311,#5617);
#5617 = DEFINITIONAL_REPRESENTATION('',(#5618),#5622);
#5618 = LINE('',#5619,#5620);
#5619 = CARTESIAN_POINT('',(0.,-6.));
#5620 = VECTOR('',#5621,1.);
#5621 = DIRECTION('',(1.,0.));
#5622 = ( GEOMETRIC_REPRESENTATION_CONTEXT(2) 
PARAMETRIC_REPRESENTATION_CONTEXT() REPRESENTATION_CONTEXT('2D SPACE',''
  ) );
#5623 = ORIENTED_EDGE('',*,*,#5624,.T.);
#5624 = EDGE_CURVE('',#5602,#5034,#5625,.T.);
#5625 = SURFACE_CURVE('',#5626,(#5630,#5637),.PCURVE_S1.);
#5626 = LINE('',#5627,#5628);
#5627 = CARTESIAN_POINT('',(16.25,32.,-58.5));
#5628 = VECTOR('',#5629,1.);
#5629 = DIRECTION('',(-0.707106781187,4.329780281177E-17,-0.707106781187
    ));
#5630 = PCURVE('',#4884,#5631);
#5631 = DEFINITIONAL_REPRESENTATION('',(#5632),#5636);
#5632 = LINE('',#5633,#5634);
#5633 = CARTESIAN_POINT('',(16.25,-21.1087297386));
#5634 = VECTOR('',#5635,1.);
#5635 = DIRECTION('',(0.707106781187,0.707106781187));
#5636 = ( GEOMETRIC_REPRESENTATION_CONTEXT(2) 
PARAMETRIC_REPRESENTATION_CONTEXT() REPRESENTATION_CONTEXT('2D SPACE',''
  ) );
#5637 = PCURVE('',#5072,#5638);
#5638 = DEFINITIONAL_REPRESENTATION('',(#5639),#5643);
#5639 = LINE('',#5640,#5641);
#5640 = CARTESIAN_POINT('',(0.,-6.));
#5641 = VECTOR('',#5642,1.);
#5642 = DIRECTION('',(1.,0.));
#5643 = ( GEOMETRIC_REPRESENTATION_CONTEXT(2) 
PARAMETRIC_REPRESENTATION_CONTEXT() REPRESENTATION_CONTEXT('2D SPACE',''
  ) );
#5644 = ORIENTED_EDGE('',*,*,#5033,.T.);
#5645 = ORIENTED_EDGE('',*,*,#5161,.T.);
#5646 = ORIENTED_EDGE('',*,*,#4868,.T.);
#5647 = ORIENTED_EDGE('',*,*,#5428,.T.);
#5648 = ORIENTED_EDGE('',*,*,#5649,.T.);
#5649 = EDGE_CURVE('',#5429,#5477,#5650,.T.);
#5650 = SURFACE_CURVE('',#5651,(#5655,#5662),.PCURVE_S1.);
#5651 = LINE('',#5652,#5653);
#5652 = CARTESIAN_POINT('',(49.25,32.,-94.));
#5653 = VECTOR('',#5654,1.);
#5654 = DIRECTION('',(0.,6.123233995737E-17,-1.));
#5655 = PCURVE('',#4884,#5656);
#5656 = DEFINITIONAL_REPRESENTATION('',(#5657),#5661);
#5657 = LINE('',#5658,#5659);
#5658 = CARTESIAN_POINT('',(-16.75,14.391270261393));
#5659 = VECTOR('',#5660,1.);
#5660 = DIRECTION('',(0.,1.));
#5661 = ( GEOMETRIC_REPRESENTATION_CONTEXT(2) 
PARAMETRIC_REPRESENTATION_CONTEXT() REPRESENTATION_CONTEXT('2D SPACE',''
  ) );
#5662 = PCURVE('',#5386,#5663);
#5663 = DEFINITIONAL_REPRESENTATION('',(#5664),#5668);
#5664 = LINE('',#5665,#5666);
#5665 = CARTESIAN_POINT('',(-0.5,7.5));
#5666 = VECTOR('',#5667,1.);
#5667 = DIRECTION('',(0.,-1.));
#5668 = ( GEOMETRIC_REPRESENTATION_CONTEXT(2) 
PARAMETRIC_REPRESENTATION_CONTEXT() REPRESENTATION_CONTEXT('2D SPACE',''
  ) );
#5669 = ADVANCED_FACE('',(#5670),#4992,.F.);
#5670 = FACE_BOUND('',#5671,.F.);
#5671 = EDGE_LOOP('',(#5672,#5695,#5696));
#5672 = ORIENTED_EDGE('',*,*,#5673,.T.);
#5673 = EDGE_CURVE('',#4976,#5674,#5676,.T.);
#5674 = VERTEX_POINT('',#5675);
#5675 = CARTESIAN_POINT('',(12.184314575051,31.5,-101.5));
#5676 = SEAM_CURVE('',#5677,(#5681,#5688),.PCURVE_S1.);
#5677 = LINE('',#5678,#5679);
#5678 = CARTESIAN_POINT('',(16.25,27.434314575051,-101.5));
#5679 = VECTOR('',#5680,1.);
#5680 = DIRECTION('',(-0.707106781187,0.707106781187,2.164890140589E-16)
  );
#5681 = PCURVE('',#4992,#5682);
#5682 = DEFINITIONAL_REPRESENTATION('',(#5683),#5687);
#5683 = LINE('',#5684,#5685);
#5684 = CARTESIAN_POINT('',(-6.28318530718,0.));
#5685 = VECTOR('',#5686,1.);
#5686 = DIRECTION('',(-0.,-1.));
#5687 = ( GEOMETRIC_REPRESENTATION_CONTEXT(2) 
PARAMETRIC_REPRESENTATION_CONTEXT() REPRESENTATION_CONTEXT('2D SPACE',''
  ) );
#5688 = PCURVE('',#4992,#5689);
#5689 = DEFINITIONAL_REPRESENTATION('',(#5690),#5694);
#5690 = LINE('',#5691,#5692);
#5691 = CARTESIAN_POINT('',(0.,-0.));
#5692 = VECTOR('',#5693,1.);
#5693 = DIRECTION('',(-0.,-1.));
#5694 = ( GEOMETRIC_REPRESENTATION_CONTEXT(2) 
PARAMETRIC_REPRESENTATION_CONTEXT() REPRESENTATION_CONTEXT('2D SPACE',''
  ) );
#5695 = ORIENTED_EDGE('',*,*,#5673,.F.);
#5696 = ORIENTED_EDGE('',*,*,#4975,.T.);
#5697 = ADVANCED_FACE('',(#5698),#5072,.F.);
#5698 = FACE_BOUND('',#5699,.F.);
#5699 = EDGE_LOOP('',(#5700,#5721,#5722,#5723));
#5700 = ORIENTED_EDGE('',*,*,#5701,.T.);
#5701 = EDGE_CURVE('',#5296,#5602,#5702,.T.);
#5702 = SURFACE_CURVE('',#5703,(#5707,#5714),.PCURVE_S1.);
#5703 = LINE('',#5704,#5705);
#5704 = CARTESIAN_POINT('',(16.25,38.,-58.5));
#5705 = VECTOR('',#5706,1.);
#5706 = DIRECTION('',(0.,-1.,-6.123233995737E-17));
#5707 = PCURVE('',#5072,#5708);
#5708 = DEFINITIONAL_REPRESENTATION('',(#5709),#5713);
#5709 = LINE('',#5710,#5711);
#5710 = CARTESIAN_POINT('',(0.,0.));
#5711 = VECTOR('',#5712,1.);
#5712 = DIRECTION('',(0.,-1.));
#5713 = ( GEOMETRIC_REPRESENTATION_CONTEXT(2) 
PARAMETRIC_REPRESENTATION_CONTEXT() REPRESENTATION_CONTEXT('2D SPACE',''
  ) );
#5714 = PCURVE('',#5311,#5715);
#5715 = DEFINITIONAL_REPRESENTATION('',(#5716),#5720);
#5716 = LINE('',#5717,#5718);
#5717 = CARTESIAN_POINT('',(7.5,0.));
#5718 = VECTOR('',#5719,1.);
#5719 = DIRECTION('',(0.,-1.));
#5720 = ( GEOMETRIC_REPRESENTATION_CONTEXT(2) 
PARAMETRIC_REPRESENTATION_CONTEXT() REPRESENTATION_CONTEXT('2D SPACE',''
  ) );
#5721 = ORIENTED_EDGE('',*,*,#5624,.T.);
#5722 = ORIENTED_EDGE('',*,*,#5056,.F.);
#5723 = ORIENTED_EDGE('',*,*,#5323,.F.);
#5724 = ADVANCED_FACE('',(#5725),#5201,.F.);
#5725 = FACE_BOUND('',#5726,.F.);
#5726 = EDGE_LOOP('',(#5727,#5757,#5785,#5813,#5834,#5835,#5856,#5857));
#5727 = ORIENTED_EDGE('',*,*,#5728,.T.);
#5728 = EDGE_CURVE('',#5729,#5731,#5733,.T.);
#5729 = VERTEX_POINT('',#5730);
#5730 = CARTESIAN_POINT('',(65.,33.,-106.5));
#5731 = VERTEX_POINT('',#5732);
#5732 = CARTESIAN_POINT('',(65.,30.,-106.5));
#5733 = SURFACE_CURVE('',#5734,(#5738,#5745),.PCURVE_S1.);
#5734 = LINE('',#5735,#5736);
#5735 = CARTESIAN_POINT('',(65.,33.,-106.5));
#5736 = VECTOR('',#5737,1.);
#5737 = DIRECTION('',(0.,-1.,-6.123233995737E-17));
#5738 = PCURVE('',#5201,#5739);
#5739 = DEFINITIONAL_REPRESENTATION('',(#5740),#5744);
#5740 = LINE('',#5741,#5742);
#5741 = CARTESIAN_POINT('',(-1.5,-5.));
#5742 = VECTOR('',#5743,1.);
#5743 = DIRECTION('',(1.,0.));
#5744 = ( GEOMETRIC_REPRESENTATION_CONTEXT(2) 
PARAMETRIC_REPRESENTATION_CONTEXT() REPRESENTATION_CONTEXT('2D SPACE',''
  ) );
#5745 = PCURVE('',#5746,#5751);
#5746 = PLANE('',#5747);
#5747 = AXIS2_PLACEMENT_3D('',#5748,#5749,#5750);
#5748 = CARTESIAN_POINT('',(65.,33.,-106.5));
#5749 = DIRECTION('',(0.,-6.123233995737E-17,1.));
#5750 = DIRECTION('',(0.,-1.,-6.123233995737E-17));
#5751 = DEFINITIONAL_REPRESENTATION('',(#5752),#5756);
#5752 = LINE('',#5753,#5754);
#5753 = CARTESIAN_POINT('',(0.,0.));
#5754 = VECTOR('',#5755,1.);
#5755 = DIRECTION('',(1.,0.));
#5756 = ( GEOMETRIC_REPRESENTATION_CONTEXT(2) 
PARAMETRIC_REPRESENTATION_CONTEXT() REPRESENTATION_CONTEXT('2D SPACE',''
  ) );
#5757 = ORIENTED_EDGE('',*,*,#5758,.T.);
#5758 = EDGE_CURVE('',#5731,#5759,#5761,.T.);
#5759 = VERTEX_POINT('',#5760);
#5760 = CARTESIAN_POINT('',(65.,25.,-101.5));
#5761 = SURFACE_CURVE('',#5762,(#5766,#5773),.PCURVE_S1.);
#5762 = LINE('',#5763,#5764);
#5763 = CARTESIAN_POINT('',(65.,30.,-106.5));
#5764 = VECTOR('',#5765,1.);
#5765 = DIRECTION('',(0.,-0.707106781187,0.707106781187));
#5766 = PCURVE('',#5201,#5767);
#5767 = DEFINITIONAL_REPRESENTATION('',(#5768),#5772);
#5768 = LINE('',#5769,#5770);
#5769 = CARTESIAN_POINT('',(1.5,-5.));
#5770 = VECTOR('',#5771,1.);
#5771 = DIRECTION('',(0.707106781187,0.707106781187));
#5772 = ( GEOMETRIC_REPRESENTATION_CONTEXT(2) 
PARAMETRIC_REPRESENTATION_CONTEXT() REPRESENTATION_CONTEXT('2D SPACE',''
  ) );
#5773 = PCURVE('',#5774,#5779);
#5774 = PLANE('',#5775);
#5775 = AXIS2_PLACEMENT_3D('',#5776,#5777,#5778);
#5776 = CARTESIAN_POINT('',(65.,30.,-106.5));
#5777 = DIRECTION('',(-0.,0.707106781187,0.707106781187));
#5778 = DIRECTION('',(0.,-0.707106781187,0.707106781187));
#5779 = DEFINITIONAL_REPRESENTATION('',(#5780),#5784);
#5780 = LINE('',#5781,#5782);
#5781 = CARTESIAN_POINT('',(0.,0.));
#5782 = VECTOR('',#5783,1.);
#5783 = DIRECTION('',(1.,0.));
#5784 = ( GEOMETRIC_REPRESENTATION_CONTEXT(2) 
PARAMETRIC_REPRESENTATION_CONTEXT() REPRESENTATION_CONTEXT('2D SPACE',''
  ) );
#5785 = ORIENTED_EDGE('',*,*,#5786,.T.);
#5786 = EDGE_CURVE('',#5759,#5787,#5789,.T.);
#5787 = VERTEX_POINT('',#5788);
#5788 = CARTESIAN_POINT('',(65.,30.,-96.5));
#5789 = SURFACE_CURVE('',#5790,(#5794,#5801),.PCURVE_S1.);
#5790 = LINE('',#5791,#5792);
#5791 = CARTESIAN_POINT('',(65.,25.,-101.5));
#5792 = VECTOR('',#5793,1.);
#5793 = DIRECTION('',(-0.,0.707106781187,0.707106781187));
#5794 = PCURVE('',#5201,#5795);
#5795 = DEFINITIONAL_REPRESENTATION('',(#5796),#5800);
#5796 = LINE('',#5797,#5798);
#5797 = CARTESIAN_POINT('',(6.5,0.));
#5798 = VECTOR('',#5799,1.);
#5799 = DIRECTION('',(-0.707106781187,0.707106781187));
#5800 = ( GEOMETRIC_REPRESENTATION_CONTEXT(2) 
PARAMETRIC_REPRESENTATION_CONTEXT() REPRESENTATION_CONTEXT('2D SPACE',''
  ) );
#5801 = PCURVE('',#5802,#5807);
#5802 = PLANE('',#5803);
#5803 = AXIS2_PLACEMENT_3D('',#5804,#5805,#5806);
#5804 = CARTESIAN_POINT('',(65.,25.,-101.5));
#5805 = DIRECTION('',(0.,0.707106781187,-0.707106781187));
#5806 = DIRECTION('',(-0.,0.707106781187,0.707106781187));
#5807 = DEFINITIONAL_REPRESENTATION('',(#5808),#5812);
#5808 = LINE('',#5809,#5810);
#5809 = CARTESIAN_POINT('',(0.,0.));
#5810 = VECTOR('',#5811,1.);
#5811 = DIRECTION('',(1.,0.));
#5812 = ( GEOMETRIC_REPRESENTATION_CONTEXT(2) 
PARAMETRIC_REPRESENTATION_CONTEXT() REPRESENTATION_CONTEXT('2D SPACE',''
  ) );
#5813 = ORIENTED_EDGE('',*,*,#5814,.T.);
#5814 = EDGE_CURVE('',#5787,#5479,#5815,.T.);
#5815 = SURFACE_CURVE('',#5816,(#5820,#5827),.PCURVE_S1.);
#5816 = LINE('',#5817,#5818);
#5817 = CARTESIAN_POINT('',(65.,30.,-96.5));
#5818 = VECTOR('',#5819,1.);
#5819 = DIRECTION('',(0.,1.,6.123233995737E-17));
#5820 = PCURVE('',#5201,#5821);
#5821 = DEFINITIONAL_REPRESENTATION('',(#5822),#5826);
#5822 = LINE('',#5823,#5824);
#5823 = CARTESIAN_POINT('',(1.5,5.));
#5824 = VECTOR('',#5825,1.);
#5825 = DIRECTION('',(-1.,0.));
#5826 = ( GEOMETRIC_REPRESENTATION_CONTEXT(2) 
PARAMETRIC_REPRESENTATION_CONTEXT() REPRESENTATION_CONTEXT('2D SPACE',''
  ) );
#5827 = PCURVE('',#5493,#5828);
#5828 = DEFINITIONAL_REPRESENTATION('',(#5829),#5833);
#5829 = LINE('',#5830,#5831);
#5830 = CARTESIAN_POINT('',(0.,0.));
#5831 = VECTOR('',#5832,1.);
#5832 = DIRECTION('',(1.,0.));
#5833 = ( GEOMETRIC_REPRESENTATION_CONTEXT(2) 
PARAMETRIC_REPRESENTATION_CONTEXT() REPRESENTATION_CONTEXT('2D SPACE',''
  ) );
#5834 = ORIENTED_EDGE('',*,*,#5504,.T.);
#5835 = ORIENTED_EDGE('',*,*,#5836,.F.);
#5836 = EDGE_CURVE('',#5186,#5505,#5837,.T.);
#5837 = SURFACE_CURVE('',#5838,(#5842,#5849),.PCURVE_S1.);
#5838 = LINE('',#5839,#5840);
#5839 = CARTESIAN_POINT('',(65.,38.,-74.75));
#5840 = VECTOR('',#5841,1.);
#5841 = DIRECTION('',(0.,-1.,-6.123233995737E-17));
#5842 = PCURVE('',#5201,#5843);
#5843 = DEFINITIONAL_REPRESENTATION('',(#5844),#5848);
#5844 = LINE('',#5845,#5846);
#5845 = CARTESIAN_POINT('',(-6.5,26.75));
#5846 = VECTOR('',#5847,1.);
#5847 = DIRECTION('',(1.,0.));
#5848 = ( GEOMETRIC_REPRESENTATION_CONTEXT(2) 
PARAMETRIC_REPRESENTATION_CONTEXT() REPRESENTATION_CONTEXT('2D SPACE',''
  ) );
#5849 = PCURVE('',#5229,#5850);
#5850 = DEFINITIONAL_REPRESENTATION('',(#5851),#5855);
#5851 = LINE('',#5852,#5853);
#5852 = CARTESIAN_POINT('',(0.,0.));
#5853 = VECTOR('',#5854,1.);
#5854 = DIRECTION('',(0.,-1.));
#5855 = ( GEOMETRIC_REPRESENTATION_CONTEXT(2) 
PARAMETRIC_REPRESENTATION_CONTEXT() REPRESENTATION_CONTEXT('2D SPACE',''
  ) );
#5856 = ORIENTED_EDGE('',*,*,#5183,.F.);
#5857 = ORIENTED_EDGE('',*,*,#5858,.T.);
#5858 = EDGE_CURVE('',#5184,#5729,#5859,.T.);
#5859 = SURFACE_CURVE('',#5860,(#5864,#5871),.PCURVE_S1.);
#5860 = LINE('',#5861,#5862);
#5861 = CARTESIAN_POINT('',(65.,38.,-101.5));
#5862 = VECTOR('',#5863,1.);
#5863 = DIRECTION('',(0.,-0.707106781187,-0.707106781187));
#5864 = PCURVE('',#5201,#5865);
#5865 = DEFINITIONAL_REPRESENTATION('',(#5866),#5870);
#5866 = LINE('',#5867,#5868);
#5867 = CARTESIAN_POINT('',(-6.5,0.));
#5868 = VECTOR('',#5869,1.);
#5869 = DIRECTION('',(0.707106781187,-0.707106781187));
#5870 = ( GEOMETRIC_REPRESENTATION_CONTEXT(2) 
PARAMETRIC_REPRESENTATION_CONTEXT() REPRESENTATION_CONTEXT('2D SPACE',''
  ) );
#5871 = PCURVE('',#5412,#5872);
#5872 = DEFINITIONAL_REPRESENTATION('',(#5873),#5877);
#5873 = LINE('',#5874,#5875);
#5874 = CARTESIAN_POINT('',(0.,0.));
#5875 = VECTOR('',#5876,1.);
#5876 = DIRECTION('',(1.,0.));
#5877 = ( GEOMETRIC_REPRESENTATION_CONTEXT(2) 
PARAMETRIC_REPRESENTATION_CONTEXT() REPRESENTATION_CONTEXT('2D SPACE',''
  ) );
#5878 = ADVANCED_FACE('',(#5879),#5412,.F.);
#5879 = FACE_BOUND('',#5880,.F.);
#5880 = EDGE_LOOP('',(#5881,#5882,#5905,#5926));
#5881 = ORIENTED_EDGE('',*,*,#5398,.F.);
#5882 = ORIENTED_EDGE('',*,*,#5883,.T.);
#5883 = EDGE_CURVE('',#5371,#5884,#5886,.T.);
#5884 = VERTEX_POINT('',#5885);
#5885 = CARTESIAN_POINT('',(49.25,33.,-106.5));
#5886 = SURFACE_CURVE('',#5887,(#5891,#5898),.PCURVE_S1.);
#5887 = LINE('',#5888,#5889);
#5888 = CARTESIAN_POINT('',(49.25,38.,-101.5));
#5889 = VECTOR('',#5890,1.);
#5890 = DIRECTION('',(0.,-0.707106781187,-0.707106781187));
#5891 = PCURVE('',#5412,#5892);
#5892 = DEFINITIONAL_REPRESENTATION('',(#5893),#5897);
#5893 = LINE('',#5894,#5895);
#5894 = CARTESIAN_POINT('',(0.,-15.75));
#5895 = VECTOR('',#5896,1.);
#5896 = DIRECTION('',(1.,0.));
#5897 = ( GEOMETRIC_REPRESENTATION_CONTEXT(2) 
PARAMETRIC_REPRESENTATION_CONTEXT() REPRESENTATION_CONTEXT('2D SPACE',''
  ) );
#5898 = PCURVE('',#5386,#5899);
#5899 = DEFINITIONAL_REPRESENTATION('',(#5900),#5904);
#5900 = LINE('',#5901,#5902);
#5901 = CARTESIAN_POINT('',(-6.5,0.));
#5902 = VECTOR('',#5903,1.);
#5903 = DIRECTION('',(0.707106781187,-0.707106781187));
#5904 = ( GEOMETRIC_REPRESENTATION_CONTEXT(2) 
PARAMETRIC_REPRESENTATION_CONTEXT() REPRESENTATION_CONTEXT('2D SPACE',''
  ) );
#5905 = ORIENTED_EDGE('',*,*,#5906,.F.);
#5906 = EDGE_CURVE('',#5729,#5884,#5907,.T.);
#5907 = SURFACE_CURVE('',#5908,(#5912,#5919),.PCURVE_S1.);
#5908 = LINE('',#5909,#5910);
#5909 = CARTESIAN_POINT('',(65.,33.,-106.5));
#5910 = VECTOR('',#5911,1.);
#5911 = DIRECTION('',(-1.,0.,0.));
#5912 = PCURVE('',#5412,#5913);
#5913 = DEFINITIONAL_REPRESENTATION('',(#5914),#5918);
#5914 = LINE('',#5915,#5916);
#5915 = CARTESIAN_POINT('',(7.071067811865,0.));
#5916 = VECTOR('',#5917,1.);
#5917 = DIRECTION('',(0.,-1.));
#5918 = ( GEOMETRIC_REPRESENTATION_CONTEXT(2) 
PARAMETRIC_REPRESENTATION_CONTEXT() REPRESENTATION_CONTEXT('2D SPACE',''
  ) );
#5919 = PCURVE('',#5746,#5920);
#5920 = DEFINITIONAL_REPRESENTATION('',(#5921),#5925);
#5921 = LINE('',#5922,#5923);
#5922 = CARTESIAN_POINT('',(0.,0.));
#5923 = VECTOR('',#5924,1.);
#5924 = DIRECTION('',(0.,-1.));
#5925 = ( GEOMETRIC_REPRESENTATION_CONTEXT(2) 
PARAMETRIC_REPRESENTATION_CONTEXT() REPRESENTATION_CONTEXT('2D SPACE',''
  ) );
#5926 = ORIENTED_EDGE('',*,*,#5858,.F.);
#5927 = ADVANCED_FACE('',(#5928,#6024),#5386,.T.);
#5928 = FACE_BOUND('',#5929,.T.);
#5929 = EDGE_LOOP('',(#5930,#5953,#5976,#5999,#6020,#6021,#6022,#6023));
#5930 = ORIENTED_EDGE('',*,*,#5931,.T.);
#5931 = EDGE_CURVE('',#5884,#5932,#5934,.T.);
#5932 = VERTEX_POINT('',#5933);
#5933 = CARTESIAN_POINT('',(49.25,30.,-106.5));
#5934 = SURFACE_CURVE('',#5935,(#5939,#5946),.PCURVE_S1.);
#5935 = LINE('',#5936,#5937);
#5936 = CARTESIAN_POINT('',(49.25,33.,-106.5));
#5937 = VECTOR('',#5938,1.);
#5938 = DIRECTION('',(0.,-1.,-6.123233995737E-17));
#5939 = PCURVE('',#5386,#5940);
#5940 = DEFINITIONAL_REPRESENTATION('',(#5941),#5945);
#5941 = LINE('',#5942,#5943);
#5942 = CARTESIAN_POINT('',(-1.5,-5.));
#5943 = VECTOR('',#5944,1.);
#5944 = DIRECTION('',(1.,0.));
#5945 = ( GEOMETRIC_REPRESENTATION_CONTEXT(2) 
PARAMETRIC_REPRESENTATION_CONTEXT() REPRESENTATION_CONTEXT('2D SPACE',''
  ) );
#5946 = PCURVE('',#5746,#5947);
#5947 = DEFINITIONAL_REPRESENTATION('',(#5948),#5952);
#5948 = LINE('',#5949,#5950);
#5949 = CARTESIAN_POINT('',(0.,-15.75));
#5950 = VECTOR('',#5951,1.);
#5951 = DIRECTION('',(1.,0.));
#5952 = ( GEOMETRIC_REPRESENTATION_CONTEXT(2) 
PARAMETRIC_REPRESENTATION_CONTEXT() REPRESENTATION_CONTEXT('2D SPACE',''
  ) );
#5953 = ORIENTED_EDGE('',*,*,#5954,.T.);
#5954 = EDGE_CURVE('',#5932,#5955,#5957,.T.);
#5955 = VERTEX_POINT('',#5956);
#5956 = CARTESIAN_POINT('',(49.25,25.,-101.5));
#5957 = SURFACE_CURVE('',#5958,(#5962,#5969),.PCURVE_S1.);
#5958 = LINE('',#5959,#5960);
#5959 = CARTESIAN_POINT('',(49.25,30.,-106.5));
#5960 = VECTOR('',#5961,1.);
#5961 = DIRECTION('',(0.,-0.707106781187,0.707106781187));
#5962 = PCURVE('',#5386,#5963);
#5963 = DEFINITIONAL_REPRESENTATION('',(#5964),#5968);
#5964 = LINE('',#5965,#5966);
#5965 = CARTESIAN_POINT('',(1.5,-5.));
#5966 = VECTOR('',#5967,1.);
#5967 = DIRECTION('',(0.707106781187,0.707106781187));
#5968 = ( GEOMETRIC_REPRESENTATION_CONTEXT(2) 
PARAMETRIC_REPRESENTATION_CONTEXT() REPRESENTATION_CONTEXT('2D SPACE',''
  ) );
#5969 = PCURVE('',#5774,#5970);
#5970 = DEFINITIONAL_REPRESENTATION('',(#5971),#5975);
#5971 = LINE('',#5972,#5973);
#5972 = CARTESIAN_POINT('',(0.,-15.75));
#5973 = VECTOR('',#5974,1.);
#5974 = DIRECTION('',(1.,0.));
#5975 = ( GEOMETRIC_REPRESENTATION_CONTEXT(2) 
PARAMETRIC_REPRESENTATION_CONTEXT() REPRESENTATION_CONTEXT('2D SPACE',''
  ) );
#5976 = ORIENTED_EDGE('',*,*,#5977,.T.);
#5977 = EDGE_CURVE('',#5955,#5978,#5980,.T.);
#5978 = VERTEX_POINT('',#5979);
#5979 = CARTESIAN_POINT('',(49.25,30.,-96.5));
#5980 = SURFACE_CURVE('',#5981,(#5985,#5992),.PCURVE_S1.);
#5981 = LINE('',#5982,#5983);
#5982 = CARTESIAN_POINT('',(49.25,25.,-101.5));
#5983 = VECTOR('',#5984,1.);
#5984 = DIRECTION('',(-0.,0.707106781187,0.707106781187));
#5985 = PCURVE('',#5386,#5986);
#5986 = DEFINITIONAL_REPRESENTATION('',(#5987),#5991);
#5987 = LINE('',#5988,#5989);
#5988 = CARTESIAN_POINT('',(6.5,0.));
#5989 = VECTOR('',#5990,1.);
#5990 = DIRECTION('',(-0.707106781187,0.707106781187));
#5991 = ( GEOMETRIC_REPRESENTATION_CONTEXT(2) 
PARAMETRIC_REPRESENTATION_CONTEXT() REPRESENTATION_CONTEXT('2D SPACE',''
  ) );
#5992 = PCURVE('',#5802,#5993);
#5993 = DEFINITIONAL_REPRESENTATION('',(#5994),#5998);
#5994 = LINE('',#5995,#5996);
#5995 = CARTESIAN_POINT('',(0.,-15.75));
#5996 = VECTOR('',#5997,1.);
#5997 = DIRECTION('',(1.,0.));
#5998 = ( GEOMETRIC_REPRESENTATION_CONTEXT(2) 
PARAMETRIC_REPRESENTATION_CONTEXT() REPRESENTATION_CONTEXT('2D SPACE',''
  ) );
#5999 = ORIENTED_EDGE('',*,*,#6000,.T.);
#6000 = EDGE_CURVE('',#5978,#5477,#6001,.T.);
#6001 = SURFACE_CURVE('',#6002,(#6006,#6013),.PCURVE_S1.);
#6002 = LINE('',#6003,#6004);
#6003 = CARTESIAN_POINT('',(49.25,30.,-96.5));
#6004 = VECTOR('',#6005,1.);
#6005 = DIRECTION('',(0.,1.,6.123233995737E-17));
#6006 = PCURVE('',#5386,#6007);
#6007 = DEFINITIONAL_REPRESENTATION('',(#6008),#6012);
#6008 = LINE('',#6009,#6010);
#6009 = CARTESIAN_POINT('',(1.5,5.));
#6010 = VECTOR('',#6011,1.);
#6011 = DIRECTION('',(-1.,0.));
#6012 = ( GEOMETRIC_REPRESENTATION_CONTEXT(2) 
PARAMETRIC_REPRESENTATION_CONTEXT() REPRESENTATION_CONTEXT('2D SPACE',''
  ) );
#6013 = PCURVE('',#5493,#6014);
#6014 = DEFINITIONAL_REPRESENTATION('',(#6015),#6019);
#6015 = LINE('',#6016,#6017);
#6016 = CARTESIAN_POINT('',(0.,-15.75));
#6017 = VECTOR('',#6018,1.);
#6018 = DIRECTION('',(1.,0.));
#6019 = ( GEOMETRIC_REPRESENTATION_CONTEXT(2) 
PARAMETRIC_REPRESENTATION_CONTEXT() REPRESENTATION_CONTEXT('2D SPACE',''
  ) );
#6020 = ORIENTED_EDGE('',*,*,#5649,.F.);
#6021 = ORIENTED_EDGE('',*,*,#5451,.F.);
#6022 = ORIENTED_EDGE('',*,*,#5370,.T.);
#6023 = ORIENTED_EDGE('',*,*,#5883,.T.);
#6024 = FACE_BOUND('',#6025,.T.);
#6025 = EDGE_LOOP('',(#6026));
#6026 = ORIENTED_EDGE('',*,*,#6027,.T.);
#6027 = EDGE_CURVE('',#6028,#6028,#6030,.T.);
#6028 = VERTEX_POINT('',#6029);
#6029 = CARTESIAN_POINT('',(49.25,35.065685424949,-101.5));
#6030 = SURFACE_CURVE('',#6031,(#6036,#6047),.PCURVE_S1.);
#6031 = CIRCLE('',#6032,3.565685424949);
#6032 = AXIS2_PLACEMENT_3D('',#6033,#6034,#6035);
#6033 = CARTESIAN_POINT('',(49.25,31.5,-101.5));
#6034 = DIRECTION('',(1.,0.,-0.));
#6035 = DIRECTION('',(0.,1.,6.123233995737E-17));
#6036 = PCURVE('',#5386,#6037);
#6037 = DEFINITIONAL_REPRESENTATION('',(#6038),#6046);
#6038 = ( BOUNDED_CURVE() B_SPLINE_CURVE(2,(#6039,#6040,#6041,#6042,
#6043,#6044,#6045),.UNSPECIFIED.,.T.,.F.) B_SPLINE_CURVE_WITH_KNOTS((1,2
    ,2,2,2,1),(-2.094395102393,0.,2.094395102393,4.188790204786,
6.28318530718,8.377580409573),.UNSPECIFIED.) CURVE() 
GEOMETRIC_REPRESENTATION_ITEM() RATIONAL_B_SPLINE_CURVE((1.,0.5,1.,0.5,
1.,0.5,1.)) REPRESENTATION_ITEM('') );
#6039 = CARTESIAN_POINT('',(-3.565685424949,0.));
#6040 = CARTESIAN_POINT('',(-3.565685424949,6.17594831982));
#6041 = CARTESIAN_POINT('',(1.782842712475,3.08797415991));
#6042 = CARTESIAN_POINT('',(7.131370849898,8.733410484861E-16));
#6043 = CARTESIAN_POINT('',(1.782842712475,-3.08797415991));
#6044 = CARTESIAN_POINT('',(-3.565685424949,-6.17594831982));
#6045 = CARTESIAN_POINT('',(-3.565685424949,0.));
#6046 = ( GEOMETRIC_REPRESENTATION_CONTEXT(2) 
PARAMETRIC_REPRESENTATION_CONTEXT() REPRESENTATION_CONTEXT('2D SPACE',''
  ) );
#6047 = PCURVE('',#6048,#6053);
#6048 = CONICAL_SURFACE('',#6049,4.065685424949,0.785398163397);
#6049 = AXIS2_PLACEMENT_3D('',#6050,#6051,#6052);
#6050 = CARTESIAN_POINT('',(48.75,31.5,-101.5));
#6051 = DIRECTION('',(-1.,0.,0.));
#6052 = DIRECTION('',(0.,1.,6.123233995737E-17));
#6053 = DEFINITIONAL_REPRESENTATION('',(#6054),#6058);
#6054 = LINE('',#6055,#6056);
#6055 = CARTESIAN_POINT('',(-0.,-0.5));
#6056 = VECTOR('',#6057,1.);
#6057 = DIRECTION('',(-1.,-0.));
#6058 = ( GEOMETRIC_REPRESENTATION_CONTEXT(2) 
PARAMETRIC_REPRESENTATION_CONTEXT() REPRESENTATION_CONTEXT('2D SPACE',''
  ) );
#6059 = ADVANCED_FACE('',(#6060,#6193),#5311,.F.);
#6060 = FACE_BOUND('',#6061,.F.);
#6061 = EDGE_LOOP('',(#6062,#6063,#6086,#6114,#6142,#6170,#6191,#6192));
#6062 = ORIENTED_EDGE('',*,*,#5295,.F.);
#6063 = ORIENTED_EDGE('',*,*,#6064,.F.);
#6064 = EDGE_CURVE('',#6065,#5270,#6067,.T.);
#6065 = VERTEX_POINT('',#6066);
#6066 = CARTESIAN_POINT('',(16.25,40.,-56.));
#6067 = SURFACE_CURVE('',#6068,(#6072,#6079),.PCURVE_S1.);
#6068 = LINE('',#6069,#6070);
#6069 = CARTESIAN_POINT('',(16.25,40.,-56.));
#6070 = VECTOR('',#6071,1.);
#6071 = DIRECTION('',(0.,-1.,-6.123233995737E-17));
#6072 = PCURVE('',#5311,#6073);
#6073 = DEFINITIONAL_REPRESENTATION('',(#6074),#6078);
#6074 = LINE('',#6075,#6076);
#6075 = CARTESIAN_POINT('',(5.,2.));
#6076 = VECTOR('',#6077,1.);
#6077 = DIRECTION('',(0.,-1.));
#6078 = ( GEOMETRIC_REPRESENTATION_CONTEXT(2) 
PARAMETRIC_REPRESENTATION_CONTEXT() REPRESENTATION_CONTEXT('2D SPACE',''
  ) );
#6079 = PCURVE('',#5284,#6080);
#6080 = DEFINITIONAL_REPRESENTATION('',(#6081),#6085);
#6081 = LINE('',#6082,#6083);
#6082 = CARTESIAN_POINT('',(0.,-32.5));
#6083 = VECTOR('',#6084,1.);
#6084 = DIRECTION('',(1.,0.));
#6085 = ( GEOMETRIC_REPRESENTATION_CONTEXT(2) 
PARAMETRIC_REPRESENTATION_CONTEXT() REPRESENTATION_CONTEXT('2D SPACE',''
  ) );
#6086 = ORIENTED_EDGE('',*,*,#6087,.F.);
#6087 = EDGE_CURVE('',#6088,#6065,#6090,.T.);
#6088 = VERTEX_POINT('',#6089);
#6089 = CARTESIAN_POINT('',(16.25,45.,-51.));
#6090 = SURFACE_CURVE('',#6091,(#6095,#6102),.PCURVE_S1.);
#6091 = LINE('',#6092,#6093);
#6092 = CARTESIAN_POINT('',(16.25,45.,-51.));
#6093 = VECTOR('',#6094,1.);
#6094 = DIRECTION('',(0.,-0.707106781187,-0.707106781187));
#6095 = PCURVE('',#5311,#6096);
#6096 = DEFINITIONAL_REPRESENTATION('',(#6097),#6101);
#6097 = LINE('',#6098,#6099);
#6098 = CARTESIAN_POINT('',(0.,7.));
#6099 = VECTOR('',#6100,1.);
#6100 = DIRECTION('',(0.707106781187,-0.707106781187));
#6101 = ( GEOMETRIC_REPRESENTATION_CONTEXT(2) 
PARAMETRIC_REPRESENTATION_CONTEXT() REPRESENTATION_CONTEXT('2D SPACE',''
  ) );
#6102 = PCURVE('',#6103,#6108);
#6103 = PLANE('',#6104);
#6104 = AXIS2_PLACEMENT_3D('',#6105,#6106,#6107);
#6105 = CARTESIAN_POINT('',(48.75,45.,-51.));
#6106 = DIRECTION('',(0.,-0.707106781187,0.707106781187));
#6107 = DIRECTION('',(0.,-0.707106781187,-0.707106781187));
#6108 = DEFINITIONAL_REPRESENTATION('',(#6109),#6113);
#6109 = LINE('',#6110,#6111);
#6110 = CARTESIAN_POINT('',(0.,-32.5));
#6111 = VECTOR('',#6112,1.);
#6112 = DIRECTION('',(1.,0.));
#6113 = ( GEOMETRIC_REPRESENTATION_CONTEXT(2) 
PARAMETRIC_REPRESENTATION_CONTEXT() REPRESENTATION_CONTEXT('2D SPACE',''
  ) );
#6114 = ORIENTED_EDGE('',*,*,#6115,.F.);
#6115 = EDGE_CURVE('',#6116,#6088,#6118,.T.);
#6116 = VERTEX_POINT('',#6117);
#6117 = CARTESIAN_POINT('',(16.25,40.,-46.));
#6118 = SURFACE_CURVE('',#6119,(#6123,#6130),.PCURVE_S1.);
#6119 = LINE('',#6120,#6121);
#6120 = CARTESIAN_POINT('',(16.25,40.,-46.));
#6121 = VECTOR('',#6122,1.);
#6122 = DIRECTION('',(0.,0.707106781187,-0.707106781187));
#6123 = PCURVE('',#5311,#6124);
#6124 = DEFINITIONAL_REPRESENTATION('',(#6125),#6129);
#6125 = LINE('',#6126,#6127);
#6126 = CARTESIAN_POINT('',(-5.,2.));
#6127 = VECTOR('',#6128,1.);
#6128 = DIRECTION('',(0.707106781187,0.707106781187));
#6129 = ( GEOMETRIC_REPRESENTATION_CONTEXT(2) 
PARAMETRIC_REPRESENTATION_CONTEXT() REPRESENTATION_CONTEXT('2D SPACE',''
  ) );
#6130 = PCURVE('',#6131,#6136);
#6131 = PLANE('',#6132);
#6132 = AXIS2_PLACEMENT_3D('',#6133,#6134,#6135);
#6133 = CARTESIAN_POINT('',(48.75,40.,-46.));
#6134 = DIRECTION('',(0.,-0.707106781187,-0.707106781187));
#6135 = DIRECTION('',(0.,0.707106781187,-0.707106781187));
#6136 = DEFINITIONAL_REPRESENTATION('',(#6137),#6141);
#6137 = LINE('',#6138,#6139);
#6138 = CARTESIAN_POINT('',(0.,-32.5));
#6139 = VECTOR('',#6140,1.);
#6140 = DIRECTION('',(1.,0.));
#6141 = ( GEOMETRIC_REPRESENTATION_CONTEXT(2) 
PARAMETRIC_REPRESENTATION_CONTEXT() REPRESENTATION_CONTEXT('2D SPACE',''
  ) );
#6142 = ORIENTED_EDGE('',*,*,#6143,.F.);
#6143 = EDGE_CURVE('',#6144,#6116,#6146,.T.);
#6144 = VERTEX_POINT('',#6145);
#6145 = CARTESIAN_POINT('',(16.25,37.,-46.));
#6146 = SURFACE_CURVE('',#6147,(#6151,#6158),.PCURVE_S1.);
#6147 = LINE('',#6148,#6149);
#6148 = CARTESIAN_POINT('',(16.25,37.,-46.));
#6149 = VECTOR('',#6150,1.);
#6150 = DIRECTION('',(0.,1.,6.123233995737E-17));
#6151 = PCURVE('',#5311,#6152);
#6152 = DEFINITIONAL_REPRESENTATION('',(#6153),#6157);
#6153 = LINE('',#6154,#6155);
#6154 = CARTESIAN_POINT('',(-5.,-1.));
#6155 = VECTOR('',#6156,1.);
#6156 = DIRECTION('',(0.,1.));
#6157 = ( GEOMETRIC_REPRESENTATION_CONTEXT(2) 
PARAMETRIC_REPRESENTATION_CONTEXT() REPRESENTATION_CONTEXT('2D SPACE',''
  ) );
#6158 = PCURVE('',#6159,#6164);
#6159 = PLANE('',#6160);
#6160 = AXIS2_PLACEMENT_3D('',#6161,#6162,#6163);
#6161 = CARTESIAN_POINT('',(48.75,37.,-46.));
#6162 = DIRECTION('',(0.,6.123233995737E-17,-1.));
#6163 = DIRECTION('',(0.,1.,6.123233995737E-17));
#6164 = DEFINITIONAL_REPRESENTATION('',(#6165),#6169);
#6165 = LINE('',#6166,#6167);
#6166 = CARTESIAN_POINT('',(0.,-32.5));
#6167 = VECTOR('',#6168,1.);
#6168 = DIRECTION('',(1.,0.));
#6169 = ( GEOMETRIC_REPRESENTATION_CONTEXT(2) 
PARAMETRIC_REPRESENTATION_CONTEXT() REPRESENTATION_CONTEXT('2D SPACE',''
  ) );
#6170 = ORIENTED_EDGE('',*,*,#6171,.F.);
#6171 = EDGE_CURVE('',#5574,#6144,#6172,.T.);
#6172 = SURFACE_CURVE('',#6173,(#6177,#6184),.PCURVE_S1.);
#6173 = LINE('',#6174,#6175);
#6174 = CARTESIAN_POINT('',(16.25,32.,-51.));
#6175 = VECTOR('',#6176,1.);
#6176 = DIRECTION('',(-0.,0.707106781187,0.707106781187));
#6177 = PCURVE('',#5311,#6178);
#6178 = DEFINITIONAL_REPRESENTATION('',(#6179),#6183);
#6179 = LINE('',#6180,#6181);
#6180 = CARTESIAN_POINT('',(0.,-6.));
#6181 = VECTOR('',#6182,1.);
#6182 = DIRECTION('',(-0.707106781187,0.707106781187));
#6183 = ( GEOMETRIC_REPRESENTATION_CONTEXT(2) 
PARAMETRIC_REPRESENTATION_CONTEXT() REPRESENTATION_CONTEXT('2D SPACE',''
  ) );
#6184 = PCURVE('',#5589,#6185);
#6185 = DEFINITIONAL_REPRESENTATION('',(#6186),#6190);
#6186 = LINE('',#6187,#6188);
#6187 = CARTESIAN_POINT('',(0.,-32.5));
#6188 = VECTOR('',#6189,1.);
#6189 = DIRECTION('',(1.,0.));
#6190 = ( GEOMETRIC_REPRESENTATION_CONTEXT(2) 
PARAMETRIC_REPRESENTATION_CONTEXT() REPRESENTATION_CONTEXT('2D SPACE',''
  ) );
#6191 = ORIENTED_EDGE('',*,*,#5601,.T.);
#6192 = ORIENTED_EDGE('',*,*,#5701,.F.);
#6193 = FACE_BOUND('',#6194,.F.);
#6194 = EDGE_LOOP('',(#6195));
#6195 = ORIENTED_EDGE('',*,*,#6196,.T.);
#6196 = EDGE_CURVE('',#6197,#6197,#6199,.T.);
#6197 = VERTEX_POINT('',#6198);
#6198 = CARTESIAN_POINT('',(16.25,35.,-51.));
#6199 = SURFACE_CURVE('',#6200,(#6205,#6216),.PCURVE_S1.);
#6200 = CIRCLE('',#6201,3.5);
#6201 = AXIS2_PLACEMENT_3D('',#6202,#6203,#6204);
#6202 = CARTESIAN_POINT('',(16.25,38.5,-51.));
#6203 = DIRECTION('',(-1.,-0.,0.));
#6204 = DIRECTION('',(0.,-1.,-6.123233995737E-17));
#6205 = PCURVE('',#5311,#6206);
#6206 = DEFINITIONAL_REPRESENTATION('',(#6207),#6215);
#6207 = ( BOUNDED_CURVE() B_SPLINE_CURVE(2,(#6208,#6209,#6210,#6211,
#6212,#6213,#6214),.UNSPECIFIED.,.T.,.F.) B_SPLINE_CURVE_WITH_KNOTS((1,2
    ,2,2,2,1),(-2.094395102393,0.,2.094395102393,4.188790204786,
6.28318530718,8.377580409573),.UNSPECIFIED.) CURVE() 
GEOMETRIC_REPRESENTATION_ITEM() RATIONAL_B_SPLINE_CURVE((1.,0.5,1.,0.5,
1.,0.5,1.)) REPRESENTATION_ITEM('') );
#6208 = CARTESIAN_POINT('',(0.,-3.));
#6209 = CARTESIAN_POINT('',(-6.062177826491,-3.));
#6210 = CARTESIAN_POINT('',(-3.031088913246,2.25));
#6211 = CARTESIAN_POINT('',(-8.572527594031E-16,7.5));
#6212 = CARTESIAN_POINT('',(3.031088913246,2.25));
#6213 = CARTESIAN_POINT('',(6.062177826491,-3.));
#6214 = CARTESIAN_POINT('',(0.,-3.));
#6215 = ( GEOMETRIC_REPRESENTATION_CONTEXT(2) 
PARAMETRIC_REPRESENTATION_CONTEXT() REPRESENTATION_CONTEXT('2D SPACE',''
  ) );
#6216 = PCURVE('',#6217,#6222);
#6217 = CONICAL_SURFACE('',#6218,3.5,0.785398163397);
#6218 = AXIS2_PLACEMENT_3D('',#6219,#6220,#6221);
#6219 = CARTESIAN_POINT('',(16.25,38.5,-51.));
#6220 = DIRECTION('',(1.,0.,0.));
#6221 = DIRECTION('',(0.,-1.,-6.123233995737E-17));
#6222 = DEFINITIONAL_REPRESENTATION('',(#6223),#6227);
#6223 = LINE('',#6224,#6225);
#6224 = CARTESIAN_POINT('',(-0.,-0.));
#6225 = VECTOR('',#6226,1.);
#6226 = DIRECTION('',(-1.,-0.));
#6227 = ( GEOMETRIC_REPRESENTATION_CONTEXT(2) 
PARAMETRIC_REPRESENTATION_CONTEXT() REPRESENTATION_CONTEXT('2D SPACE',''
  ) );
#6228 = ADVANCED_FACE('',(#6229),#5284,.F.);
#6229 = FACE_BOUND('',#6230,.F.);
#6230 = EDGE_LOOP('',(#6231,#6254,#6275,#6276));
#6231 = ORIENTED_EDGE('',*,*,#6232,.F.);
#6232 = EDGE_CURVE('',#6233,#5242,#6235,.T.);
#6233 = VERTEX_POINT('',#6234);
#6234 = CARTESIAN_POINT('',(48.75,40.,-56.));
#6235 = SURFACE_CURVE('',#6236,(#6240,#6247),.PCURVE_S1.);
#6236 = LINE('',#6237,#6238);
#6237 = CARTESIAN_POINT('',(48.75,40.,-56.));
#6238 = VECTOR('',#6239,1.);
#6239 = DIRECTION('',(0.,-1.,-6.123233995737E-17));
#6240 = PCURVE('',#5284,#6241);
#6241 = DEFINITIONAL_REPRESENTATION('',(#6242),#6246);
#6242 = LINE('',#6243,#6244);
#6243 = CARTESIAN_POINT('',(0.,0.));
#6244 = VECTOR('',#6245,1.);
#6245 = DIRECTION('',(1.,0.));
#6246 = ( GEOMETRIC_REPRESENTATION_CONTEXT(2) 
PARAMETRIC_REPRESENTATION_CONTEXT() REPRESENTATION_CONTEXT('2D SPACE',''
  ) );
#6247 = PCURVE('',#5257,#6248);
#6248 = DEFINITIONAL_REPRESENTATION('',(#6249),#6253);
#6249 = LINE('',#6250,#6251);
#6250 = CARTESIAN_POINT('',(2.5,2.));
#6251 = VECTOR('',#6252,1.);
#6252 = DIRECTION('',(0.,-1.));
#6253 = ( GEOMETRIC_REPRESENTATION_CONTEXT(2) 
PARAMETRIC_REPRESENTATION_CONTEXT() REPRESENTATION_CONTEXT('2D SPACE',''
  ) );
#6254 = ORIENTED_EDGE('',*,*,#6255,.T.);
#6255 = EDGE_CURVE('',#6233,#6065,#6256,.T.);
#6256 = SURFACE_CURVE('',#6257,(#6261,#6268),.PCURVE_S1.);
#6257 = LINE('',#6258,#6259);
#6258 = CARTESIAN_POINT('',(48.75,40.,-56.));
#6259 = VECTOR('',#6260,1.);
#6260 = DIRECTION('',(-1.,0.,0.));
#6261 = PCURVE('',#5284,#6262);
#6262 = DEFINITIONAL_REPRESENTATION('',(#6263),#6267);
#6263 = LINE('',#6264,#6265);
#6264 = CARTESIAN_POINT('',(0.,0.));
#6265 = VECTOR('',#6266,1.);
#6266 = DIRECTION('',(0.,-1.));
#6267 = ( GEOMETRIC_REPRESENTATION_CONTEXT(2) 
PARAMETRIC_REPRESENTATION_CONTEXT() REPRESENTATION_CONTEXT('2D SPACE',''
  ) );
#6268 = PCURVE('',#6103,#6269);
#6269 = DEFINITIONAL_REPRESENTATION('',(#6270),#6274);
#6270 = LINE('',#6271,#6272);
#6271 = CARTESIAN_POINT('',(7.071067811865,0.));
#6272 = VECTOR('',#6273,1.);
#6273 = DIRECTION('',(0.,-1.));
#6274 = ( GEOMETRIC_REPRESENTATION_CONTEXT(2) 
PARAMETRIC_REPRESENTATION_CONTEXT() REPRESENTATION_CONTEXT('2D SPACE',''
  ) );
#6275 = ORIENTED_EDGE('',*,*,#6064,.T.);
#6276 = ORIENTED_EDGE('',*,*,#5269,.F.);
#6277 = ADVANCED_FACE('',(#6278,#6394),#5257,.F.);
#6278 = FACE_BOUND('',#6279,.F.);
#6279 = EDGE_LOOP('',(#6280,#6281,#6302,#6303,#6326,#6349,#6372,#6393));
#6280 = ORIENTED_EDGE('',*,*,#5241,.F.);
#6281 = ORIENTED_EDGE('',*,*,#6282,.T.);
#6282 = EDGE_CURVE('',#5214,#5528,#6283,.T.);
#6283 = SURFACE_CURVE('',#6284,(#6288,#6295),.PCURVE_S1.);
#6284 = LINE('',#6285,#6286);
#6285 = CARTESIAN_POINT('',(48.75,38.,-58.5));
#6286 = VECTOR('',#6287,1.);
#6287 = DIRECTION('',(0.,-1.,-6.123233995737E-17));
#6288 = PCURVE('',#5257,#6289);
#6289 = DEFINITIONAL_REPRESENTATION('',(#6290),#6294);
#6290 = LINE('',#6291,#6292);
#6291 = CARTESIAN_POINT('',(0.,0.));
#6292 = VECTOR('',#6293,1.);
#6293 = DIRECTION('',(0.,-1.));
#6294 = ( GEOMETRIC_REPRESENTATION_CONTEXT(2) 
PARAMETRIC_REPRESENTATION_CONTEXT() REPRESENTATION_CONTEXT('2D SPACE',''
  ) );
#6295 = PCURVE('',#5229,#6296);
#6296 = DEFINITIONAL_REPRESENTATION('',(#6297),#6301);
#6297 = LINE('',#6298,#6299);
#6298 = CARTESIAN_POINT('',(22.980970388563,0.));
#6299 = VECTOR('',#6300,1.);
#6300 = DIRECTION('',(0.,-1.));
#6301 = ( GEOMETRIC_REPRESENTATION_CONTEXT(2) 
PARAMETRIC_REPRESENTATION_CONTEXT() REPRESENTATION_CONTEXT('2D SPACE',''
  ) );
#6302 = ORIENTED_EDGE('',*,*,#5550,.T.);
#6303 = ORIENTED_EDGE('',*,*,#6304,.T.);
#6304 = EDGE_CURVE('',#5551,#6305,#6307,.T.);
#6305 = VERTEX_POINT('',#6306);
#6306 = CARTESIAN_POINT('',(48.75,37.,-46.));
#6307 = SURFACE_CURVE('',#6308,(#6312,#6319),.PCURVE_S1.);
#6308 = LINE('',#6309,#6310);
#6309 = CARTESIAN_POINT('',(48.75,32.,-51.));
#6310 = VECTOR('',#6311,1.);
#6311 = DIRECTION('',(-0.,0.707106781187,0.707106781187));
#6312 = PCURVE('',#5257,#6313);
#6313 = DEFINITIONAL_REPRESENTATION('',(#6314),#6318);
#6314 = LINE('',#6315,#6316);
#6315 = CARTESIAN_POINT('',(7.5,-6.));
#6316 = VECTOR('',#6317,1.);
#6317 = DIRECTION('',(0.707106781187,0.707106781187));
#6318 = ( GEOMETRIC_REPRESENTATION_CONTEXT(2) 
PARAMETRIC_REPRESENTATION_CONTEXT() REPRESENTATION_CONTEXT('2D SPACE',''
  ) );
#6319 = PCURVE('',#5589,#6320);
#6320 = DEFINITIONAL_REPRESENTATION('',(#6321),#6325);
#6321 = LINE('',#6322,#6323);
#6322 = CARTESIAN_POINT('',(0.,0.));
#6323 = VECTOR('',#6324,1.);
#6324 = DIRECTION('',(1.,0.));
#6325 = ( GEOMETRIC_REPRESENTATION_CONTEXT(2) 
PARAMETRIC_REPRESENTATION_CONTEXT() REPRESENTATION_CONTEXT('2D SPACE',''
  ) );
#6326 = ORIENTED_EDGE('',*,*,#6327,.T.);
#6327 = EDGE_CURVE('',#6305,#6328,#6330,.T.);
#6328 = VERTEX_POINT('',#6329);
#6329 = CARTESIAN_POINT('',(48.75,40.,-46.));
#6330 = SURFACE_CURVE('',#6331,(#6335,#6342),.PCURVE_S1.);
#6331 = LINE('',#6332,#6333);
#6332 = CARTESIAN_POINT('',(48.75,37.,-46.));
#6333 = VECTOR('',#6334,1.);
#6334 = DIRECTION('',(0.,1.,6.123233995737E-17));
#6335 = PCURVE('',#5257,#6336);
#6336 = DEFINITIONAL_REPRESENTATION('',(#6337),#6341);
#6337 = LINE('',#6338,#6339);
#6338 = CARTESIAN_POINT('',(12.5,-1.));
#6339 = VECTOR('',#6340,1.);
#6340 = DIRECTION('',(0.,1.));
#6341 = ( GEOMETRIC_REPRESENTATION_CONTEXT(2) 
PARAMETRIC_REPRESENTATION_CONTEXT() REPRESENTATION_CONTEXT('2D SPACE',''
  ) );
#6342 = PCURVE('',#6159,#6343);
#6343 = DEFINITIONAL_REPRESENTATION('',(#6344),#6348);
#6344 = LINE('',#6345,#6346);
#6345 = CARTESIAN_POINT('',(0.,0.));
#6346 = VECTOR('',#6347,1.);
#6347 = DIRECTION('',(1.,0.));
#6348 = ( GEOMETRIC_REPRESENTATION_CONTEXT(2) 
PARAMETRIC_REPRESENTATION_CONTEXT() REPRESENTATION_CONTEXT('2D SPACE',''
  ) );
#6349 = ORIENTED_EDGE('',*,*,#6350,.T.);
#6350 = EDGE_CURVE('',#6328,#6351,#6353,.T.);
#6351 = VERTEX_POINT('',#6352);
#6352 = CARTESIAN_POINT('',(48.75,45.,-51.));
#6353 = SURFACE_CURVE('',#6354,(#6358,#6365),.PCURVE_S1.);
#6354 = LINE('',#6355,#6356);
#6355 = CARTESIAN_POINT('',(48.75,40.,-46.));
#6356 = VECTOR('',#6357,1.);
#6357 = DIRECTION('',(0.,0.707106781187,-0.707106781187));
#6358 = PCURVE('',#5257,#6359);
#6359 = DEFINITIONAL_REPRESENTATION('',(#6360),#6364);
#6360 = LINE('',#6361,#6362);
#6361 = CARTESIAN_POINT('',(12.5,2.));
#6362 = VECTOR('',#6363,1.);
#6363 = DIRECTION('',(-0.707106781187,0.707106781187));
#6364 = ( GEOMETRIC_REPRESENTATION_CONTEXT(2) 
PARAMETRIC_REPRESENTATION_CONTEXT() REPRESENTATION_CONTEXT('2D SPACE',''
  ) );
#6365 = PCURVE('',#6131,#6366);
#6366 = DEFINITIONAL_REPRESENTATION('',(#6367),#6371);
#6367 = LINE('',#6368,#6369);
#6368 = CARTESIAN_POINT('',(0.,0.));
#6369 = VECTOR('',#6370,1.);
#6370 = DIRECTION('',(1.,0.));
#6371 = ( GEOMETRIC_REPRESENTATION_CONTEXT(2) 
PARAMETRIC_REPRESENTATION_CONTEXT() REPRESENTATION_CONTEXT('2D SPACE',''
  ) );
#6372 = ORIENTED_EDGE('',*,*,#6373,.T.);
#6373 = EDGE_CURVE('',#6351,#6233,#6374,.T.);
#6374 = SURFACE_CURVE('',#6375,(#6379,#6386),.PCURVE_S1.);
#6375 = LINE('',#6376,#6377);
#6376 = CARTESIAN_POINT('',(48.75,45.,-51.));
#6377 = VECTOR('',#6378,1.);
#6378 = DIRECTION('',(0.,-0.707106781187,-0.707106781187));
#6379 = PCURVE('',#5257,#6380);
#6380 = DEFINITIONAL_REPRESENTATION('',(#6381),#6385);
#6381 = LINE('',#6382,#6383);
#6382 = CARTESIAN_POINT('',(7.5,7.));
#6383 = VECTOR('',#6384,1.);
#6384 = DIRECTION('',(-0.707106781187,-0.707106781187));
#6385 = ( GEOMETRIC_REPRESENTATION_CONTEXT(2) 
PARAMETRIC_REPRESENTATION_CONTEXT() REPRESENTATION_CONTEXT('2D SPACE',''
  ) );
#6386 = PCURVE('',#6103,#6387);
#6387 = DEFINITIONAL_REPRESENTATION('',(#6388),#6392);
#6388 = LINE('',#6389,#6390);
#6389 = CARTESIAN_POINT('',(0.,0.));
#6390 = VECTOR('',#6391,1.);
#6391 = DIRECTION('',(1.,0.));
#6392 = ( GEOMETRIC_REPRESENTATION_CONTEXT(2) 
PARAMETRIC_REPRESENTATION_CONTEXT() REPRESENTATION_CONTEXT('2D SPACE',''
  ) );
#6393 = ORIENTED_EDGE('',*,*,#6232,.T.);
#6394 = FACE_BOUND('',#6395,.F.);
#6395 = EDGE_LOOP('',(#6396));
#6396 = ORIENTED_EDGE('',*,*,#6397,.T.);
#6397 = EDGE_CURVE('',#6398,#6398,#6400,.T.);
#6398 = VERTEX_POINT('',#6399);
#6399 = CARTESIAN_POINT('',(48.75,42.,-51.));
#6400 = SURFACE_CURVE('',#6401,(#6406,#6417),.PCURVE_S1.);
#6401 = CIRCLE('',#6402,3.5);
#6402 = AXIS2_PLACEMENT_3D('',#6403,#6404,#6405);
#6403 = CARTESIAN_POINT('',(48.75,38.5,-51.));
#6404 = DIRECTION('',(1.,0.,-0.));
#6405 = DIRECTION('',(0.,1.,6.123233995737E-17));
#6406 = PCURVE('',#5257,#6407);
#6407 = DEFINITIONAL_REPRESENTATION('',(#6408),#6416);
#6408 = ( BOUNDED_CURVE() B_SPLINE_CURVE(2,(#6409,#6410,#6411,#6412,
#6413,#6414,#6415),.UNSPECIFIED.,.T.,.F.) B_SPLINE_CURVE_WITH_KNOTS((1,2
    ,2,2,2,1),(-2.094395102393,0.,2.094395102393,4.188790204786,
6.28318530718,8.377580409573),.UNSPECIFIED.) CURVE() 
GEOMETRIC_REPRESENTATION_ITEM() RATIONAL_B_SPLINE_CURVE((1.,0.5,1.,0.5,
1.,0.5,1.)) REPRESENTATION_ITEM('') );
#6409 = CARTESIAN_POINT('',(7.5,4.));
#6410 = CARTESIAN_POINT('',(13.562177826491,4.));
#6411 = CARTESIAN_POINT('',(10.531088913246,-1.25));
#6412 = CARTESIAN_POINT('',(7.5,-6.5));
#6413 = CARTESIAN_POINT('',(4.468911086754,-1.25));
#6414 = CARTESIAN_POINT('',(1.437822173509,4.));
#6415 = CARTESIAN_POINT('',(7.5,4.));
#6416 = ( GEOMETRIC_REPRESENTATION_CONTEXT(2) 
PARAMETRIC_REPRESENTATION_CONTEXT() REPRESENTATION_CONTEXT('2D SPACE',''
  ) );
#6417 = PCURVE('',#6418,#6423);
#6418 = CONICAL_SURFACE('',#6419,3.5,0.785398163397);
#6419 = AXIS2_PLACEMENT_3D('',#6420,#6421,#6422);
#6420 = CARTESIAN_POINT('',(48.75,38.5,-51.));
#6421 = DIRECTION('',(-1.,0.,0.));
#6422 = DIRECTION('',(0.,1.,6.123233995737E-17));
#6423 = DEFINITIONAL_REPRESENTATION('',(#6424),#6428);
#6424 = LINE('',#6425,#6426);
#6425 = CARTESIAN_POINT('',(-0.,-0.));
#6426 = VECTOR('',#6427,1.);
#6427 = DIRECTION('',(-1.,-0.));
#6428 = ( GEOMETRIC_REPRESENTATION_CONTEXT(2) 
PARAMETRIC_REPRESENTATION_CONTEXT() REPRESENTATION_CONTEXT('2D SPACE',''
  ) );
#6429 = ADVANCED_FACE('',(#6430),#5229,.F.);
#6430 = FACE_BOUND('',#6431,.F.);
#6431 = EDGE_LOOP('',(#6432,#6433,#6434,#6435));
#6432 = ORIENTED_EDGE('',*,*,#5836,.T.);
#6433 = ORIENTED_EDGE('',*,*,#5527,.T.);
#6434 = ORIENTED_EDGE('',*,*,#6282,.F.);
#6435 = ORIENTED_EDGE('',*,*,#5213,.F.);
#6436 = ADVANCED_FACE('',(#6437),#5493,.F.);
#6437 = FACE_BOUND('',#6438,.F.);
#6438 = EDGE_LOOP('',(#6439,#6440,#6461,#6462));
#6439 = ORIENTED_EDGE('',*,*,#5814,.F.);
#6440 = ORIENTED_EDGE('',*,*,#6441,.T.);
#6441 = EDGE_CURVE('',#5787,#5978,#6442,.T.);
#6442 = SURFACE_CURVE('',#6443,(#6447,#6454),.PCURVE_S1.);
#6443 = LINE('',#6444,#6445);
#6444 = CARTESIAN_POINT('',(65.,30.,-96.5));
#6445 = VECTOR('',#6446,1.);
#6446 = DIRECTION('',(-1.,0.,0.));
#6447 = PCURVE('',#5493,#6448);
#6448 = DEFINITIONAL_REPRESENTATION('',(#6449),#6453);
#6449 = LINE('',#6450,#6451);
#6450 = CARTESIAN_POINT('',(0.,0.));
#6451 = VECTOR('',#6452,1.);
#6452 = DIRECTION('',(0.,-1.));
#6453 = ( GEOMETRIC_REPRESENTATION_CONTEXT(2) 
PARAMETRIC_REPRESENTATION_CONTEXT() REPRESENTATION_CONTEXT('2D SPACE',''
  ) );
#6454 = PCURVE('',#5802,#6455);
#6455 = DEFINITIONAL_REPRESENTATION('',(#6456),#6460);
#6456 = LINE('',#6457,#6458);
#6457 = CARTESIAN_POINT('',(7.071067811865,0.));
#6458 = VECTOR('',#6459,1.);
#6459 = DIRECTION('',(0.,-1.));
#6460 = ( GEOMETRIC_REPRESENTATION_CONTEXT(2) 
PARAMETRIC_REPRESENTATION_CONTEXT() REPRESENTATION_CONTEXT('2D SPACE',''
  ) );
#6461 = ORIENTED_EDGE('',*,*,#6000,.T.);
#6462 = ORIENTED_EDGE('',*,*,#5476,.T.);
#6463 = ADVANCED_FACE('',(#6464),#5589,.F.);
#6464 = FACE_BOUND('',#6465,.F.);
#6465 = EDGE_LOOP('',(#6466,#6467,#6468,#6489));
#6466 = ORIENTED_EDGE('',*,*,#5573,.T.);
#6467 = ORIENTED_EDGE('',*,*,#6171,.T.);
#6468 = ORIENTED_EDGE('',*,*,#6469,.F.);
#6469 = EDGE_CURVE('',#6305,#6144,#6470,.T.);
#6470 = SURFACE_CURVE('',#6471,(#6475,#6482),.PCURVE_S1.);
#6471 = LINE('',#6472,#6473);
#6472 = CARTESIAN_POINT('',(48.75,37.,-46.));
#6473 = VECTOR('',#6474,1.);
#6474 = DIRECTION('',(-1.,0.,0.));
#6475 = PCURVE('',#5589,#6476);
#6476 = DEFINITIONAL_REPRESENTATION('',(#6477),#6481);
#6477 = LINE('',#6478,#6479);
#6478 = CARTESIAN_POINT('',(7.071067811865,0.));
#6479 = VECTOR('',#6480,1.);
#6480 = DIRECTION('',(0.,-1.));
#6481 = ( GEOMETRIC_REPRESENTATION_CONTEXT(2) 
PARAMETRIC_REPRESENTATION_CONTEXT() REPRESENTATION_CONTEXT('2D SPACE',''
  ) );
#6482 = PCURVE('',#6159,#6483);
#6483 = DEFINITIONAL_REPRESENTATION('',(#6484),#6488);
#6484 = LINE('',#6485,#6486);
#6485 = CARTESIAN_POINT('',(0.,0.));
#6486 = VECTOR('',#6487,1.);
#6487 = DIRECTION('',(0.,-1.));
#6488 = ( GEOMETRIC_REPRESENTATION_CONTEXT(2) 
PARAMETRIC_REPRESENTATION_CONTEXT() REPRESENTATION_CONTEXT('2D SPACE',''
  ) );
#6489 = ORIENTED_EDGE('',*,*,#6304,.F.);
#6490 = ADVANCED_FACE('',(#6491),#5746,.F.);
#6491 = FACE_BOUND('',#6492,.F.);
#6492 = EDGE_LOOP('',(#6493,#6494,#6495,#6516));
#6493 = ORIENTED_EDGE('',*,*,#5906,.T.);
#6494 = ORIENTED_EDGE('',*,*,#5931,.T.);
#6495 = ORIENTED_EDGE('',*,*,#6496,.F.);
#6496 = EDGE_CURVE('',#5731,#5932,#6497,.T.);
#6497 = SURFACE_CURVE('',#6498,(#6502,#6509),.PCURVE_S1.);
#6498 = LINE('',#6499,#6500);
#6499 = CARTESIAN_POINT('',(65.,30.,-106.5));
#6500 = VECTOR('',#6501,1.);
#6501 = DIRECTION('',(-1.,0.,0.));
#6502 = PCURVE('',#5746,#6503);
#6503 = DEFINITIONAL_REPRESENTATION('',(#6504),#6508);
#6504 = LINE('',#6505,#6506);
#6505 = CARTESIAN_POINT('',(3.,0.));
#6506 = VECTOR('',#6507,1.);
#6507 = DIRECTION('',(0.,-1.));
#6508 = ( GEOMETRIC_REPRESENTATION_CONTEXT(2) 
PARAMETRIC_REPRESENTATION_CONTEXT() REPRESENTATION_CONTEXT('2D SPACE',''
  ) );
#6509 = PCURVE('',#5774,#6510);
#6510 = DEFINITIONAL_REPRESENTATION('',(#6511),#6515);
#6511 = LINE('',#6512,#6513);
#6512 = CARTESIAN_POINT('',(0.,0.));
#6513 = VECTOR('',#6514,1.);
#6514 = DIRECTION('',(0.,-1.));
#6515 = ( GEOMETRIC_REPRESENTATION_CONTEXT(2) 
PARAMETRIC_REPRESENTATION_CONTEXT() REPRESENTATION_CONTEXT('2D SPACE',''
  ) );
#6516 = ORIENTED_EDGE('',*,*,#5728,.F.);
#6517 = ADVANCED_FACE('',(#6518),#5774,.F.);
#6518 = FACE_BOUND('',#6519,.F.);
#6519 = EDGE_LOOP('',(#6520,#6521,#6522,#6543));
#6520 = ORIENTED_EDGE('',*,*,#6496,.T.);
#6521 = ORIENTED_EDGE('',*,*,#5954,.T.);
#6522 = ORIENTED_EDGE('',*,*,#6523,.F.);
#6523 = EDGE_CURVE('',#5759,#5955,#6524,.T.);
#6524 = SURFACE_CURVE('',#6525,(#6529,#6536),.PCURVE_S1.);
#6525 = LINE('',#6526,#6527);
#6526 = CARTESIAN_POINT('',(65.,25.,-101.5));
#6527 = VECTOR('',#6528,1.);
#6528 = DIRECTION('',(-1.,0.,0.));
#6529 = PCURVE('',#5774,#6530);
#6530 = DEFINITIONAL_REPRESENTATION('',(#6531),#6535);
#6531 = LINE('',#6532,#6533);
#6532 = CARTESIAN_POINT('',(7.071067811865,0.));
#6533 = VECTOR('',#6534,1.);
#6534 = DIRECTION('',(0.,-1.));
#6535 = ( GEOMETRIC_REPRESENTATION_CONTEXT(2) 
PARAMETRIC_REPRESENTATION_CONTEXT() REPRESENTATION_CONTEXT('2D SPACE',''
  ) );
#6536 = PCURVE('',#5802,#6537);
#6537 = DEFINITIONAL_REPRESENTATION('',(#6538),#6542);
#6538 = LINE('',#6539,#6540);
#6539 = CARTESIAN_POINT('',(0.,0.));
#6540 = VECTOR('',#6541,1.);
#6541 = DIRECTION('',(0.,-1.));
#6542 = ( GEOMETRIC_REPRESENTATION_CONTEXT(2) 
PARAMETRIC_REPRESENTATION_CONTEXT() REPRESENTATION_CONTEXT('2D SPACE',''
  ) );
#6543 = ORIENTED_EDGE('',*,*,#5758,.F.);
#6544 = ADVANCED_FACE('',(#6545),#5802,.F.);
#6545 = FACE_BOUND('',#6546,.F.);
#6546 = EDGE_LOOP('',(#6547,#6548,#6549,#6550));
#6547 = ORIENTED_EDGE('',*,*,#6523,.T.);
#6548 = ORIENTED_EDGE('',*,*,#5977,.T.);
#6549 = ORIENTED_EDGE('',*,*,#6441,.F.);
#6550 = ORIENTED_EDGE('',*,*,#5786,.F.);
#6551 = ADVANCED_FACE('',(#6552),#6048,.F.);
#6552 = FACE_BOUND('',#6553,.F.);
#6553 = EDGE_LOOP('',(#6554,#6577,#6578));
#6554 = ORIENTED_EDGE('',*,*,#6555,.T.);
#6555 = EDGE_CURVE('',#6028,#6556,#6558,.T.);
#6556 = VERTEX_POINT('',#6557);
#6557 = CARTESIAN_POINT('',(52.815685424949,31.5,-101.5));
#6558 = SEAM_CURVE('',#6559,(#6563,#6570),.PCURVE_S1.);
#6559 = LINE('',#6560,#6561);
#6560 = CARTESIAN_POINT('',(48.75,35.565685424949,-101.5));
#6561 = VECTOR('',#6562,1.);
#6562 = DIRECTION('',(0.707106781187,-0.707106781187,1.298934084353E-16)
  );
#6563 = PCURVE('',#6048,#6564);
#6564 = DEFINITIONAL_REPRESENTATION('',(#6565),#6569);
#6565 = LINE('',#6566,#6567);
#6566 = CARTESIAN_POINT('',(-6.28318530718,0.));
#6567 = VECTOR('',#6568,1.);
#6568 = DIRECTION('',(-0.,-1.));
#6569 = ( GEOMETRIC_REPRESENTATION_CONTEXT(2) 
PARAMETRIC_REPRESENTATION_CONTEXT() REPRESENTATION_CONTEXT('2D SPACE',''
  ) );
#6570 = PCURVE('',#6048,#6571);
#6571 = DEFINITIONAL_REPRESENTATION('',(#6572),#6576);
#6572 = LINE('',#6573,#6574);
#6573 = CARTESIAN_POINT('',(0.,-0.));
#6574 = VECTOR('',#6575,1.);
#6575 = DIRECTION('',(-0.,-1.));
#6576 = ( GEOMETRIC_REPRESENTATION_CONTEXT(2) 
PARAMETRIC_REPRESENTATION_CONTEXT() REPRESENTATION_CONTEXT('2D SPACE',''
  ) );
#6577 = ORIENTED_EDGE('',*,*,#6555,.F.);
#6578 = ORIENTED_EDGE('',*,*,#6027,.T.);
#6579 = ADVANCED_FACE('',(#6580),#6103,.F.);
#6580 = FACE_BOUND('',#6581,.F.);
#6581 = EDGE_LOOP('',(#6582,#6603,#6604,#6605));
#6582 = ORIENTED_EDGE('',*,*,#6583,.T.);
#6583 = EDGE_CURVE('',#6351,#6088,#6584,.T.);
#6584 = SURFACE_CURVE('',#6585,(#6589,#6596),.PCURVE_S1.);
#6585 = LINE('',#6586,#6587);
#6586 = CARTESIAN_POINT('',(48.75,45.,-51.));
#6587 = VECTOR('',#6588,1.);
#6588 = DIRECTION('',(-1.,0.,0.));
#6589 = PCURVE('',#6103,#6590);
#6590 = DEFINITIONAL_REPRESENTATION('',(#6591),#6595);
#6591 = LINE('',#6592,#6593);
#6592 = CARTESIAN_POINT('',(0.,0.));
#6593 = VECTOR('',#6594,1.);
#6594 = DIRECTION('',(0.,-1.));
#6595 = ( GEOMETRIC_REPRESENTATION_CONTEXT(2) 
PARAMETRIC_REPRESENTATION_CONTEXT() REPRESENTATION_CONTEXT('2D SPACE',''
  ) );
#6596 = PCURVE('',#6131,#6597);
#6597 = DEFINITIONAL_REPRESENTATION('',(#6598),#6602);
#6598 = LINE('',#6599,#6600);
#6599 = CARTESIAN_POINT('',(7.071067811865,0.));
#6600 = VECTOR('',#6601,1.);
#6601 = DIRECTION('',(0.,-1.));
#6602 = ( GEOMETRIC_REPRESENTATION_CONTEXT(2) 
PARAMETRIC_REPRESENTATION_CONTEXT() REPRESENTATION_CONTEXT('2D SPACE',''
  ) );
#6603 = ORIENTED_EDGE('',*,*,#6087,.T.);
#6604 = ORIENTED_EDGE('',*,*,#6255,.F.);
#6605 = ORIENTED_EDGE('',*,*,#6373,.F.);
#6606 = ADVANCED_FACE('',(#6607),#6131,.F.);
#6607 = FACE_BOUND('',#6608,.F.);
#6608 = EDGE_LOOP('',(#6609,#6630,#6631,#6632));
#6609 = ORIENTED_EDGE('',*,*,#6610,.T.);
#6610 = EDGE_CURVE('',#6328,#6116,#6611,.T.);
#6611 = SURFACE_CURVE('',#6612,(#6616,#6623),.PCURVE_S1.);
#6612 = LINE('',#6613,#6614);
#6613 = CARTESIAN_POINT('',(48.75,40.,-46.));
#6614 = VECTOR('',#6615,1.);
#6615 = DIRECTION('',(-1.,0.,0.));
#6616 = PCURVE('',#6131,#6617);
#6617 = DEFINITIONAL_REPRESENTATION('',(#6618),#6622);
#6618 = LINE('',#6619,#6620);
#6619 = CARTESIAN_POINT('',(0.,0.));
#6620 = VECTOR('',#6621,1.);
#6621 = DIRECTION('',(0.,-1.));
#6622 = ( GEOMETRIC_REPRESENTATION_CONTEXT(2) 
PARAMETRIC_REPRESENTATION_CONTEXT() REPRESENTATION_CONTEXT('2D SPACE',''
  ) );
#6623 = PCURVE('',#6159,#6624);
#6624 = DEFINITIONAL_REPRESENTATION('',(#6625),#6629);
#6625 = LINE('',#6626,#6627);
#6626 = CARTESIAN_POINT('',(3.,0.));
#6627 = VECTOR('',#6628,1.);
#6628 = DIRECTION('',(0.,-1.));
#6629 = ( GEOMETRIC_REPRESENTATION_CONTEXT(2) 
PARAMETRIC_REPRESENTATION_CONTEXT() REPRESENTATION_CONTEXT('2D SPACE',''
  ) );
#6630 = ORIENTED_EDGE('',*,*,#6115,.T.);
#6631 = ORIENTED_EDGE('',*,*,#6583,.F.);
#6632 = ORIENTED_EDGE('',*,*,#6350,.F.);
#6633 = ADVANCED_FACE('',(#6634),#6159,.F.);
#6634 = FACE_BOUND('',#6635,.F.);
#6635 = EDGE_LOOP('',(#6636,#6637,#6638,#6639));
#6636 = ORIENTED_EDGE('',*,*,#6469,.T.);
#6637 = ORIENTED_EDGE('',*,*,#6143,.T.);
#6638 = ORIENTED_EDGE('',*,*,#6610,.F.);
#6639 = ORIENTED_EDGE('',*,*,#6327,.F.);
#6640 = ADVANCED_FACE('',(#6641),#6217,.T.);
#6641 = FACE_BOUND('',#6642,.T.);
#6642 = EDGE_LOOP('',(#6643,#6666,#6667));
#6643 = ORIENTED_EDGE('',*,*,#6644,.F.);
#6644 = EDGE_CURVE('',#6197,#6645,#6647,.T.);
#6645 = VERTEX_POINT('',#6646);
#6646 = CARTESIAN_POINT('',(12.75,38.5,-51.));
#6647 = SEAM_CURVE('',#6648,(#6652,#6659),.PCURVE_S1.);
#6648 = LINE('',#6649,#6650);
#6649 = CARTESIAN_POINT('',(16.25,35.,-51.));
#6650 = VECTOR('',#6651,1.);
#6651 = DIRECTION('',(-0.707106781187,0.707106781187,2.164890140589E-16)
  );
#6652 = PCURVE('',#6217,#6653);
#6653 = DEFINITIONAL_REPRESENTATION('',(#6654),#6658);
#6654 = LINE('',#6655,#6656);
#6655 = CARTESIAN_POINT('',(-6.28318530718,0.));
#6656 = VECTOR('',#6657,1.);
#6657 = DIRECTION('',(-0.,-1.));
#6658 = ( GEOMETRIC_REPRESENTATION_CONTEXT(2) 
PARAMETRIC_REPRESENTATION_CONTEXT() REPRESENTATION_CONTEXT('2D SPACE',''
  ) );
#6659 = PCURVE('',#6217,#6660);
#6660 = DEFINITIONAL_REPRESENTATION('',(#6661),#6665);
#6661 = LINE('',#6662,#6663);
#6662 = CARTESIAN_POINT('',(0.,-0.));
#6663 = VECTOR('',#6664,1.);
#6664 = DIRECTION('',(-0.,-1.));
#6665 = ( GEOMETRIC_REPRESENTATION_CONTEXT(2) 
PARAMETRIC_REPRESENTATION_CONTEXT() REPRESENTATION_CONTEXT('2D SPACE',''
  ) );
#6666 = ORIENTED_EDGE('',*,*,#6196,.T.);
#6667 = ORIENTED_EDGE('',*,*,#6644,.T.);
#6668 = ADVANCED_FACE('',(#6669),#6418,.T.);
#6669 = FACE_BOUND('',#6670,.T.);
#6670 = EDGE_LOOP('',(#6671,#6694,#6695));
#6671 = ORIENTED_EDGE('',*,*,#6672,.F.);
#6672 = EDGE_CURVE('',#6398,#6673,#6675,.T.);
#6673 = VERTEX_POINT('',#6674);
#6674 = CARTESIAN_POINT('',(52.25,38.5,-51.));
#6675 = SEAM_CURVE('',#6676,(#6680,#6687),.PCURVE_S1.);
#6676 = LINE('',#6677,#6678);
#6677 = CARTESIAN_POINT('',(48.75,42.,-51.));
#6678 = VECTOR('',#6679,1.);
#6679 = DIRECTION('',(0.707106781187,-0.707106781187,1.298934084353E-16)
  );
#6680 = PCURVE('',#6418,#6681);
#6681 = DEFINITIONAL_REPRESENTATION('',(#6682),#6686);
#6682 = LINE('',#6683,#6684);
#6683 = CARTESIAN_POINT('',(-6.28318530718,0.));
#6684 = VECTOR('',#6685,1.);
#6685 = DIRECTION('',(-0.,-1.));
#6686 = ( GEOMETRIC_REPRESENTATION_CONTEXT(2) 
PARAMETRIC_REPRESENTATION_CONTEXT() REPRESENTATION_CONTEXT('2D SPACE',''
  ) );
#6687 = PCURVE('',#6418,#6688);
#6688 = DEFINITIONAL_REPRESENTATION('',(#6689),#6693);
#6689 = LINE('',#6690,#6691);
#6690 = CARTESIAN_POINT('',(0.,-0.));
#6691 = VECTOR('',#6692,1.);
#6692 = DIRECTION('',(-0.,-1.));
#6693 = ( GEOMETRIC_REPRESENTATION_CONTEXT(2) 
PARAMETRIC_REPRESENTATION_CONTEXT() REPRESENTATION_CONTEXT('2D SPACE',''
  ) );
#6694 = ORIENTED_EDGE('',*,*,#6397,.T.);
#6695 = ORIENTED_EDGE('',*,*,#6672,.T.);
#6696 = ( GEOMETRIC_REPRESENTATION_CONTEXT(3) 
GLOBAL_UNCERTAINTY_ASSIGNED_CONTEXT((#6700)) 
GLOBAL_UNIT_ASSIGNED_CONTEXT((#6697,#6698,#6699)) REPRESENTATION_CONTEXT
('Context #1','3D Context with UNIT and UNCERTAINTY') );
#6697 = ( LENGTH_UNIT() NAMED_UNIT(*) SI_UNIT(.MILLI.,.METRE.) );
#6698 = ( NAMED_UNIT(*) PLANE_ANGLE_UNIT() SI_UNIT($,.RADIAN.) );
#6699 = ( NAMED_UNIT(*) SI_UNIT($,.STERADIAN.) SOLID_ANGLE_UNIT() );
#6700 = UNCERTAINTY_MEASURE_WITH_UNIT(LENGTH_MEASURE(1.E-07),#6697,
  'distance_accuracy_value','confusion accuracy');
#6701 = CONTEXT_DEPENDENT_SHAPE_REPRESENTATION(#6702,#6704);
#6702 = ( REPRESENTATION_RELATIONSHIP('','',#4563,#4540) 
REPRESENTATION_RELATIONSHIP_WITH_TRANSFORMATION(#6703) 
SHAPE_REPRESENTATION_RELATIONSHIP() );
#6703 = ITEM_DEFINED_TRANSFORMATION('','',#11,#4541);
#6704 = PRODUCT_DEFINITION_SHAPE('Placement','Placement of an item',
  #6705);
#6705 = NEXT_ASSEMBLY_USAGE_OCCURRENCE('12','','',#4535,#4558,$);
#6706 = PRODUCT_RELATED_PRODUCT_CATEGORY('part',$,(#4560));
#6707 = SHAPE_DEFINITION_REPRESENTATION(#6708,#6714);
#6708 = PRODUCT_DEFINITION_SHAPE('','',#6709);
#6709 = PRODUCT_DEFINITION('design','',#6710,#6713);
#6710 = PRODUCT_DEFINITION_FORMATION('','',#6711);
#6711 = PRODUCT('link3','link3','',(#6712));
#6712 = PRODUCT_CONTEXT('',#2,'mechanical');
#6713 = PRODUCT_DEFINITION_CONTEXT('part definition',#2,'design');
#6714 = SHAPE_REPRESENTATION('',(#11,#6715),#6719);
#6715 = AXIS2_PLACEMENT_3D('',#6716,#6717,#6718);
#6716 = CARTESIAN_POINT('',(0.,0.,0.));
#6717 = DIRECTION('',(0.,0.,1.));
#6718 = DIRECTION('',(1.,0.,-0.));
#6719 = ( GEOMETRIC_REPRESENTATION_CONTEXT(3) 
GLOBAL_UNCERTAINTY_ASSIGNED_CONTEXT((#6723)) 
GLOBAL_UNIT_ASSIGNED_CONTEXT((#6720,#6721,#6722)) REPRESENTATION_CONTEXT
('Context #1','3D Context with UNIT and UNCERTAINTY') );
#6720 = ( LENGTH_UNIT() NAMED_UNIT(*) SI_UNIT(.MILLI.,.METRE.) );
#6721 = ( NAMED_UNIT(*) PLANE_ANGLE_UNIT() SI_UNIT($,.RADIAN.) );
#6722 = ( NAMED_UNIT(*) SI_UNIT($,.STERADIAN.) SOLID_ANGLE_UNIT() );
#6723 = UNCERTAINTY_MEASURE_WITH_UNIT(LENGTH_MEASURE(1.E-07),#6720,
  'distance_accuracy_value','confusion accuracy');
#6724 = CONTEXT_DEPENDENT_SHAPE_REPRESENTATION(#6725,#6727);
#6725 = ( REPRESENTATION_RELATIONSHIP('','',#6714,#10) 
REPRESENTATION_RELATIONSHIP_WITH_TRANSFORMATION(#6726) 
SHAPE_REPRESENTATION_RELATIONSHIP() );
#6726 = ITEM_DEFINED_TRANSFORMATION('','',#11,#27);
#6727 = PRODUCT_DEFINITION_SHAPE('Placement','Placement of an item',
  #6728);
#6728 = NEXT_ASSEMBLY_USAGE_OCCURRENCE('15','','',#5,#6709,$);
#6729 = PRODUCT_RELATED_PRODUCT_CATEGORY('part',$,(#6711));
#6730 = SHAPE_DEFINITION_REPRESENTATION(#6731,#6737);
#6731 = PRODUCT_DEFINITION_SHAPE('','',#6732);
#6732 = PRODUCT_DEFINITION('design','',#6733,#6736);
#6733 = PRODUCT_DEFINITION_FORMATION('','',#6734);
#6734 = PRODUCT('link3_part','link3_part','',(#6735));
#6735 = PRODUCT_CONTEXT('',#2,'mechanical');
#6736 = PRODUCT_DEFINITION_CONTEXT('part definition',#2,'design');
#6737 = ADVANCED_BREP_SHAPE_REPRESENTATION('',(#11,#6738),#8870);
#6738 = MANIFOLD_SOLID_BREP('',#6739);
#6739 = CLOSED_SHELL('',(#6740,#6860,#6936,#7012,#7177,#7301,#7328,#7353
    ,#7597,#7646,#7843,#7871,#7898,#8052,#8101,#8233,#8402,#8451,#8603,
    #8610,#8637,#8664,#8691,#8718,#8725,#8753,#8780,#8807,#8814,#8842));
#6740 = ADVANCED_FACE('',(#6741),#6755,.F.);
#6741 = FACE_BOUND('',#6742,.F.);
#6742 = EDGE_LOOP('',(#6743,#6778,#6806,#6834));
#6743 = ORIENTED_EDGE('',*,*,#6744,.T.);
#6744 = EDGE_CURVE('',#6745,#6747,#6749,.T.);
#6745 = VERTEX_POINT('',#6746);
#6746 = CARTESIAN_POINT('',(49.25,72.4564006792,-139.9066822754));
#6747 = VERTEX_POINT('',#6748);
#6748 = CARTESIAN_POINT('',(65.,72.4564006792,-139.9066822754));
#6749 = SURFACE_CURVE('',#6750,(#6754,#6766),.PCURVE_S1.);
#6750 = LINE('',#6751,#6752);
#6751 = CARTESIAN_POINT('',(49.25,72.4564006792,-139.9066822754));
#6752 = VECTOR('',#6753,1.);
#6753 = DIRECTION('',(1.,0.,0.));
#6754 = PCURVE('',#6755,#6760);
#6755 = PLANE('',#6756);
#6756 = AXIS2_PLACEMENT_3D('',#6757,#6758,#6759);
#6757 = CARTESIAN_POINT('',(49.25,72.4564006792,-139.9066822754));
#6758 = DIRECTION('',(0.,-0.992825856102,0.11956930817));
#6759 = DIRECTION('',(0.,0.11956930817,0.992825856102));
#6760 = DEFINITIONAL_REPRESENTATION('',(#6761),#6765);
#6761 = LINE('',#6762,#6763);
#6762 = CARTESIAN_POINT('',(0.,0.));
#6763 = VECTOR('',#6764,1.);
#6764 = DIRECTION('',(0.,-1.));
#6765 = ( GEOMETRIC_REPRESENTATION_CONTEXT(2) 
PARAMETRIC_REPRESENTATION_CONTEXT() REPRESENTATION_CONTEXT('2D SPACE',''
  ) );
#6766 = PCURVE('',#6767,#6772);
#6767 = PLANE('',#6768);
#6768 = AXIS2_PLACEMENT_3D('',#6769,#6770,#6771);
#6769 = CARTESIAN_POINT('',(49.25,70.096654187153,-141.7591391556));
#6770 = DIRECTION('',(0.,-0.617485626758,0.786582164016));
#6771 = DIRECTION('',(0.,0.786582164016,0.617485626758));
#6772 = DEFINITIONAL_REPRESENTATION('',(#6773),#6777);
#6773 = LINE('',#6774,#6775);
#6774 = CARTESIAN_POINT('',(3.,0.));
#6775 = VECTOR('',#6776,1.);
#6776 = DIRECTION('',(0.,-1.));
#6777 = ( GEOMETRIC_REPRESENTATION_CONTEXT(2) 
PARAMETRIC_REPRESENTATION_CONTEXT() REPRESENTATION_CONTEXT('2D SPACE',''
  ) );
#6778 = ORIENTED_EDGE('',*,*,#6779,.T.);
#6779 = EDGE_CURVE('',#6747,#6780,#6782,.T.);
#6780 = VERTEX_POINT('',#6781);
#6781 = CARTESIAN_POINT('',(65.,73.301883365487,-132.8863433215));
#6782 = SURFACE_CURVE('',#6783,(#6787,#6794),.PCURVE_S1.);
#6783 = LINE('',#6784,#6785);
#6784 = CARTESIAN_POINT('',(65.,72.4564006792,-139.9066822754));
#6785 = VECTOR('',#6786,1.);
#6786 = DIRECTION('',(0.,0.11956930817,0.992825856102));
#6787 = PCURVE('',#6755,#6788);
#6788 = DEFINITIONAL_REPRESENTATION('',(#6789),#6793);
#6789 = LINE('',#6790,#6791);
#6790 = CARTESIAN_POINT('',(0.,-15.75));
#6791 = VECTOR('',#6792,1.);
#6792 = DIRECTION('',(1.,0.));
#6793 = ( GEOMETRIC_REPRESENTATION_CONTEXT(2) 
PARAMETRIC_REPRESENTATION_CONTEXT() REPRESENTATION_CONTEXT('2D SPACE',''
  ) );
#6794 = PCURVE('',#6795,#6800);
#6795 = PLANE('',#6796);
#6796 = AXIS2_PLACEMENT_3D('',#6797,#6798,#6799);
#6797 = CARTESIAN_POINT('',(65.,68.189099299386,-136.8999998954));
#6798 = DIRECTION('',(1.,0.,0.));
#6799 = DIRECTION('',(0.,0.786582164016,0.617485626758));
#6800 = DEFINITIONAL_REPRESENTATION('',(#6801),#6805);
#6801 = LINE('',#6802,#6803);
#6802 = CARTESIAN_POINT('',(1.5,-5.));
#6803 = VECTOR('',#6804,1.);
#6804 = DIRECTION('',(0.707106781187,0.707106781187));
#6805 = ( GEOMETRIC_REPRESENTATION_CONTEXT(2) 
PARAMETRIC_REPRESENTATION_CONTEXT() REPRESENTATION_CONTEXT('2D SPACE',''
  ) );
#6806 = ORIENTED_EDGE('',*,*,#6807,.F.);
#6807 = EDGE_CURVE('',#6808,#6780,#6810,.T.);
#6808 = VERTEX_POINT('',#6809);
#6809 = CARTESIAN_POINT('',(49.25,73.301883365487,-132.8863433215));
#6810 = SURFACE_CURVE('',#6811,(#6815,#6822),.PCURVE_S1.);
#6811 = LINE('',#6812,#6813);
#6812 = CARTESIAN_POINT('',(49.25,73.301883365487,-132.8863433215));
#6813 = VECTOR('',#6814,1.);
#6814 = DIRECTION('',(1.,0.,0.));
#6815 = PCURVE('',#6755,#6816);
#6816 = DEFINITIONAL_REPRESENTATION('',(#6817),#6821);
#6817 = LINE('',#6818,#6819);
#6818 = CARTESIAN_POINT('',(7.071067811865,0.));
#6819 = VECTOR('',#6820,1.);
#6820 = DIRECTION('',(0.,-1.));
#6821 = ( GEOMETRIC_REPRESENTATION_CONTEXT(2) 
PARAMETRIC_REPRESENTATION_CONTEXT() REPRESENTATION_CONTEXT('2D SPACE',''
  ) );
#6822 = PCURVE('',#6823,#6828);
#6823 = PLANE('',#6824);
#6824 = AXIS2_PLACEMENT_3D('',#6825,#6826,#6827);
#6825 = CARTESIAN_POINT('',(49.25,73.301883365487,-132.8863433215));
#6826 = DIRECTION('',(0.,-0.11956930817,-0.992825856102));
#6827 = DIRECTION('',(0.,-0.992825856102,0.11956930817));
#6828 = DEFINITIONAL_REPRESENTATION('',(#6829),#6833);
#6829 = LINE('',#6830,#6831);
#6830 = CARTESIAN_POINT('',(0.,0.));
#6831 = VECTOR('',#6832,1.);
#6832 = DIRECTION('',(0.,-1.));
#6833 = ( GEOMETRIC_REPRESENTATION_CONTEXT(2) 
PARAMETRIC_REPRESENTATION_CONTEXT() REPRESENTATION_CONTEXT('2D SPACE',''
  ) );
#6834 = ORIENTED_EDGE('',*,*,#6835,.F.);
#6835 = EDGE_CURVE('',#6745,#6808,#6836,.T.);
#6836 = SURFACE_CURVE('',#6837,(#6841,#6848),.PCURVE_S1.);
#6837 = LINE('',#6838,#6839);
#6838 = CARTESIAN_POINT('',(49.25,72.4564006792,-139.9066822754));
#6839 = VECTOR('',#6840,1.);
#6840 = DIRECTION('',(0.,0.11956930817,0.992825856102));
#6841 = PCURVE('',#6755,#6842);
#6842 = DEFINITIONAL_REPRESENTATION('',(#6843),#6847);
#6843 = LINE('',#6844,#6845);
#6844 = CARTESIAN_POINT('',(0.,0.));
#6845 = VECTOR('',#6846,1.);
#6846 = DIRECTION('',(1.,0.));
#6847 = ( GEOMETRIC_REPRESENTATION_CONTEXT(2) 
PARAMETRIC_REPRESENTATION_CONTEXT() REPRESENTATION_CONTEXT('2D SPACE',''
  ) );
#6848 = PCURVE('',#6849,#6854);
#6849 = PLANE('',#6850);
#6850 = AXIS2_PLACEMENT_3D('',#6851,#6852,#6853);
#6851 = CARTESIAN_POINT('',(49.25,68.189099299386,-136.8999998954));
#6852 = DIRECTION('',(1.,0.,0.));
#6853 = DIRECTION('',(0.,0.786582164016,0.617485626758));
#6854 = DEFINITIONAL_REPRESENTATION('',(#6855),#6859);
#6855 = LINE('',#6856,#6857);
#6856 = CARTESIAN_POINT('',(1.5,-5.));
#6857 = VECTOR('',#6858,1.);
#6858 = DIRECTION('',(0.707106781187,0.707106781187));
#6859 = ( GEOMETRIC_REPRESENTATION_CONTEXT(2) 
PARAMETRIC_REPRESENTATION_CONTEXT() REPRESENTATION_CONTEXT('2D SPACE',''
  ) );
#6860 = ADVANCED_FACE('',(#6861),#6767,.F.);
#6861 = FACE_BOUND('',#6862,.F.);
#6862 = EDGE_LOOP('',(#6863,#6893,#6914,#6915));
#6863 = ORIENTED_EDGE('',*,*,#6864,.T.);
#6864 = EDGE_CURVE('',#6865,#6867,#6869,.T.);
#6865 = VERTEX_POINT('',#6866);
#6866 = CARTESIAN_POINT('',(49.25,70.096654187153,-141.7591391556));
#6867 = VERTEX_POINT('',#6868);
#6868 = CARTESIAN_POINT('',(65.,70.096654187153,-141.7591391556));
#6869 = SURFACE_CURVE('',#6870,(#6874,#6881),.PCURVE_S1.);
#6870 = LINE('',#6871,#6872);
#6871 = CARTESIAN_POINT('',(49.25,70.096654187153,-141.7591391556));
#6872 = VECTOR('',#6873,1.);
#6873 = DIRECTION('',(1.,0.,0.));
#6874 = PCURVE('',#6767,#6875);
#6875 = DEFINITIONAL_REPRESENTATION('',(#6876),#6880);
#6876 = LINE('',#6877,#6878);
#6877 = CARTESIAN_POINT('',(0.,0.));
#6878 = VECTOR('',#6879,1.);
#6879 = DIRECTION('',(0.,-1.));
#6880 = ( GEOMETRIC_REPRESENTATION_CONTEXT(2) 
PARAMETRIC_REPRESENTATION_CONTEXT() REPRESENTATION_CONTEXT('2D SPACE',''
  ) );
#6881 = PCURVE('',#6882,#6887);
#6882 = PLANE('',#6883);
#6883 = AXIS2_PLACEMENT_3D('',#6884,#6885,#6886);
#6884 = CARTESIAN_POINT('',(49.25,63.076315233286,-140.9136564694));
#6885 = DIRECTION('',(0.,0.11956930817,0.992825856102));
#6886 = DIRECTION('',(0.,0.992825856102,-0.11956930817));
#6887 = DEFINITIONAL_REPRESENTATION('',(#6888),#6892);
#6888 = LINE('',#6889,#6890);
#6889 = CARTESIAN_POINT('',(7.071067811865,0.));
#6890 = VECTOR('',#6891,1.);
#6891 = DIRECTION('',(0.,-1.));
#6892 = ( GEOMETRIC_REPRESENTATION_CONTEXT(2) 
PARAMETRIC_REPRESENTATION_CONTEXT() REPRESENTATION_CONTEXT('2D SPACE',''
  ) );
#6893 = ORIENTED_EDGE('',*,*,#6894,.T.);
#6894 = EDGE_CURVE('',#6867,#6747,#6895,.T.);
#6895 = SURFACE_CURVE('',#6896,(#6900,#6907),.PCURVE_S1.);
#6896 = LINE('',#6897,#6898);
#6897 = CARTESIAN_POINT('',(65.,70.096654187153,-141.7591391556));
#6898 = VECTOR('',#6899,1.);
#6899 = DIRECTION('',(0.,0.786582164016,0.617485626758));
#6900 = PCURVE('',#6767,#6901);
#6901 = DEFINITIONAL_REPRESENTATION('',(#6902),#6906);
#6902 = LINE('',#6903,#6904);
#6903 = CARTESIAN_POINT('',(0.,-15.75));
#6904 = VECTOR('',#6905,1.);
#6905 = DIRECTION('',(1.,0.));
#6906 = ( GEOMETRIC_REPRESENTATION_CONTEXT(2) 
PARAMETRIC_REPRESENTATION_CONTEXT() REPRESENTATION_CONTEXT('2D SPACE',''
  ) );
#6907 = PCURVE('',#6795,#6908);
#6908 = DEFINITIONAL_REPRESENTATION('',(#6909),#6913);
#6909 = LINE('',#6910,#6911);
#6910 = CARTESIAN_POINT('',(-1.5,-5.));
#6911 = VECTOR('',#6912,1.);
#6912 = DIRECTION('',(1.,0.));
#6913 = ( GEOMETRIC_REPRESENTATION_CONTEXT(2) 
PARAMETRIC_REPRESENTATION_CONTEXT() REPRESENTATION_CONTEXT('2D SPACE',''
  ) );
#6914 = ORIENTED_EDGE('',*,*,#6744,.F.);
#6915 = ORIENTED_EDGE('',*,*,#6916,.F.);
#6916 = EDGE_CURVE('',#6865,#6745,#6917,.T.);
#6917 = SURFACE_CURVE('',#6918,(#6922,#6929),.PCURVE_S1.);
#6918 = LINE('',#6919,#6920);
#6919 = CARTESIAN_POINT('',(49.25,70.096654187153,-141.7591391556));
#6920 = VECTOR('',#6921,1.);
#6921 = DIRECTION('',(0.,0.786582164016,0.617485626758));
#6922 = PCURVE('',#6767,#6923);
#6923 = DEFINITIONAL_REPRESENTATION('',(#6924),#6928);
#6924 = LINE('',#6925,#6926);
#6925 = CARTESIAN_POINT('',(0.,0.));
#6926 = VECTOR('',#6927,1.);
#6927 = DIRECTION('',(1.,0.));
#6928 = ( GEOMETRIC_REPRESENTATION_CONTEXT(2) 
PARAMETRIC_REPRESENTATION_CONTEXT() REPRESENTATION_CONTEXT('2D SPACE',''
  ) );
#6929 = PCURVE('',#6849,#6930);
#6930 = DEFINITIONAL_REPRESENTATION('',(#6931),#6935);
#6931 = LINE('',#6932,#6933);
#6932 = CARTESIAN_POINT('',(-1.5,-5.));
#6933 = VECTOR('',#6934,1.);
#6934 = DIRECTION('',(1.,0.));
#6935 = ( GEOMETRIC_REPRESENTATION_CONTEXT(2) 
PARAMETRIC_REPRESENTATION_CONTEXT() REPRESENTATION_CONTEXT('2D SPACE',''
  ) );
#6936 = ADVANCED_FACE('',(#6937),#6823,.F.);
#6937 = FACE_BOUND('',#6938,.F.);
#6938 = EDGE_LOOP('',(#6939,#6940,#6963,#6991));
#6939 = ORIENTED_EDGE('',*,*,#6807,.T.);
#6940 = ORIENTED_EDGE('',*,*,#6941,.T.);
#6941 = EDGE_CURVE('',#6780,#6942,#6944,.T.);
#6942 = VERTEX_POINT('',#6943);
#6943 = CARTESIAN_POINT('',(65.,66.28154441162,-132.0408606352));
#6944 = SURFACE_CURVE('',#6945,(#6949,#6956),.PCURVE_S1.);
#6945 = LINE('',#6946,#6947);
#6946 = CARTESIAN_POINT('',(65.,73.301883365487,-132.8863433215));
#6947 = VECTOR('',#6948,1.);
#6948 = DIRECTION('',(0.,-0.992825856102,0.11956930817));
#6949 = PCURVE('',#6823,#6950);
#6950 = DEFINITIONAL_REPRESENTATION('',(#6951),#6955);
#6951 = LINE('',#6952,#6953);
#6952 = CARTESIAN_POINT('',(0.,-15.75));
#6953 = VECTOR('',#6954,1.);
#6954 = DIRECTION('',(1.,0.));
#6955 = ( GEOMETRIC_REPRESENTATION_CONTEXT(2) 
PARAMETRIC_REPRESENTATION_CONTEXT() REPRESENTATION_CONTEXT('2D SPACE',''
  ) );
#6956 = PCURVE('',#6795,#6957);
#6957 = DEFINITIONAL_REPRESENTATION('',(#6958),#6962);
#6958 = LINE('',#6959,#6960);
#6959 = CARTESIAN_POINT('',(6.5,0.));
#6960 = VECTOR('',#6961,1.);
#6961 = DIRECTION('',(-0.707106781187,0.707106781187));
#6962 = ( GEOMETRIC_REPRESENTATION_CONTEXT(2) 
PARAMETRIC_REPRESENTATION_CONTEXT() REPRESENTATION_CONTEXT('2D SPACE',''
  ) );
#6963 = ORIENTED_EDGE('',*,*,#6964,.F.);
#6964 = EDGE_CURVE('',#6965,#6942,#6967,.T.);
#6965 = VERTEX_POINT('',#6966);
#6966 = CARTESIAN_POINT('',(49.25,66.28154441162,-132.0408606352));
#6967 = SURFACE_CURVE('',#6968,(#6972,#6979),.PCURVE_S1.);
#6968 = LINE('',#6969,#6970);
#6969 = CARTESIAN_POINT('',(49.25,66.28154441162,-132.0408606352));
#6970 = VECTOR('',#6971,1.);
#6971 = DIRECTION('',(1.,0.,0.));
#6972 = PCURVE('',#6823,#6973);
#6973 = DEFINITIONAL_REPRESENTATION('',(#6974),#6978);
#6974 = LINE('',#6975,#6976);
#6975 = CARTESIAN_POINT('',(7.071067811865,0.));
#6976 = VECTOR('',#6977,1.);
#6977 = DIRECTION('',(0.,-1.));
#6978 = ( GEOMETRIC_REPRESENTATION_CONTEXT(2) 
PARAMETRIC_REPRESENTATION_CONTEXT() REPRESENTATION_CONTEXT('2D SPACE',''
  ) );
#6979 = PCURVE('',#6980,#6985);
#6980 = PLANE('',#6981);
#6981 = AXIS2_PLACEMENT_3D('',#6982,#6983,#6984);
#6982 = CARTESIAN_POINT('',(49.25,66.28154441162,-132.0408606352));
#6983 = DIRECTION('',(0.,0.617485626758,-0.786582164016));
#6984 = DIRECTION('',(0.,-0.786582164016,-0.617485626758));
#6985 = DEFINITIONAL_REPRESENTATION('',(#6986),#6990);
#6986 = LINE('',#6987,#6988);
#6987 = CARTESIAN_POINT('',(0.,0.));
#6988 = VECTOR('',#6989,1.);
#6989 = DIRECTION('',(0.,-1.));
#6990 = ( GEOMETRIC_REPRESENTATION_CONTEXT(2) 
PARAMETRIC_REPRESENTATION_CONTEXT() REPRESENTATION_CONTEXT('2D SPACE',''
  ) );
#6991 = ORIENTED_EDGE('',*,*,#6992,.F.);
#6992 = EDGE_CURVE('',#6808,#6965,#6993,.T.);
#6993 = SURFACE_CURVE('',#6994,(#6998,#7005),.PCURVE_S1.);
#6994 = LINE('',#6995,#6996);
#6995 = CARTESIAN_POINT('',(49.25,73.301883365487,-132.8863433215));
#6996 = VECTOR('',#6997,1.);
#6997 = DIRECTION('',(0.,-0.992825856102,0.11956930817));
#6998 = PCURVE('',#6823,#6999);
#6999 = DEFINITIONAL_REPRESENTATION('',(#7000),#7004);
#7000 = LINE('',#7001,#7002);
#7001 = CARTESIAN_POINT('',(0.,0.));
#7002 = VECTOR('',#7003,1.);
#7003 = DIRECTION('',(1.,0.));
#7004 = ( GEOMETRIC_REPRESENTATION_CONTEXT(2) 
PARAMETRIC_REPRESENTATION_CONTEXT() REPRESENTATION_CONTEXT('2D SPACE',''
  ) );
#7005 = PCURVE('',#6849,#7006);
#7006 = DEFINITIONAL_REPRESENTATION('',(#7007),#7011);
#7007 = LINE('',#7008,#7009);
#7008 = CARTESIAN_POINT('',(6.5,0.));
#7009 = VECTOR('',#7010,1.);
#7010 = DIRECTION('',(-0.707106781187,0.707106781187));
#7011 = ( GEOMETRIC_REPRESENTATION_CONTEXT(2) 
PARAMETRIC_REPRESENTATION_CONTEXT() REPRESENTATION_CONTEXT('2D SPACE',''
  ) );
#7012 = ADVANCED_FACE('',(#7013,#7146),#6849,.F.);
#7013 = FACE_BOUND('',#7014,.F.);
#7014 = EDGE_LOOP('',(#7015,#7016,#7017,#7018,#7041,#7069,#7097,#7125));
#7015 = ORIENTED_EDGE('',*,*,#6916,.T.);
#7016 = ORIENTED_EDGE('',*,*,#6835,.T.);
#7017 = ORIENTED_EDGE('',*,*,#6992,.T.);
#7018 = ORIENTED_EDGE('',*,*,#7019,.T.);
#7019 = EDGE_CURVE('',#6965,#7020,#7022,.T.);
#7020 = VERTEX_POINT('',#7021);
#7021 = CARTESIAN_POINT('',(49.25,64.708380083589,-133.2758318887));
#7022 = SURFACE_CURVE('',#7023,(#7027,#7034),.PCURVE_S1.);
#7023 = LINE('',#7024,#7025);
#7024 = CARTESIAN_POINT('',(49.25,66.28154441162,-132.0408606352));
#7025 = VECTOR('',#7026,1.);
#7026 = DIRECTION('',(0.,-0.786582164016,-0.617485626758));
#7027 = PCURVE('',#6849,#7028);
#7028 = DEFINITIONAL_REPRESENTATION('',(#7029),#7033);
#7029 = LINE('',#7030,#7031);
#7030 = CARTESIAN_POINT('',(1.5,5.));
#7031 = VECTOR('',#7032,1.);
#7032 = DIRECTION('',(-1.,0.));
#7033 = ( GEOMETRIC_REPRESENTATION_CONTEXT(2) 
PARAMETRIC_REPRESENTATION_CONTEXT() REPRESENTATION_CONTEXT('2D SPACE',''
  ) );
#7034 = PCURVE('',#6980,#7035);
#7035 = DEFINITIONAL_REPRESENTATION('',(#7036),#7040);
#7036 = LINE('',#7037,#7038);
#7037 = CARTESIAN_POINT('',(0.,0.));
#7038 = VECTOR('',#7039,1.);
#7039 = DIRECTION('',(1.,0.));
#7040 = ( GEOMETRIC_REPRESENTATION_CONTEXT(2) 
PARAMETRIC_REPRESENTATION_CONTEXT() REPRESENTATION_CONTEXT('2D SPACE',''
  ) );
#7041 = ORIENTED_EDGE('',*,*,#7042,.T.);
#7042 = EDGE_CURVE('',#7020,#7043,#7045,.T.);
#7043 = VERTEX_POINT('',#7044);
#7044 = CARTESIAN_POINT('',(49.25,63.164666016694,-131.3093764787));
#7045 = SURFACE_CURVE('',#7046,(#7050,#7057),.PCURVE_S1.);
#7046 = LINE('',#7047,#7048);
#7047 = CARTESIAN_POINT('',(49.25,67.795808217379,-137.2087427088));
#7048 = VECTOR('',#7049,1.);
#7049 = DIRECTION('',(0.,-0.617485626758,0.786582164016));
#7050 = PCURVE('',#6849,#7051);
#7051 = DEFINITIONAL_REPRESENTATION('',(#7052),#7056);
#7052 = LINE('',#7053,#7054);
#7053 = CARTESIAN_POINT('',(-0.5,0.));
#7054 = VECTOR('',#7055,1.);
#7055 = DIRECTION('',(0.,1.));
#7056 = ( GEOMETRIC_REPRESENTATION_CONTEXT(2) 
PARAMETRIC_REPRESENTATION_CONTEXT() REPRESENTATION_CONTEXT('2D SPACE',''
  ) );
#7057 = PCURVE('',#7058,#7063);
#7058 = PLANE('',#7059);
#7059 = AXIS2_PLACEMENT_3D('',#7060,#7061,#7062);
#7060 = CARTESIAN_POINT('',(32.5,54.278263479494,-119.9894599736));
#7061 = DIRECTION('',(0.,0.786582164016,0.617485626758));
#7062 = DIRECTION('',(1.,0.,0.));
#7063 = DEFINITIONAL_REPRESENTATION('',(#7064),#7068);
#7064 = LINE('',#7065,#7066);
#7065 = CARTESIAN_POINT('',(16.75,21.891270261393));
#7066 = VECTOR('',#7067,1.);
#7067 = DIRECTION('',(0.,-1.));
#7068 = ( GEOMETRIC_REPRESENTATION_CONTEXT(2) 
PARAMETRIC_REPRESENTATION_CONTEXT() REPRESENTATION_CONTEXT('2D SPACE',''
  ) );
#7069 = ORIENTED_EDGE('',*,*,#7070,.F.);
#7070 = EDGE_CURVE('',#7071,#7043,#7073,.T.);
#7071 = VERTEX_POINT('',#7072);
#7072 = CARTESIAN_POINT('',(49.25,58.445173032601,-135.0142902392));
#7073 = SURFACE_CURVE('',#7074,(#7078,#7085),.PCURVE_S1.);
#7074 = LINE('',#7075,#7076);
#7075 = CARTESIAN_POINT('',(49.25,58.445173032601,-135.0142902392));
#7076 = VECTOR('',#7077,1.);
#7077 = DIRECTION('',(0.,0.786582164016,0.617485626758));
#7078 = PCURVE('',#6849,#7079);
#7079 = DEFINITIONAL_REPRESENTATION('',(#7080),#7084);
#7080 = LINE('',#7081,#7082);
#7081 = CARTESIAN_POINT('',(-6.5,7.5));
#7082 = VECTOR('',#7083,1.);
#7083 = DIRECTION('',(1.,0.));
#7084 = ( GEOMETRIC_REPRESENTATION_CONTEXT(2) 
PARAMETRIC_REPRESENTATION_CONTEXT() REPRESENTATION_CONTEXT('2D SPACE',''
  ) );
#7085 = PCURVE('',#7086,#7091);
#7086 = PLANE('',#7087);
#7087 = AXIS2_PLACEMENT_3D('',#7088,#7089,#7090);
#7088 = CARTESIAN_POINT('',(49.25,58.445173032601,-135.0142902392));
#7089 = DIRECTION('',(0.,-0.617485626758,0.786582164016));
#7090 = DIRECTION('',(-1.,0.,0.));
#7091 = DEFINITIONAL_REPRESENTATION('',(#7092),#7096);
#7092 = LINE('',#7093,#7094);
#7093 = CARTESIAN_POINT('',(0.,-0.));
#7094 = VECTOR('',#7095,1.);
#7095 = DIRECTION('',(0.,-1.));
#7096 = ( GEOMETRIC_REPRESENTATION_CONTEXT(2) 
PARAMETRIC_REPRESENTATION_CONTEXT() REPRESENTATION_CONTEXT('2D SPACE',''
  ) );
#7097 = ORIENTED_EDGE('',*,*,#7098,.F.);
#7098 = EDGE_CURVE('',#7099,#7071,#7101,.T.);
#7099 = VERTEX_POINT('',#7100);
#7100 = CARTESIAN_POINT('',(49.25,63.076315233286,-140.9136564694));
#7101 = SURFACE_CURVE('',#7102,(#7106,#7113),.PCURVE_S1.);
#7102 = LINE('',#7103,#7104);
#7103 = CARTESIAN_POINT('',(49.25,63.076315233286,-140.9136564694));
#7104 = VECTOR('',#7105,1.);
#7105 = DIRECTION('',(0.,-0.617485626758,0.786582164016));
#7106 = PCURVE('',#6849,#7107);
#7107 = DEFINITIONAL_REPRESENTATION('',(#7108),#7112);
#7108 = LINE('',#7109,#7110);
#7109 = CARTESIAN_POINT('',(-6.5,0.));
#7110 = VECTOR('',#7111,1.);
#7111 = DIRECTION('',(0.,1.));
#7112 = ( GEOMETRIC_REPRESENTATION_CONTEXT(2) 
PARAMETRIC_REPRESENTATION_CONTEXT() REPRESENTATION_CONTEXT('2D SPACE',''
  ) );
#7113 = PCURVE('',#7114,#7119);
#7114 = PLANE('',#7115);
#7115 = AXIS2_PLACEMENT_3D('',#7116,#7117,#7118);
#7116 = CARTESIAN_POINT('',(32.5,49.558770495401,-123.6943737341));
#7117 = DIRECTION('',(0.,0.786582164016,0.617485626758));
#7118 = DIRECTION('',(1.,0.,0.));
#7119 = DEFINITIONAL_REPRESENTATION('',(#7120),#7124);
#7120 = LINE('',#7121,#7122);
#7121 = CARTESIAN_POINT('',(16.75,21.891270261393));
#7122 = VECTOR('',#7123,1.);
#7123 = DIRECTION('',(0.,-1.));
#7124 = ( GEOMETRIC_REPRESENTATION_CONTEXT(2) 
PARAMETRIC_REPRESENTATION_CONTEXT() REPRESENTATION_CONTEXT('2D SPACE',''
  ) );
#7125 = ORIENTED_EDGE('',*,*,#7126,.T.);
#7126 = EDGE_CURVE('',#7099,#6865,#7127,.T.);
#7127 = SURFACE_CURVE('',#7128,(#7132,#7139),.PCURVE_S1.);
#7128 = LINE('',#7129,#7130);
#7129 = CARTESIAN_POINT('',(49.25,63.076315233286,-140.9136564694));
#7130 = VECTOR('',#7131,1.);
#7131 = DIRECTION('',(0.,0.992825856102,-0.11956930817));
#7132 = PCURVE('',#6849,#7133);
#7133 = DEFINITIONAL_REPRESENTATION('',(#7134),#7138);
#7134 = LINE('',#7135,#7136);
#7135 = CARTESIAN_POINT('',(-6.5,0.));
#7136 = VECTOR('',#7137,1.);
#7137 = DIRECTION('',(0.707106781187,-0.707106781187));
#7138 = ( GEOMETRIC_REPRESENTATION_CONTEXT(2) 
PARAMETRIC_REPRESENTATION_CONTEXT() REPRESENTATION_CONTEXT('2D SPACE',''
  ) );
#7139 = PCURVE('',#6882,#7140);
#7140 = DEFINITIONAL_REPRESENTATION('',(#7141),#7145);
#7141 = LINE('',#7142,#7143);
#7142 = CARTESIAN_POINT('',(0.,0.));
#7143 = VECTOR('',#7144,1.);
#7144 = DIRECTION('',(1.,0.));
#7145 = ( GEOMETRIC_REPRESENTATION_CONTEXT(2) 
PARAMETRIC_REPRESENTATION_CONTEXT() REPRESENTATION_CONTEXT('2D SPACE',''
  ) );
#7146 = FACE_BOUND('',#7147,.F.);
#7147 = EDGE_LOOP('',(#7148));
#7148 = ORIENTED_EDGE('',*,*,#7149,.F.);
#7149 = EDGE_CURVE('',#7150,#7150,#7152,.T.);
#7150 = VERTEX_POINT('',#7151);
#7151 = CARTESIAN_POINT('',(49.25,70.993803857141,-134.698240396));
#7152 = SURFACE_CURVE('',#7153,(#7158,#7165),.PCURVE_S1.);
#7153 = CIRCLE('',#7154,3.565685424949);
#7154 = AXIS2_PLACEMENT_3D('',#7155,#7156,#7157);
#7155 = CARTESIAN_POINT('',(49.25,68.189099299386,-136.8999998954));
#7156 = DIRECTION('',(1.,0.,-0.));
#7157 = DIRECTION('',(0.,0.786582164016,0.617485626758));
#7158 = PCURVE('',#6849,#7159);
#7159 = DEFINITIONAL_REPRESENTATION('',(#7160),#7164);
#7160 = CIRCLE('',#7161,3.565685424949);
#7161 = AXIS2_PLACEMENT_2D('',#7162,#7163);
#7162 = CARTESIAN_POINT('',(0.,0.));
#7163 = DIRECTION('',(1.,0.));
#7164 = ( GEOMETRIC_REPRESENTATION_CONTEXT(2) 
PARAMETRIC_REPRESENTATION_CONTEXT() REPRESENTATION_CONTEXT('2D SPACE',''
  ) );
#7165 = PCURVE('',#7166,#7171);
#7166 = CONICAL_SURFACE('',#7167,4.065685424949,0.785398163397);
#7167 = AXIS2_PLACEMENT_3D('',#7168,#7169,#7170);
#7168 = CARTESIAN_POINT('',(48.75,68.189099299386,-136.8999998954));
#7169 = DIRECTION('',(-1.,-0.,0.));
#7170 = DIRECTION('',(0.,0.786582164016,0.617485626758));
#7171 = DEFINITIONAL_REPRESENTATION('',(#7172),#7176);
#7172 = LINE('',#7173,#7174);
#7173 = CARTESIAN_POINT('',(-0.,-0.5));
#7174 = VECTOR('',#7175,1.);
#7175 = DIRECTION('',(-1.,-0.));
#7176 = ( GEOMETRIC_REPRESENTATION_CONTEXT(2) 
PARAMETRIC_REPRESENTATION_CONTEXT() REPRESENTATION_CONTEXT('2D SPACE',''
  ) );
#7177 = ADVANCED_FACE('',(#7178),#6795,.T.);
#7178 = FACE_BOUND('',#7179,.T.);
#7179 = EDGE_LOOP('',(#7180,#7181,#7182,#7183,#7206,#7229,#7257,#7280));
#7180 = ORIENTED_EDGE('',*,*,#6894,.T.);
#7181 = ORIENTED_EDGE('',*,*,#6779,.T.);
#7182 = ORIENTED_EDGE('',*,*,#6941,.T.);
#7183 = ORIENTED_EDGE('',*,*,#7184,.T.);
#7184 = EDGE_CURVE('',#6942,#7185,#7187,.T.);
#7185 = VERTEX_POINT('',#7186);
#7186 = CARTESIAN_POINT('',(65.,64.708380083589,-133.2758318887));
#7187 = SURFACE_CURVE('',#7188,(#7192,#7199),.PCURVE_S1.);
#7188 = LINE('',#7189,#7190);
#7189 = CARTESIAN_POINT('',(65.,66.28154441162,-132.0408606352));
#7190 = VECTOR('',#7191,1.);
#7191 = DIRECTION('',(0.,-0.786582164016,-0.617485626758));
#7192 = PCURVE('',#6795,#7193);
#7193 = DEFINITIONAL_REPRESENTATION('',(#7194),#7198);
#7194 = LINE('',#7195,#7196);
#7195 = CARTESIAN_POINT('',(1.5,5.));
#7196 = VECTOR('',#7197,1.);
#7197 = DIRECTION('',(-1.,0.));
#7198 = ( GEOMETRIC_REPRESENTATION_CONTEXT(2) 
PARAMETRIC_REPRESENTATION_CONTEXT() REPRESENTATION_CONTEXT('2D SPACE',''
  ) );
#7199 = PCURVE('',#6980,#7200);
#7200 = DEFINITIONAL_REPRESENTATION('',(#7201),#7205);
#7201 = LINE('',#7202,#7203);
#7202 = CARTESIAN_POINT('',(0.,-15.75));
#7203 = VECTOR('',#7204,1.);
#7204 = DIRECTION('',(1.,0.));
#7205 = ( GEOMETRIC_REPRESENTATION_CONTEXT(2) 
PARAMETRIC_REPRESENTATION_CONTEXT() REPRESENTATION_CONTEXT('2D SPACE',''
  ) );
#7206 = ORIENTED_EDGE('',*,*,#7207,.F.);
#7207 = EDGE_CURVE('',#7208,#7185,#7210,.T.);
#7208 = VERTEX_POINT('',#7209);
#7209 = CARTESIAN_POINT('',(65.,51.278067701603,-116.1676698214));
#7210 = SURFACE_CURVE('',#7211,(#7215,#7222),.PCURVE_S1.);
#7211 = LINE('',#7212,#7213);
#7212 = CARTESIAN_POINT('',(65.,51.278067701603,-116.1676698214));
#7213 = VECTOR('',#7214,1.);
#7214 = DIRECTION('',(0.,0.617485626758,-0.786582164016));
#7215 = PCURVE('',#6795,#7216);
#7216 = DEFINITIONAL_REPRESENTATION('',(#7217),#7221);
#7217 = LINE('',#7218,#7219);
#7218 = CARTESIAN_POINT('',(-0.5,26.75));
#7219 = VECTOR('',#7220,1.);
#7220 = DIRECTION('',(0.,-1.));
#7221 = ( GEOMETRIC_REPRESENTATION_CONTEXT(2) 
PARAMETRIC_REPRESENTATION_CONTEXT() REPRESENTATION_CONTEXT('2D SPACE',''
  ) );
#7222 = PCURVE('',#7058,#7223);
#7223 = DEFINITIONAL_REPRESENTATION('',(#7224),#7228);
#7224 = LINE('',#7225,#7226);
#7225 = CARTESIAN_POINT('',(32.5,-4.858729738607));
#7226 = VECTOR('',#7227,1.);
#7227 = DIRECTION('',(0.,1.));
#7228 = ( GEOMETRIC_REPRESENTATION_CONTEXT(2) 
PARAMETRIC_REPRESENTATION_CONTEXT() REPRESENTATION_CONTEXT('2D SPACE',''
  ) );
#7229 = ORIENTED_EDGE('',*,*,#7230,.F.);
#7230 = EDGE_CURVE('',#7231,#7208,#7233,.T.);
#7231 = VERTEX_POINT('',#7232);
#7232 = CARTESIAN_POINT('',(65.,46.55857471751,-119.8725835819));
#7233 = SURFACE_CURVE('',#7234,(#7238,#7245),.PCURVE_S1.);
#7234 = LINE('',#7235,#7236);
#7235 = CARTESIAN_POINT('',(65.,46.55857471751,-119.8725835819));
#7236 = VECTOR('',#7237,1.);
#7237 = DIRECTION('',(0.,0.786582164016,0.617485626758));
#7238 = PCURVE('',#6795,#7239);
#7239 = DEFINITIONAL_REPRESENTATION('',(#7240),#7244);
#7240 = LINE('',#7241,#7242);
#7241 = CARTESIAN_POINT('',(-6.5,26.75));
#7242 = VECTOR('',#7243,1.);
#7243 = DIRECTION('',(1.,0.));
#7244 = ( GEOMETRIC_REPRESENTATION_CONTEXT(2) 
PARAMETRIC_REPRESENTATION_CONTEXT() REPRESENTATION_CONTEXT('2D SPACE',''
  ) );
#7245 = PCURVE('',#7246,#7251);
#7246 = PLANE('',#7247);
#7247 = AXIS2_PLACEMENT_3D('',#7248,#7249,#7250);
#7248 = CARTESIAN_POINT('',(48.75,36.524433282693,-107.0906234167));
#7249 = DIRECTION('',(-0.707106781187,0.436628273966,-0.556197582136));
#7250 = DIRECTION('',(0.707106781187,0.436628273966,-0.556197582136));
#7251 = DEFINITIONAL_REPRESENTATION('',(#7252),#7256);
#7252 = LINE('',#7253,#7254);
#7253 = CARTESIAN_POINT('',(22.980970388563,0.));
#7254 = VECTOR('',#7255,1.);
#7255 = DIRECTION('',(0.,-1.));
#7256 = ( GEOMETRIC_REPRESENTATION_CONTEXT(2) 
PARAMETRIC_REPRESENTATION_CONTEXT() REPRESENTATION_CONTEXT('2D SPACE',''
  ) );
#7257 = ORIENTED_EDGE('',*,*,#7258,.T.);
#7258 = EDGE_CURVE('',#7231,#7259,#7261,.T.);
#7259 = VERTEX_POINT('',#7260);
#7260 = CARTESIAN_POINT('',(65.,63.076315233286,-140.9136564694));
#7261 = SURFACE_CURVE('',#7262,(#7266,#7273),.PCURVE_S1.);
#7262 = LINE('',#7263,#7264);
#7263 = CARTESIAN_POINT('',(65.,46.55857471751,-119.8725835819));
#7264 = VECTOR('',#7265,1.);
#7265 = DIRECTION('',(0.,0.617485626758,-0.786582164016));
#7266 = PCURVE('',#6795,#7267);
#7267 = DEFINITIONAL_REPRESENTATION('',(#7268),#7272);
#7268 = LINE('',#7269,#7270);
#7269 = CARTESIAN_POINT('',(-6.5,26.75));
#7270 = VECTOR('',#7271,1.);
#7271 = DIRECTION('',(0.,-1.));
#7272 = ( GEOMETRIC_REPRESENTATION_CONTEXT(2) 
PARAMETRIC_REPRESENTATION_CONTEXT() REPRESENTATION_CONTEXT('2D SPACE',''
  ) );
#7273 = PCURVE('',#7114,#7274);
#7274 = DEFINITIONAL_REPRESENTATION('',(#7275),#7279);
#7275 = LINE('',#7276,#7277);
#7276 = CARTESIAN_POINT('',(32.5,-4.858729738607));
#7277 = VECTOR('',#7278,1.);
#7278 = DIRECTION('',(0.,1.));
#7279 = ( GEOMETRIC_REPRESENTATION_CONTEXT(2) 
PARAMETRIC_REPRESENTATION_CONTEXT() REPRESENTATION_CONTEXT('2D SPACE',''
  ) );
#7280 = ORIENTED_EDGE('',*,*,#7281,.T.);
#7281 = EDGE_CURVE('',#7259,#6867,#7282,.T.);
#7282 = SURFACE_CURVE('',#7283,(#7287,#7294),.PCURVE_S1.);
#7283 = LINE('',#7284,#7285);
#7284 = CARTESIAN_POINT('',(65.,63.076315233286,-140.9136564694));
#7285 = VECTOR('',#7286,1.);
#7286 = DIRECTION('',(0.,0.992825856102,-0.11956930817));
#7287 = PCURVE('',#6795,#7288);
#7288 = DEFINITIONAL_REPRESENTATION('',(#7289),#7293);
#7289 = LINE('',#7290,#7291);
#7290 = CARTESIAN_POINT('',(-6.5,0.));
#7291 = VECTOR('',#7292,1.);
#7292 = DIRECTION('',(0.707106781187,-0.707106781187));
#7293 = ( GEOMETRIC_REPRESENTATION_CONTEXT(2) 
PARAMETRIC_REPRESENTATION_CONTEXT() REPRESENTATION_CONTEXT('2D SPACE',''
  ) );
#7294 = PCURVE('',#6882,#7295);
#7295 = DEFINITIONAL_REPRESENTATION('',(#7296),#7300);
#7296 = LINE('',#7297,#7298);
#7297 = CARTESIAN_POINT('',(0.,-15.75));
#7298 = VECTOR('',#7299,1.);
#7299 = DIRECTION('',(1.,0.));
#7300 = ( GEOMETRIC_REPRESENTATION_CONTEXT(2) 
PARAMETRIC_REPRESENTATION_CONTEXT() REPRESENTATION_CONTEXT('2D SPACE',''
  ) );
#7301 = ADVANCED_FACE('',(#7302),#6882,.F.);
#7302 = FACE_BOUND('',#7303,.F.);
#7303 = EDGE_LOOP('',(#7304,#7325,#7326,#7327));
#7304 = ORIENTED_EDGE('',*,*,#7305,.F.);
#7305 = EDGE_CURVE('',#7259,#7099,#7306,.T.);
#7306 = SURFACE_CURVE('',#7307,(#7311,#7318),.PCURVE_S1.);
#7307 = LINE('',#7308,#7309);
#7308 = CARTESIAN_POINT('',(65.,63.076315233286,-140.9136564694));
#7309 = VECTOR('',#7310,1.);
#7310 = DIRECTION('',(-1.,0.,0.));
#7311 = PCURVE('',#6882,#7312);
#7312 = DEFINITIONAL_REPRESENTATION('',(#7313),#7317);
#7313 = LINE('',#7314,#7315);
#7314 = CARTESIAN_POINT('',(0.,-15.75));
#7315 = VECTOR('',#7316,1.);
#7316 = DIRECTION('',(0.,1.));
#7317 = ( GEOMETRIC_REPRESENTATION_CONTEXT(2) 
PARAMETRIC_REPRESENTATION_CONTEXT() REPRESENTATION_CONTEXT('2D SPACE',''
  ) );
#7318 = PCURVE('',#7114,#7319);
#7319 = DEFINITIONAL_REPRESENTATION('',(#7320),#7324);
#7320 = LINE('',#7321,#7322);
#7321 = CARTESIAN_POINT('',(32.5,21.891270261393));
#7322 = VECTOR('',#7323,1.);
#7323 = DIRECTION('',(-1.,0.));
#7324 = ( GEOMETRIC_REPRESENTATION_CONTEXT(2) 
PARAMETRIC_REPRESENTATION_CONTEXT() REPRESENTATION_CONTEXT('2D SPACE',''
  ) );
#7325 = ORIENTED_EDGE('',*,*,#7281,.T.);
#7326 = ORIENTED_EDGE('',*,*,#6864,.F.);
#7327 = ORIENTED_EDGE('',*,*,#7126,.F.);
#7328 = ADVANCED_FACE('',(#7329),#6980,.F.);
#7329 = FACE_BOUND('',#7330,.F.);
#7330 = EDGE_LOOP('',(#7331,#7332,#7333,#7334));
#7331 = ORIENTED_EDGE('',*,*,#7019,.F.);
#7332 = ORIENTED_EDGE('',*,*,#6964,.T.);
#7333 = ORIENTED_EDGE('',*,*,#7184,.T.);
#7334 = ORIENTED_EDGE('',*,*,#7335,.T.);
#7335 = EDGE_CURVE('',#7185,#7020,#7336,.T.);
#7336 = SURFACE_CURVE('',#7337,(#7341,#7347),.PCURVE_S1.);
#7337 = LINE('',#7338,#7339);
#7338 = CARTESIAN_POINT('',(40.875,64.708380083589,-133.2758318887));
#7339 = VECTOR('',#7340,1.);
#7340 = DIRECTION('',(-1.,0.,0.));
#7341 = PCURVE('',#6980,#7342);
#7342 = DEFINITIONAL_REPRESENTATION('',(#7343),#7346);
#7343 = B_SPLINE_CURVE_WITH_KNOTS('',1,(#7344,#7345),.UNSPECIFIED.,.F.,
  .F.,(2,2),(-24.125,-8.375),.PIECEWISE_BEZIER_KNOTS.);
#7344 = CARTESIAN_POINT('',(2.,-15.75));
#7345 = CARTESIAN_POINT('',(2.,0.));
#7346 = ( GEOMETRIC_REPRESENTATION_CONTEXT(2) 
PARAMETRIC_REPRESENTATION_CONTEXT() REPRESENTATION_CONTEXT('2D SPACE',''
  ) );
#7347 = PCURVE('',#7058,#7348);
#7348 = DEFINITIONAL_REPRESENTATION('',(#7349),#7352);
#7349 = B_SPLINE_CURVE_WITH_KNOTS('',1,(#7350,#7351),.UNSPECIFIED.,.F.,
  .F.,(2,2),(-24.125,-8.375),.PIECEWISE_BEZIER_KNOTS.);
#7350 = CARTESIAN_POINT('',(32.5,16.891270261393));
#7351 = CARTESIAN_POINT('',(16.75,16.891270261393));
#7352 = ( GEOMETRIC_REPRESENTATION_CONTEXT(2) 
PARAMETRIC_REPRESENTATION_CONTEXT() REPRESENTATION_CONTEXT('2D SPACE',''
  ) );
#7353 = ADVANCED_FACE('',(#7354),#7114,.F.);
#7354 = FACE_BOUND('',#7355,.F.);
#7355 = EDGE_LOOP('',(#7356,#7386,#7414,#7442,#7468,#7496,#7517,#7518,
    #7519,#7520,#7543,#7571));
#7356 = ORIENTED_EDGE('',*,*,#7357,.T.);
#7357 = EDGE_CURVE('',#7358,#7360,#7362,.T.);
#7358 = VERTEX_POINT('',#7359);
#7359 = CARTESIAN_POINT('',(0.,63.076315233286,-140.9136564694));
#7360 = VERTEX_POINT('',#7361);
#7361 = CARTESIAN_POINT('',(0.,46.55857471751,-119.8725835819));
#7362 = SURFACE_CURVE('',#7363,(#7367,#7374),.PCURVE_S1.);
#7363 = LINE('',#7364,#7365);
#7364 = CARTESIAN_POINT('',(0.,63.076315233286,-140.9136564694));
#7365 = VECTOR('',#7366,1.);
#7366 = DIRECTION('',(0.,-0.617485626758,0.786582164016));
#7367 = PCURVE('',#7114,#7368);
#7368 = DEFINITIONAL_REPRESENTATION('',(#7369),#7373);
#7369 = LINE('',#7370,#7371);
#7370 = CARTESIAN_POINT('',(-32.5,21.891270261393));
#7371 = VECTOR('',#7372,1.);
#7372 = DIRECTION('',(0.,-1.));
#7373 = ( GEOMETRIC_REPRESENTATION_CONTEXT(2) 
PARAMETRIC_REPRESENTATION_CONTEXT() REPRESENTATION_CONTEXT('2D SPACE',''
  ) );
#7374 = PCURVE('',#7375,#7380);
#7375 = PLANE('',#7376);
#7376 = AXIS2_PLACEMENT_3D('',#7377,#7378,#7379);
#7377 = CARTESIAN_POINT('',(0.,68.189099299386,-136.8999998954));
#7378 = DIRECTION('',(1.,0.,0.));
#7379 = DIRECTION('',(0.,0.786582164016,0.617485626758));
#7380 = DEFINITIONAL_REPRESENTATION('',(#7381),#7385);
#7381 = LINE('',#7382,#7383);
#7382 = CARTESIAN_POINT('',(-6.5,0.));
#7383 = VECTOR('',#7384,1.);
#7384 = DIRECTION('',(0.,1.));
#7385 = ( GEOMETRIC_REPRESENTATION_CONTEXT(2) 
PARAMETRIC_REPRESENTATION_CONTEXT() REPRESENTATION_CONTEXT('2D SPACE',''
  ) );
#7386 = ORIENTED_EDGE('',*,*,#7387,.T.);
#7387 = EDGE_CURVE('',#7360,#7388,#7390,.T.);
#7388 = VERTEX_POINT('',#7389);
#7389 = CARTESIAN_POINT('',(16.25,36.524433282693,-107.0906234167));
#7390 = SURFACE_CURVE('',#7391,(#7395,#7402),.PCURVE_S1.);
#7391 = LINE('',#7392,#7393);
#7392 = CARTESIAN_POINT('',(0.,46.55857471751,-119.8725835819));
#7393 = VECTOR('',#7394,1.);
#7394 = DIRECTION('',(0.707106781187,-0.436628273966,0.556197582136));
#7395 = PCURVE('',#7114,#7396);
#7396 = DEFINITIONAL_REPRESENTATION('',(#7397),#7401);
#7397 = LINE('',#7398,#7399);
#7398 = CARTESIAN_POINT('',(-32.5,-4.858729738607));
#7399 = VECTOR('',#7400,1.);
#7400 = DIRECTION('',(0.707106781187,-0.707106781187));
#7401 = ( GEOMETRIC_REPRESENTATION_CONTEXT(2) 
PARAMETRIC_REPRESENTATION_CONTEXT() REPRESENTATION_CONTEXT('2D SPACE',''
  ) );
#7402 = PCURVE('',#7403,#7408);
#7403 = PLANE('',#7404);
#7404 = AXIS2_PLACEMENT_3D('',#7405,#7406,#7407);
#7405 = CARTESIAN_POINT('',(0.,46.55857471751,-119.8725835819));
#7406 = DIRECTION('',(0.707106781187,0.436628273966,-0.556197582136));
#7407 = DIRECTION('',(0.707106781187,-0.436628273966,0.556197582136));
#7408 = DEFINITIONAL_REPRESENTATION('',(#7409),#7413);
#7409 = LINE('',#7410,#7411);
#7410 = CARTESIAN_POINT('',(0.,0.));
#7411 = VECTOR('',#7412,1.);
#7412 = DIRECTION('',(1.,0.));
#7413 = ( GEOMETRIC_REPRESENTATION_CONTEXT(2) 
PARAMETRIC_REPRESENTATION_CONTEXT() REPRESENTATION_CONTEXT('2D SPACE',''
  ) );
#7414 = ORIENTED_EDGE('',*,*,#7415,.T.);
#7415 = EDGE_CURVE('',#7388,#7416,#7418,.T.);
#7416 = VERTEX_POINT('',#7417);
#7417 = CARTESIAN_POINT('',(16.25,34.980719215798,-105.1241680066));
#7418 = SURFACE_CURVE('',#7419,(#7423,#7430),.PCURVE_S1.);
#7419 = LINE('',#7420,#7421);
#7420 = CARTESIAN_POINT('',(16.25,36.524433282693,-107.0906234167));
#7421 = VECTOR('',#7422,1.);
#7422 = DIRECTION('',(0.,-0.617485626758,0.786582164016));
#7423 = PCURVE('',#7114,#7424);
#7424 = DEFINITIONAL_REPRESENTATION('',(#7425),#7429);
#7425 = LINE('',#7426,#7427);
#7426 = CARTESIAN_POINT('',(-16.25,-21.1087297386));
#7427 = VECTOR('',#7428,1.);
#7428 = DIRECTION('',(0.,-1.));
#7429 = ( GEOMETRIC_REPRESENTATION_CONTEXT(2) 
PARAMETRIC_REPRESENTATION_CONTEXT() REPRESENTATION_CONTEXT('2D SPACE',''
  ) );
#7430 = PCURVE('',#7431,#7436);
#7431 = PLANE('',#7432);
#7432 = AXIS2_PLACEMENT_3D('',#7433,#7434,#7435);
#7433 = CARTESIAN_POINT('',(16.25,36.524433282693,-107.0906234167));
#7434 = DIRECTION('',(1.,0.,0.));
#7435 = DIRECTION('',(0.,-0.617485626758,0.786582164016));
#7436 = DEFINITIONAL_REPRESENTATION('',(#7437),#7441);
#7437 = LINE('',#7438,#7439);
#7438 = CARTESIAN_POINT('',(0.,0.));
#7439 = VECTOR('',#7440,1.);
#7440 = DIRECTION('',(1.,0.));
#7441 = ( GEOMETRIC_REPRESENTATION_CONTEXT(2) 
PARAMETRIC_REPRESENTATION_CONTEXT() REPRESENTATION_CONTEXT('2D SPACE',''
  ) );
#7442 = ORIENTED_EDGE('',*,*,#7443,.T.);
#7443 = EDGE_CURVE('',#7416,#7444,#7446,.T.);
#7444 = VERTEX_POINT('',#7445);
#7445 = CARTESIAN_POINT('',(48.75,34.980719215798,-105.1241680066));
#7446 = SURFACE_CURVE('',#7447,(#7451,#7457),.PCURVE_S1.);
#7447 = LINE('',#7448,#7449);
#7448 = CARTESIAN_POINT('',(24.375,34.980719215798,-105.1241680066));
#7449 = VECTOR('',#7450,1.);
#7450 = DIRECTION('',(1.,0.,0.));
#7451 = PCURVE('',#7114,#7452);
#7452 = DEFINITIONAL_REPRESENTATION('',(#7453),#7456);
#7453 = B_SPLINE_CURVE_WITH_KNOTS('',1,(#7454,#7455),.UNSPECIFIED.,.F.,
  .F.,(2,2),(-8.125,24.375),.PIECEWISE_BEZIER_KNOTS.);
#7454 = CARTESIAN_POINT('',(-16.25,-23.6087297386));
#7455 = CARTESIAN_POINT('',(16.25,-23.6087297386));
#7456 = ( GEOMETRIC_REPRESENTATION_CONTEXT(2) 
PARAMETRIC_REPRESENTATION_CONTEXT() REPRESENTATION_CONTEXT('2D SPACE',''
  ) );
#7457 = PCURVE('',#7458,#7463);
#7458 = PLANE('',#7459);
#7459 = AXIS2_PLACEMENT_3D('',#7460,#7461,#7462);
#7460 = CARTESIAN_POINT('',(16.25,33.407554887767,-106.3591392602));
#7461 = DIRECTION('',(0.,-0.617485626758,0.786582164016));
#7462 = DIRECTION('',(0.,0.786582164016,0.617485626758));
#7463 = DEFINITIONAL_REPRESENTATION('',(#7464),#7467);
#7464 = B_SPLINE_CURVE_WITH_KNOTS('',1,(#7465,#7466),.UNSPECIFIED.,.F.,
  .F.,(2,2),(-8.125,24.375),.PIECEWISE_BEZIER_KNOTS.);
#7465 = CARTESIAN_POINT('',(2.,0.));
#7466 = CARTESIAN_POINT('',(2.,-32.5));
#7467 = ( GEOMETRIC_REPRESENTATION_CONTEXT(2) 
PARAMETRIC_REPRESENTATION_CONTEXT() REPRESENTATION_CONTEXT('2D SPACE',''
  ) );
#7468 = ORIENTED_EDGE('',*,*,#7469,.T.);
#7469 = EDGE_CURVE('',#7444,#7470,#7472,.T.);
#7470 = VERTEX_POINT('',#7471);
#7471 = CARTESIAN_POINT('',(48.75,36.524433282693,-107.0906234167));
#7472 = SURFACE_CURVE('',#7473,(#7477,#7484),.PCURVE_S1.);
#7473 = LINE('',#7474,#7475);
#7474 = CARTESIAN_POINT('',(48.75,31.893291082008,-101.1912571866));
#7475 = VECTOR('',#7476,1.);
#7476 = DIRECTION('',(0.,0.617485626758,-0.786582164016));
#7477 = PCURVE('',#7114,#7478);
#7478 = DEFINITIONAL_REPRESENTATION('',(#7479),#7483);
#7479 = LINE('',#7480,#7481);
#7480 = CARTESIAN_POINT('',(16.25,-28.6087297386));
#7481 = VECTOR('',#7482,1.);
#7482 = DIRECTION('',(0.,1.));
#7483 = ( GEOMETRIC_REPRESENTATION_CONTEXT(2) 
PARAMETRIC_REPRESENTATION_CONTEXT() REPRESENTATION_CONTEXT('2D SPACE',''
  ) );
#7484 = PCURVE('',#7485,#7490);
#7485 = PLANE('',#7486);
#7486 = AXIS2_PLACEMENT_3D('',#7487,#7488,#7489);
#7487 = CARTESIAN_POINT('',(48.75,31.893291082008,-101.1912571866));
#7488 = DIRECTION('',(-1.,0.,0.));
#7489 = DIRECTION('',(0.,0.617485626758,-0.786582164016));
#7490 = DEFINITIONAL_REPRESENTATION('',(#7491),#7495);
#7491 = LINE('',#7492,#7493);
#7492 = CARTESIAN_POINT('',(0.,0.));
#7493 = VECTOR('',#7494,1.);
#7494 = DIRECTION('',(1.,0.));
#7495 = ( GEOMETRIC_REPRESENTATION_CONTEXT(2) 
PARAMETRIC_REPRESENTATION_CONTEXT() REPRESENTATION_CONTEXT('2D SPACE',''
  ) );
#7496 = ORIENTED_EDGE('',*,*,#7497,.T.);
#7497 = EDGE_CURVE('',#7470,#7231,#7498,.T.);
#7498 = SURFACE_CURVE('',#7499,(#7503,#7510),.PCURVE_S1.);
#7499 = LINE('',#7500,#7501);
#7500 = CARTESIAN_POINT('',(48.75,36.524433282693,-107.0906234167));
#7501 = VECTOR('',#7502,1.);
#7502 = DIRECTION('',(0.707106781187,0.436628273966,-0.556197582136));
#7503 = PCURVE('',#7114,#7504);
#7504 = DEFINITIONAL_REPRESENTATION('',(#7505),#7509);
#7505 = LINE('',#7506,#7507);
#7506 = CARTESIAN_POINT('',(16.25,-21.1087297386));
#7507 = VECTOR('',#7508,1.);
#7508 = DIRECTION('',(0.707106781187,0.707106781187));
#7509 = ( GEOMETRIC_REPRESENTATION_CONTEXT(2) 
PARAMETRIC_REPRESENTATION_CONTEXT() REPRESENTATION_CONTEXT('2D SPACE',''
  ) );
#7510 = PCURVE('',#7246,#7511);
#7511 = DEFINITIONAL_REPRESENTATION('',(#7512),#7516);
#7512 = LINE('',#7513,#7514);
#7513 = CARTESIAN_POINT('',(0.,0.));
#7514 = VECTOR('',#7515,1.);
#7515 = DIRECTION('',(1.,0.));
#7516 = ( GEOMETRIC_REPRESENTATION_CONTEXT(2) 
PARAMETRIC_REPRESENTATION_CONTEXT() REPRESENTATION_CONTEXT('2D SPACE',''
  ) );
#7517 = ORIENTED_EDGE('',*,*,#7258,.T.);
#7518 = ORIENTED_EDGE('',*,*,#7305,.T.);
#7519 = ORIENTED_EDGE('',*,*,#7098,.T.);
#7520 = ORIENTED_EDGE('',*,*,#7521,.T.);
#7521 = EDGE_CURVE('',#7071,#7522,#7524,.T.);
#7522 = VERTEX_POINT('',#7523);
#7523 = CARTESIAN_POINT('',(15.75,58.445173032601,-135.0142902392));
#7524 = SURFACE_CURVE('',#7525,(#7529,#7536),.PCURVE_S1.);
#7525 = LINE('',#7526,#7527);
#7526 = CARTESIAN_POINT('',(49.25,58.445173032601,-135.0142902392));
#7527 = VECTOR('',#7528,1.);
#7528 = DIRECTION('',(-1.,0.,0.));
#7529 = PCURVE('',#7114,#7530);
#7530 = DEFINITIONAL_REPRESENTATION('',(#7531),#7535);
#7531 = LINE('',#7532,#7533);
#7532 = CARTESIAN_POINT('',(16.75,14.391270261393));
#7533 = VECTOR('',#7534,1.);
#7534 = DIRECTION('',(-1.,0.));
#7535 = ( GEOMETRIC_REPRESENTATION_CONTEXT(2) 
PARAMETRIC_REPRESENTATION_CONTEXT() REPRESENTATION_CONTEXT('2D SPACE',''
  ) );
#7536 = PCURVE('',#7086,#7537);
#7537 = DEFINITIONAL_REPRESENTATION('',(#7538),#7542);
#7538 = LINE('',#7539,#7540);
#7539 = CARTESIAN_POINT('',(0.,-0.));
#7540 = VECTOR('',#7541,1.);
#7541 = DIRECTION('',(1.,0.));
#7542 = ( GEOMETRIC_REPRESENTATION_CONTEXT(2) 
PARAMETRIC_REPRESENTATION_CONTEXT() REPRESENTATION_CONTEXT('2D SPACE',''
  ) );
#7543 = ORIENTED_EDGE('',*,*,#7544,.T.);
#7544 = EDGE_CURVE('',#7522,#7545,#7547,.T.);
#7545 = VERTEX_POINT('',#7546);
#7546 = CARTESIAN_POINT('',(15.75,63.076315233286,-140.9136564694));
#7547 = SURFACE_CURVE('',#7548,(#7552,#7559),.PCURVE_S1.);
#7548 = LINE('',#7549,#7550);
#7549 = CARTESIAN_POINT('',(15.75,58.445173032601,-135.0142902392));
#7550 = VECTOR('',#7551,1.);
#7551 = DIRECTION('',(0.,0.617485626758,-0.786582164016));
#7552 = PCURVE('',#7114,#7553);
#7553 = DEFINITIONAL_REPRESENTATION('',(#7554),#7558);
#7554 = LINE('',#7555,#7556);
#7555 = CARTESIAN_POINT('',(-16.75,14.391270261393));
#7556 = VECTOR('',#7557,1.);
#7557 = DIRECTION('',(0.,1.));
#7558 = ( GEOMETRIC_REPRESENTATION_CONTEXT(2) 
PARAMETRIC_REPRESENTATION_CONTEXT() REPRESENTATION_CONTEXT('2D SPACE',''
  ) );
#7559 = PCURVE('',#7560,#7565);
#7560 = PLANE('',#7561);
#7561 = AXIS2_PLACEMENT_3D('',#7562,#7563,#7564);
#7562 = CARTESIAN_POINT('',(15.75,68.189099299386,-136.8999998954));
#7563 = DIRECTION('',(1.,0.,0.));
#7564 = DIRECTION('',(0.,0.786582164016,0.617485626758));
#7565 = DEFINITIONAL_REPRESENTATION('',(#7566),#7570);
#7566 = LINE('',#7567,#7568);
#7567 = CARTESIAN_POINT('',(-6.5,7.5));
#7568 = VECTOR('',#7569,1.);
#7569 = DIRECTION('',(0.,-1.));
#7570 = ( GEOMETRIC_REPRESENTATION_CONTEXT(2) 
PARAMETRIC_REPRESENTATION_CONTEXT() REPRESENTATION_CONTEXT('2D SPACE',''
  ) );
#7571 = ORIENTED_EDGE('',*,*,#7572,.T.);
#7572 = EDGE_CURVE('',#7545,#7358,#7573,.T.);
#7573 = SURFACE_CURVE('',#7574,(#7578,#7585),.PCURVE_S1.);
#7574 = LINE('',#7575,#7576);
#7575 = CARTESIAN_POINT('',(15.75,63.076315233286,-140.9136564694));
#7576 = VECTOR('',#7577,1.);
#7577 = DIRECTION('',(-1.,0.,0.));
#7578 = PCURVE('',#7114,#7579);
#7579 = DEFINITIONAL_REPRESENTATION('',(#7580),#7584);
#7580 = LINE('',#7581,#7582);
#7581 = CARTESIAN_POINT('',(-16.75,21.891270261393));
#7582 = VECTOR('',#7583,1.);
#7583 = DIRECTION('',(-1.,0.));
#7584 = ( GEOMETRIC_REPRESENTATION_CONTEXT(2) 
PARAMETRIC_REPRESENTATION_CONTEXT() REPRESENTATION_CONTEXT('2D SPACE',''
  ) );
#7585 = PCURVE('',#7586,#7591);
#7586 = PLANE('',#7587);
#7587 = AXIS2_PLACEMENT_3D('',#7588,#7589,#7590);
#7588 = CARTESIAN_POINT('',(0.,63.076315233286,-140.9136564694));
#7589 = DIRECTION('',(0.,0.11956930817,0.992825856102));
#7590 = DIRECTION('',(0.,0.992825856102,-0.11956930817));
#7591 = DEFINITIONAL_REPRESENTATION('',(#7592),#7596);
#7592 = LINE('',#7593,#7594);
#7593 = CARTESIAN_POINT('',(0.,-15.75));
#7594 = VECTOR('',#7595,1.);
#7595 = DIRECTION('',(0.,1.));
#7596 = ( GEOMETRIC_REPRESENTATION_CONTEXT(2) 
PARAMETRIC_REPRESENTATION_CONTEXT() REPRESENTATION_CONTEXT('2D SPACE',''
  ) );
#7597 = ADVANCED_FACE('',(#7598),#7086,.F.);
#7598 = FACE_BOUND('',#7599,.F.);
#7599 = EDGE_LOOP('',(#7600,#7601,#7624,#7645));
#7600 = ORIENTED_EDGE('',*,*,#7070,.T.);
#7601 = ORIENTED_EDGE('',*,*,#7602,.T.);
#7602 = EDGE_CURVE('',#7043,#7603,#7605,.T.);
#7603 = VERTEX_POINT('',#7604);
#7604 = CARTESIAN_POINT('',(15.75,63.164666016694,-131.3093764787));
#7605 = SURFACE_CURVE('',#7606,(#7610,#7617),.PCURVE_S1.);
#7606 = LINE('',#7607,#7608);
#7607 = CARTESIAN_POINT('',(49.25,63.164666016694,-131.3093764787));
#7608 = VECTOR('',#7609,1.);
#7609 = DIRECTION('',(-1.,0.,0.));
#7610 = PCURVE('',#7086,#7611);
#7611 = DEFINITIONAL_REPRESENTATION('',(#7612),#7616);
#7612 = LINE('',#7613,#7614);
#7613 = CARTESIAN_POINT('',(0.,-6.));
#7614 = VECTOR('',#7615,1.);
#7615 = DIRECTION('',(1.,0.));
#7616 = ( GEOMETRIC_REPRESENTATION_CONTEXT(2) 
PARAMETRIC_REPRESENTATION_CONTEXT() REPRESENTATION_CONTEXT('2D SPACE',''
  ) );
#7617 = PCURVE('',#7058,#7618);
#7618 = DEFINITIONAL_REPRESENTATION('',(#7619),#7623);
#7619 = LINE('',#7620,#7621);
#7620 = CARTESIAN_POINT('',(16.75,14.391270261393));
#7621 = VECTOR('',#7622,1.);
#7622 = DIRECTION('',(-1.,0.));
#7623 = ( GEOMETRIC_REPRESENTATION_CONTEXT(2) 
PARAMETRIC_REPRESENTATION_CONTEXT() REPRESENTATION_CONTEXT('2D SPACE',''
  ) );
#7624 = ORIENTED_EDGE('',*,*,#7625,.F.);
#7625 = EDGE_CURVE('',#7522,#7603,#7626,.T.);
#7626 = SURFACE_CURVE('',#7627,(#7631,#7638),.PCURVE_S1.);
#7627 = LINE('',#7628,#7629);
#7628 = CARTESIAN_POINT('',(15.75,58.445173032601,-135.0142902392));
#7629 = VECTOR('',#7630,1.);
#7630 = DIRECTION('',(0.,0.786582164016,0.617485626758));
#7631 = PCURVE('',#7086,#7632);
#7632 = DEFINITIONAL_REPRESENTATION('',(#7633),#7637);
#7633 = LINE('',#7634,#7635);
#7634 = CARTESIAN_POINT('',(33.5,0.));
#7635 = VECTOR('',#7636,1.);
#7636 = DIRECTION('',(0.,-1.));
#7637 = ( GEOMETRIC_REPRESENTATION_CONTEXT(2) 
PARAMETRIC_REPRESENTATION_CONTEXT() REPRESENTATION_CONTEXT('2D SPACE',''
  ) );
#7638 = PCURVE('',#7560,#7639);
#7639 = DEFINITIONAL_REPRESENTATION('',(#7640),#7644);
#7640 = LINE('',#7641,#7642);
#7641 = CARTESIAN_POINT('',(-6.5,7.5));
#7642 = VECTOR('',#7643,1.);
#7643 = DIRECTION('',(1.,0.));
#7644 = ( GEOMETRIC_REPRESENTATION_CONTEXT(2) 
PARAMETRIC_REPRESENTATION_CONTEXT() REPRESENTATION_CONTEXT('2D SPACE',''
  ) );
#7645 = ORIENTED_EDGE('',*,*,#7521,.F.);
#7646 = ADVANCED_FACE('',(#7647),#7058,.T.);
#7647 = FACE_BOUND('',#7648,.T.);
#7648 = EDGE_LOOP('',(#7649,#7677,#7700,#7723,#7746,#7774,#7797,#7818,
    #7819,#7820,#7821,#7822));
#7649 = ORIENTED_EDGE('',*,*,#7650,.T.);
#7650 = EDGE_CURVE('',#7651,#7653,#7655,.T.);
#7651 = VERTEX_POINT('',#7652);
#7652 = CARTESIAN_POINT('',(15.75,64.708380083589,-133.2758318887));
#7653 = VERTEX_POINT('',#7654);
#7654 = CARTESIAN_POINT('',(0.,64.708380083589,-133.2758318887));
#7655 = SURFACE_CURVE('',#7656,(#7660,#7666),.PCURVE_S1.);
#7656 = LINE('',#7657,#7658);
#7657 = CARTESIAN_POINT('',(16.25,64.708380083589,-133.2758318887));
#7658 = VECTOR('',#7659,1.);
#7659 = DIRECTION('',(-1.,0.,0.));
#7660 = PCURVE('',#7058,#7661);
#7661 = DEFINITIONAL_REPRESENTATION('',(#7662),#7665);
#7662 = B_SPLINE_CURVE_WITH_KNOTS('',1,(#7663,#7664),.UNSPECIFIED.,.F.,
  .F.,(2,2),(0.5,16.25),.PIECEWISE_BEZIER_KNOTS.);
#7663 = CARTESIAN_POINT('',(-16.75,16.891270261393));
#7664 = CARTESIAN_POINT('',(-32.5,16.891270261393));
#7665 = ( GEOMETRIC_REPRESENTATION_CONTEXT(2) 
PARAMETRIC_REPRESENTATION_CONTEXT() REPRESENTATION_CONTEXT('2D SPACE',''
  ) );
#7666 = PCURVE('',#7667,#7672);
#7667 = PLANE('',#7668);
#7668 = AXIS2_PLACEMENT_3D('',#7669,#7670,#7671);
#7669 = CARTESIAN_POINT('',(0.,66.28154441162,-132.0408606352));
#7670 = DIRECTION('',(0.,0.617485626758,-0.786582164016));
#7671 = DIRECTION('',(0.,-0.786582164016,-0.617485626758));
#7672 = DEFINITIONAL_REPRESENTATION('',(#7673),#7676);
#7673 = B_SPLINE_CURVE_WITH_KNOTS('',1,(#7674,#7675),.UNSPECIFIED.,.F.,
  .F.,(2,2),(0.5,16.25),.PIECEWISE_BEZIER_KNOTS.);
#7674 = CARTESIAN_POINT('',(2.,-15.75));
#7675 = CARTESIAN_POINT('',(2.,0.));
#7676 = ( GEOMETRIC_REPRESENTATION_CONTEXT(2) 
PARAMETRIC_REPRESENTATION_CONTEXT() REPRESENTATION_CONTEXT('2D SPACE',''
  ) );
#7677 = ORIENTED_EDGE('',*,*,#7678,.T.);
#7678 = EDGE_CURVE('',#7653,#7679,#7681,.T.);
#7679 = VERTEX_POINT('',#7680);
#7680 = CARTESIAN_POINT('',(0.,51.278067701603,-116.1676698214));
#7681 = SURFACE_CURVE('',#7682,(#7686,#7693),.PCURVE_S1.);
#7682 = LINE('',#7683,#7684);
#7683 = CARTESIAN_POINT('',(0.,67.795808217379,-137.2087427088));
#7684 = VECTOR('',#7685,1.);
#7685 = DIRECTION('',(0.,-0.617485626758,0.786582164016));
#7686 = PCURVE('',#7058,#7687);
#7687 = DEFINITIONAL_REPRESENTATION('',(#7688),#7692);
#7688 = LINE('',#7689,#7690);
#7689 = CARTESIAN_POINT('',(-32.5,21.891270261393));
#7690 = VECTOR('',#7691,1.);
#7691 = DIRECTION('',(0.,-1.));
#7692 = ( GEOMETRIC_REPRESENTATION_CONTEXT(2) 
PARAMETRIC_REPRESENTATION_CONTEXT() REPRESENTATION_CONTEXT('2D SPACE',''
  ) );
#7693 = PCURVE('',#7375,#7694);
#7694 = DEFINITIONAL_REPRESENTATION('',(#7695),#7699);
#7695 = LINE('',#7696,#7697);
#7696 = CARTESIAN_POINT('',(-0.5,0.));
#7697 = VECTOR('',#7698,1.);
#7698 = DIRECTION('',(0.,1.));
#7699 = ( GEOMETRIC_REPRESENTATION_CONTEXT(2) 
PARAMETRIC_REPRESENTATION_CONTEXT() REPRESENTATION_CONTEXT('2D SPACE',''
  ) );
#7700 = ORIENTED_EDGE('',*,*,#7701,.T.);
#7701 = EDGE_CURVE('',#7679,#7702,#7704,.T.);
#7702 = VERTEX_POINT('',#7703);
#7703 = CARTESIAN_POINT('',(16.25,41.243926266786,-103.3857096561));
#7704 = SURFACE_CURVE('',#7705,(#7709,#7716),.PCURVE_S1.);
#7705 = LINE('',#7706,#7707);
#7706 = CARTESIAN_POINT('',(0.,51.278067701603,-116.1676698214));
#7707 = VECTOR('',#7708,1.);
#7708 = DIRECTION('',(0.707106781187,-0.436628273966,0.556197582136));
#7709 = PCURVE('',#7058,#7710);
#7710 = DEFINITIONAL_REPRESENTATION('',(#7711),#7715);
#7711 = LINE('',#7712,#7713);
#7712 = CARTESIAN_POINT('',(-32.5,-4.858729738607));
#7713 = VECTOR('',#7714,1.);
#7714 = DIRECTION('',(0.707106781187,-0.707106781187));
#7715 = ( GEOMETRIC_REPRESENTATION_CONTEXT(2) 
PARAMETRIC_REPRESENTATION_CONTEXT() REPRESENTATION_CONTEXT('2D SPACE',''
  ) );
#7716 = PCURVE('',#7403,#7717);
#7717 = DEFINITIONAL_REPRESENTATION('',(#7718),#7722);
#7718 = LINE('',#7719,#7720);
#7719 = CARTESIAN_POINT('',(0.,-6.));
#7720 = VECTOR('',#7721,1.);
#7721 = DIRECTION('',(1.,0.));
#7722 = ( GEOMETRIC_REPRESENTATION_CONTEXT(2) 
PARAMETRIC_REPRESENTATION_CONTEXT() REPRESENTATION_CONTEXT('2D SPACE',''
  ) );
#7723 = ORIENTED_EDGE('',*,*,#7724,.T.);
#7724 = EDGE_CURVE('',#7702,#7725,#7727,.T.);
#7725 = VERTEX_POINT('',#7726);
#7726 = CARTESIAN_POINT('',(16.25,36.612784066101,-97.48634342607));
#7727 = SURFACE_CURVE('',#7728,(#7732,#7739),.PCURVE_S1.);
#7728 = LINE('',#7729,#7730);
#7729 = CARTESIAN_POINT('',(16.25,41.243926266786,-103.3857096561));
#7730 = VECTOR('',#7731,1.);
#7731 = DIRECTION('',(0.,-0.617485626758,0.786582164016));
#7732 = PCURVE('',#7058,#7733);
#7733 = DEFINITIONAL_REPRESENTATION('',(#7734),#7738);
#7734 = LINE('',#7735,#7736);
#7735 = CARTESIAN_POINT('',(-16.25,-21.1087297386));
#7736 = VECTOR('',#7737,1.);
#7737 = DIRECTION('',(0.,-1.));
#7738 = ( GEOMETRIC_REPRESENTATION_CONTEXT(2) 
PARAMETRIC_REPRESENTATION_CONTEXT() REPRESENTATION_CONTEXT('2D SPACE',''
  ) );
#7739 = PCURVE('',#7431,#7740);
#7740 = DEFINITIONAL_REPRESENTATION('',(#7741),#7745);
#7741 = LINE('',#7742,#7743);
#7742 = CARTESIAN_POINT('',(0.,-6.));
#7743 = VECTOR('',#7744,1.);
#7744 = DIRECTION('',(1.,0.));
#7745 = ( GEOMETRIC_REPRESENTATION_CONTEXT(2) 
PARAMETRIC_REPRESENTATION_CONTEXT() REPRESENTATION_CONTEXT('2D SPACE',''
  ) );
#7746 = ORIENTED_EDGE('',*,*,#7747,.T.);
#7747 = EDGE_CURVE('',#7725,#7748,#7750,.T.);
#7748 = VERTEX_POINT('',#7749);
#7749 = CARTESIAN_POINT('',(48.75,36.612784066101,-97.48634342607));
#7750 = SURFACE_CURVE('',#7751,(#7755,#7762),.PCURVE_S1.);
#7751 = LINE('',#7752,#7753);
#7752 = CARTESIAN_POINT('',(16.25,36.612784066101,-97.48634342607));
#7753 = VECTOR('',#7754,1.);
#7754 = DIRECTION('',(1.,0.,0.));
#7755 = PCURVE('',#7058,#7756);
#7756 = DEFINITIONAL_REPRESENTATION('',(#7757),#7761);
#7757 = LINE('',#7758,#7759);
#7758 = CARTESIAN_POINT('',(-16.25,-28.6087297386));
#7759 = VECTOR('',#7760,1.);
#7760 = DIRECTION('',(1.,0.));
#7761 = ( GEOMETRIC_REPRESENTATION_CONTEXT(2) 
PARAMETRIC_REPRESENTATION_CONTEXT() REPRESENTATION_CONTEXT('2D SPACE',''
  ) );
#7762 = PCURVE('',#7763,#7768);
#7763 = PLANE('',#7764);
#7764 = AXIS2_PLACEMENT_3D('',#7765,#7766,#7767);
#7765 = CARTESIAN_POINT('',(16.25,36.612784066101,-97.48634342607));
#7766 = DIRECTION('',(0.,-0.11956930817,-0.992825856102));
#7767 = DIRECTION('',(0.,-0.992825856102,0.11956930817));
#7768 = DEFINITIONAL_REPRESENTATION('',(#7769),#7773);
#7769 = LINE('',#7770,#7771);
#7770 = CARTESIAN_POINT('',(0.,0.));
#7771 = VECTOR('',#7772,1.);
#7772 = DIRECTION('',(0.,-1.));
#7773 = ( GEOMETRIC_REPRESENTATION_CONTEXT(2) 
PARAMETRIC_REPRESENTATION_CONTEXT() REPRESENTATION_CONTEXT('2D SPACE',''
  ) );
#7774 = ORIENTED_EDGE('',*,*,#7775,.T.);
#7775 = EDGE_CURVE('',#7748,#7776,#7778,.T.);
#7776 = VERTEX_POINT('',#7777);
#7777 = CARTESIAN_POINT('',(48.75,41.243926266786,-103.3857096561));
#7778 = SURFACE_CURVE('',#7779,(#7783,#7790),.PCURVE_S1.);
#7779 = LINE('',#7780,#7781);
#7780 = CARTESIAN_POINT('',(48.75,36.612784066101,-97.48634342607));
#7781 = VECTOR('',#7782,1.);
#7782 = DIRECTION('',(0.,0.617485626758,-0.786582164016));
#7783 = PCURVE('',#7058,#7784);
#7784 = DEFINITIONAL_REPRESENTATION('',(#7785),#7789);
#7785 = LINE('',#7786,#7787);
#7786 = CARTESIAN_POINT('',(16.25,-28.6087297386));
#7787 = VECTOR('',#7788,1.);
#7788 = DIRECTION('',(0.,1.));
#7789 = ( GEOMETRIC_REPRESENTATION_CONTEXT(2) 
PARAMETRIC_REPRESENTATION_CONTEXT() REPRESENTATION_CONTEXT('2D SPACE',''
  ) );
#7790 = PCURVE('',#7485,#7791);
#7791 = DEFINITIONAL_REPRESENTATION('',(#7792),#7796);
#7792 = LINE('',#7793,#7794);
#7793 = CARTESIAN_POINT('',(0.,-6.));
#7794 = VECTOR('',#7795,1.);
#7795 = DIRECTION('',(1.,0.));
#7796 = ( GEOMETRIC_REPRESENTATION_CONTEXT(2) 
PARAMETRIC_REPRESENTATION_CONTEXT() REPRESENTATION_CONTEXT('2D SPACE',''
  ) );
#7797 = ORIENTED_EDGE('',*,*,#7798,.T.);
#7798 = EDGE_CURVE('',#7776,#7208,#7799,.T.);
#7799 = SURFACE_CURVE('',#7800,(#7804,#7811),.PCURVE_S1.);
#7800 = LINE('',#7801,#7802);
#7801 = CARTESIAN_POINT('',(48.75,41.243926266786,-103.3857096561));
#7802 = VECTOR('',#7803,1.);
#7803 = DIRECTION('',(0.707106781187,0.436628273966,-0.556197582136));
#7804 = PCURVE('',#7058,#7805);
#7805 = DEFINITIONAL_REPRESENTATION('',(#7806),#7810);
#7806 = LINE('',#7807,#7808);
#7807 = CARTESIAN_POINT('',(16.25,-21.1087297386));
#7808 = VECTOR('',#7809,1.);
#7809 = DIRECTION('',(0.707106781187,0.707106781187));
#7810 = ( GEOMETRIC_REPRESENTATION_CONTEXT(2) 
PARAMETRIC_REPRESENTATION_CONTEXT() REPRESENTATION_CONTEXT('2D SPACE',''
  ) );
#7811 = PCURVE('',#7246,#7812);
#7812 = DEFINITIONAL_REPRESENTATION('',(#7813),#7817);
#7813 = LINE('',#7814,#7815);
#7814 = CARTESIAN_POINT('',(0.,-6.));
#7815 = VECTOR('',#7816,1.);
#7816 = DIRECTION('',(1.,0.));
#7817 = ( GEOMETRIC_REPRESENTATION_CONTEXT(2) 
PARAMETRIC_REPRESENTATION_CONTEXT() REPRESENTATION_CONTEXT('2D SPACE',''
  ) );
#7818 = ORIENTED_EDGE('',*,*,#7207,.T.);
#7819 = ORIENTED_EDGE('',*,*,#7335,.T.);
#7820 = ORIENTED_EDGE('',*,*,#7042,.T.);
#7821 = ORIENTED_EDGE('',*,*,#7602,.T.);
#7822 = ORIENTED_EDGE('',*,*,#7823,.T.);
#7823 = EDGE_CURVE('',#7603,#7651,#7824,.T.);
#7824 = SURFACE_CURVE('',#7825,(#7829,#7836),.PCURVE_S1.);
#7825 = LINE('',#7826,#7827);
#7826 = CARTESIAN_POINT('',(15.75,63.164666016694,-131.3093764787));
#7827 = VECTOR('',#7828,1.);
#7828 = DIRECTION('',(0.,0.617485626758,-0.786582164016));
#7829 = PCURVE('',#7058,#7830);
#7830 = DEFINITIONAL_REPRESENTATION('',(#7831),#7835);
#7831 = LINE('',#7832,#7833);
#7832 = CARTESIAN_POINT('',(-16.75,14.391270261393));
#7833 = VECTOR('',#7834,1.);
#7834 = DIRECTION('',(0.,1.));
#7835 = ( GEOMETRIC_REPRESENTATION_CONTEXT(2) 
PARAMETRIC_REPRESENTATION_CONTEXT() REPRESENTATION_CONTEXT('2D SPACE',''
  ) );
#7836 = PCURVE('',#7560,#7837);
#7837 = DEFINITIONAL_REPRESENTATION('',(#7838),#7842);
#7838 = LINE('',#7839,#7840);
#7839 = CARTESIAN_POINT('',(-0.5,7.5));
#7840 = VECTOR('',#7841,1.);
#7841 = DIRECTION('',(0.,-1.));
#7842 = ( GEOMETRIC_REPRESENTATION_CONTEXT(2) 
PARAMETRIC_REPRESENTATION_CONTEXT() REPRESENTATION_CONTEXT('2D SPACE',''
  ) );
#7843 = ADVANCED_FACE('',(#7844),#7166,.F.);
#7844 = FACE_BOUND('',#7845,.F.);
#7845 = EDGE_LOOP('',(#7846,#7869,#7870));
#7846 = ORIENTED_EDGE('',*,*,#7847,.T.);
#7847 = EDGE_CURVE('',#7150,#7848,#7850,.T.);
#7848 = VERTEX_POINT('',#7849);
#7849 = CARTESIAN_POINT('',(52.815685424949,68.189099299386,
    -136.8999998954));
#7850 = SEAM_CURVE('',#7851,(#7855,#7862),.PCURVE_S1.);
#7851 = LINE('',#7852,#7853);
#7852 = CARTESIAN_POINT('',(48.75,71.387094939149,-134.3894975826));
#7853 = VECTOR('',#7854,1.);
#7854 = DIRECTION('',(0.707106781187,-0.556197582136,-0.436628273966));
#7855 = PCURVE('',#7166,#7856);
#7856 = DEFINITIONAL_REPRESENTATION('',(#7857),#7861);
#7857 = LINE('',#7858,#7859);
#7858 = CARTESIAN_POINT('',(-6.28318530718,0.));
#7859 = VECTOR('',#7860,1.);
#7860 = DIRECTION('',(-0.,-1.));
#7861 = ( GEOMETRIC_REPRESENTATION_CONTEXT(2) 
PARAMETRIC_REPRESENTATION_CONTEXT() REPRESENTATION_CONTEXT('2D SPACE',''
  ) );
#7862 = PCURVE('',#7166,#7863);
#7863 = DEFINITIONAL_REPRESENTATION('',(#7864),#7868);
#7864 = LINE('',#7865,#7866);
#7865 = CARTESIAN_POINT('',(0.,-0.));
#7866 = VECTOR('',#7867,1.);
#7867 = DIRECTION('',(-0.,-1.));
#7868 = ( GEOMETRIC_REPRESENTATION_CONTEXT(2) 
PARAMETRIC_REPRESENTATION_CONTEXT() REPRESENTATION_CONTEXT('2D SPACE',''
  ) );
#7869 = ORIENTED_EDGE('',*,*,#7847,.F.);
#7870 = ORIENTED_EDGE('',*,*,#7149,.T.);
#7871 = ADVANCED_FACE('',(#7872),#7246,.F.);
#7872 = FACE_BOUND('',#7873,.F.);
#7873 = EDGE_LOOP('',(#7874,#7895,#7896,#7897));
#7874 = ORIENTED_EDGE('',*,*,#7875,.T.);
#7875 = EDGE_CURVE('',#7470,#7776,#7876,.T.);
#7876 = SURFACE_CURVE('',#7877,(#7881,#7888),.PCURVE_S1.);
#7877 = LINE('',#7878,#7879);
#7878 = CARTESIAN_POINT('',(48.75,36.524433282693,-107.0906234167));
#7879 = VECTOR('',#7880,1.);
#7880 = DIRECTION('',(0.,0.786582164016,0.617485626758));
#7881 = PCURVE('',#7246,#7882);
#7882 = DEFINITIONAL_REPRESENTATION('',(#7883),#7887);
#7883 = LINE('',#7884,#7885);
#7884 = CARTESIAN_POINT('',(0.,0.));
#7885 = VECTOR('',#7886,1.);
#7886 = DIRECTION('',(0.,-1.));
#7887 = ( GEOMETRIC_REPRESENTATION_CONTEXT(2) 
PARAMETRIC_REPRESENTATION_CONTEXT() REPRESENTATION_CONTEXT('2D SPACE',''
  ) );
#7888 = PCURVE('',#7485,#7889);
#7889 = DEFINITIONAL_REPRESENTATION('',(#7890),#7894);
#7890 = LINE('',#7891,#7892);
#7891 = CARTESIAN_POINT('',(7.5,0.));
#7892 = VECTOR('',#7893,1.);
#7893 = DIRECTION('',(0.,-1.));
#7894 = ( GEOMETRIC_REPRESENTATION_CONTEXT(2) 
PARAMETRIC_REPRESENTATION_CONTEXT() REPRESENTATION_CONTEXT('2D SPACE',''
  ) );
#7895 = ORIENTED_EDGE('',*,*,#7798,.T.);
#7896 = ORIENTED_EDGE('',*,*,#7230,.F.);
#7897 = ORIENTED_EDGE('',*,*,#7497,.F.);
#7898 = ADVANCED_FACE('',(#7899),#7375,.F.);
#7899 = FACE_BOUND('',#7900,.F.);
#7900 = EDGE_LOOP('',(#7901,#7931,#7959,#7987,#8008,#8009,#8030,#8031));
#7901 = ORIENTED_EDGE('',*,*,#7902,.T.);
#7902 = EDGE_CURVE('',#7903,#7905,#7907,.T.);
#7903 = VERTEX_POINT('',#7904);
#7904 = CARTESIAN_POINT('',(0.,70.096654187153,-141.7591391556));
#7905 = VERTEX_POINT('',#7906);
#7906 = CARTESIAN_POINT('',(0.,72.4564006792,-139.9066822754));
#7907 = SURFACE_CURVE('',#7908,(#7912,#7919),.PCURVE_S1.);
#7908 = LINE('',#7909,#7910);
#7909 = CARTESIAN_POINT('',(0.,70.096654187153,-141.7591391556));
#7910 = VECTOR('',#7911,1.);
#7911 = DIRECTION('',(0.,0.786582164016,0.617485626758));
#7912 = PCURVE('',#7375,#7913);
#7913 = DEFINITIONAL_REPRESENTATION('',(#7914),#7918);
#7914 = LINE('',#7915,#7916);
#7915 = CARTESIAN_POINT('',(-1.5,-5.));
#7916 = VECTOR('',#7917,1.);
#7917 = DIRECTION('',(1.,0.));
#7918 = ( GEOMETRIC_REPRESENTATION_CONTEXT(2) 
PARAMETRIC_REPRESENTATION_CONTEXT() REPRESENTATION_CONTEXT('2D SPACE',''
  ) );
#7919 = PCURVE('',#7920,#7925);
#7920 = PLANE('',#7921);
#7921 = AXIS2_PLACEMENT_3D('',#7922,#7923,#7924);
#7922 = CARTESIAN_POINT('',(0.,70.096654187153,-141.7591391556));
#7923 = DIRECTION('',(0.,-0.617485626758,0.786582164016));
#7924 = DIRECTION('',(0.,0.786582164016,0.617485626758));
#7925 = DEFINITIONAL_REPRESENTATION('',(#7926),#7930);
#7926 = LINE('',#7927,#7928);
#7927 = CARTESIAN_POINT('',(0.,0.));
#7928 = VECTOR('',#7929,1.);
#7929 = DIRECTION('',(1.,0.));
#7930 = ( GEOMETRIC_REPRESENTATION_CONTEXT(2) 
PARAMETRIC_REPRESENTATION_CONTEXT() REPRESENTATION_CONTEXT('2D SPACE',''
  ) );
#7931 = ORIENTED_EDGE('',*,*,#7932,.T.);
#7932 = EDGE_CURVE('',#7905,#7933,#7935,.T.);
#7933 = VERTEX_POINT('',#7934);
#7934 = CARTESIAN_POINT('',(0.,73.301883365487,-132.8863433215));
#7935 = SURFACE_CURVE('',#7936,(#7940,#7947),.PCURVE_S1.);
#7936 = LINE('',#7937,#7938);
#7937 = CARTESIAN_POINT('',(0.,72.4564006792,-139.9066822754));
#7938 = VECTOR('',#7939,1.);
#7939 = DIRECTION('',(0.,0.11956930817,0.992825856102));
#7940 = PCURVE('',#7375,#7941);
#7941 = DEFINITIONAL_REPRESENTATION('',(#7942),#7946);
#7942 = LINE('',#7943,#7944);
#7943 = CARTESIAN_POINT('',(1.5,-5.));
#7944 = VECTOR('',#7945,1.);
#7945 = DIRECTION('',(0.707106781187,0.707106781187));
#7946 = ( GEOMETRIC_REPRESENTATION_CONTEXT(2) 
PARAMETRIC_REPRESENTATION_CONTEXT() REPRESENTATION_CONTEXT('2D SPACE',''
  ) );
#7947 = PCURVE('',#7948,#7953);
#7948 = PLANE('',#7949);
#7949 = AXIS2_PLACEMENT_3D('',#7950,#7951,#7952);
#7950 = CARTESIAN_POINT('',(0.,72.4564006792,-139.9066822754));
#7951 = DIRECTION('',(0.,-0.992825856102,0.11956930817));
#7952 = DIRECTION('',(0.,0.11956930817,0.992825856102));
#7953 = DEFINITIONAL_REPRESENTATION('',(#7954),#7958);
#7954 = LINE('',#7955,#7956);
#7955 = CARTESIAN_POINT('',(0.,0.));
#7956 = VECTOR('',#7957,1.);
#7957 = DIRECTION('',(1.,0.));
#7958 = ( GEOMETRIC_REPRESENTATION_CONTEXT(2) 
PARAMETRIC_REPRESENTATION_CONTEXT() REPRESENTATION_CONTEXT('2D SPACE',''
  ) );
#7959 = ORIENTED_EDGE('',*,*,#7960,.T.);
#7960 = EDGE_CURVE('',#7933,#7961,#7963,.T.);
#7961 = VERTEX_POINT('',#7962);
#7962 = CARTESIAN_POINT('',(0.,66.28154441162,-132.0408606352));
#7963 = SURFACE_CURVE('',#7964,(#7968,#7975),.PCURVE_S1.);
#7964 = LINE('',#7965,#7966);
#7965 = CARTESIAN_POINT('',(0.,73.301883365487,-132.8863433215));
#7966 = VECTOR('',#7967,1.);
#7967 = DIRECTION('',(0.,-0.992825856102,0.11956930817));
#7968 = PCURVE('',#7375,#7969);
#7969 = DEFINITIONAL_REPRESENTATION('',(#7970),#7974);
#7970 = LINE('',#7971,#7972);
#7971 = CARTESIAN_POINT('',(6.5,0.));
#7972 = VECTOR('',#7973,1.);
#7973 = DIRECTION('',(-0.707106781187,0.707106781187));
#7974 = ( GEOMETRIC_REPRESENTATION_CONTEXT(2) 
PARAMETRIC_REPRESENTATION_CONTEXT() REPRESENTATION_CONTEXT('2D SPACE',''
  ) );
#7975 = PCURVE('',#7976,#7981);
#7976 = PLANE('',#7977);
#7977 = AXIS2_PLACEMENT_3D('',#7978,#7979,#7980);
#7978 = CARTESIAN_POINT('',(0.,73.301883365487,-132.8863433215));
#7979 = DIRECTION('',(0.,-0.11956930817,-0.992825856102));
#7980 = DIRECTION('',(0.,-0.992825856102,0.11956930817));
#7981 = DEFINITIONAL_REPRESENTATION('',(#7982),#7986);
#7982 = LINE('',#7983,#7984);
#7983 = CARTESIAN_POINT('',(0.,0.));
#7984 = VECTOR('',#7985,1.);
#7985 = DIRECTION('',(1.,0.));
#7986 = ( GEOMETRIC_REPRESENTATION_CONTEXT(2) 
PARAMETRIC_REPRESENTATION_CONTEXT() REPRESENTATION_CONTEXT('2D SPACE',''
  ) );
#7987 = ORIENTED_EDGE('',*,*,#7988,.T.);
#7988 = EDGE_CURVE('',#7961,#7653,#7989,.T.);
#7989 = SURFACE_CURVE('',#7990,(#7994,#8001),.PCURVE_S1.);
#7990 = LINE('',#7991,#7992);
#7991 = CARTESIAN_POINT('',(0.,66.28154441162,-132.0408606352));
#7992 = VECTOR('',#7993,1.);
#7993 = DIRECTION('',(0.,-0.786582164016,-0.617485626758));
#7994 = PCURVE('',#7375,#7995);
#7995 = DEFINITIONAL_REPRESENTATION('',(#7996),#8000);
#7996 = LINE('',#7997,#7998);
#7997 = CARTESIAN_POINT('',(1.5,5.));
#7998 = VECTOR('',#7999,1.);
#7999 = DIRECTION('',(-1.,0.));
#8000 = ( GEOMETRIC_REPRESENTATION_CONTEXT(2) 
PARAMETRIC_REPRESENTATION_CONTEXT() REPRESENTATION_CONTEXT('2D SPACE',''
  ) );
#8001 = PCURVE('',#7667,#8002);
#8002 = DEFINITIONAL_REPRESENTATION('',(#8003),#8007);
#8003 = LINE('',#8004,#8005);
#8004 = CARTESIAN_POINT('',(0.,0.));
#8005 = VECTOR('',#8006,1.);
#8006 = DIRECTION('',(1.,0.));
#8007 = ( GEOMETRIC_REPRESENTATION_CONTEXT(2) 
PARAMETRIC_REPRESENTATION_CONTEXT() REPRESENTATION_CONTEXT('2D SPACE',''
  ) );
#8008 = ORIENTED_EDGE('',*,*,#7678,.T.);
#8009 = ORIENTED_EDGE('',*,*,#8010,.F.);
#8010 = EDGE_CURVE('',#7360,#7679,#8011,.T.);
#8011 = SURFACE_CURVE('',#8012,(#8016,#8023),.PCURVE_S1.);
#8012 = LINE('',#8013,#8014);
#8013 = CARTESIAN_POINT('',(0.,46.55857471751,-119.8725835819));
#8014 = VECTOR('',#8015,1.);
#8015 = DIRECTION('',(0.,0.786582164016,0.617485626758));
#8016 = PCURVE('',#7375,#8017);
#8017 = DEFINITIONAL_REPRESENTATION('',(#8018),#8022);
#8018 = LINE('',#8019,#8020);
#8019 = CARTESIAN_POINT('',(-6.5,26.75));
#8020 = VECTOR('',#8021,1.);
#8021 = DIRECTION('',(1.,0.));
#8022 = ( GEOMETRIC_REPRESENTATION_CONTEXT(2) 
PARAMETRIC_REPRESENTATION_CONTEXT() REPRESENTATION_CONTEXT('2D SPACE',''
  ) );
#8023 = PCURVE('',#7403,#8024);
#8024 = DEFINITIONAL_REPRESENTATION('',(#8025),#8029);
#8025 = LINE('',#8026,#8027);
#8026 = CARTESIAN_POINT('',(0.,0.));
#8027 = VECTOR('',#8028,1.);
#8028 = DIRECTION('',(0.,-1.));
#8029 = ( GEOMETRIC_REPRESENTATION_CONTEXT(2) 
PARAMETRIC_REPRESENTATION_CONTEXT() REPRESENTATION_CONTEXT('2D SPACE',''
  ) );
#8030 = ORIENTED_EDGE('',*,*,#7357,.F.);
#8031 = ORIENTED_EDGE('',*,*,#8032,.T.);
#8032 = EDGE_CURVE('',#7358,#7903,#8033,.T.);
#8033 = SURFACE_CURVE('',#8034,(#8038,#8045),.PCURVE_S1.);
#8034 = LINE('',#8035,#8036);
#8035 = CARTESIAN_POINT('',(0.,63.076315233286,-140.9136564694));
#8036 = VECTOR('',#8037,1.);
#8037 = DIRECTION('',(0.,0.992825856102,-0.11956930817));
#8038 = PCURVE('',#7375,#8039);
#8039 = DEFINITIONAL_REPRESENTATION('',(#8040),#8044);
#8040 = LINE('',#8041,#8042);
#8041 = CARTESIAN_POINT('',(-6.5,0.));
#8042 = VECTOR('',#8043,1.);
#8043 = DIRECTION('',(0.707106781187,-0.707106781187));
#8044 = ( GEOMETRIC_REPRESENTATION_CONTEXT(2) 
PARAMETRIC_REPRESENTATION_CONTEXT() REPRESENTATION_CONTEXT('2D SPACE',''
  ) );
#8045 = PCURVE('',#7586,#8046);
#8046 = DEFINITIONAL_REPRESENTATION('',(#8047),#8051);
#8047 = LINE('',#8048,#8049);
#8048 = CARTESIAN_POINT('',(0.,0.));
#8049 = VECTOR('',#8050,1.);
#8050 = DIRECTION('',(1.,0.));
#8051 = ( GEOMETRIC_REPRESENTATION_CONTEXT(2) 
PARAMETRIC_REPRESENTATION_CONTEXT() REPRESENTATION_CONTEXT('2D SPACE',''
  ) );
#8052 = ADVANCED_FACE('',(#8053),#7586,.F.);
#8053 = FACE_BOUND('',#8054,.F.);
#8054 = EDGE_LOOP('',(#8055,#8056,#8079,#8100));
#8055 = ORIENTED_EDGE('',*,*,#7572,.F.);
#8056 = ORIENTED_EDGE('',*,*,#8057,.T.);
#8057 = EDGE_CURVE('',#7545,#8058,#8060,.T.);
#8058 = VERTEX_POINT('',#8059);
#8059 = CARTESIAN_POINT('',(15.75,70.096654187153,-141.7591391556));
#8060 = SURFACE_CURVE('',#8061,(#8065,#8072),.PCURVE_S1.);
#8061 = LINE('',#8062,#8063);
#8062 = CARTESIAN_POINT('',(15.75,63.076315233286,-140.9136564694));
#8063 = VECTOR('',#8064,1.);
#8064 = DIRECTION('',(0.,0.992825856102,-0.11956930817));
#8065 = PCURVE('',#7586,#8066);
#8066 = DEFINITIONAL_REPRESENTATION('',(#8067),#8071);
#8067 = LINE('',#8068,#8069);
#8068 = CARTESIAN_POINT('',(0.,-15.75));
#8069 = VECTOR('',#8070,1.);
#8070 = DIRECTION('',(1.,0.));
#8071 = ( GEOMETRIC_REPRESENTATION_CONTEXT(2) 
PARAMETRIC_REPRESENTATION_CONTEXT() REPRESENTATION_CONTEXT('2D SPACE',''
  ) );
#8072 = PCURVE('',#7560,#8073);
#8073 = DEFINITIONAL_REPRESENTATION('',(#8074),#8078);
#8074 = LINE('',#8075,#8076);
#8075 = CARTESIAN_POINT('',(-6.5,0.));
#8076 = VECTOR('',#8077,1.);
#8077 = DIRECTION('',(0.707106781187,-0.707106781187));
#8078 = ( GEOMETRIC_REPRESENTATION_CONTEXT(2) 
PARAMETRIC_REPRESENTATION_CONTEXT() REPRESENTATION_CONTEXT('2D SPACE',''
  ) );
#8079 = ORIENTED_EDGE('',*,*,#8080,.F.);
#8080 = EDGE_CURVE('',#7903,#8058,#8081,.T.);
#8081 = SURFACE_CURVE('',#8082,(#8086,#8093),.PCURVE_S1.);
#8082 = LINE('',#8083,#8084);
#8083 = CARTESIAN_POINT('',(0.,70.096654187153,-141.7591391556));
#8084 = VECTOR('',#8085,1.);
#8085 = DIRECTION('',(1.,0.,0.));
#8086 = PCURVE('',#7586,#8087);
#8087 = DEFINITIONAL_REPRESENTATION('',(#8088),#8092);
#8088 = LINE('',#8089,#8090);
#8089 = CARTESIAN_POINT('',(7.071067811865,0.));
#8090 = VECTOR('',#8091,1.);
#8091 = DIRECTION('',(0.,-1.));
#8092 = ( GEOMETRIC_REPRESENTATION_CONTEXT(2) 
PARAMETRIC_REPRESENTATION_CONTEXT() REPRESENTATION_CONTEXT('2D SPACE',''
  ) );
#8093 = PCURVE('',#7920,#8094);
#8094 = DEFINITIONAL_REPRESENTATION('',(#8095),#8099);
#8095 = LINE('',#8096,#8097);
#8096 = CARTESIAN_POINT('',(0.,0.));
#8097 = VECTOR('',#8098,1.);
#8098 = DIRECTION('',(0.,-1.));
#8099 = ( GEOMETRIC_REPRESENTATION_CONTEXT(2) 
PARAMETRIC_REPRESENTATION_CONTEXT() REPRESENTATION_CONTEXT('2D SPACE',''
  ) );
#8100 = ORIENTED_EDGE('',*,*,#8032,.F.);
#8101 = ADVANCED_FACE('',(#8102,#8198),#7560,.T.);
#8102 = FACE_BOUND('',#8103,.T.);
#8103 = EDGE_LOOP('',(#8104,#8127,#8150,#8173,#8194,#8195,#8196,#8197));
#8104 = ORIENTED_EDGE('',*,*,#8105,.T.);
#8105 = EDGE_CURVE('',#8058,#8106,#8108,.T.);
#8106 = VERTEX_POINT('',#8107);
#8107 = CARTESIAN_POINT('',(15.75,72.4564006792,-139.9066822754));
#8108 = SURFACE_CURVE('',#8109,(#8113,#8120),.PCURVE_S1.);
#8109 = LINE('',#8110,#8111);
#8110 = CARTESIAN_POINT('',(15.75,70.096654187153,-141.7591391556));
#8111 = VECTOR('',#8112,1.);
#8112 = DIRECTION('',(0.,0.786582164016,0.617485626758));
#8113 = PCURVE('',#7560,#8114);
#8114 = DEFINITIONAL_REPRESENTATION('',(#8115),#8119);
#8115 = LINE('',#8116,#8117);
#8116 = CARTESIAN_POINT('',(-1.5,-5.));
#8117 = VECTOR('',#8118,1.);
#8118 = DIRECTION('',(1.,0.));
#8119 = ( GEOMETRIC_REPRESENTATION_CONTEXT(2) 
PARAMETRIC_REPRESENTATION_CONTEXT() REPRESENTATION_CONTEXT('2D SPACE',''
  ) );
#8120 = PCURVE('',#7920,#8121);
#8121 = DEFINITIONAL_REPRESENTATION('',(#8122),#8126);
#8122 = LINE('',#8123,#8124);
#8123 = CARTESIAN_POINT('',(0.,-15.75));
#8124 = VECTOR('',#8125,1.);
#8125 = DIRECTION('',(1.,0.));
#8126 = ( GEOMETRIC_REPRESENTATION_CONTEXT(2) 
PARAMETRIC_REPRESENTATION_CONTEXT() REPRESENTATION_CONTEXT('2D SPACE',''
  ) );
#8127 = ORIENTED_EDGE('',*,*,#8128,.T.);
#8128 = EDGE_CURVE('',#8106,#8129,#8131,.T.);
#8129 = VERTEX_POINT('',#8130);
#8130 = CARTESIAN_POINT('',(15.75,73.301883365487,-132.8863433215));
#8131 = SURFACE_CURVE('',#8132,(#8136,#8143),.PCURVE_S1.);
#8132 = LINE('',#8133,#8134);
#8133 = CARTESIAN_POINT('',(15.75,72.4564006792,-139.9066822754));
#8134 = VECTOR('',#8135,1.);
#8135 = DIRECTION('',(0.,0.11956930817,0.992825856102));
#8136 = PCURVE('',#7560,#8137);
#8137 = DEFINITIONAL_REPRESENTATION('',(#8138),#8142);
#8138 = LINE('',#8139,#8140);
#8139 = CARTESIAN_POINT('',(1.5,-5.));
#8140 = VECTOR('',#8141,1.);
#8141 = DIRECTION('',(0.707106781187,0.707106781187));
#8142 = ( GEOMETRIC_REPRESENTATION_CONTEXT(2) 
PARAMETRIC_REPRESENTATION_CONTEXT() REPRESENTATION_CONTEXT('2D SPACE',''
  ) );
#8143 = PCURVE('',#7948,#8144);
#8144 = DEFINITIONAL_REPRESENTATION('',(#8145),#8149);
#8145 = LINE('',#8146,#8147);
#8146 = CARTESIAN_POINT('',(0.,-15.75));
#8147 = VECTOR('',#8148,1.);
#8148 = DIRECTION('',(1.,0.));
#8149 = ( GEOMETRIC_REPRESENTATION_CONTEXT(2) 
PARAMETRIC_REPRESENTATION_CONTEXT() REPRESENTATION_CONTEXT('2D SPACE',''
  ) );
#8150 = ORIENTED_EDGE('',*,*,#8151,.T.);
#8151 = EDGE_CURVE('',#8129,#8152,#8154,.T.);
#8152 = VERTEX_POINT('',#8153);
#8153 = CARTESIAN_POINT('',(15.75,66.28154441162,-132.0408606352));
#8154 = SURFACE_CURVE('',#8155,(#8159,#8166),.PCURVE_S1.);
#8155 = LINE('',#8156,#8157);
#8156 = CARTESIAN_POINT('',(15.75,73.301883365487,-132.8863433215));
#8157 = VECTOR('',#8158,1.);
#8158 = DIRECTION('',(0.,-0.992825856102,0.11956930817));
#8159 = PCURVE('',#7560,#8160);
#8160 = DEFINITIONAL_REPRESENTATION('',(#8161),#8165);
#8161 = LINE('',#8162,#8163);
#8162 = CARTESIAN_POINT('',(6.5,0.));
#8163 = VECTOR('',#8164,1.);
#8164 = DIRECTION('',(-0.707106781187,0.707106781187));
#8165 = ( GEOMETRIC_REPRESENTATION_CONTEXT(2) 
PARAMETRIC_REPRESENTATION_CONTEXT() REPRESENTATION_CONTEXT('2D SPACE',''
  ) );
#8166 = PCURVE('',#7976,#8167);
#8167 = DEFINITIONAL_REPRESENTATION('',(#8168),#8172);
#8168 = LINE('',#8169,#8170);
#8169 = CARTESIAN_POINT('',(0.,-15.75));
#8170 = VECTOR('',#8171,1.);
#8171 = DIRECTION('',(1.,0.));
#8172 = ( GEOMETRIC_REPRESENTATION_CONTEXT(2) 
PARAMETRIC_REPRESENTATION_CONTEXT() REPRESENTATION_CONTEXT('2D SPACE',''
  ) );
#8173 = ORIENTED_EDGE('',*,*,#8174,.T.);
#8174 = EDGE_CURVE('',#8152,#7651,#8175,.T.);
#8175 = SURFACE_CURVE('',#8176,(#8180,#8187),.PCURVE_S1.);
#8176 = LINE('',#8177,#8178);
#8177 = CARTESIAN_POINT('',(15.75,66.28154441162,-132.0408606352));
#8178 = VECTOR('',#8179,1.);
#8179 = DIRECTION('',(0.,-0.786582164016,-0.617485626758));
#8180 = PCURVE('',#7560,#8181);
#8181 = DEFINITIONAL_REPRESENTATION('',(#8182),#8186);
#8182 = LINE('',#8183,#8184);
#8183 = CARTESIAN_POINT('',(1.5,5.));
#8184 = VECTOR('',#8185,1.);
#8185 = DIRECTION('',(-1.,0.));
#8186 = ( GEOMETRIC_REPRESENTATION_CONTEXT(2) 
PARAMETRIC_REPRESENTATION_CONTEXT() REPRESENTATION_CONTEXT('2D SPACE',''
  ) );
#8187 = PCURVE('',#7667,#8188);
#8188 = DEFINITIONAL_REPRESENTATION('',(#8189),#8193);
#8189 = LINE('',#8190,#8191);
#8190 = CARTESIAN_POINT('',(0.,-15.75));
#8191 = VECTOR('',#8192,1.);
#8192 = DIRECTION('',(1.,0.));
#8193 = ( GEOMETRIC_REPRESENTATION_CONTEXT(2) 
PARAMETRIC_REPRESENTATION_CONTEXT() REPRESENTATION_CONTEXT('2D SPACE',''
  ) );
#8194 = ORIENTED_EDGE('',*,*,#7823,.F.);
#8195 = ORIENTED_EDGE('',*,*,#7625,.F.);
#8196 = ORIENTED_EDGE('',*,*,#7544,.T.);
#8197 = ORIENTED_EDGE('',*,*,#8057,.T.);
#8198 = FACE_BOUND('',#8199,.T.);
#8199 = EDGE_LOOP('',(#8200));
#8200 = ORIENTED_EDGE('',*,*,#8201,.T.);
#8201 = EDGE_CURVE('',#8202,#8202,#8204,.T.);
#8202 = VERTEX_POINT('',#8203);
#8203 = CARTESIAN_POINT('',(15.75,65.384394741631,-139.1017593949));
#8204 = SURFACE_CURVE('',#8205,(#8210,#8221),.PCURVE_S1.);
#8205 = CIRCLE('',#8206,3.565685424949);
#8206 = AXIS2_PLACEMENT_3D('',#8207,#8208,#8209);
#8207 = CARTESIAN_POINT('',(15.75,68.189099299386,-136.8999998954));
#8208 = DIRECTION('',(-1.,0.,-0.));
#8209 = DIRECTION('',(0.,-0.786582164016,-0.617485626758));
#8210 = PCURVE('',#7560,#8211);
#8211 = DEFINITIONAL_REPRESENTATION('',(#8212),#8220);
#8212 = ( BOUNDED_CURVE() B_SPLINE_CURVE(2,(#8213,#8214,#8215,#8216,
#8217,#8218,#8219),.UNSPECIFIED.,.T.,.F.) B_SPLINE_CURVE_WITH_KNOTS((1,2
    ,2,2,2,1),(-2.094395102393,0.,2.094395102393,4.188790204786,
6.28318530718,8.377580409573),.UNSPECIFIED.) CURVE() 
GEOMETRIC_REPRESENTATION_ITEM() RATIONAL_B_SPLINE_CURVE((1.,0.5,1.,0.5,
1.,0.5,1.)) REPRESENTATION_ITEM('') );
#8213 = CARTESIAN_POINT('',(-3.565685424949,0.));
#8214 = CARTESIAN_POINT('',(-3.565685424949,6.17594831982));
#8215 = CARTESIAN_POINT('',(1.782842712475,3.08797415991));
#8216 = CARTESIAN_POINT('',(7.131370849898,8.733410484861E-16));
#8217 = CARTESIAN_POINT('',(1.782842712475,-3.08797415991));
#8218 = CARTESIAN_POINT('',(-3.565685424949,-6.17594831982));
#8219 = CARTESIAN_POINT('',(-3.565685424949,0.));
#8220 = ( GEOMETRIC_REPRESENTATION_CONTEXT(2) 
PARAMETRIC_REPRESENTATION_CONTEXT() REPRESENTATION_CONTEXT('2D SPACE',''
  ) );
#8221 = PCURVE('',#8222,#8227);
#8222 = CONICAL_SURFACE('',#8223,4.065685424949,0.785398163397);
#8223 = AXIS2_PLACEMENT_3D('',#8224,#8225,#8226);
#8224 = CARTESIAN_POINT('',(16.25,68.189099299386,-136.8999998954));
#8225 = DIRECTION('',(1.,0.,0.));
#8226 = DIRECTION('',(0.,-0.786582164016,-0.617485626758));
#8227 = DEFINITIONAL_REPRESENTATION('',(#8228),#8232);
#8228 = LINE('',#8229,#8230);
#8229 = CARTESIAN_POINT('',(-0.,-0.5));
#8230 = VECTOR('',#8231,1.);
#8231 = DIRECTION('',(-1.,-0.));
#8232 = ( GEOMETRIC_REPRESENTATION_CONTEXT(2) 
PARAMETRIC_REPRESENTATION_CONTEXT() REPRESENTATION_CONTEXT('2D SPACE',''
  ) );
#8233 = ADVANCED_FACE('',(#8234,#8367),#7485,.F.);
#8234 = FACE_BOUND('',#8235,.F.);
#8235 = EDGE_LOOP('',(#8236,#8237,#8260,#8288,#8316,#8344,#8365,#8366));
#8236 = ORIENTED_EDGE('',*,*,#7469,.F.);
#8237 = ORIENTED_EDGE('',*,*,#8238,.F.);
#8238 = EDGE_CURVE('',#8239,#7444,#8241,.T.);
#8239 = VERTEX_POINT('',#8240);
#8240 = CARTESIAN_POINT('',(48.75,33.407554887767,-106.3591392602));
#8241 = SURFACE_CURVE('',#8242,(#8246,#8253),.PCURVE_S1.);
#8242 = LINE('',#8243,#8244);
#8243 = CARTESIAN_POINT('',(48.75,33.407554887767,-106.3591392602));
#8244 = VECTOR('',#8245,1.);
#8245 = DIRECTION('',(0.,0.786582164016,0.617485626758));
#8246 = PCURVE('',#7485,#8247);
#8247 = DEFINITIONAL_REPRESENTATION('',(#8248),#8252);
#8248 = LINE('',#8249,#8250);
#8249 = CARTESIAN_POINT('',(5.,2.));
#8250 = VECTOR('',#8251,1.);
#8251 = DIRECTION('',(0.,-1.));
#8252 = ( GEOMETRIC_REPRESENTATION_CONTEXT(2) 
PARAMETRIC_REPRESENTATION_CONTEXT() REPRESENTATION_CONTEXT('2D SPACE',''
  ) );
#8253 = PCURVE('',#7458,#8254);
#8254 = DEFINITIONAL_REPRESENTATION('',(#8255),#8259);
#8255 = LINE('',#8256,#8257);
#8256 = CARTESIAN_POINT('',(0.,-32.5));
#8257 = VECTOR('',#8258,1.);
#8258 = DIRECTION('',(1.,0.));
#8259 = ( GEOMETRIC_REPRESENTATION_CONTEXT(2) 
PARAMETRIC_REPRESENTATION_CONTEXT() REPRESENTATION_CONTEXT('2D SPACE',''
  ) );
#8260 = ORIENTED_EDGE('',*,*,#8261,.F.);
#8261 = EDGE_CURVE('',#8262,#8239,#8264,.T.);
#8262 = VERTEX_POINT('',#8263);
#8263 = CARTESIAN_POINT('',(48.75,26.387215933899,-105.5136565739));
#8264 = SURFACE_CURVE('',#8265,(#8269,#8276),.PCURVE_S1.);
#8265 = LINE('',#8266,#8267);
#8266 = CARTESIAN_POINT('',(48.75,26.387215933899,-105.5136565739));
#8267 = VECTOR('',#8268,1.);
#8268 = DIRECTION('',(0.,0.992825856102,-0.11956930817));
#8269 = PCURVE('',#7485,#8270);
#8270 = DEFINITIONAL_REPRESENTATION('',(#8271),#8275);
#8271 = LINE('',#8272,#8273);
#8272 = CARTESIAN_POINT('',(0.,7.));
#8273 = VECTOR('',#8274,1.);
#8274 = DIRECTION('',(0.707106781187,-0.707106781187));
#8275 = ( GEOMETRIC_REPRESENTATION_CONTEXT(2) 
PARAMETRIC_REPRESENTATION_CONTEXT() REPRESENTATION_CONTEXT('2D SPACE',''
  ) );
#8276 = PCURVE('',#8277,#8282);
#8277 = PLANE('',#8278);
#8278 = AXIS2_PLACEMENT_3D('',#8279,#8280,#8281);
#8279 = CARTESIAN_POINT('',(16.25,26.387215933899,-105.5136565739));
#8280 = DIRECTION('',(0.,0.11956930817,0.992825856102));
#8281 = DIRECTION('',(0.,0.992825856102,-0.11956930817));
#8282 = DEFINITIONAL_REPRESENTATION('',(#8283),#8287);
#8283 = LINE('',#8284,#8285);
#8284 = CARTESIAN_POINT('',(0.,-32.5));
#8285 = VECTOR('',#8286,1.);
#8286 = DIRECTION('',(1.,0.));
#8287 = ( GEOMETRIC_REPRESENTATION_CONTEXT(2) 
PARAMETRIC_REPRESENTATION_CONTEXT() REPRESENTATION_CONTEXT('2D SPACE',''
  ) );
#8288 = ORIENTED_EDGE('',*,*,#8289,.F.);
#8289 = EDGE_CURVE('',#8290,#8262,#8292,.T.);
#8290 = VERTEX_POINT('',#8291);
#8291 = CARTESIAN_POINT('',(48.75,27.232698620187,-98.49331762005));
#8292 = SURFACE_CURVE('',#8293,(#8297,#8304),.PCURVE_S1.);
#8293 = LINE('',#8294,#8295);
#8294 = CARTESIAN_POINT('',(48.75,27.232698620187,-98.49331762005));
#8295 = VECTOR('',#8296,1.);
#8296 = DIRECTION('',(0.,-0.11956930817,-0.992825856102));
#8297 = PCURVE('',#7485,#8298);
#8298 = DEFINITIONAL_REPRESENTATION('',(#8299),#8303);
#8299 = LINE('',#8300,#8301);
#8300 = CARTESIAN_POINT('',(-5.,2.));
#8301 = VECTOR('',#8302,1.);
#8302 = DIRECTION('',(0.707106781187,0.707106781187));
#8303 = ( GEOMETRIC_REPRESENTATION_CONTEXT(2) 
PARAMETRIC_REPRESENTATION_CONTEXT() REPRESENTATION_CONTEXT('2D SPACE',''
  ) );
#8304 = PCURVE('',#8305,#8310);
#8305 = PLANE('',#8306);
#8306 = AXIS2_PLACEMENT_3D('',#8307,#8308,#8309);
#8307 = CARTESIAN_POINT('',(16.25,27.232698620187,-98.49331762005));
#8308 = DIRECTION('',(0.,0.992825856102,-0.11956930817));
#8309 = DIRECTION('',(0.,-0.11956930817,-0.992825856102));
#8310 = DEFINITIONAL_REPRESENTATION('',(#8311),#8315);
#8311 = LINE('',#8312,#8313);
#8312 = CARTESIAN_POINT('',(0.,-32.5));
#8313 = VECTOR('',#8314,1.);
#8314 = DIRECTION('',(1.,0.));
#8315 = ( GEOMETRIC_REPRESENTATION_CONTEXT(2) 
PARAMETRIC_REPRESENTATION_CONTEXT() REPRESENTATION_CONTEXT('2D SPACE',''
  ) );
#8316 = ORIENTED_EDGE('',*,*,#8317,.F.);
#8317 = EDGE_CURVE('',#8318,#8290,#8320,.T.);
#8318 = VERTEX_POINT('',#8319);
#8319 = CARTESIAN_POINT('',(48.75,29.592445112233,-96.64086073978));
#8320 = SURFACE_CURVE('',#8321,(#8325,#8332),.PCURVE_S1.);
#8321 = LINE('',#8322,#8323);
#8322 = CARTESIAN_POINT('',(48.75,29.592445112233,-96.64086073978));
#8323 = VECTOR('',#8324,1.);
#8324 = DIRECTION('',(0.,-0.786582164016,-0.617485626758));
#8325 = PCURVE('',#7485,#8326);
#8326 = DEFINITIONAL_REPRESENTATION('',(#8327),#8331);
#8327 = LINE('',#8328,#8329);
#8328 = CARTESIAN_POINT('',(-5.,-1.));
#8329 = VECTOR('',#8330,1.);
#8330 = DIRECTION('',(0.,1.));
#8331 = ( GEOMETRIC_REPRESENTATION_CONTEXT(2) 
PARAMETRIC_REPRESENTATION_CONTEXT() REPRESENTATION_CONTEXT('2D SPACE',''
  ) );
#8332 = PCURVE('',#8333,#8338);
#8333 = PLANE('',#8334);
#8334 = AXIS2_PLACEMENT_3D('',#8335,#8336,#8337);
#8335 = CARTESIAN_POINT('',(16.25,29.592445112233,-96.64086073978));
#8336 = DIRECTION('',(0.,0.617485626758,-0.786582164016));
#8337 = DIRECTION('',(0.,-0.786582164016,-0.617485626758));
#8338 = DEFINITIONAL_REPRESENTATION('',(#8339),#8343);
#8339 = LINE('',#8340,#8341);
#8340 = CARTESIAN_POINT('',(0.,-32.5));
#8341 = VECTOR('',#8342,1.);
#8342 = DIRECTION('',(1.,0.));
#8343 = ( GEOMETRIC_REPRESENTATION_CONTEXT(2) 
PARAMETRIC_REPRESENTATION_CONTEXT() REPRESENTATION_CONTEXT('2D SPACE',''
  ) );
#8344 = ORIENTED_EDGE('',*,*,#8345,.F.);
#8345 = EDGE_CURVE('',#7748,#8318,#8346,.T.);
#8346 = SURFACE_CURVE('',#8347,(#8351,#8358),.PCURVE_S1.);
#8347 = LINE('',#8348,#8349);
#8348 = CARTESIAN_POINT('',(48.75,36.612784066101,-97.48634342607));
#8349 = VECTOR('',#8350,1.);
#8350 = DIRECTION('',(0.,-0.992825856102,0.11956930817));
#8351 = PCURVE('',#7485,#8352);
#8352 = DEFINITIONAL_REPRESENTATION('',(#8353),#8357);
#8353 = LINE('',#8354,#8355);
#8354 = CARTESIAN_POINT('',(0.,-6.));
#8355 = VECTOR('',#8356,1.);
#8356 = DIRECTION('',(-0.707106781187,0.707106781187));
#8357 = ( GEOMETRIC_REPRESENTATION_CONTEXT(2) 
PARAMETRIC_REPRESENTATION_CONTEXT() REPRESENTATION_CONTEXT('2D SPACE',''
  ) );
#8358 = PCURVE('',#7763,#8359);
#8359 = DEFINITIONAL_REPRESENTATION('',(#8360),#8364);
#8360 = LINE('',#8361,#8362);
#8361 = CARTESIAN_POINT('',(0.,-32.5));
#8362 = VECTOR('',#8363,1.);
#8363 = DIRECTION('',(1.,0.));
#8364 = ( GEOMETRIC_REPRESENTATION_CONTEXT(2) 
PARAMETRIC_REPRESENTATION_CONTEXT() REPRESENTATION_CONTEXT('2D SPACE',''
  ) );
#8365 = ORIENTED_EDGE('',*,*,#7775,.T.);
#8366 = ORIENTED_EDGE('',*,*,#7875,.F.);
#8367 = FACE_BOUND('',#8368,.F.);
#8368 = EDGE_LOOP('',(#8369));
#8369 = ORIENTED_EDGE('',*,*,#8370,.T.);
#8370 = EDGE_CURVE('',#8371,#8371,#8373,.T.);
#8371 = VERTEX_POINT('',#8372);
#8372 = CARTESIAN_POINT('',(48.75,34.253037574054,-99.33880030634));
#8373 = SURFACE_CURVE('',#8374,(#8379,#8390),.PCURVE_S1.);
#8374 = CIRCLE('',#8375,3.5);
#8375 = AXIS2_PLACEMENT_3D('',#8376,#8377,#8378);
#8376 = CARTESIAN_POINT('',(48.75,31.5,-101.5));
#8377 = DIRECTION('',(1.,0.,-0.));
#8378 = DIRECTION('',(0.,0.786582164016,0.617485626758));
#8379 = PCURVE('',#7485,#8380);
#8380 = DEFINITIONAL_REPRESENTATION('',(#8381),#8389);
#8381 = ( BOUNDED_CURVE() B_SPLINE_CURVE(2,(#8382,#8383,#8384,#8385,
#8386,#8387,#8388),.UNSPECIFIED.,.T.,.F.) B_SPLINE_CURVE_WITH_KNOTS((1,2
    ,2,2,2,1),(-2.094395102393,0.,2.094395102393,4.188790204786,
6.28318530718,8.377580409573),.UNSPECIFIED.) CURVE() 
GEOMETRIC_REPRESENTATION_ITEM() RATIONAL_B_SPLINE_CURVE((1.,0.5,1.,0.5,
1.,0.5,1.)) REPRESENTATION_ITEM('') );
#8382 = CARTESIAN_POINT('',(0.,-3.));
#8383 = CARTESIAN_POINT('',(-6.062177826491,-3.));
#8384 = CARTESIAN_POINT('',(-3.031088913246,2.25));
#8385 = CARTESIAN_POINT('',(-8.572527594031E-16,7.5));
#8386 = CARTESIAN_POINT('',(3.031088913246,2.25));
#8387 = CARTESIAN_POINT('',(6.062177826491,-3.));
#8388 = CARTESIAN_POINT('',(0.,-3.));
#8389 = ( GEOMETRIC_REPRESENTATION_CONTEXT(2) 
PARAMETRIC_REPRESENTATION_CONTEXT() REPRESENTATION_CONTEXT('2D SPACE',''
  ) );
#8390 = PCURVE('',#8391,#8396);
#8391 = CONICAL_SURFACE('',#8392,3.5,0.785398163397);
#8392 = AXIS2_PLACEMENT_3D('',#8393,#8394,#8395);
#8393 = CARTESIAN_POINT('',(48.75,31.5,-101.5));
#8394 = DIRECTION('',(-1.,-0.,0.));
#8395 = DIRECTION('',(0.,0.786582164016,0.617485626758));
#8396 = DEFINITIONAL_REPRESENTATION('',(#8397),#8401);
#8397 = LINE('',#8398,#8399);
#8398 = CARTESIAN_POINT('',(-0.,-0.));
#8399 = VECTOR('',#8400,1.);
#8400 = DIRECTION('',(-1.,-0.));
#8401 = ( GEOMETRIC_REPRESENTATION_CONTEXT(2) 
PARAMETRIC_REPRESENTATION_CONTEXT() REPRESENTATION_CONTEXT('2D SPACE',''
  ) );
#8402 = ADVANCED_FACE('',(#8403),#7458,.F.);
#8403 = FACE_BOUND('',#8404,.F.);
#8404 = EDGE_LOOP('',(#8405,#8428,#8449,#8450));
#8405 = ORIENTED_EDGE('',*,*,#8406,.F.);
#8406 = EDGE_CURVE('',#8407,#7416,#8409,.T.);
#8407 = VERTEX_POINT('',#8408);
#8408 = CARTESIAN_POINT('',(16.25,33.407554887767,-106.3591392602));
#8409 = SURFACE_CURVE('',#8410,(#8414,#8421),.PCURVE_S1.);
#8410 = LINE('',#8411,#8412);
#8411 = CARTESIAN_POINT('',(16.25,33.407554887767,-106.3591392602));
#8412 = VECTOR('',#8413,1.);
#8413 = DIRECTION('',(0.,0.786582164016,0.617485626758));
#8414 = PCURVE('',#7458,#8415);
#8415 = DEFINITIONAL_REPRESENTATION('',(#8416),#8420);
#8416 = LINE('',#8417,#8418);
#8417 = CARTESIAN_POINT('',(0.,0.));
#8418 = VECTOR('',#8419,1.);
#8419 = DIRECTION('',(1.,0.));
#8420 = ( GEOMETRIC_REPRESENTATION_CONTEXT(2) 
PARAMETRIC_REPRESENTATION_CONTEXT() REPRESENTATION_CONTEXT('2D SPACE',''
  ) );
#8421 = PCURVE('',#7431,#8422);
#8422 = DEFINITIONAL_REPRESENTATION('',(#8423),#8427);
#8423 = LINE('',#8424,#8425);
#8424 = CARTESIAN_POINT('',(2.5,2.));
#8425 = VECTOR('',#8426,1.);
#8426 = DIRECTION('',(0.,-1.));
#8427 = ( GEOMETRIC_REPRESENTATION_CONTEXT(2) 
PARAMETRIC_REPRESENTATION_CONTEXT() REPRESENTATION_CONTEXT('2D SPACE',''
  ) );
#8428 = ORIENTED_EDGE('',*,*,#8429,.T.);
#8429 = EDGE_CURVE('',#8407,#8239,#8430,.T.);
#8430 = SURFACE_CURVE('',#8431,(#8435,#8442),.PCURVE_S1.);
#8431 = LINE('',#8432,#8433);
#8432 = CARTESIAN_POINT('',(16.25,33.407554887767,-106.3591392602));
#8433 = VECTOR('',#8434,1.);
#8434 = DIRECTION('',(1.,0.,0.));
#8435 = PCURVE('',#7458,#8436);
#8436 = DEFINITIONAL_REPRESENTATION('',(#8437),#8441);
#8437 = LINE('',#8438,#8439);
#8438 = CARTESIAN_POINT('',(0.,0.));
#8439 = VECTOR('',#8440,1.);
#8440 = DIRECTION('',(0.,-1.));
#8441 = ( GEOMETRIC_REPRESENTATION_CONTEXT(2) 
PARAMETRIC_REPRESENTATION_CONTEXT() REPRESENTATION_CONTEXT('2D SPACE',''
  ) );
#8442 = PCURVE('',#8277,#8443);
#8443 = DEFINITIONAL_REPRESENTATION('',(#8444),#8448);
#8444 = LINE('',#8445,#8446);
#8445 = CARTESIAN_POINT('',(7.071067811865,0.));
#8446 = VECTOR('',#8447,1.);
#8447 = DIRECTION('',(0.,-1.));
#8448 = ( GEOMETRIC_REPRESENTATION_CONTEXT(2) 
PARAMETRIC_REPRESENTATION_CONTEXT() REPRESENTATION_CONTEXT('2D SPACE',''
  ) );
#8449 = ORIENTED_EDGE('',*,*,#8238,.T.);
#8450 = ORIENTED_EDGE('',*,*,#7443,.F.);
#8451 = ADVANCED_FACE('',(#8452,#8568),#7431,.F.);
#8452 = FACE_BOUND('',#8453,.F.);
#8453 = EDGE_LOOP('',(#8454,#8455,#8476,#8477,#8500,#8523,#8546,#8567));
#8454 = ORIENTED_EDGE('',*,*,#7415,.F.);
#8455 = ORIENTED_EDGE('',*,*,#8456,.T.);
#8456 = EDGE_CURVE('',#7388,#7702,#8457,.T.);
#8457 = SURFACE_CURVE('',#8458,(#8462,#8469),.PCURVE_S1.);
#8458 = LINE('',#8459,#8460);
#8459 = CARTESIAN_POINT('',(16.25,36.524433282693,-107.0906234167));
#8460 = VECTOR('',#8461,1.);
#8461 = DIRECTION('',(0.,0.786582164016,0.617485626758));
#8462 = PCURVE('',#7431,#8463);
#8463 = DEFINITIONAL_REPRESENTATION('',(#8464),#8468);
#8464 = LINE('',#8465,#8466);
#8465 = CARTESIAN_POINT('',(0.,0.));
#8466 = VECTOR('',#8467,1.);
#8467 = DIRECTION('',(0.,-1.));
#8468 = ( GEOMETRIC_REPRESENTATION_CONTEXT(2) 
PARAMETRIC_REPRESENTATION_CONTEXT() REPRESENTATION_CONTEXT('2D SPACE',''
  ) );
#8469 = PCURVE('',#7403,#8470);
#8470 = DEFINITIONAL_REPRESENTATION('',(#8471),#8475);
#8471 = LINE('',#8472,#8473);
#8472 = CARTESIAN_POINT('',(22.980970388563,0.));
#8473 = VECTOR('',#8474,1.);
#8474 = DIRECTION('',(0.,-1.));
#8475 = ( GEOMETRIC_REPRESENTATION_CONTEXT(2) 
PARAMETRIC_REPRESENTATION_CONTEXT() REPRESENTATION_CONTEXT('2D SPACE',''
  ) );
#8476 = ORIENTED_EDGE('',*,*,#7724,.T.);
#8477 = ORIENTED_EDGE('',*,*,#8478,.T.);
#8478 = EDGE_CURVE('',#7725,#8479,#8481,.T.);
#8479 = VERTEX_POINT('',#8480);
#8480 = CARTESIAN_POINT('',(16.25,29.592445112233,-96.64086073978));
#8481 = SURFACE_CURVE('',#8482,(#8486,#8493),.PCURVE_S1.);
#8482 = LINE('',#8483,#8484);
#8483 = CARTESIAN_POINT('',(16.25,36.612784066101,-97.48634342607));
#8484 = VECTOR('',#8485,1.);
#8485 = DIRECTION('',(0.,-0.992825856102,0.11956930817));
#8486 = PCURVE('',#7431,#8487);
#8487 = DEFINITIONAL_REPRESENTATION('',(#8488),#8492);
#8488 = LINE('',#8489,#8490);
#8489 = CARTESIAN_POINT('',(7.5,-6.));
#8490 = VECTOR('',#8491,1.);
#8491 = DIRECTION('',(0.707106781187,0.707106781187));
#8492 = ( GEOMETRIC_REPRESENTATION_CONTEXT(2) 
PARAMETRIC_REPRESENTATION_CONTEXT() REPRESENTATION_CONTEXT('2D SPACE',''
  ) );
#8493 = PCURVE('',#7763,#8494);
#8494 = DEFINITIONAL_REPRESENTATION('',(#8495),#8499);
#8495 = LINE('',#8496,#8497);
#8496 = CARTESIAN_POINT('',(0.,0.));
#8497 = VECTOR('',#8498,1.);
#8498 = DIRECTION('',(1.,0.));
#8499 = ( GEOMETRIC_REPRESENTATION_CONTEXT(2) 
PARAMETRIC_REPRESENTATION_CONTEXT() REPRESENTATION_CONTEXT('2D SPACE',''
  ) );
#8500 = ORIENTED_EDGE('',*,*,#8501,.T.);
#8501 = EDGE_CURVE('',#8479,#8502,#8504,.T.);
#8502 = VERTEX_POINT('',#8503);
#8503 = CARTESIAN_POINT('',(16.25,27.232698620187,-98.49331762005));
#8504 = SURFACE_CURVE('',#8505,(#8509,#8516),.PCURVE_S1.);
#8505 = LINE('',#8506,#8507);
#8506 = CARTESIAN_POINT('',(16.25,29.592445112233,-96.64086073978));
#8507 = VECTOR('',#8508,1.);
#8508 = DIRECTION('',(0.,-0.786582164016,-0.617485626758));
#8509 = PCURVE('',#7431,#8510);
#8510 = DEFINITIONAL_REPRESENTATION('',(#8511),#8515);
#8511 = LINE('',#8512,#8513);
#8512 = CARTESIAN_POINT('',(12.5,-1.));
#8513 = VECTOR('',#8514,1.);
#8514 = DIRECTION('',(0.,1.));
#8515 = ( GEOMETRIC_REPRESENTATION_CONTEXT(2) 
PARAMETRIC_REPRESENTATION_CONTEXT() REPRESENTATION_CONTEXT('2D SPACE',''
  ) );
#8516 = PCURVE('',#8333,#8517);
#8517 = DEFINITIONAL_REPRESENTATION('',(#8518),#8522);
#8518 = LINE('',#8519,#8520);
#8519 = CARTESIAN_POINT('',(0.,0.));
#8520 = VECTOR('',#8521,1.);
#8521 = DIRECTION('',(1.,0.));
#8522 = ( GEOMETRIC_REPRESENTATION_CONTEXT(2) 
PARAMETRIC_REPRESENTATION_CONTEXT() REPRESENTATION_CONTEXT('2D SPACE',''
  ) );
#8523 = ORIENTED_EDGE('',*,*,#8524,.T.);
#8524 = EDGE_CURVE('',#8502,#8525,#8527,.T.);
#8525 = VERTEX_POINT('',#8526);
#8526 = CARTESIAN_POINT('',(16.25,26.387215933899,-105.5136565739));
#8527 = SURFACE_CURVE('',#8528,(#8532,#8539),.PCURVE_S1.);
#8528 = LINE('',#8529,#8530);
#8529 = CARTESIAN_POINT('',(16.25,27.232698620187,-98.49331762005));
#8530 = VECTOR('',#8531,1.);
#8531 = DIRECTION('',(0.,-0.11956930817,-0.992825856102));
#8532 = PCURVE('',#7431,#8533);
#8533 = DEFINITIONAL_REPRESENTATION('',(#8534),#8538);
#8534 = LINE('',#8535,#8536);
#8535 = CARTESIAN_POINT('',(12.5,2.));
#8536 = VECTOR('',#8537,1.);
#8537 = DIRECTION('',(-0.707106781187,0.707106781187));
#8538 = ( GEOMETRIC_REPRESENTATION_CONTEXT(2) 
PARAMETRIC_REPRESENTATION_CONTEXT() REPRESENTATION_CONTEXT('2D SPACE',''
  ) );
#8539 = PCURVE('',#8305,#8540);
#8540 = DEFINITIONAL_REPRESENTATION('',(#8541),#8545);
#8541 = LINE('',#8542,#8543);
#8542 = CARTESIAN_POINT('',(0.,0.));
#8543 = VECTOR('',#8544,1.);
#8544 = DIRECTION('',(1.,0.));
#8545 = ( GEOMETRIC_REPRESENTATION_CONTEXT(2) 
PARAMETRIC_REPRESENTATION_CONTEXT() REPRESENTATION_CONTEXT('2D SPACE',''
  ) );
#8546 = ORIENTED_EDGE('',*,*,#8547,.T.);
#8547 = EDGE_CURVE('',#8525,#8407,#8548,.T.);
#8548 = SURFACE_CURVE('',#8549,(#8553,#8560),.PCURVE_S1.);
#8549 = LINE('',#8550,#8551);
#8550 = CARTESIAN_POINT('',(16.25,26.387215933899,-105.5136565739));
#8551 = VECTOR('',#8552,1.);
#8552 = DIRECTION('',(0.,0.992825856102,-0.11956930817));
#8553 = PCURVE('',#7431,#8554);
#8554 = DEFINITIONAL_REPRESENTATION('',(#8555),#8559);
#8555 = LINE('',#8556,#8557);
#8556 = CARTESIAN_POINT('',(7.5,7.));
#8557 = VECTOR('',#8558,1.);
#8558 = DIRECTION('',(-0.707106781187,-0.707106781187));
#8559 = ( GEOMETRIC_REPRESENTATION_CONTEXT(2) 
PARAMETRIC_REPRESENTATION_CONTEXT() REPRESENTATION_CONTEXT('2D SPACE',''
  ) );
#8560 = PCURVE('',#8277,#8561);
#8561 = DEFINITIONAL_REPRESENTATION('',(#8562),#8566);
#8562 = LINE('',#8563,#8564);
#8563 = CARTESIAN_POINT('',(0.,0.));
#8564 = VECTOR('',#8565,1.);
#8565 = DIRECTION('',(1.,0.));
#8566 = ( GEOMETRIC_REPRESENTATION_CONTEXT(2) 
PARAMETRIC_REPRESENTATION_CONTEXT() REPRESENTATION_CONTEXT('2D SPACE',''
  ) );
#8567 = ORIENTED_EDGE('',*,*,#8406,.T.);
#8568 = FACE_BOUND('',#8569,.F.);
#8569 = EDGE_LOOP('',(#8570));
#8570 = ORIENTED_EDGE('',*,*,#8571,.T.);
#8571 = EDGE_CURVE('',#8572,#8572,#8574,.T.);
#8572 = VERTEX_POINT('',#8573);
#8573 = CARTESIAN_POINT('',(16.25,28.746962425946,-103.6611996936));
#8574 = SURFACE_CURVE('',#8575,(#8580,#8591),.PCURVE_S1.);
#8575 = CIRCLE('',#8576,3.5);
#8576 = AXIS2_PLACEMENT_3D('',#8577,#8578,#8579);
#8577 = CARTESIAN_POINT('',(16.25,31.5,-101.5));
#8578 = DIRECTION('',(-1.,0.,-0.));
#8579 = DIRECTION('',(0.,-0.786582164016,-0.617485626758));
#8580 = PCURVE('',#7431,#8581);
#8581 = DEFINITIONAL_REPRESENTATION('',(#8582),#8590);
#8582 = ( BOUNDED_CURVE() B_SPLINE_CURVE(2,(#8583,#8584,#8585,#8586,
#8587,#8588,#8589),.UNSPECIFIED.,.T.,.F.) B_SPLINE_CURVE_WITH_KNOTS((1,2
    ,2,2,2,1),(-2.094395102393,0.,2.094395102393,4.188790204786,
6.28318530718,8.377580409573),.UNSPECIFIED.) CURVE() 
GEOMETRIC_REPRESENTATION_ITEM() RATIONAL_B_SPLINE_CURVE((1.,0.5,1.,0.5,
1.,0.5,1.)) REPRESENTATION_ITEM('') );
#8583 = CARTESIAN_POINT('',(7.5,4.));
#8584 = CARTESIAN_POINT('',(13.562177826491,4.));
#8585 = CARTESIAN_POINT('',(10.531088913246,-1.25));
#8586 = CARTESIAN_POINT('',(7.5,-6.5));
#8587 = CARTESIAN_POINT('',(4.468911086754,-1.25));
#8588 = CARTESIAN_POINT('',(1.437822173509,4.));
#8589 = CARTESIAN_POINT('',(7.5,4.));
#8590 = ( GEOMETRIC_REPRESENTATION_CONTEXT(2) 
PARAMETRIC_REPRESENTATION_CONTEXT() REPRESENTATION_CONTEXT('2D SPACE',''
  ) );
#8591 = PCURVE('',#8592,#8597);
#8592 = CONICAL_SURFACE('',#8593,3.5,0.785398163397);
#8593 = AXIS2_PLACEMENT_3D('',#8594,#8595,#8596);
#8594 = CARTESIAN_POINT('',(16.25,31.5,-101.5));
#8595 = DIRECTION('',(1.,0.,0.));
#8596 = DIRECTION('',(0.,-0.786582164016,-0.617485626758));
#8597 = DEFINITIONAL_REPRESENTATION('',(#8598),#8602);
#8598 = LINE('',#8599,#8600);
#8599 = CARTESIAN_POINT('',(-0.,-0.));
#8600 = VECTOR('',#8601,1.);
#8601 = DIRECTION('',(-1.,-0.));
#8602 = ( GEOMETRIC_REPRESENTATION_CONTEXT(2) 
PARAMETRIC_REPRESENTATION_CONTEXT() REPRESENTATION_CONTEXT('2D SPACE',''
  ) );
#8603 = ADVANCED_FACE('',(#8604),#7403,.F.);
#8604 = FACE_BOUND('',#8605,.F.);
#8605 = EDGE_LOOP('',(#8606,#8607,#8608,#8609));
#8606 = ORIENTED_EDGE('',*,*,#8010,.T.);
#8607 = ORIENTED_EDGE('',*,*,#7701,.T.);
#8608 = ORIENTED_EDGE('',*,*,#8456,.F.);
#8609 = ORIENTED_EDGE('',*,*,#7387,.F.);
#8610 = ADVANCED_FACE('',(#8611),#7667,.F.);
#8611 = FACE_BOUND('',#8612,.F.);
#8612 = EDGE_LOOP('',(#8613,#8614,#8635,#8636));
#8613 = ORIENTED_EDGE('',*,*,#7988,.F.);
#8614 = ORIENTED_EDGE('',*,*,#8615,.T.);
#8615 = EDGE_CURVE('',#7961,#8152,#8616,.T.);
#8616 = SURFACE_CURVE('',#8617,(#8621,#8628),.PCURVE_S1.);
#8617 = LINE('',#8618,#8619);
#8618 = CARTESIAN_POINT('',(0.,66.28154441162,-132.0408606352));
#8619 = VECTOR('',#8620,1.);
#8620 = DIRECTION('',(1.,0.,0.));
#8621 = PCURVE('',#7667,#8622);
#8622 = DEFINITIONAL_REPRESENTATION('',(#8623),#8627);
#8623 = LINE('',#8624,#8625);
#8624 = CARTESIAN_POINT('',(0.,0.));
#8625 = VECTOR('',#8626,1.);
#8626 = DIRECTION('',(0.,-1.));
#8627 = ( GEOMETRIC_REPRESENTATION_CONTEXT(2) 
PARAMETRIC_REPRESENTATION_CONTEXT() REPRESENTATION_CONTEXT('2D SPACE',''
  ) );
#8628 = PCURVE('',#7976,#8629);
#8629 = DEFINITIONAL_REPRESENTATION('',(#8630),#8634);
#8630 = LINE('',#8631,#8632);
#8631 = CARTESIAN_POINT('',(7.071067811865,0.));
#8632 = VECTOR('',#8633,1.);
#8633 = DIRECTION('',(0.,-1.));
#8634 = ( GEOMETRIC_REPRESENTATION_CONTEXT(2) 
PARAMETRIC_REPRESENTATION_CONTEXT() REPRESENTATION_CONTEXT('2D SPACE',''
  ) );
#8635 = ORIENTED_EDGE('',*,*,#8174,.T.);
#8636 = ORIENTED_EDGE('',*,*,#7650,.T.);
#8637 = ADVANCED_FACE('',(#8638),#7763,.F.);
#8638 = FACE_BOUND('',#8639,.F.);
#8639 = EDGE_LOOP('',(#8640,#8641,#8642,#8663));
#8640 = ORIENTED_EDGE('',*,*,#7747,.T.);
#8641 = ORIENTED_EDGE('',*,*,#8345,.T.);
#8642 = ORIENTED_EDGE('',*,*,#8643,.F.);
#8643 = EDGE_CURVE('',#8479,#8318,#8644,.T.);
#8644 = SURFACE_CURVE('',#8645,(#8649,#8656),.PCURVE_S1.);
#8645 = LINE('',#8646,#8647);
#8646 = CARTESIAN_POINT('',(16.25,29.592445112233,-96.64086073978));
#8647 = VECTOR('',#8648,1.);
#8648 = DIRECTION('',(1.,0.,0.));
#8649 = PCURVE('',#7763,#8650);
#8650 = DEFINITIONAL_REPRESENTATION('',(#8651),#8655);
#8651 = LINE('',#8652,#8653);
#8652 = CARTESIAN_POINT('',(7.071067811865,0.));
#8653 = VECTOR('',#8654,1.);
#8654 = DIRECTION('',(0.,-1.));
#8655 = ( GEOMETRIC_REPRESENTATION_CONTEXT(2) 
PARAMETRIC_REPRESENTATION_CONTEXT() REPRESENTATION_CONTEXT('2D SPACE',''
  ) );
#8656 = PCURVE('',#8333,#8657);
#8657 = DEFINITIONAL_REPRESENTATION('',(#8658),#8662);
#8658 = LINE('',#8659,#8660);
#8659 = CARTESIAN_POINT('',(0.,0.));
#8660 = VECTOR('',#8661,1.);
#8661 = DIRECTION('',(0.,-1.));
#8662 = ( GEOMETRIC_REPRESENTATION_CONTEXT(2) 
PARAMETRIC_REPRESENTATION_CONTEXT() REPRESENTATION_CONTEXT('2D SPACE',''
  ) );
#8663 = ORIENTED_EDGE('',*,*,#8478,.F.);
#8664 = ADVANCED_FACE('',(#8665),#7920,.F.);
#8665 = FACE_BOUND('',#8666,.F.);
#8666 = EDGE_LOOP('',(#8667,#8668,#8669,#8690));
#8667 = ORIENTED_EDGE('',*,*,#8080,.T.);
#8668 = ORIENTED_EDGE('',*,*,#8105,.T.);
#8669 = ORIENTED_EDGE('',*,*,#8670,.F.);
#8670 = EDGE_CURVE('',#7905,#8106,#8671,.T.);
#8671 = SURFACE_CURVE('',#8672,(#8676,#8683),.PCURVE_S1.);
#8672 = LINE('',#8673,#8674);
#8673 = CARTESIAN_POINT('',(0.,72.4564006792,-139.9066822754));
#8674 = VECTOR('',#8675,1.);
#8675 = DIRECTION('',(1.,0.,0.));
#8676 = PCURVE('',#7920,#8677);
#8677 = DEFINITIONAL_REPRESENTATION('',(#8678),#8682);
#8678 = LINE('',#8679,#8680);
#8679 = CARTESIAN_POINT('',(3.,0.));
#8680 = VECTOR('',#8681,1.);
#8681 = DIRECTION('',(0.,-1.));
#8682 = ( GEOMETRIC_REPRESENTATION_CONTEXT(2) 
PARAMETRIC_REPRESENTATION_CONTEXT() REPRESENTATION_CONTEXT('2D SPACE',''
  ) );
#8683 = PCURVE('',#7948,#8684);
#8684 = DEFINITIONAL_REPRESENTATION('',(#8685),#8689);
#8685 = LINE('',#8686,#8687);
#8686 = CARTESIAN_POINT('',(0.,0.));
#8687 = VECTOR('',#8688,1.);
#8688 = DIRECTION('',(0.,-1.));
#8689 = ( GEOMETRIC_REPRESENTATION_CONTEXT(2) 
PARAMETRIC_REPRESENTATION_CONTEXT() REPRESENTATION_CONTEXT('2D SPACE',''
  ) );
#8690 = ORIENTED_EDGE('',*,*,#7902,.F.);
#8691 = ADVANCED_FACE('',(#8692),#7948,.F.);
#8692 = FACE_BOUND('',#8693,.F.);
#8693 = EDGE_LOOP('',(#8694,#8695,#8696,#8717));
#8694 = ORIENTED_EDGE('',*,*,#8670,.T.);
#8695 = ORIENTED_EDGE('',*,*,#8128,.T.);
#8696 = ORIENTED_EDGE('',*,*,#8697,.F.);
#8697 = EDGE_CURVE('',#7933,#8129,#8698,.T.);
#8698 = SURFACE_CURVE('',#8699,(#8703,#8710),.PCURVE_S1.);
#8699 = LINE('',#8700,#8701);
#8700 = CARTESIAN_POINT('',(0.,73.301883365487,-132.8863433215));
#8701 = VECTOR('',#8702,1.);
#8702 = DIRECTION('',(1.,0.,0.));
#8703 = PCURVE('',#7948,#8704);
#8704 = DEFINITIONAL_REPRESENTATION('',(#8705),#8709);
#8705 = LINE('',#8706,#8707);
#8706 = CARTESIAN_POINT('',(7.071067811865,0.));
#8707 = VECTOR('',#8708,1.);
#8708 = DIRECTION('',(0.,-1.));
#8709 = ( GEOMETRIC_REPRESENTATION_CONTEXT(2) 
PARAMETRIC_REPRESENTATION_CONTEXT() REPRESENTATION_CONTEXT('2D SPACE',''
  ) );
#8710 = PCURVE('',#7976,#8711);
#8711 = DEFINITIONAL_REPRESENTATION('',(#8712),#8716);
#8712 = LINE('',#8713,#8714);
#8713 = CARTESIAN_POINT('',(0.,0.));
#8714 = VECTOR('',#8715,1.);
#8715 = DIRECTION('',(0.,-1.));
#8716 = ( GEOMETRIC_REPRESENTATION_CONTEXT(2) 
PARAMETRIC_REPRESENTATION_CONTEXT() REPRESENTATION_CONTEXT('2D SPACE',''
  ) );
#8717 = ORIENTED_EDGE('',*,*,#7932,.F.);
#8718 = ADVANCED_FACE('',(#8719),#7976,.F.);
#8719 = FACE_BOUND('',#8720,.F.);
#8720 = EDGE_LOOP('',(#8721,#8722,#8723,#8724));
#8721 = ORIENTED_EDGE('',*,*,#8697,.T.);
#8722 = ORIENTED_EDGE('',*,*,#8151,.T.);
#8723 = ORIENTED_EDGE('',*,*,#8615,.F.);
#8724 = ORIENTED_EDGE('',*,*,#7960,.F.);
#8725 = ADVANCED_FACE('',(#8726),#8222,.F.);
#8726 = FACE_BOUND('',#8727,.F.);
#8727 = EDGE_LOOP('',(#8728,#8751,#8752));
#8728 = ORIENTED_EDGE('',*,*,#8729,.T.);
#8729 = EDGE_CURVE('',#8202,#8730,#8732,.T.);
#8730 = VERTEX_POINT('',#8731);
#8731 = CARTESIAN_POINT('',(12.184314575051,68.189099299386,
    -136.8999998954));
#8732 = SEAM_CURVE('',#8733,(#8737,#8744),.PCURVE_S1.);
#8733 = LINE('',#8734,#8735);
#8734 = CARTESIAN_POINT('',(16.25,64.991103659624,-139.4105022083));
#8735 = VECTOR('',#8736,1.);
#8736 = DIRECTION('',(-0.707106781187,0.556197582136,0.436628273966));
#8737 = PCURVE('',#8222,#8738);
#8738 = DEFINITIONAL_REPRESENTATION('',(#8739),#8743);
#8739 = LINE('',#8740,#8741);
#8740 = CARTESIAN_POINT('',(-6.28318530718,0.));
#8741 = VECTOR('',#8742,1.);
#8742 = DIRECTION('',(-0.,-1.));
#8743 = ( GEOMETRIC_REPRESENTATION_CONTEXT(2) 
PARAMETRIC_REPRESENTATION_CONTEXT() REPRESENTATION_CONTEXT('2D SPACE',''
  ) );
#8744 = PCURVE('',#8222,#8745);
#8745 = DEFINITIONAL_REPRESENTATION('',(#8746),#8750);
#8746 = LINE('',#8747,#8748);
#8747 = CARTESIAN_POINT('',(0.,-0.));
#8748 = VECTOR('',#8749,1.);
#8749 = DIRECTION('',(-0.,-1.));
#8750 = ( GEOMETRIC_REPRESENTATION_CONTEXT(2) 
PARAMETRIC_REPRESENTATION_CONTEXT() REPRESENTATION_CONTEXT('2D SPACE',''
  ) );
#8751 = ORIENTED_EDGE('',*,*,#8729,.F.);
#8752 = ORIENTED_EDGE('',*,*,#8201,.T.);
#8753 = ADVANCED_FACE('',(#8754),#8277,.F.);
#8754 = FACE_BOUND('',#8755,.F.);
#8755 = EDGE_LOOP('',(#8756,#8777,#8778,#8779));
#8756 = ORIENTED_EDGE('',*,*,#8757,.T.);
#8757 = EDGE_CURVE('',#8525,#8262,#8758,.T.);
#8758 = SURFACE_CURVE('',#8759,(#8763,#8770),.PCURVE_S1.);
#8759 = LINE('',#8760,#8761);
#8760 = CARTESIAN_POINT('',(16.25,26.387215933899,-105.5136565739));
#8761 = VECTOR('',#8762,1.);
#8762 = DIRECTION('',(1.,0.,0.));
#8763 = PCURVE('',#8277,#8764);
#8764 = DEFINITIONAL_REPRESENTATION('',(#8765),#8769);
#8765 = LINE('',#8766,#8767);
#8766 = CARTESIAN_POINT('',(0.,0.));
#8767 = VECTOR('',#8768,1.);
#8768 = DIRECTION('',(0.,-1.));
#8769 = ( GEOMETRIC_REPRESENTATION_CONTEXT(2) 
PARAMETRIC_REPRESENTATION_CONTEXT() REPRESENTATION_CONTEXT('2D SPACE',''
  ) );
#8770 = PCURVE('',#8305,#8771);
#8771 = DEFINITIONAL_REPRESENTATION('',(#8772),#8776);
#8772 = LINE('',#8773,#8774);
#8773 = CARTESIAN_POINT('',(7.071067811865,0.));
#8774 = VECTOR('',#8775,1.);
#8775 = DIRECTION('',(0.,-1.));
#8776 = ( GEOMETRIC_REPRESENTATION_CONTEXT(2) 
PARAMETRIC_REPRESENTATION_CONTEXT() REPRESENTATION_CONTEXT('2D SPACE',''
  ) );
#8777 = ORIENTED_EDGE('',*,*,#8261,.T.);
#8778 = ORIENTED_EDGE('',*,*,#8429,.F.);
#8779 = ORIENTED_EDGE('',*,*,#8547,.F.);
#8780 = ADVANCED_FACE('',(#8781),#8305,.F.);
#8781 = FACE_BOUND('',#8782,.F.);
#8782 = EDGE_LOOP('',(#8783,#8804,#8805,#8806));
#8783 = ORIENTED_EDGE('',*,*,#8784,.T.);
#8784 = EDGE_CURVE('',#8502,#8290,#8785,.T.);
#8785 = SURFACE_CURVE('',#8786,(#8790,#8797),.PCURVE_S1.);
#8786 = LINE('',#8787,#8788);
#8787 = CARTESIAN_POINT('',(16.25,27.232698620187,-98.49331762005));
#8788 = VECTOR('',#8789,1.);
#8789 = DIRECTION('',(1.,0.,0.));
#8790 = PCURVE('',#8305,#8791);
#8791 = DEFINITIONAL_REPRESENTATION('',(#8792),#8796);
#8792 = LINE('',#8793,#8794);
#8793 = CARTESIAN_POINT('',(0.,0.));
#8794 = VECTOR('',#8795,1.);
#8795 = DIRECTION('',(0.,-1.));
#8796 = ( GEOMETRIC_REPRESENTATION_CONTEXT(2) 
PARAMETRIC_REPRESENTATION_CONTEXT() REPRESENTATION_CONTEXT('2D SPACE',''
  ) );
#8797 = PCURVE('',#8333,#8798);
#8798 = DEFINITIONAL_REPRESENTATION('',(#8799),#8803);
#8799 = LINE('',#8800,#8801);
#8800 = CARTESIAN_POINT('',(3.,0.));
#8801 = VECTOR('',#8802,1.);
#8802 = DIRECTION('',(0.,-1.));
#8803 = ( GEOMETRIC_REPRESENTATION_CONTEXT(2) 
PARAMETRIC_REPRESENTATION_CONTEXT() REPRESENTATION_CONTEXT('2D SPACE',''
  ) );
#8804 = ORIENTED_EDGE('',*,*,#8289,.T.);
#8805 = ORIENTED_EDGE('',*,*,#8757,.F.);
#8806 = ORIENTED_EDGE('',*,*,#8524,.F.);
#8807 = ADVANCED_FACE('',(#8808),#8333,.F.);
#8808 = FACE_BOUND('',#8809,.F.);
#8809 = EDGE_LOOP('',(#8810,#8811,#8812,#8813));
#8810 = ORIENTED_EDGE('',*,*,#8643,.T.);
#8811 = ORIENTED_EDGE('',*,*,#8317,.T.);
#8812 = ORIENTED_EDGE('',*,*,#8784,.F.);
#8813 = ORIENTED_EDGE('',*,*,#8501,.F.);
#8814 = ADVANCED_FACE('',(#8815),#8391,.T.);
#8815 = FACE_BOUND('',#8816,.T.);
#8816 = EDGE_LOOP('',(#8817,#8840,#8841));
#8817 = ORIENTED_EDGE('',*,*,#8818,.F.);
#8818 = EDGE_CURVE('',#8371,#8819,#8821,.T.);
#8819 = VERTEX_POINT('',#8820);
#8820 = CARTESIAN_POINT('',(52.25,31.5,-101.5));
#8821 = SEAM_CURVE('',#8822,(#8826,#8833),.PCURVE_S1.);
#8822 = LINE('',#8823,#8824);
#8823 = CARTESIAN_POINT('',(48.75,34.253037574054,-99.33880030634));
#8824 = VECTOR('',#8825,1.);
#8825 = DIRECTION('',(0.707106781187,-0.556197582136,-0.436628273966));
#8826 = PCURVE('',#8391,#8827);
#8827 = DEFINITIONAL_REPRESENTATION('',(#8828),#8832);
#8828 = LINE('',#8829,#8830);
#8829 = CARTESIAN_POINT('',(-6.28318530718,0.));
#8830 = VECTOR('',#8831,1.);
#8831 = DIRECTION('',(-0.,-1.));
#8832 = ( GEOMETRIC_REPRESENTATION_CONTEXT(2) 
PARAMETRIC_REPRESENTATION_CONTEXT() REPRESENTATION_CONTEXT('2D SPACE',''
  ) );
#8833 = PCURVE('',#8391,#8834);
#8834 = DEFINITIONAL_REPRESENTATION('',(#8835),#8839);
#8835 = LINE('',#8836,#8837);
#8836 = CARTESIAN_POINT('',(0.,-0.));
#8837 = VECTOR('',#8838,1.);
#8838 = DIRECTION('',(-0.,-1.));
#8839 = ( GEOMETRIC_REPRESENTATION_CONTEXT(2) 
PARAMETRIC_REPRESENTATION_CONTEXT() REPRESENTATION_CONTEXT('2D SPACE',''
  ) );
#8840 = ORIENTED_EDGE('',*,*,#8370,.T.);
#8841 = ORIENTED_EDGE('',*,*,#8818,.T.);
#8842 = ADVANCED_FACE('',(#8843),#8592,.T.);
#8843 = FACE_BOUND('',#8844,.T.);
#8844 = EDGE_LOOP('',(#8845,#8868,#8869));
#8845 = ORIENTED_EDGE('',*,*,#8846,.F.);
#8846 = EDGE_CURVE('',#8572,#8847,#8849,.T.);
#8847 = VERTEX_POINT('',#8848);
#8848 = CARTESIAN_POINT('',(12.75,31.5,-101.5));
#8849 = SEAM_CURVE('',#8850,(#8854,#8861),.PCURVE_S1.);
#8850 = LINE('',#8851,#8852);
#8851 = CARTESIAN_POINT('',(16.25,28.746962425946,-103.6611996936));
#8852 = VECTOR('',#8853,1.);
#8853 = DIRECTION('',(-0.707106781187,0.556197582136,0.436628273966));
#8854 = PCURVE('',#8592,#8855);
#8855 = DEFINITIONAL_REPRESENTATION('',(#8856),#8860);
#8856 = LINE('',#8857,#8858);
#8857 = CARTESIAN_POINT('',(-6.28318530718,0.));
#8858 = VECTOR('',#8859,1.);
#8859 = DIRECTION('',(-0.,-1.));
#8860 = ( GEOMETRIC_REPRESENTATION_CONTEXT(2) 
PARAMETRIC_REPRESENTATION_CONTEXT() REPRESENTATION_CONTEXT('2D SPACE',''
  ) );
#8861 = PCURVE('',#8592,#8862);
#8862 = DEFINITIONAL_REPRESENTATION('',(#8863),#8867);
#8863 = LINE('',#8864,#8865);
#8864 = CARTESIAN_POINT('',(0.,-0.));
#8865 = VECTOR('',#8866,1.);
#8866 = DIRECTION('',(-0.,-1.));
#8867 = ( GEOMETRIC_REPRESENTATION_CONTEXT(2) 
PARAMETRIC_REPRESENTATION_CONTEXT() REPRESENTATION_CONTEXT('2D SPACE',''
  ) );
#8868 = ORIENTED_EDGE('',*,*,#8571,.T.);
#8869 = ORIENTED_EDGE('',*,*,#8846,.T.);
#8870 = ( GEOMETRIC_REPRESENTATION_CONTEXT(3) 
GLOBAL_UNCERTAINTY_ASSIGNED_CONTEXT((#8874)) 
GLOBAL_UNIT_ASSIGNED_CONTEXT((#8871,#8872,#8873)) REPRESENTATION_CONTEXT
('Context #1','3D Context with UNIT and UNCERTAINTY') );
#8871 = ( LENGTH_UNIT() NAMED_UNIT(*) SI_UNIT(.MILLI.,.METRE.) );
#8872 = ( NAMED_UNIT(*) PLANE_ANGLE_UNIT() SI_UNIT($,.RADIAN.) );
#8873 = ( NAMED_UNIT(*) SI_UNIT($,.STERADIAN.) SOLID_ANGLE_UNIT() );
#8874 = UNCERTAINTY_MEASURE_WITH_UNIT(LENGTH_MEASURE(1.E-07),#8871,
  'distance_accuracy_value','confusion accuracy');
#8875 = CONTEXT_DEPENDENT_SHAPE_REPRESENTATION(#8876,#8878);
#8876 = ( REPRESENTATION_RELATIONSHIP('','',#6737,#6714) 
REPRESENTATION_RELATIONSHIP_WITH_TRANSFORMATION(#8877) 
SHAPE_REPRESENTATION_RELATIONSHIP() );
#8877 = ITEM_DEFINED_TRANSFORMATION('','',#11,#6715);
#8878 = PRODUCT_DEFINITION_SHAPE('Placement','Placement of an item',
  #8879);
#8879 = NEXT_ASSEMBLY_USAGE_OCCURRENCE('14','','',#6709,#6732,$);
#8880 = PRODUCT_RELATED_PRODUCT_CATEGORY('part',$,(#6734));
#8881 = SHAPE_DEFINITION_REPRESENTATION(#8882,#8888);
#8882 = PRODUCT_DEFINITION_SHAPE('','',#8883);
#8883 = PRODUCT_DEFINITION('design','',#8884,#8887);
#8884 = PRODUCT_DEFINITION_FORMATION('','',#8885);
#8885 = PRODUCT('link4','link4','',(#8886));
#8886 = PRODUCT_CONTEXT('',#2,'mechanical');
#8887 = PRODUCT_DEFINITION_CONTEXT('part definition',#2,'design');
#8888 = SHAPE_REPRESENTATION('',(#11,#8889),#8893);
#8889 = AXIS2_PLACEMENT_3D('',#8890,#8891,#8892);
#8890 = CARTESIAN_POINT('',(0.,0.,0.));
#8891 = DIRECTION('',(0.,0.,1.));
#8892 = DIRECTION('',(1.,0.,-0.));
#8893 = ( GEOMETRIC_REPRESENTATION_CONTEXT(3) 
GLOBAL_UNCERTAINTY_ASSIGNED_CONTEXT((#8897)) 
GLOBAL_UNIT_ASSIGNED_CONTEXT((#8894,#8895,#8896)) REPRESENTATION_CONTEXT
('Context #1','3D Context with UNIT and UNCERTAINTY') );
#8894 = ( LENGTH_UNIT() NAMED_UNIT(*) SI_UNIT(.MILLI.,.METRE.) );
#8895 = ( NAMED_UNIT(*) PLANE_ANGLE_UNIT() SI_UNIT($,.RADIAN.) );
#8896 = ( NAMED_UNIT(*) SI_UNIT($,.STERADIAN.) SOLID_ANGLE_UNIT() );
#8897 = UNCERTAINTY_MEASURE_WITH_UNIT(LENGTH_MEASURE(1.E-07),#8894,
  'distance_accuracy_value','confusion accuracy');
#8898 = CONTEXT_DEPENDENT_SHAPE_REPRESENTATION(#8899,#8901);
#8899 = ( REPRESENTATION_RELATIONSHIP('','',#8888,#10) 
REPRESENTATION_RELATIONSHIP_WITH_TRANSFORMATION(#8900) 
SHAPE_REPRESENTATION_RELATIONSHIP() );
#8900 = ITEM_DEFINED_TRANSFORMATION('','',#11,#31);
#8901 = PRODUCT_DEFINITION_SHAPE('Placement','Placement of an item',
  #8902);
#8902 = NEXT_ASSEMBLY_USAGE_OCCURRENCE('17','','',#5,#8883,$);
#8903 = PRODUCT_RELATED_PRODUCT_CATEGORY('part',$,(#8885));
#8904 = SHAPE_DEFINITION_REPRESENTATION(#8905,#8911);
#8905 = PRODUCT_DEFINITION_SHAPE('','',#8906);
#8906 = PRODUCT_DEFINITION('design','',#8907,#8910);
#8907 = PRODUCT_DEFINITION_FORMATION('','',#8908);
#8908 = PRODUCT('link4_part','link4_part','',(#8909));
#8909 = PRODUCT_CONTEXT('',#2,'mechanical');
#8910 = PRODUCT_DEFINITION_CONTEXT('part definition',#2,'design');
#8911 = ADVANCED_BREP_SHAPE_REPRESENTATION('',(#11,#8912),#11044);
#8912 = MANIFOLD_SOLID_BREP('',#8913);
#8913 = CLOSED_SHELL('',(#8914,#9034,#9110,#9186,#9351,#9475,#9502,#9527
    ,#9771,#9820,#10017,#10045,#10072,#10226,#10275,#10407,#10576,#10625
    ,#10777,#10784,#10811,#10838,#10865,#10892,#10899,#10927,#10954,
    #10981,#10988,#11016));
#8914 = ADVANCED_FACE('',(#8915),#8929,.F.);
#8915 = FACE_BOUND('',#8916,.F.);
#8916 = EDGE_LOOP('',(#8917,#8952,#8980,#9008));
#8917 = ORIENTED_EDGE('',*,*,#8918,.T.);
#8918 = EDGE_CURVE('',#8919,#8921,#8923,.T.);
#8919 = VERTEX_POINT('',#8920);
#8920 = CARTESIAN_POINT('',(15.75,123.6890993056,-145.3999998548));
#8921 = VERTEX_POINT('',#8922);
#8922 = CARTESIAN_POINT('',(1.42108547152E-14,123.6890993056,
    -145.3999998548));
#8923 = SURFACE_CURVE('',#8924,(#8928,#8940),.PCURVE_S1.);
#8924 = LINE('',#8925,#8926);
#8925 = CARTESIAN_POINT('',(15.75,123.6890993056,-145.3999998548));
#8926 = VECTOR('',#8927,1.);
#8927 = DIRECTION('',(-1.,0.,0.));
#8928 = PCURVE('',#8929,#8934);
#8929 = PLANE('',#8930);
#8930 = AXIS2_PLACEMENT_3D('',#8931,#8932,#8933);
#8931 = CARTESIAN_POINT('',(15.75,123.6890993056,-145.3999998548));
#8932 = DIRECTION('',(-0.,-0.707106781704,0.707106780669));
#8933 = DIRECTION('',(0.,-0.707106780669,-0.707106781704));
#8934 = DEFINITIONAL_REPRESENTATION('',(#8935),#8939);
#8935 = LINE('',#8936,#8937);
#8936 = CARTESIAN_POINT('',(0.,0.));
#8937 = VECTOR('',#8938,1.);
#8938 = DIRECTION('',(0.,-1.));
#8939 = ( GEOMETRIC_REPRESENTATION_CONTEXT(2) 
PARAMETRIC_REPRESENTATION_CONTEXT() REPRESENTATION_CONTEXT('2D SPACE',''
  ) );
#8940 = PCURVE('',#8941,#8946);
#8941 = PLANE('',#8942);
#8942 = AXIS2_PLACEMENT_3D('',#8943,#8944,#8945);
#8943 = CARTESIAN_POINT('',(15.75,123.6890993034,-142.3999998548));
#8944 = DIRECTION('',(0.,-1.,-7.314590599883E-10));
#8945 = DIRECTION('',(0.,7.314590599883E-10,-1.));
#8946 = DEFINITIONAL_REPRESENTATION('',(#8947),#8951);
#8947 = LINE('',#8948,#8949);
#8948 = CARTESIAN_POINT('',(3.,0.));
#8949 = VECTOR('',#8950,1.);
#8950 = DIRECTION('',(0.,-1.));
#8951 = ( GEOMETRIC_REPRESENTATION_CONTEXT(2) 
PARAMETRIC_REPRESENTATION_CONTEXT() REPRESENTATION_CONTEXT('2D SPACE',''
  ) );
#8952 = ORIENTED_EDGE('',*,*,#8953,.T.);
#8953 = EDGE_CURVE('',#8921,#8954,#8956,.T.);
#8954 = VERTEX_POINT('',#8955);
#8955 = CARTESIAN_POINT('',(1.42108547152E-14,118.68909930926,
    -150.3999998585));
#8956 = SURFACE_CURVE('',#8957,(#8961,#8968),.PCURVE_S1.);
#8957 = LINE('',#8958,#8959);
#8958 = CARTESIAN_POINT('',(1.42108547152E-14,123.6890993056,
    -145.3999998548));
#8959 = VECTOR('',#8960,1.);
#8960 = DIRECTION('',(0.,-0.707106780669,-0.707106781704));
#8961 = PCURVE('',#8929,#8962);
#8962 = DEFINITIONAL_REPRESENTATION('',(#8963),#8967);
#8963 = LINE('',#8964,#8965);
#8964 = CARTESIAN_POINT('',(0.,-15.75));
#8965 = VECTOR('',#8966,1.);
#8966 = DIRECTION('',(1.,0.));
#8967 = ( GEOMETRIC_REPRESENTATION_CONTEXT(2) 
PARAMETRIC_REPRESENTATION_CONTEXT() REPRESENTATION_CONTEXT('2D SPACE',''
  ) );
#8968 = PCURVE('',#8969,#8974);
#8969 = PLANE('',#8970);
#8970 = AXIS2_PLACEMENT_3D('',#8971,#8972,#8973);
#8971 = CARTESIAN_POINT('',(1.42108547152E-14,118.6890993045,
    -143.8999998585));
#8972 = DIRECTION('',(-1.,0.,0.));
#8973 = DIRECTION('',(0.,7.314590599883E-10,-1.));
#8974 = DEFINITIONAL_REPRESENTATION('',(#8975),#8979);
#8975 = LINE('',#8976,#8977);
#8976 = CARTESIAN_POINT('',(1.5,-5.));
#8977 = VECTOR('',#8978,1.);
#8978 = DIRECTION('',(0.707106781187,0.707106781187));
#8979 = ( GEOMETRIC_REPRESENTATION_CONTEXT(2) 
PARAMETRIC_REPRESENTATION_CONTEXT() REPRESENTATION_CONTEXT('2D SPACE',''
  ) );
#8980 = ORIENTED_EDGE('',*,*,#8981,.F.);
#8981 = EDGE_CURVE('',#8982,#8954,#8984,.T.);
#8982 = VERTEX_POINT('',#8983);
#8983 = CARTESIAN_POINT('',(15.75,118.68909930926,-150.3999998585));
#8984 = SURFACE_CURVE('',#8985,(#8989,#8996),.PCURVE_S1.);
#8985 = LINE('',#8986,#8987);
#8986 = CARTESIAN_POINT('',(15.75,118.68909930926,-150.3999998585));
#8987 = VECTOR('',#8988,1.);
#8988 = DIRECTION('',(-1.,0.,0.));
#8989 = PCURVE('',#8929,#8990);
#8990 = DEFINITIONAL_REPRESENTATION('',(#8991),#8995);
#8991 = LINE('',#8992,#8993);
#8992 = CARTESIAN_POINT('',(7.071067811865,0.));
#8993 = VECTOR('',#8994,1.);
#8994 = DIRECTION('',(0.,-1.));
#8995 = ( GEOMETRIC_REPRESENTATION_CONTEXT(2) 
PARAMETRIC_REPRESENTATION_CONTEXT() REPRESENTATION_CONTEXT('2D SPACE',''
  ) );
#8996 = PCURVE('',#8997,#9002);
#8997 = PLANE('',#8998);
#8998 = AXIS2_PLACEMENT_3D('',#8999,#9000,#9001);
#8999 = CARTESIAN_POINT('',(15.75,118.68909930926,-150.3999998585));
#9000 = DIRECTION('',(0.,0.707106780669,0.707106781704));
#9001 = DIRECTION('',(-0.,-0.707106781704,0.707106780669));
#9002 = DEFINITIONAL_REPRESENTATION('',(#9003),#9007);
#9003 = LINE('',#9004,#9005);
#9004 = CARTESIAN_POINT('',(0.,0.));
#9005 = VECTOR('',#9006,1.);
#9006 = DIRECTION('',(0.,-1.));
#9007 = ( GEOMETRIC_REPRESENTATION_CONTEXT(2) 
PARAMETRIC_REPRESENTATION_CONTEXT() REPRESENTATION_CONTEXT('2D SPACE',''
  ) );
#9008 = ORIENTED_EDGE('',*,*,#9009,.F.);
#9009 = EDGE_CURVE('',#8919,#8982,#9010,.T.);
#9010 = SURFACE_CURVE('',#9011,(#9015,#9022),.PCURVE_S1.);
#9011 = LINE('',#9012,#9013);
#9012 = CARTESIAN_POINT('',(15.75,123.6890993056,-145.3999998548));
#9013 = VECTOR('',#9014,1.);
#9014 = DIRECTION('',(0.,-0.707106780669,-0.707106781704));
#9015 = PCURVE('',#8929,#9016);
#9016 = DEFINITIONAL_REPRESENTATION('',(#9017),#9021);
#9017 = LINE('',#9018,#9019);
#9018 = CARTESIAN_POINT('',(0.,0.));
#9019 = VECTOR('',#9020,1.);
#9020 = DIRECTION('',(1.,0.));
#9021 = ( GEOMETRIC_REPRESENTATION_CONTEXT(2) 
PARAMETRIC_REPRESENTATION_CONTEXT() REPRESENTATION_CONTEXT('2D SPACE',''
  ) );
#9022 = PCURVE('',#9023,#9028);
#9023 = PLANE('',#9024);
#9024 = AXIS2_PLACEMENT_3D('',#9025,#9026,#9027);
#9025 = CARTESIAN_POINT('',(15.75,118.6890993045,-143.8999998585));
#9026 = DIRECTION('',(-1.,0.,0.));
#9027 = DIRECTION('',(0.,7.314590599883E-10,-1.));
#9028 = DEFINITIONAL_REPRESENTATION('',(#9029),#9033);
#9029 = LINE('',#9030,#9031);
#9030 = CARTESIAN_POINT('',(1.5,-5.));
#9031 = VECTOR('',#9032,1.);
#9032 = DIRECTION('',(0.707106781187,0.707106781187));
#9033 = ( GEOMETRIC_REPRESENTATION_CONTEXT(2) 
PARAMETRIC_REPRESENTATION_CONTEXT() REPRESENTATION_CONTEXT('2D SPACE',''
  ) );
#9034 = ADVANCED_FACE('',(#9035),#8941,.F.);
#9035 = FACE_BOUND('',#9036,.F.);
#9036 = EDGE_LOOP('',(#9037,#9067,#9088,#9089));
#9037 = ORIENTED_EDGE('',*,*,#9038,.T.);
#9038 = EDGE_CURVE('',#9039,#9041,#9043,.T.);
#9039 = VERTEX_POINT('',#9040);
#9040 = CARTESIAN_POINT('',(15.75,123.6890993034,-142.3999998548));
#9041 = VERTEX_POINT('',#9042);
#9042 = CARTESIAN_POINT('',(1.42108547152E-14,123.6890993034,
    -142.3999998548));
#9043 = SURFACE_CURVE('',#9044,(#9048,#9055),.PCURVE_S1.);
#9044 = LINE('',#9045,#9046);
#9045 = CARTESIAN_POINT('',(15.75,123.6890993034,-142.3999998548));
#9046 = VECTOR('',#9047,1.);
#9047 = DIRECTION('',(-1.,0.,0.));
#9048 = PCURVE('',#8941,#9049);
#9049 = DEFINITIONAL_REPRESENTATION('',(#9050),#9054);
#9050 = LINE('',#9051,#9052);
#9051 = CARTESIAN_POINT('',(0.,0.));
#9052 = VECTOR('',#9053,1.);
#9053 = DIRECTION('',(0.,-1.));
#9054 = ( GEOMETRIC_REPRESENTATION_CONTEXT(2) 
PARAMETRIC_REPRESENTATION_CONTEXT() REPRESENTATION_CONTEXT('2D SPACE',''
  ) );
#9055 = PCURVE('',#9056,#9061);
#9056 = PLANE('',#9057);
#9057 = AXIS2_PLACEMENT_3D('',#9058,#9059,#9060);
#9058 = CARTESIAN_POINT('',(15.75,118.68909929975,-137.3999998585));
#9059 = DIRECTION('',(0.,-0.707106780669,-0.707106781704));
#9060 = DIRECTION('',(0.,0.707106781704,-0.707106780669));
#9061 = DEFINITIONAL_REPRESENTATION('',(#9062),#9066);
#9062 = LINE('',#9063,#9064);
#9063 = CARTESIAN_POINT('',(7.071067811865,0.));
#9064 = VECTOR('',#9065,1.);
#9065 = DIRECTION('',(0.,-1.));
#9066 = ( GEOMETRIC_REPRESENTATION_CONTEXT(2) 
PARAMETRIC_REPRESENTATION_CONTEXT() REPRESENTATION_CONTEXT('2D SPACE',''
  ) );
#9067 = ORIENTED_EDGE('',*,*,#9068,.T.);
#9068 = EDGE_CURVE('',#9041,#8921,#9069,.T.);
#9069 = SURFACE_CURVE('',#9070,(#9074,#9081),.PCURVE_S1.);
#9070 = LINE('',#9071,#9072);
#9071 = CARTESIAN_POINT('',(1.42108547152E-14,123.6890993034,
    -142.3999998548));
#9072 = VECTOR('',#9073,1.);
#9073 = DIRECTION('',(0.,7.314590599883E-10,-1.));
#9074 = PCURVE('',#8941,#9075);
#9075 = DEFINITIONAL_REPRESENTATION('',(#9076),#9080);
#9076 = LINE('',#9077,#9078);
#9077 = CARTESIAN_POINT('',(0.,-15.75));
#9078 = VECTOR('',#9079,1.);
#9079 = DIRECTION('',(1.,0.));
#9080 = ( GEOMETRIC_REPRESENTATION_CONTEXT(2) 
PARAMETRIC_REPRESENTATION_CONTEXT() REPRESENTATION_CONTEXT('2D SPACE',''
  ) );
#9081 = PCURVE('',#8969,#9082);
#9082 = DEFINITIONAL_REPRESENTATION('',(#9083),#9087);
#9083 = LINE('',#9084,#9085);
#9084 = CARTESIAN_POINT('',(-1.5,-5.));
#9085 = VECTOR('',#9086,1.);
#9086 = DIRECTION('',(1.,0.));
#9087 = ( GEOMETRIC_REPRESENTATION_CONTEXT(2) 
PARAMETRIC_REPRESENTATION_CONTEXT() REPRESENTATION_CONTEXT('2D SPACE',''
  ) );
#9088 = ORIENTED_EDGE('',*,*,#8918,.F.);
#9089 = ORIENTED_EDGE('',*,*,#9090,.F.);
#9090 = EDGE_CURVE('',#9039,#8919,#9091,.T.);
#9091 = SURFACE_CURVE('',#9092,(#9096,#9103),.PCURVE_S1.);
#9092 = LINE('',#9093,#9094);
#9093 = CARTESIAN_POINT('',(15.75,123.6890993034,-142.3999998548));
#9094 = VECTOR('',#9095,1.);
#9095 = DIRECTION('',(0.,7.314590599883E-10,-1.));
#9096 = PCURVE('',#8941,#9097);
#9097 = DEFINITIONAL_REPRESENTATION('',(#9098),#9102);
#9098 = LINE('',#9099,#9100);
#9099 = CARTESIAN_POINT('',(0.,0.));
#9100 = VECTOR('',#9101,1.);
#9101 = DIRECTION('',(1.,0.));
#9102 = ( GEOMETRIC_REPRESENTATION_CONTEXT(2) 
PARAMETRIC_REPRESENTATION_CONTEXT() REPRESENTATION_CONTEXT('2D SPACE',''
  ) );
#9103 = PCURVE('',#9023,#9104);
#9104 = DEFINITIONAL_REPRESENTATION('',(#9105),#9109);
#9105 = LINE('',#9106,#9107);
#9106 = CARTESIAN_POINT('',(-1.5,-5.));
#9107 = VECTOR('',#9108,1.);
#9108 = DIRECTION('',(1.,0.));
#9109 = ( GEOMETRIC_REPRESENTATION_CONTEXT(2) 
PARAMETRIC_REPRESENTATION_CONTEXT() REPRESENTATION_CONTEXT('2D SPACE',''
  ) );
#9110 = ADVANCED_FACE('',(#9111),#8997,.F.);
#9111 = FACE_BOUND('',#9112,.F.);
#9112 = EDGE_LOOP('',(#9113,#9114,#9137,#9165));
#9113 = ORIENTED_EDGE('',*,*,#8981,.T.);
#9114 = ORIENTED_EDGE('',*,*,#9115,.T.);
#9115 = EDGE_CURVE('',#8954,#9116,#9118,.T.);
#9116 = VERTEX_POINT('',#9117);
#9117 = CARTESIAN_POINT('',(1.42108547152E-14,113.6890993056,
    -145.3999998621));
#9118 = SURFACE_CURVE('',#9119,(#9123,#9130),.PCURVE_S1.);
#9119 = LINE('',#9120,#9121);
#9120 = CARTESIAN_POINT('',(1.42108547152E-14,118.68909930926,
    -150.3999998585));
#9121 = VECTOR('',#9122,1.);
#9122 = DIRECTION('',(-0.,-0.707106781704,0.707106780669));
#9123 = PCURVE('',#8997,#9124);
#9124 = DEFINITIONAL_REPRESENTATION('',(#9125),#9129);
#9125 = LINE('',#9126,#9127);
#9126 = CARTESIAN_POINT('',(0.,-15.75));
#9127 = VECTOR('',#9128,1.);
#9128 = DIRECTION('',(1.,0.));
#9129 = ( GEOMETRIC_REPRESENTATION_CONTEXT(2) 
PARAMETRIC_REPRESENTATION_CONTEXT() REPRESENTATION_CONTEXT('2D SPACE',''
  ) );
#9130 = PCURVE('',#8969,#9131);
#9131 = DEFINITIONAL_REPRESENTATION('',(#9132),#9136);
#9132 = LINE('',#9133,#9134);
#9133 = CARTESIAN_POINT('',(6.5,0.));
#9134 = VECTOR('',#9135,1.);
#9135 = DIRECTION('',(-0.707106781187,0.707106781187));
#9136 = ( GEOMETRIC_REPRESENTATION_CONTEXT(2) 
PARAMETRIC_REPRESENTATION_CONTEXT() REPRESENTATION_CONTEXT('2D SPACE',''
  ) );
#9137 = ORIENTED_EDGE('',*,*,#9138,.F.);
#9138 = EDGE_CURVE('',#9139,#9116,#9141,.T.);
#9139 = VERTEX_POINT('',#9140);
#9140 = CARTESIAN_POINT('',(15.75,113.6890993056,-145.3999998621));
#9141 = SURFACE_CURVE('',#9142,(#9146,#9153),.PCURVE_S1.);
#9142 = LINE('',#9143,#9144);
#9143 = CARTESIAN_POINT('',(15.75,113.6890993056,-145.3999998621));
#9144 = VECTOR('',#9145,1.);
#9145 = DIRECTION('',(-1.,0.,0.));
#9146 = PCURVE('',#8997,#9147);
#9147 = DEFINITIONAL_REPRESENTATION('',(#9148),#9152);
#9148 = LINE('',#9149,#9150);
#9149 = CARTESIAN_POINT('',(7.071067811865,0.));
#9150 = VECTOR('',#9151,1.);
#9151 = DIRECTION('',(0.,-1.));
#9152 = ( GEOMETRIC_REPRESENTATION_CONTEXT(2) 
PARAMETRIC_REPRESENTATION_CONTEXT() REPRESENTATION_CONTEXT('2D SPACE',''
  ) );
#9153 = PCURVE('',#9154,#9159);
#9154 = PLANE('',#9155);
#9155 = AXIS2_PLACEMENT_3D('',#9156,#9157,#9158);
#9156 = CARTESIAN_POINT('',(15.75,113.6890993056,-145.3999998621));
#9157 = DIRECTION('',(0.,1.,7.314590599883E-10));
#9158 = DIRECTION('',(0.,-7.314590599883E-10,1.));
#9159 = DEFINITIONAL_REPRESENTATION('',(#9160),#9164);
#9160 = LINE('',#9161,#9162);
#9161 = CARTESIAN_POINT('',(0.,0.));
#9162 = VECTOR('',#9163,1.);
#9163 = DIRECTION('',(0.,-1.));
#9164 = ( GEOMETRIC_REPRESENTATION_CONTEXT(2) 
PARAMETRIC_REPRESENTATION_CONTEXT() REPRESENTATION_CONTEXT('2D SPACE',''
  ) );
#9165 = ORIENTED_EDGE('',*,*,#9166,.F.);
#9166 = EDGE_CURVE('',#8982,#9139,#9167,.T.);
#9167 = SURFACE_CURVE('',#9168,(#9172,#9179),.PCURVE_S1.);
#9168 = LINE('',#9169,#9170);
#9169 = CARTESIAN_POINT('',(15.75,118.68909930926,-150.3999998585));
#9170 = VECTOR('',#9171,1.);
#9171 = DIRECTION('',(-0.,-0.707106781704,0.707106780669));
#9172 = PCURVE('',#8997,#9173);
#9173 = DEFINITIONAL_REPRESENTATION('',(#9174),#9178);
#9174 = LINE('',#9175,#9176);
#9175 = CARTESIAN_POINT('',(0.,0.));
#9176 = VECTOR('',#9177,1.);
#9177 = DIRECTION('',(1.,0.));
#9178 = ( GEOMETRIC_REPRESENTATION_CONTEXT(2) 
PARAMETRIC_REPRESENTATION_CONTEXT() REPRESENTATION_CONTEXT('2D SPACE',''
  ) );
#9179 = PCURVE('',#9023,#9180);
#9180 = DEFINITIONAL_REPRESENTATION('',(#9181),#9185);
#9181 = LINE('',#9182,#9183);
#9182 = CARTESIAN_POINT('',(6.5,0.));
#9183 = VECTOR('',#9184,1.);
#9184 = DIRECTION('',(-0.707106781187,0.707106781187));
#9185 = ( GEOMETRIC_REPRESENTATION_CONTEXT(2) 
PARAMETRIC_REPRESENTATION_CONTEXT() REPRESENTATION_CONTEXT('2D SPACE',''
  ) );
#9186 = ADVANCED_FACE('',(#9187,#9320),#9023,.F.);
#9187 = FACE_BOUND('',#9188,.F.);
#9188 = EDGE_LOOP('',(#9189,#9190,#9191,#9192,#9215,#9243,#9271,#9299));
#9189 = ORIENTED_EDGE('',*,*,#9090,.T.);
#9190 = ORIENTED_EDGE('',*,*,#9009,.T.);
#9191 = ORIENTED_EDGE('',*,*,#9166,.T.);
#9192 = ORIENTED_EDGE('',*,*,#9193,.T.);
#9193 = EDGE_CURVE('',#9139,#9194,#9196,.T.);
#9194 = VERTEX_POINT('',#9195);
#9195 = CARTESIAN_POINT('',(15.75,113.68909930414,-143.3999998621));
#9196 = SURFACE_CURVE('',#9197,(#9201,#9208),.PCURVE_S1.);
#9197 = LINE('',#9198,#9199);
#9198 = CARTESIAN_POINT('',(15.75,113.6890993056,-145.3999998621));
#9199 = VECTOR('',#9200,1.);
#9200 = DIRECTION('',(0.,-7.314590599883E-10,1.));
#9201 = PCURVE('',#9023,#9202);
#9202 = DEFINITIONAL_REPRESENTATION('',(#9203),#9207);
#9203 = LINE('',#9204,#9205);
#9204 = CARTESIAN_POINT('',(1.5,5.));
#9205 = VECTOR('',#9206,1.);
#9206 = DIRECTION('',(-1.,0.));
#9207 = ( GEOMETRIC_REPRESENTATION_CONTEXT(2) 
PARAMETRIC_REPRESENTATION_CONTEXT() REPRESENTATION_CONTEXT('2D SPACE',''
  ) );
#9208 = PCURVE('',#9154,#9209);
#9209 = DEFINITIONAL_REPRESENTATION('',(#9210),#9214);
#9210 = LINE('',#9211,#9212);
#9211 = CARTESIAN_POINT('',(0.,0.));
#9212 = VECTOR('',#9213,1.);
#9213 = DIRECTION('',(1.,0.));
#9214 = ( GEOMETRIC_REPRESENTATION_CONTEXT(2) 
PARAMETRIC_REPRESENTATION_CONTEXT() REPRESENTATION_CONTEXT('2D SPACE',''
  ) );
#9215 = ORIENTED_EDGE('',*,*,#9216,.T.);
#9216 = EDGE_CURVE('',#9194,#9217,#9219,.T.);
#9217 = VERTEX_POINT('',#9218);
#9218 = CARTESIAN_POINT('',(15.75,111.18909930414,-143.399999864));
#9219 = SURFACE_CURVE('',#9220,(#9224,#9231),.PCURVE_S1.);
#9220 = LINE('',#9221,#9222);
#9221 = CARTESIAN_POINT('',(15.75,118.68909930414,-143.3999998585));
#9222 = VECTOR('',#9223,1.);
#9223 = DIRECTION('',(0.,-1.,-7.314590599883E-10));
#9224 = PCURVE('',#9023,#9225);
#9225 = DEFINITIONAL_REPRESENTATION('',(#9226),#9230);
#9226 = LINE('',#9227,#9228);
#9227 = CARTESIAN_POINT('',(-0.5,0.));
#9228 = VECTOR('',#9229,1.);
#9229 = DIRECTION('',(0.,1.));
#9230 = ( GEOMETRIC_REPRESENTATION_CONTEXT(2) 
PARAMETRIC_REPRESENTATION_CONTEXT() REPRESENTATION_CONTEXT('2D SPACE',''
  ) );
#9231 = PCURVE('',#9232,#9237);
#9232 = PLANE('',#9233);
#9233 = AXIS2_PLACEMENT_3D('',#9234,#9235,#9236);
#9234 = CARTESIAN_POINT('',(32.5,96.797829042748,-143.3999998745));
#9235 = DIRECTION('',(0.,7.314590599883E-10,-1.));
#9236 = DIRECTION('',(-1.,0.,0.));
#9237 = DEFINITIONAL_REPRESENTATION('',(#9238),#9242);
#9238 = LINE('',#9239,#9240);
#9239 = CARTESIAN_POINT('',(16.75,21.891270261393));
#9240 = VECTOR('',#9241,1.);
#9241 = DIRECTION('',(0.,-1.));
#9242 = ( GEOMETRIC_REPRESENTATION_CONTEXT(2) 
PARAMETRIC_REPRESENTATION_CONTEXT() REPRESENTATION_CONTEXT('2D SPACE',''
  ) );
#9243 = ORIENTED_EDGE('',*,*,#9244,.F.);
#9244 = EDGE_CURVE('',#9245,#9217,#9247,.T.);
#9245 = VERTEX_POINT('',#9246);
#9246 = CARTESIAN_POINT('',(15.75,111.18909929975,-137.399999864));
#9247 = SURFACE_CURVE('',#9248,(#9252,#9259),.PCURVE_S1.);
#9248 = LINE('',#9249,#9250);
#9249 = CARTESIAN_POINT('',(15.75,111.18909929975,-137.399999864));
#9250 = VECTOR('',#9251,1.);
#9251 = DIRECTION('',(0.,7.314590599883E-10,-1.));
#9252 = PCURVE('',#9023,#9253);
#9253 = DEFINITIONAL_REPRESENTATION('',(#9254),#9258);
#9254 = LINE('',#9255,#9256);
#9255 = CARTESIAN_POINT('',(-6.5,7.5));
#9256 = VECTOR('',#9257,1.);
#9257 = DIRECTION('',(1.,0.));
#9258 = ( GEOMETRIC_REPRESENTATION_CONTEXT(2) 
PARAMETRIC_REPRESENTATION_CONTEXT() REPRESENTATION_CONTEXT('2D SPACE',''
  ) );
#9259 = PCURVE('',#9260,#9265);
#9260 = PLANE('',#9261);
#9261 = AXIS2_PLACEMENT_3D('',#9262,#9263,#9264);
#9262 = CARTESIAN_POINT('',(15.75,111.18909929975,-137.399999864));
#9263 = DIRECTION('',(0.,-1.,-7.314590599883E-10));
#9264 = DIRECTION('',(1.,0.,0.));
#9265 = DEFINITIONAL_REPRESENTATION('',(#9266),#9270);
#9266 = LINE('',#9267,#9268);
#9267 = CARTESIAN_POINT('',(0.,-0.));
#9268 = VECTOR('',#9269,1.);
#9269 = DIRECTION('',(0.,-1.));
#9270 = ( GEOMETRIC_REPRESENTATION_CONTEXT(2) 
PARAMETRIC_REPRESENTATION_CONTEXT() REPRESENTATION_CONTEXT('2D SPACE',''
  ) );
#9271 = ORIENTED_EDGE('',*,*,#9272,.F.);
#9272 = EDGE_CURVE('',#9273,#9245,#9275,.T.);
#9273 = VERTEX_POINT('',#9274);
#9274 = CARTESIAN_POINT('',(15.75,118.68909929975,-137.3999998585));
#9275 = SURFACE_CURVE('',#9276,(#9280,#9287),.PCURVE_S1.);
#9276 = LINE('',#9277,#9278);
#9277 = CARTESIAN_POINT('',(15.75,118.68909929975,-137.3999998585));
#9278 = VECTOR('',#9279,1.);
#9279 = DIRECTION('',(0.,-1.,-7.314590599883E-10));
#9280 = PCURVE('',#9023,#9281);
#9281 = DEFINITIONAL_REPRESENTATION('',(#9282),#9286);
#9282 = LINE('',#9283,#9284);
#9283 = CARTESIAN_POINT('',(-6.5,0.));
#9284 = VECTOR('',#9285,1.);
#9285 = DIRECTION('',(0.,1.));
#9286 = ( GEOMETRIC_REPRESENTATION_CONTEXT(2) 
PARAMETRIC_REPRESENTATION_CONTEXT() REPRESENTATION_CONTEXT('2D SPACE',''
  ) );
#9287 = PCURVE('',#9288,#9293);
#9288 = PLANE('',#9289);
#9289 = AXIS2_PLACEMENT_3D('',#9290,#9291,#9292);
#9290 = CARTESIAN_POINT('',(32.5,96.797829038359,-137.3999998745));
#9291 = DIRECTION('',(0.,7.314590599883E-10,-1.));
#9292 = DIRECTION('',(-1.,0.,0.));
#9293 = DEFINITIONAL_REPRESENTATION('',(#9294),#9298);
#9294 = LINE('',#9295,#9296);
#9295 = CARTESIAN_POINT('',(16.75,21.891270261393));
#9296 = VECTOR('',#9297,1.);
#9297 = DIRECTION('',(0.,-1.));
#9298 = ( GEOMETRIC_REPRESENTATION_CONTEXT(2) 
PARAMETRIC_REPRESENTATION_CONTEXT() REPRESENTATION_CONTEXT('2D SPACE',''
  ) );
#9299 = ORIENTED_EDGE('',*,*,#9300,.T.);
#9300 = EDGE_CURVE('',#9273,#9039,#9301,.T.);
#9301 = SURFACE_CURVE('',#9302,(#9306,#9313),.PCURVE_S1.);
#9302 = LINE('',#9303,#9304);
#9303 = CARTESIAN_POINT('',(15.75,118.68909929975,-137.3999998585));
#9304 = VECTOR('',#9305,1.);
#9305 = DIRECTION('',(0.,0.707106781704,-0.707106780669));
#9306 = PCURVE('',#9023,#9307);
#9307 = DEFINITIONAL_REPRESENTATION('',(#9308),#9312);
#9308 = LINE('',#9309,#9310);
#9309 = CARTESIAN_POINT('',(-6.5,0.));
#9310 = VECTOR('',#9311,1.);
#9311 = DIRECTION('',(0.707106781187,-0.707106781187));
#9312 = ( GEOMETRIC_REPRESENTATION_CONTEXT(2) 
PARAMETRIC_REPRESENTATION_CONTEXT() REPRESENTATION_CONTEXT('2D SPACE',''
  ) );
#9313 = PCURVE('',#9056,#9314);
#9314 = DEFINITIONAL_REPRESENTATION('',(#9315),#9319);
#9315 = LINE('',#9316,#9317);
#9316 = CARTESIAN_POINT('',(0.,0.));
#9317 = VECTOR('',#9318,1.);
#9318 = DIRECTION('',(1.,0.));
#9319 = ( GEOMETRIC_REPRESENTATION_CONTEXT(2) 
PARAMETRIC_REPRESENTATION_CONTEXT() REPRESENTATION_CONTEXT('2D SPACE',''
  ) );
#9320 = FACE_BOUND('',#9321,.F.);
#9321 = EDGE_LOOP('',(#9322));
#9322 = ORIENTED_EDGE('',*,*,#9323,.F.);
#9323 = EDGE_CURVE('',#9324,#9324,#9326,.T.);
#9324 = VERTEX_POINT('',#9325);
#9325 = CARTESIAN_POINT('',(15.75,118.68909930711,-147.4656852834));
#9326 = SURFACE_CURVE('',#9327,(#9332,#9339),.PCURVE_S1.);
#9327 = CIRCLE('',#9328,3.565685424949);
#9328 = AXIS2_PLACEMENT_3D('',#9329,#9330,#9331);
#9329 = CARTESIAN_POINT('',(15.75,118.6890993045,-143.8999998585));
#9330 = DIRECTION('',(-1.,0.,-0.));
#9331 = DIRECTION('',(0.,7.314590599883E-10,-1.));
#9332 = PCURVE('',#9023,#9333);
#9333 = DEFINITIONAL_REPRESENTATION('',(#9334),#9338);
#9334 = CIRCLE('',#9335,3.565685424949);
#9335 = AXIS2_PLACEMENT_2D('',#9336,#9337);
#9336 = CARTESIAN_POINT('',(0.,0.));
#9337 = DIRECTION('',(1.,0.));
#9338 = ( GEOMETRIC_REPRESENTATION_CONTEXT(2) 
PARAMETRIC_REPRESENTATION_CONTEXT() REPRESENTATION_CONTEXT('2D SPACE',''
  ) );
#9339 = PCURVE('',#9340,#9345);
#9340 = CONICAL_SURFACE('',#9341,4.065685424949,0.785398163397);
#9341 = AXIS2_PLACEMENT_3D('',#9342,#9343,#9344);
#9342 = CARTESIAN_POINT('',(16.25,118.6890993045,-143.8999998585));
#9343 = DIRECTION('',(1.,-0.,0.));
#9344 = DIRECTION('',(0.,7.314590599883E-10,-1.));
#9345 = DEFINITIONAL_REPRESENTATION('',(#9346),#9350);
#9346 = LINE('',#9347,#9348);
#9347 = CARTESIAN_POINT('',(-0.,-0.5));
#9348 = VECTOR('',#9349,1.);
#9349 = DIRECTION('',(-1.,-0.));
#9350 = ( GEOMETRIC_REPRESENTATION_CONTEXT(2) 
PARAMETRIC_REPRESENTATION_CONTEXT() REPRESENTATION_CONTEXT('2D SPACE',''
  ) );
#9351 = ADVANCED_FACE('',(#9352),#8969,.T.);
#9352 = FACE_BOUND('',#9353,.T.);
#9353 = EDGE_LOOP('',(#9354,#9355,#9356,#9357,#9380,#9403,#9431,#9454));
#9354 = ORIENTED_EDGE('',*,*,#9068,.T.);
#9355 = ORIENTED_EDGE('',*,*,#8953,.T.);
#9356 = ORIENTED_EDGE('',*,*,#9115,.T.);
#9357 = ORIENTED_EDGE('',*,*,#9358,.T.);
#9358 = EDGE_CURVE('',#9116,#9359,#9361,.T.);
#9359 = VERTEX_POINT('',#9360);
#9360 = CARTESIAN_POINT('',(1.42108547152E-14,113.68909930414,
    -143.3999998621));
#9361 = SURFACE_CURVE('',#9362,(#9366,#9373),.PCURVE_S1.);
#9362 = LINE('',#9363,#9364);
#9363 = CARTESIAN_POINT('',(1.42108547152E-14,113.6890993056,
    -145.3999998621));
#9364 = VECTOR('',#9365,1.);
#9365 = DIRECTION('',(0.,-7.314590599883E-10,1.));
#9366 = PCURVE('',#8969,#9367);
#9367 = DEFINITIONAL_REPRESENTATION('',(#9368),#9372);
#9368 = LINE('',#9369,#9370);
#9369 = CARTESIAN_POINT('',(1.5,5.));
#9370 = VECTOR('',#9371,1.);
#9371 = DIRECTION('',(-1.,0.));
#9372 = ( GEOMETRIC_REPRESENTATION_CONTEXT(2) 
PARAMETRIC_REPRESENTATION_CONTEXT() REPRESENTATION_CONTEXT('2D SPACE',''
  ) );
#9373 = PCURVE('',#9154,#9374);
#9374 = DEFINITIONAL_REPRESENTATION('',(#9375),#9379);
#9375 = LINE('',#9376,#9377);
#9376 = CARTESIAN_POINT('',(0.,-15.75));
#9377 = VECTOR('',#9378,1.);
#9378 = DIRECTION('',(1.,0.));
#9379 = ( GEOMETRIC_REPRESENTATION_CONTEXT(2) 
PARAMETRIC_REPRESENTATION_CONTEXT() REPRESENTATION_CONTEXT('2D SPACE',''
  ) );
#9380 = ORIENTED_EDGE('',*,*,#9381,.F.);
#9381 = EDGE_CURVE('',#9382,#9359,#9384,.T.);
#9382 = VERTEX_POINT('',#9383);
#9383 = CARTESIAN_POINT('',(1.42108547152E-14,91.939099304141,
    -143.3999998781));
#9384 = SURFACE_CURVE('',#9385,(#9389,#9396),.PCURVE_S1.);
#9385 = LINE('',#9386,#9387);
#9386 = CARTESIAN_POINT('',(1.42108547152E-14,91.939099304141,
    -143.3999998781));
#9387 = VECTOR('',#9388,1.);
#9388 = DIRECTION('',(0.,1.,7.314590599883E-10));
#9389 = PCURVE('',#8969,#9390);
#9390 = DEFINITIONAL_REPRESENTATION('',(#9391),#9395);
#9391 = LINE('',#9392,#9393);
#9392 = CARTESIAN_POINT('',(-0.5,26.75));
#9393 = VECTOR('',#9394,1.);
#9394 = DIRECTION('',(0.,-1.));
#9395 = ( GEOMETRIC_REPRESENTATION_CONTEXT(2) 
PARAMETRIC_REPRESENTATION_CONTEXT() REPRESENTATION_CONTEXT('2D SPACE',''
  ) );
#9396 = PCURVE('',#9232,#9397);
#9397 = DEFINITIONAL_REPRESENTATION('',(#9398),#9402);
#9398 = LINE('',#9399,#9400);
#9399 = CARTESIAN_POINT('',(32.5,-4.858729738607));
#9400 = VECTOR('',#9401,1.);
#9401 = DIRECTION('',(0.,1.));
#9402 = ( GEOMETRIC_REPRESENTATION_CONTEXT(2) 
PARAMETRIC_REPRESENTATION_CONTEXT() REPRESENTATION_CONTEXT('2D SPACE',''
  ) );
#9403 = ORIENTED_EDGE('',*,*,#9404,.F.);
#9404 = EDGE_CURVE('',#9405,#9382,#9407,.T.);
#9405 = VERTEX_POINT('',#9406);
#9406 = CARTESIAN_POINT('',(1.42108547152E-14,91.939099299752,
    -137.3999998781));
#9407 = SURFACE_CURVE('',#9408,(#9412,#9419),.PCURVE_S1.);
#9408 = LINE('',#9409,#9410);
#9409 = CARTESIAN_POINT('',(1.42108547152E-14,91.939099299752,
    -137.3999998781));
#9410 = VECTOR('',#9411,1.);
#9411 = DIRECTION('',(0.,7.314590599883E-10,-1.));
#9412 = PCURVE('',#8969,#9413);
#9413 = DEFINITIONAL_REPRESENTATION('',(#9414),#9418);
#9414 = LINE('',#9415,#9416);
#9415 = CARTESIAN_POINT('',(-6.5,26.75));
#9416 = VECTOR('',#9417,1.);
#9417 = DIRECTION('',(1.,0.));
#9418 = ( GEOMETRIC_REPRESENTATION_CONTEXT(2) 
PARAMETRIC_REPRESENTATION_CONTEXT() REPRESENTATION_CONTEXT('2D SPACE',''
  ) );
#9419 = PCURVE('',#9420,#9425);
#9420 = PLANE('',#9421);
#9421 = AXIS2_PLACEMENT_3D('',#9422,#9423,#9424);
#9422 = CARTESIAN_POINT('',(16.25,75.689099299752,-137.3999998899));
#9423 = DIRECTION('',(0.707106781187,0.707106781187,5.172196614781E-10)
  );
#9424 = DIRECTION('',(-0.707106781187,0.707106781187,5.172196614781E-10)
  );
#9425 = DEFINITIONAL_REPRESENTATION('',(#9426),#9430);
#9426 = LINE('',#9427,#9428);
#9427 = CARTESIAN_POINT('',(22.980970388563,0.));
#9428 = VECTOR('',#9429,1.);
#9429 = DIRECTION('',(0.,-1.));
#9430 = ( GEOMETRIC_REPRESENTATION_CONTEXT(2) 
PARAMETRIC_REPRESENTATION_CONTEXT() REPRESENTATION_CONTEXT('2D SPACE',''
  ) );
#9431 = ORIENTED_EDGE('',*,*,#9432,.T.);
#9432 = EDGE_CURVE('',#9405,#9433,#9435,.T.);
#9433 = VERTEX_POINT('',#9434);
#9434 = CARTESIAN_POINT('',(1.42108547152E-14,118.68909929975,
    -137.3999998585));
#9435 = SURFACE_CURVE('',#9436,(#9440,#9447),.PCURVE_S1.);
#9436 = LINE('',#9437,#9438);
#9437 = CARTESIAN_POINT('',(1.42108547152E-14,91.939099299752,
    -137.3999998781));
#9438 = VECTOR('',#9439,1.);
#9439 = DIRECTION('',(0.,1.,7.314590599883E-10));
#9440 = PCURVE('',#8969,#9441);
#9441 = DEFINITIONAL_REPRESENTATION('',(#9442),#9446);
#9442 = LINE('',#9443,#9444);
#9443 = CARTESIAN_POINT('',(-6.5,26.75));
#9444 = VECTOR('',#9445,1.);
#9445 = DIRECTION('',(0.,-1.));
#9446 = ( GEOMETRIC_REPRESENTATION_CONTEXT(2) 
PARAMETRIC_REPRESENTATION_CONTEXT() REPRESENTATION_CONTEXT('2D SPACE',''
  ) );
#9447 = PCURVE('',#9288,#9448);
#9448 = DEFINITIONAL_REPRESENTATION('',(#9449),#9453);
#9449 = LINE('',#9450,#9451);
#9450 = CARTESIAN_POINT('',(32.5,-4.858729738607));
#9451 = VECTOR('',#9452,1.);
#9452 = DIRECTION('',(0.,1.));
#9453 = ( GEOMETRIC_REPRESENTATION_CONTEXT(2) 
PARAMETRIC_REPRESENTATION_CONTEXT() REPRESENTATION_CONTEXT('2D SPACE',''
  ) );
#9454 = ORIENTED_EDGE('',*,*,#9455,.T.);
#9455 = EDGE_CURVE('',#9433,#9041,#9456,.T.);
#9456 = SURFACE_CURVE('',#9457,(#9461,#9468),.PCURVE_S1.);
#9457 = LINE('',#9458,#9459);
#9458 = CARTESIAN_POINT('',(1.42108547152E-14,118.68909929975,
    -137.3999998585));
#9459 = VECTOR('',#9460,1.);
#9460 = DIRECTION('',(0.,0.707106781704,-0.707106780669));
#9461 = PCURVE('',#8969,#9462);
#9462 = DEFINITIONAL_REPRESENTATION('',(#9463),#9467);
#9463 = LINE('',#9464,#9465);
#9464 = CARTESIAN_POINT('',(-6.5,0.));
#9465 = VECTOR('',#9466,1.);
#9466 = DIRECTION('',(0.707106781187,-0.707106781187));
#9467 = ( GEOMETRIC_REPRESENTATION_CONTEXT(2) 
PARAMETRIC_REPRESENTATION_CONTEXT() REPRESENTATION_CONTEXT('2D SPACE',''
  ) );
#9468 = PCURVE('',#9056,#9469);
#9469 = DEFINITIONAL_REPRESENTATION('',(#9470),#9474);
#9470 = LINE('',#9471,#9472);
#9471 = CARTESIAN_POINT('',(0.,-15.75));
#9472 = VECTOR('',#9473,1.);
#9473 = DIRECTION('',(1.,0.));
#9474 = ( GEOMETRIC_REPRESENTATION_CONTEXT(2) 
PARAMETRIC_REPRESENTATION_CONTEXT() REPRESENTATION_CONTEXT('2D SPACE',''
  ) );
#9475 = ADVANCED_FACE('',(#9476),#9056,.F.);
#9476 = FACE_BOUND('',#9477,.F.);
#9477 = EDGE_LOOP('',(#9478,#9499,#9500,#9501));
#9478 = ORIENTED_EDGE('',*,*,#9479,.F.);
#9479 = EDGE_CURVE('',#9433,#9273,#9480,.T.);
#9480 = SURFACE_CURVE('',#9481,(#9485,#9492),.PCURVE_S1.);
#9481 = LINE('',#9482,#9483);
#9482 = CARTESIAN_POINT('',(1.42108547152E-14,118.68909929975,
    -137.3999998585));
#9483 = VECTOR('',#9484,1.);
#9484 = DIRECTION('',(1.,0.,0.));
#9485 = PCURVE('',#9056,#9486);
#9486 = DEFINITIONAL_REPRESENTATION('',(#9487),#9491);
#9487 = LINE('',#9488,#9489);
#9488 = CARTESIAN_POINT('',(0.,-15.75));
#9489 = VECTOR('',#9490,1.);
#9490 = DIRECTION('',(0.,1.));
#9491 = ( GEOMETRIC_REPRESENTATION_CONTEXT(2) 
PARAMETRIC_REPRESENTATION_CONTEXT() REPRESENTATION_CONTEXT('2D SPACE',''
  ) );
#9492 = PCURVE('',#9288,#9493);
#9493 = DEFINITIONAL_REPRESENTATION('',(#9494),#9498);
#9494 = LINE('',#9495,#9496);
#9495 = CARTESIAN_POINT('',(32.5,21.891270261393));
#9496 = VECTOR('',#9497,1.);
#9497 = DIRECTION('',(-1.,0.));
#9498 = ( GEOMETRIC_REPRESENTATION_CONTEXT(2) 
PARAMETRIC_REPRESENTATION_CONTEXT() REPRESENTATION_CONTEXT('2D SPACE',''
  ) );
#9499 = ORIENTED_EDGE('',*,*,#9455,.T.);
#9500 = ORIENTED_EDGE('',*,*,#9038,.F.);
#9501 = ORIENTED_EDGE('',*,*,#9300,.F.);
#9502 = ADVANCED_FACE('',(#9503),#9154,.F.);
#9503 = FACE_BOUND('',#9504,.F.);
#9504 = EDGE_LOOP('',(#9505,#9506,#9507,#9508));
#9505 = ORIENTED_EDGE('',*,*,#9193,.F.);
#9506 = ORIENTED_EDGE('',*,*,#9138,.T.);
#9507 = ORIENTED_EDGE('',*,*,#9358,.T.);
#9508 = ORIENTED_EDGE('',*,*,#9509,.T.);
#9509 = EDGE_CURVE('',#9359,#9194,#9510,.T.);
#9510 = SURFACE_CURVE('',#9511,(#9515,#9521),.PCURVE_S1.);
#9511 = LINE('',#9512,#9513);
#9512 = CARTESIAN_POINT('',(24.125,113.68909930414,-143.3999998621));
#9513 = VECTOR('',#9514,1.);
#9514 = DIRECTION('',(1.,0.,-0.));
#9515 = PCURVE('',#9154,#9516);
#9516 = DEFINITIONAL_REPRESENTATION('',(#9517),#9520);
#9517 = B_SPLINE_CURVE_WITH_KNOTS('',1,(#9518,#9519),.UNSPECIFIED.,.F.,
  .F.,(2,2),(-24.125,-8.375),.PIECEWISE_BEZIER_KNOTS.);
#9518 = CARTESIAN_POINT('',(2.,-15.75));
#9519 = CARTESIAN_POINT('',(2.,0.));
#9520 = ( GEOMETRIC_REPRESENTATION_CONTEXT(2) 
PARAMETRIC_REPRESENTATION_CONTEXT() REPRESENTATION_CONTEXT('2D SPACE',''
  ) );
#9521 = PCURVE('',#9232,#9522);
#9522 = DEFINITIONAL_REPRESENTATION('',(#9523),#9526);
#9523 = B_SPLINE_CURVE_WITH_KNOTS('',1,(#9524,#9525),.UNSPECIFIED.,.F.,
  .F.,(2,2),(-24.125,-8.375),.PIECEWISE_BEZIER_KNOTS.);
#9524 = CARTESIAN_POINT('',(32.5,16.891270261393));
#9525 = CARTESIAN_POINT('',(16.75,16.891270261393));
#9526 = ( GEOMETRIC_REPRESENTATION_CONTEXT(2) 
PARAMETRIC_REPRESENTATION_CONTEXT() REPRESENTATION_CONTEXT('2D SPACE',''
  ) );
#9527 = ADVANCED_FACE('',(#9528),#9288,.F.);
#9528 = FACE_BOUND('',#9529,.F.);
#9529 = EDGE_LOOP('',(#9530,#9560,#9588,#9616,#9642,#9670,#9691,#9692,
    #9693,#9694,#9717,#9745));
#9530 = ORIENTED_EDGE('',*,*,#9531,.T.);
#9531 = EDGE_CURVE('',#9532,#9534,#9536,.T.);
#9532 = VERTEX_POINT('',#9533);
#9533 = CARTESIAN_POINT('',(65.,118.68909929975,-137.3999998585));
#9534 = VERTEX_POINT('',#9535);
#9535 = CARTESIAN_POINT('',(65.,91.939099299752,-137.3999998781));
#9536 = SURFACE_CURVE('',#9537,(#9541,#9548),.PCURVE_S1.);
#9537 = LINE('',#9538,#9539);
#9538 = CARTESIAN_POINT('',(65.,118.68909929975,-137.3999998585));
#9539 = VECTOR('',#9540,1.);
#9540 = DIRECTION('',(0.,-1.,-7.314590599883E-10));
#9541 = PCURVE('',#9288,#9542);
#9542 = DEFINITIONAL_REPRESENTATION('',(#9543),#9547);
#9543 = LINE('',#9544,#9545);
#9544 = CARTESIAN_POINT('',(-32.5,21.891270261393));
#9545 = VECTOR('',#9546,1.);
#9546 = DIRECTION('',(0.,-1.));
#9547 = ( GEOMETRIC_REPRESENTATION_CONTEXT(2) 
PARAMETRIC_REPRESENTATION_CONTEXT() REPRESENTATION_CONTEXT('2D SPACE',''
  ) );
#9548 = PCURVE('',#9549,#9554);
#9549 = PLANE('',#9550);
#9550 = AXIS2_PLACEMENT_3D('',#9551,#9552,#9553);
#9551 = CARTESIAN_POINT('',(65.,118.6890993045,-143.8999998585));
#9552 = DIRECTION('',(-1.,0.,0.));
#9553 = DIRECTION('',(0.,7.314590599883E-10,-1.));
#9554 = DEFINITIONAL_REPRESENTATION('',(#9555),#9559);
#9555 = LINE('',#9556,#9557);
#9556 = CARTESIAN_POINT('',(-6.5,0.));
#9557 = VECTOR('',#9558,1.);
#9558 = DIRECTION('',(0.,1.));
#9559 = ( GEOMETRIC_REPRESENTATION_CONTEXT(2) 
PARAMETRIC_REPRESENTATION_CONTEXT() REPRESENTATION_CONTEXT('2D SPACE',''
  ) );
#9560 = ORIENTED_EDGE('',*,*,#9561,.T.);
#9561 = EDGE_CURVE('',#9534,#9562,#9564,.T.);
#9562 = VERTEX_POINT('',#9563);
#9563 = CARTESIAN_POINT('',(48.75,75.689099299752,-137.3999998899));
#9564 = SURFACE_CURVE('',#9565,(#9569,#9576),.PCURVE_S1.);
#9565 = LINE('',#9566,#9567);
#9566 = CARTESIAN_POINT('',(65.,91.939099299752,-137.3999998781));
#9567 = VECTOR('',#9568,1.);
#9568 = DIRECTION('',(-0.707106781187,-0.707106781187,
    -5.172196614781E-10));
#9569 = PCURVE('',#9288,#9570);
#9570 = DEFINITIONAL_REPRESENTATION('',(#9571),#9575);
#9571 = LINE('',#9572,#9573);
#9572 = CARTESIAN_POINT('',(-32.5,-4.858729738607));
#9573 = VECTOR('',#9574,1.);
#9574 = DIRECTION('',(0.707106781187,-0.707106781187));
#9575 = ( GEOMETRIC_REPRESENTATION_CONTEXT(2) 
PARAMETRIC_REPRESENTATION_CONTEXT() REPRESENTATION_CONTEXT('2D SPACE',''
  ) );
#9576 = PCURVE('',#9577,#9582);
#9577 = PLANE('',#9578);
#9578 = AXIS2_PLACEMENT_3D('',#9579,#9580,#9581);
#9579 = CARTESIAN_POINT('',(65.,91.939099299752,-137.3999998781));
#9580 = DIRECTION('',(-0.707106781187,0.707106781187,5.172196614781E-10)
  );
#9581 = DIRECTION('',(-0.707106781187,-0.707106781187,
    -5.172196614781E-10));
#9582 = DEFINITIONAL_REPRESENTATION('',(#9583),#9587);
#9583 = LINE('',#9584,#9585);
#9584 = CARTESIAN_POINT('',(0.,0.));
#9585 = VECTOR('',#9586,1.);
#9586 = DIRECTION('',(1.,0.));
#9587 = ( GEOMETRIC_REPRESENTATION_CONTEXT(2) 
PARAMETRIC_REPRESENTATION_CONTEXT() REPRESENTATION_CONTEXT('2D SPACE',''
  ) );
#9588 = ORIENTED_EDGE('',*,*,#9589,.T.);
#9589 = EDGE_CURVE('',#9562,#9590,#9592,.T.);
#9590 = VERTEX_POINT('',#9591);
#9591 = CARTESIAN_POINT('',(48.75,73.189099299752,-137.3999998918));
#9592 = SURFACE_CURVE('',#9593,(#9597,#9604),.PCURVE_S1.);
#9593 = LINE('',#9594,#9595);
#9594 = CARTESIAN_POINT('',(48.75,75.689099299752,-137.3999998899));
#9595 = VECTOR('',#9596,1.);
#9596 = DIRECTION('',(0.,-1.,-7.314590599883E-10));
#9597 = PCURVE('',#9288,#9598);
#9598 = DEFINITIONAL_REPRESENTATION('',(#9599),#9603);
#9599 = LINE('',#9600,#9601);
#9600 = CARTESIAN_POINT('',(-16.25,-21.1087297386));
#9601 = VECTOR('',#9602,1.);
#9602 = DIRECTION('',(0.,-1.));
#9603 = ( GEOMETRIC_REPRESENTATION_CONTEXT(2) 
PARAMETRIC_REPRESENTATION_CONTEXT() REPRESENTATION_CONTEXT('2D SPACE',''
  ) );
#9604 = PCURVE('',#9605,#9610);
#9605 = PLANE('',#9606);
#9606 = AXIS2_PLACEMENT_3D('',#9607,#9608,#9609);
#9607 = CARTESIAN_POINT('',(48.75,75.689099299752,-137.3999998899));
#9608 = DIRECTION('',(-1.,0.,0.));
#9609 = DIRECTION('',(0.,-1.,-7.314590599883E-10));
#9610 = DEFINITIONAL_REPRESENTATION('',(#9611),#9615);
#9611 = LINE('',#9612,#9613);
#9612 = CARTESIAN_POINT('',(0.,0.));
#9613 = VECTOR('',#9614,1.);
#9614 = DIRECTION('',(1.,0.));
#9615 = ( GEOMETRIC_REPRESENTATION_CONTEXT(2) 
PARAMETRIC_REPRESENTATION_CONTEXT() REPRESENTATION_CONTEXT('2D SPACE',''
  ) );
#9616 = ORIENTED_EDGE('',*,*,#9617,.T.);
#9617 = EDGE_CURVE('',#9590,#9618,#9620,.T.);
#9618 = VERTEX_POINT('',#9619);
#9619 = CARTESIAN_POINT('',(16.25,73.189099299752,-137.3999998918));
#9620 = SURFACE_CURVE('',#9621,(#9625,#9631),.PCURVE_S1.);
#9621 = LINE('',#9622,#9623);
#9622 = CARTESIAN_POINT('',(40.625,73.189099299752,-137.3999998918));
#9623 = VECTOR('',#9624,1.);
#9624 = DIRECTION('',(-1.,0.,0.));
#9625 = PCURVE('',#9288,#9626);
#9626 = DEFINITIONAL_REPRESENTATION('',(#9627),#9630);
#9627 = B_SPLINE_CURVE_WITH_KNOTS('',1,(#9628,#9629),.UNSPECIFIED.,.F.,
  .F.,(2,2),(-8.125,24.375),.PIECEWISE_BEZIER_KNOTS.);
#9628 = CARTESIAN_POINT('',(-16.25,-23.6087297386));
#9629 = CARTESIAN_POINT('',(16.25,-23.6087297386));
#9630 = ( GEOMETRIC_REPRESENTATION_CONTEXT(2) 
PARAMETRIC_REPRESENTATION_CONTEXT() REPRESENTATION_CONTEXT('2D SPACE',''
  ) );
#9631 = PCURVE('',#9632,#9637);
#9632 = PLANE('',#9633);
#9633 = AXIS2_PLACEMENT_3D('',#9634,#9635,#9636);
#9634 = CARTESIAN_POINT('',(48.75,73.189099298289,-135.3999998918));
#9635 = DIRECTION('',(0.,-1.,-7.314590599883E-10));
#9636 = DIRECTION('',(0.,7.314590599883E-10,-1.));
#9637 = DEFINITIONAL_REPRESENTATION('',(#9638),#9641);
#9638 = B_SPLINE_CURVE_WITH_KNOTS('',1,(#9639,#9640),.UNSPECIFIED.,.F.,
  .F.,(2,2),(-8.125,24.375),.PIECEWISE_BEZIER_KNOTS.);
#9639 = CARTESIAN_POINT('',(2.,0.));
#9640 = CARTESIAN_POINT('',(2.,-32.5));
#9641 = ( GEOMETRIC_REPRESENTATION_CONTEXT(2) 
PARAMETRIC_REPRESENTATION_CONTEXT() REPRESENTATION_CONTEXT('2D SPACE',''
  ) );
#9642 = ORIENTED_EDGE('',*,*,#9643,.T.);
#9643 = EDGE_CURVE('',#9618,#9644,#9646,.T.);
#9644 = VERTEX_POINT('',#9645);
#9645 = CARTESIAN_POINT('',(16.25,75.689099299752,-137.3999998899));
#9646 = SURFACE_CURVE('',#9647,(#9651,#9658),.PCURVE_S1.);
#9647 = LINE('',#9648,#9649);
#9648 = CARTESIAN_POINT('',(16.25,68.189099299752,-137.3999998954));
#9649 = VECTOR('',#9650,1.);
#9650 = DIRECTION('',(0.,1.,7.314590599883E-10));
#9651 = PCURVE('',#9288,#9652);
#9652 = DEFINITIONAL_REPRESENTATION('',(#9653),#9657);
#9653 = LINE('',#9654,#9655);
#9654 = CARTESIAN_POINT('',(16.25,-28.6087297386));
#9655 = VECTOR('',#9656,1.);
#9656 = DIRECTION('',(0.,1.));
#9657 = ( GEOMETRIC_REPRESENTATION_CONTEXT(2) 
PARAMETRIC_REPRESENTATION_CONTEXT() REPRESENTATION_CONTEXT('2D SPACE',''
  ) );
#9658 = PCURVE('',#9659,#9664);
#9659 = PLANE('',#9660);
#9660 = AXIS2_PLACEMENT_3D('',#9661,#9662,#9663);
#9661 = CARTESIAN_POINT('',(16.25,68.189099299752,-137.3999998954));
#9662 = DIRECTION('',(1.,0.,0.));
#9663 = DIRECTION('',(0.,1.,7.314590599883E-10));
#9664 = DEFINITIONAL_REPRESENTATION('',(#9665),#9669);
#9665 = LINE('',#9666,#9667);
#9666 = CARTESIAN_POINT('',(0.,0.));
#9667 = VECTOR('',#9668,1.);
#9668 = DIRECTION('',(1.,0.));
#9669 = ( GEOMETRIC_REPRESENTATION_CONTEXT(2) 
PARAMETRIC_REPRESENTATION_CONTEXT() REPRESENTATION_CONTEXT('2D SPACE',''
  ) );
#9670 = ORIENTED_EDGE('',*,*,#9671,.T.);
#9671 = EDGE_CURVE('',#9644,#9405,#9672,.T.);
#9672 = SURFACE_CURVE('',#9673,(#9677,#9684),.PCURVE_S1.);
#9673 = LINE('',#9674,#9675);
#9674 = CARTESIAN_POINT('',(16.25,75.689099299752,-137.3999998899));
#9675 = VECTOR('',#9676,1.);
#9676 = DIRECTION('',(-0.707106781187,0.707106781187,5.172196614781E-10)
  );
#9677 = PCURVE('',#9288,#9678);
#9678 = DEFINITIONAL_REPRESENTATION('',(#9679),#9683);
#9679 = LINE('',#9680,#9681);
#9680 = CARTESIAN_POINT('',(16.25,-21.1087297386));
#9681 = VECTOR('',#9682,1.);
#9682 = DIRECTION('',(0.707106781187,0.707106781187));
#9683 = ( GEOMETRIC_REPRESENTATION_CONTEXT(2) 
PARAMETRIC_REPRESENTATION_CONTEXT() REPRESENTATION_CONTEXT('2D SPACE',''
  ) );
#9684 = PCURVE('',#9420,#9685);
#9685 = DEFINITIONAL_REPRESENTATION('',(#9686),#9690);
#9686 = LINE('',#9687,#9688);
#9687 = CARTESIAN_POINT('',(0.,0.));
#9688 = VECTOR('',#9689,1.);
#9689 = DIRECTION('',(1.,0.));
#9690 = ( GEOMETRIC_REPRESENTATION_CONTEXT(2) 
PARAMETRIC_REPRESENTATION_CONTEXT() REPRESENTATION_CONTEXT('2D SPACE',''
  ) );
#9691 = ORIENTED_EDGE('',*,*,#9432,.T.);
#9692 = ORIENTED_EDGE('',*,*,#9479,.T.);
#9693 = ORIENTED_EDGE('',*,*,#9272,.T.);
#9694 = ORIENTED_EDGE('',*,*,#9695,.T.);
#9695 = EDGE_CURVE('',#9245,#9696,#9698,.T.);
#9696 = VERTEX_POINT('',#9697);
#9697 = CARTESIAN_POINT('',(49.25,111.18909929975,-137.399999864));
#9698 = SURFACE_CURVE('',#9699,(#9703,#9710),.PCURVE_S1.);
#9699 = LINE('',#9700,#9701);
#9700 = CARTESIAN_POINT('',(15.75,111.18909929975,-137.399999864));
#9701 = VECTOR('',#9702,1.);
#9702 = DIRECTION('',(1.,0.,0.));
#9703 = PCURVE('',#9288,#9704);
#9704 = DEFINITIONAL_REPRESENTATION('',(#9705),#9709);
#9705 = LINE('',#9706,#9707);
#9706 = CARTESIAN_POINT('',(16.75,14.391270261393));
#9707 = VECTOR('',#9708,1.);
#9708 = DIRECTION('',(-1.,0.));
#9709 = ( GEOMETRIC_REPRESENTATION_CONTEXT(2) 
PARAMETRIC_REPRESENTATION_CONTEXT() REPRESENTATION_CONTEXT('2D SPACE',''
  ) );
#9710 = PCURVE('',#9260,#9711);
#9711 = DEFINITIONAL_REPRESENTATION('',(#9712),#9716);
#9712 = LINE('',#9713,#9714);
#9713 = CARTESIAN_POINT('',(0.,-0.));
#9714 = VECTOR('',#9715,1.);
#9715 = DIRECTION('',(1.,0.));
#9716 = ( GEOMETRIC_REPRESENTATION_CONTEXT(2) 
PARAMETRIC_REPRESENTATION_CONTEXT() REPRESENTATION_CONTEXT('2D SPACE',''
  ) );
#9717 = ORIENTED_EDGE('',*,*,#9718,.T.);
#9718 = EDGE_CURVE('',#9696,#9719,#9721,.T.);
#9719 = VERTEX_POINT('',#9720);
#9720 = CARTESIAN_POINT('',(49.25,118.68909929975,-137.3999998585));
#9721 = SURFACE_CURVE('',#9722,(#9726,#9733),.PCURVE_S1.);
#9722 = LINE('',#9723,#9724);
#9723 = CARTESIAN_POINT('',(49.25,111.18909929975,-137.399999864));
#9724 = VECTOR('',#9725,1.);
#9725 = DIRECTION('',(0.,1.,7.314590599883E-10));
#9726 = PCURVE('',#9288,#9727);
#9727 = DEFINITIONAL_REPRESENTATION('',(#9728),#9732);
#9728 = LINE('',#9729,#9730);
#9729 = CARTESIAN_POINT('',(-16.75,14.391270261393));
#9730 = VECTOR('',#9731,1.);
#9731 = DIRECTION('',(0.,1.));
#9732 = ( GEOMETRIC_REPRESENTATION_CONTEXT(2) 
PARAMETRIC_REPRESENTATION_CONTEXT() REPRESENTATION_CONTEXT('2D SPACE',''
  ) );
#9733 = PCURVE('',#9734,#9739);
#9734 = PLANE('',#9735);
#9735 = AXIS2_PLACEMENT_3D('',#9736,#9737,#9738);
#9736 = CARTESIAN_POINT('',(49.25,118.6890993045,-143.8999998585));
#9737 = DIRECTION('',(-1.,0.,0.));
#9738 = DIRECTION('',(0.,7.314590599883E-10,-1.));
#9739 = DEFINITIONAL_REPRESENTATION('',(#9740),#9744);
#9740 = LINE('',#9741,#9742);
#9741 = CARTESIAN_POINT('',(-6.5,7.5));
#9742 = VECTOR('',#9743,1.);
#9743 = DIRECTION('',(0.,-1.));
#9744 = ( GEOMETRIC_REPRESENTATION_CONTEXT(2) 
PARAMETRIC_REPRESENTATION_CONTEXT() REPRESENTATION_CONTEXT('2D SPACE',''
  ) );
#9745 = ORIENTED_EDGE('',*,*,#9746,.T.);
#9746 = EDGE_CURVE('',#9719,#9532,#9747,.T.);
#9747 = SURFACE_CURVE('',#9748,(#9752,#9759),.PCURVE_S1.);
#9748 = LINE('',#9749,#9750);
#9749 = CARTESIAN_POINT('',(49.25,118.68909929975,-137.3999998585));
#9750 = VECTOR('',#9751,1.);
#9751 = DIRECTION('',(1.,0.,0.));
#9752 = PCURVE('',#9288,#9753);
#9753 = DEFINITIONAL_REPRESENTATION('',(#9754),#9758);
#9754 = LINE('',#9755,#9756);
#9755 = CARTESIAN_POINT('',(-16.75,21.891270261393));
#9756 = VECTOR('',#9757,1.);
#9757 = DIRECTION('',(-1.,0.));
#9758 = ( GEOMETRIC_REPRESENTATION_CONTEXT(2) 
PARAMETRIC_REPRESENTATION_CONTEXT() REPRESENTATION_CONTEXT('2D SPACE',''
  ) );
#9759 = PCURVE('',#9760,#9765);
#9760 = PLANE('',#9761);
#9761 = AXIS2_PLACEMENT_3D('',#9762,#9763,#9764);
#9762 = CARTESIAN_POINT('',(65.,118.68909929975,-137.3999998585));
#9763 = DIRECTION('',(0.,-0.707106780669,-0.707106781704));
#9764 = DIRECTION('',(0.,0.707106781704,-0.707106780669));
#9765 = DEFINITIONAL_REPRESENTATION('',(#9766),#9770);
#9766 = LINE('',#9767,#9768);
#9767 = CARTESIAN_POINT('',(0.,-15.75));
#9768 = VECTOR('',#9769,1.);
#9769 = DIRECTION('',(0.,1.));
#9770 = ( GEOMETRIC_REPRESENTATION_CONTEXT(2) 
PARAMETRIC_REPRESENTATION_CONTEXT() REPRESENTATION_CONTEXT('2D SPACE',''
  ) );
#9771 = ADVANCED_FACE('',(#9772),#9260,.F.);
#9772 = FACE_BOUND('',#9773,.F.);
#9773 = EDGE_LOOP('',(#9774,#9775,#9798,#9819));
#9774 = ORIENTED_EDGE('',*,*,#9244,.T.);
#9775 = ORIENTED_EDGE('',*,*,#9776,.T.);
#9776 = EDGE_CURVE('',#9217,#9777,#9779,.T.);
#9777 = VERTEX_POINT('',#9778);
#9778 = CARTESIAN_POINT('',(49.25,111.18909930414,-143.399999864));
#9779 = SURFACE_CURVE('',#9780,(#9784,#9791),.PCURVE_S1.);
#9780 = LINE('',#9781,#9782);
#9781 = CARTESIAN_POINT('',(15.75,111.18909930414,-143.399999864));
#9782 = VECTOR('',#9783,1.);
#9783 = DIRECTION('',(1.,0.,0.));
#9784 = PCURVE('',#9260,#9785);
#9785 = DEFINITIONAL_REPRESENTATION('',(#9786),#9790);
#9786 = LINE('',#9787,#9788);
#9787 = CARTESIAN_POINT('',(0.,-6.));
#9788 = VECTOR('',#9789,1.);
#9789 = DIRECTION('',(1.,0.));
#9790 = ( GEOMETRIC_REPRESENTATION_CONTEXT(2) 
PARAMETRIC_REPRESENTATION_CONTEXT() REPRESENTATION_CONTEXT('2D SPACE',''
  ) );
#9791 = PCURVE('',#9232,#9792);
#9792 = DEFINITIONAL_REPRESENTATION('',(#9793),#9797);
#9793 = LINE('',#9794,#9795);
#9794 = CARTESIAN_POINT('',(16.75,14.391270261393));
#9795 = VECTOR('',#9796,1.);
#9796 = DIRECTION('',(-1.,0.));
#9797 = ( GEOMETRIC_REPRESENTATION_CONTEXT(2) 
PARAMETRIC_REPRESENTATION_CONTEXT() REPRESENTATION_CONTEXT('2D SPACE',''
  ) );
#9798 = ORIENTED_EDGE('',*,*,#9799,.F.);
#9799 = EDGE_CURVE('',#9696,#9777,#9800,.T.);
#9800 = SURFACE_CURVE('',#9801,(#9805,#9812),.PCURVE_S1.);
#9801 = LINE('',#9802,#9803);
#9802 = CARTESIAN_POINT('',(49.25,111.18909929975,-137.399999864));
#9803 = VECTOR('',#9804,1.);
#9804 = DIRECTION('',(0.,7.314590599883E-10,-1.));
#9805 = PCURVE('',#9260,#9806);
#9806 = DEFINITIONAL_REPRESENTATION('',(#9807),#9811);
#9807 = LINE('',#9808,#9809);
#9808 = CARTESIAN_POINT('',(33.5,0.));
#9809 = VECTOR('',#9810,1.);
#9810 = DIRECTION('',(0.,-1.));
#9811 = ( GEOMETRIC_REPRESENTATION_CONTEXT(2) 
PARAMETRIC_REPRESENTATION_CONTEXT() REPRESENTATION_CONTEXT('2D SPACE',''
  ) );
#9812 = PCURVE('',#9734,#9813);
#9813 = DEFINITIONAL_REPRESENTATION('',(#9814),#9818);
#9814 = LINE('',#9815,#9816);
#9815 = CARTESIAN_POINT('',(-6.5,7.5));
#9816 = VECTOR('',#9817,1.);
#9817 = DIRECTION('',(1.,0.));
#9818 = ( GEOMETRIC_REPRESENTATION_CONTEXT(2) 
PARAMETRIC_REPRESENTATION_CONTEXT() REPRESENTATION_CONTEXT('2D SPACE',''
  ) );
#9819 = ORIENTED_EDGE('',*,*,#9695,.F.);
#9820 = ADVANCED_FACE('',(#9821),#9232,.T.);
#9821 = FACE_BOUND('',#9822,.T.);
#9822 = EDGE_LOOP('',(#9823,#9851,#9874,#9897,#9920,#9948,#9971,#9992,
    #9993,#9994,#9995,#9996));
#9823 = ORIENTED_EDGE('',*,*,#9824,.T.);
#9824 = EDGE_CURVE('',#9825,#9827,#9829,.T.);
#9825 = VERTEX_POINT('',#9826);
#9826 = CARTESIAN_POINT('',(49.25,113.68909930414,-143.3999998621));
#9827 = VERTEX_POINT('',#9828);
#9828 = CARTESIAN_POINT('',(65.,113.68909930414,-143.3999998621));
#9829 = SURFACE_CURVE('',#9830,(#9834,#9840),.PCURVE_S1.);
#9830 = LINE('',#9831,#9832);
#9831 = CARTESIAN_POINT('',(48.75,113.68909930414,-143.3999998621));
#9832 = VECTOR('',#9833,1.);
#9833 = DIRECTION('',(1.,0.,-0.));
#9834 = PCURVE('',#9232,#9835);
#9835 = DEFINITIONAL_REPRESENTATION('',(#9836),#9839);
#9836 = B_SPLINE_CURVE_WITH_KNOTS('',1,(#9837,#9838),.UNSPECIFIED.,.F.,
  .F.,(2,2),(0.5,16.25),.PIECEWISE_BEZIER_KNOTS.);
#9837 = CARTESIAN_POINT('',(-16.75,16.891270261393));
#9838 = CARTESIAN_POINT('',(-32.5,16.891270261393));
#9839 = ( GEOMETRIC_REPRESENTATION_CONTEXT(2) 
PARAMETRIC_REPRESENTATION_CONTEXT() REPRESENTATION_CONTEXT('2D SPACE',''
  ) );
#9840 = PCURVE('',#9841,#9846);
#9841 = PLANE('',#9842);
#9842 = AXIS2_PLACEMENT_3D('',#9843,#9844,#9845);
#9843 = CARTESIAN_POINT('',(65.,113.6890993056,-145.3999998621));
#9844 = DIRECTION('',(0.,1.,7.314590599883E-10));
#9845 = DIRECTION('',(0.,-7.314590599883E-10,1.));
#9846 = DEFINITIONAL_REPRESENTATION('',(#9847),#9850);
#9847 = B_SPLINE_CURVE_WITH_KNOTS('',1,(#9848,#9849),.UNSPECIFIED.,.F.,
  .F.,(2,2),(0.5,16.25),.PIECEWISE_BEZIER_KNOTS.);
#9848 = CARTESIAN_POINT('',(2.,-15.75));
#9849 = CARTESIAN_POINT('',(2.,0.));
#9850 = ( GEOMETRIC_REPRESENTATION_CONTEXT(2) 
PARAMETRIC_REPRESENTATION_CONTEXT() REPRESENTATION_CONTEXT('2D SPACE',''
  ) );
#9851 = ORIENTED_EDGE('',*,*,#9852,.T.);
#9852 = EDGE_CURVE('',#9827,#9853,#9855,.T.);
#9853 = VERTEX_POINT('',#9854);
#9854 = CARTESIAN_POINT('',(65.,91.939099304141,-143.3999998781));
#9855 = SURFACE_CURVE('',#9856,(#9860,#9867),.PCURVE_S1.);
#9856 = LINE('',#9857,#9858);
#9857 = CARTESIAN_POINT('',(65.,118.68909930414,-143.3999998585));
#9858 = VECTOR('',#9859,1.);
#9859 = DIRECTION('',(0.,-1.,-7.314590599883E-10));
#9860 = PCURVE('',#9232,#9861);
#9861 = DEFINITIONAL_REPRESENTATION('',(#9862),#9866);
#9862 = LINE('',#9863,#9864);
#9863 = CARTESIAN_POINT('',(-32.5,21.891270261393));
#9864 = VECTOR('',#9865,1.);
#9865 = DIRECTION('',(0.,-1.));
#9866 = ( GEOMETRIC_REPRESENTATION_CONTEXT(2) 
PARAMETRIC_REPRESENTATION_CONTEXT() REPRESENTATION_CONTEXT('2D SPACE',''
  ) );
#9867 = PCURVE('',#9549,#9868);
#9868 = DEFINITIONAL_REPRESENTATION('',(#9869),#9873);
#9869 = LINE('',#9870,#9871);
#9870 = CARTESIAN_POINT('',(-0.5,0.));
#9871 = VECTOR('',#9872,1.);
#9872 = DIRECTION('',(0.,1.));
#9873 = ( GEOMETRIC_REPRESENTATION_CONTEXT(2) 
PARAMETRIC_REPRESENTATION_CONTEXT() REPRESENTATION_CONTEXT('2D SPACE',''
  ) );
#9874 = ORIENTED_EDGE('',*,*,#9875,.T.);
#9875 = EDGE_CURVE('',#9853,#9876,#9878,.T.);
#9876 = VERTEX_POINT('',#9877);
#9877 = CARTESIAN_POINT('',(48.75,75.689099304141,-143.3999998899));
#9878 = SURFACE_CURVE('',#9879,(#9883,#9890),.PCURVE_S1.);
#9879 = LINE('',#9880,#9881);
#9880 = CARTESIAN_POINT('',(65.,91.939099304141,-143.3999998781));
#9881 = VECTOR('',#9882,1.);
#9882 = DIRECTION('',(-0.707106781187,-0.707106781187,
    -5.172196614781E-10));
#9883 = PCURVE('',#9232,#9884);
#9884 = DEFINITIONAL_REPRESENTATION('',(#9885),#9889);
#9885 = LINE('',#9886,#9887);
#9886 = CARTESIAN_POINT('',(-32.5,-4.858729738607));
#9887 = VECTOR('',#9888,1.);
#9888 = DIRECTION('',(0.707106781187,-0.707106781187));
#9889 = ( GEOMETRIC_REPRESENTATION_CONTEXT(2) 
PARAMETRIC_REPRESENTATION_CONTEXT() REPRESENTATION_CONTEXT('2D SPACE',''
  ) );
#9890 = PCURVE('',#9577,#9891);
#9891 = DEFINITIONAL_REPRESENTATION('',(#9892),#9896);
#9892 = LINE('',#9893,#9894);
#9893 = CARTESIAN_POINT('',(0.,-6.));
#9894 = VECTOR('',#9895,1.);
#9895 = DIRECTION('',(1.,0.));
#9896 = ( GEOMETRIC_REPRESENTATION_CONTEXT(2) 
PARAMETRIC_REPRESENTATION_CONTEXT() REPRESENTATION_CONTEXT('2D SPACE',''
  ) );
#9897 = ORIENTED_EDGE('',*,*,#9898,.T.);
#9898 = EDGE_CURVE('',#9876,#9899,#9901,.T.);
#9899 = VERTEX_POINT('',#9900);
#9900 = CARTESIAN_POINT('',(48.75,68.189099304141,-143.3999998954));
#9901 = SURFACE_CURVE('',#9902,(#9906,#9913),.PCURVE_S1.);
#9902 = LINE('',#9903,#9904);
#9903 = CARTESIAN_POINT('',(48.75,75.689099304141,-143.3999998899));
#9904 = VECTOR('',#9905,1.);
#9905 = DIRECTION('',(0.,-1.,-7.314590599883E-10));
#9906 = PCURVE('',#9232,#9907);
#9907 = DEFINITIONAL_REPRESENTATION('',(#9908),#9912);
#9908 = LINE('',#9909,#9910);
#9909 = CARTESIAN_POINT('',(-16.25,-21.1087297386));
#9910 = VECTOR('',#9911,1.);
#9911 = DIRECTION('',(0.,-1.));
#9912 = ( GEOMETRIC_REPRESENTATION_CONTEXT(2) 
PARAMETRIC_REPRESENTATION_CONTEXT() REPRESENTATION_CONTEXT('2D SPACE',''
  ) );
#9913 = PCURVE('',#9605,#9914);
#9914 = DEFINITIONAL_REPRESENTATION('',(#9915),#9919);
#9915 = LINE('',#9916,#9917);
#9916 = CARTESIAN_POINT('',(0.,-6.));
#9917 = VECTOR('',#9918,1.);
#9918 = DIRECTION('',(1.,0.));
#9919 = ( GEOMETRIC_REPRESENTATION_CONTEXT(2) 
PARAMETRIC_REPRESENTATION_CONTEXT() REPRESENTATION_CONTEXT('2D SPACE',''
  ) );
#9920 = ORIENTED_EDGE('',*,*,#9921,.T.);
#9921 = EDGE_CURVE('',#9899,#9922,#9924,.T.);
#9922 = VERTEX_POINT('',#9923);
#9923 = CARTESIAN_POINT('',(16.25,68.189099304141,-143.3999998954));
#9924 = SURFACE_CURVE('',#9925,(#9929,#9936),.PCURVE_S1.);
#9925 = LINE('',#9926,#9927);
#9926 = CARTESIAN_POINT('',(48.75,68.189099304141,-143.3999998954));
#9927 = VECTOR('',#9928,1.);
#9928 = DIRECTION('',(-1.,0.,0.));
#9929 = PCURVE('',#9232,#9930);
#9930 = DEFINITIONAL_REPRESENTATION('',(#9931),#9935);
#9931 = LINE('',#9932,#9933);
#9932 = CARTESIAN_POINT('',(-16.25,-28.6087297386));
#9933 = VECTOR('',#9934,1.);
#9934 = DIRECTION('',(1.,0.));
#9935 = ( GEOMETRIC_REPRESENTATION_CONTEXT(2) 
PARAMETRIC_REPRESENTATION_CONTEXT() REPRESENTATION_CONTEXT('2D SPACE',''
  ) );
#9936 = PCURVE('',#9937,#9942);
#9937 = PLANE('',#9938);
#9938 = AXIS2_PLACEMENT_3D('',#9939,#9940,#9941);
#9939 = CARTESIAN_POINT('',(48.75,68.189099304141,-143.3999998954));
#9940 = DIRECTION('',(0.,0.707106780669,0.707106781704));
#9941 = DIRECTION('',(-0.,-0.707106781704,0.707106780669));
#9942 = DEFINITIONAL_REPRESENTATION('',(#9943),#9947);
#9943 = LINE('',#9944,#9945);
#9944 = CARTESIAN_POINT('',(0.,0.));
#9945 = VECTOR('',#9946,1.);
#9946 = DIRECTION('',(0.,-1.));
#9947 = ( GEOMETRIC_REPRESENTATION_CONTEXT(2) 
PARAMETRIC_REPRESENTATION_CONTEXT() REPRESENTATION_CONTEXT('2D SPACE',''
  ) );
#9948 = ORIENTED_EDGE('',*,*,#9949,.T.);
#9949 = EDGE_CURVE('',#9922,#9950,#9952,.T.);
#9950 = VERTEX_POINT('',#9951);
#9951 = CARTESIAN_POINT('',(16.25,75.689099304141,-143.3999998899));
#9952 = SURFACE_CURVE('',#9953,(#9957,#9964),.PCURVE_S1.);
#9953 = LINE('',#9954,#9955);
#9954 = CARTESIAN_POINT('',(16.25,68.189099304141,-143.3999998954));
#9955 = VECTOR('',#9956,1.);
#9956 = DIRECTION('',(0.,1.,7.314590599883E-10));
#9957 = PCURVE('',#9232,#9958);
#9958 = DEFINITIONAL_REPRESENTATION('',(#9959),#9963);
#9959 = LINE('',#9960,#9961);
#9960 = CARTESIAN_POINT('',(16.25,-28.6087297386));
#9961 = VECTOR('',#9962,1.);
#9962 = DIRECTION('',(0.,1.));
#9963 = ( GEOMETRIC_REPRESENTATION_CONTEXT(2) 
PARAMETRIC_REPRESENTATION_CONTEXT() REPRESENTATION_CONTEXT('2D SPACE',''
  ) );
#9964 = PCURVE('',#9659,#9965);
#9965 = DEFINITIONAL_REPRESENTATION('',(#9966),#9970);
#9966 = LINE('',#9967,#9968);
#9967 = CARTESIAN_POINT('',(0.,-6.));
#9968 = VECTOR('',#9969,1.);
#9969 = DIRECTION('',(1.,0.));
#9970 = ( GEOMETRIC_REPRESENTATION_CONTEXT(2) 
PARAMETRIC_REPRESENTATION_CONTEXT() REPRESENTATION_CONTEXT('2D SPACE',''
  ) );
#9971 = ORIENTED_EDGE('',*,*,#9972,.T.);
#9972 = EDGE_CURVE('',#9950,#9382,#9973,.T.);
#9973 = SURFACE_CURVE('',#9974,(#9978,#9985),.PCURVE_S1.);
#9974 = LINE('',#9975,#9976);
#9975 = CARTESIAN_POINT('',(16.25,75.689099304141,-143.3999998899));
#9976 = VECTOR('',#9977,1.);
#9977 = DIRECTION('',(-0.707106781187,0.707106781187,5.172196614781E-10)
  );
#9978 = PCURVE('',#9232,#9979);
#9979 = DEFINITIONAL_REPRESENTATION('',(#9980),#9984);
#9980 = LINE('',#9981,#9982);
#9981 = CARTESIAN_POINT('',(16.25,-21.1087297386));
#9982 = VECTOR('',#9983,1.);
#9983 = DIRECTION('',(0.707106781187,0.707106781187));
#9984 = ( GEOMETRIC_REPRESENTATION_CONTEXT(2) 
PARAMETRIC_REPRESENTATION_CONTEXT() REPRESENTATION_CONTEXT('2D SPACE',''
  ) );
#9985 = PCURVE('',#9420,#9986);
#9986 = DEFINITIONAL_REPRESENTATION('',(#9987),#9991);
#9987 = LINE('',#9988,#9989);
#9988 = CARTESIAN_POINT('',(0.,-6.));
#9989 = VECTOR('',#9990,1.);
#9990 = DIRECTION('',(1.,0.));
#9991 = ( GEOMETRIC_REPRESENTATION_CONTEXT(2) 
PARAMETRIC_REPRESENTATION_CONTEXT() REPRESENTATION_CONTEXT('2D SPACE',''
  ) );
#9992 = ORIENTED_EDGE('',*,*,#9381,.T.);
#9993 = ORIENTED_EDGE('',*,*,#9509,.T.);
#9994 = ORIENTED_EDGE('',*,*,#9216,.T.);
#9995 = ORIENTED_EDGE('',*,*,#9776,.T.);
#9996 = ORIENTED_EDGE('',*,*,#9997,.T.);
#9997 = EDGE_CURVE('',#9777,#9825,#9998,.T.);
#9998 = SURFACE_CURVE('',#9999,(#10003,#10010),.PCURVE_S1.);
#9999 = LINE('',#10000,#10001);
#10000 = CARTESIAN_POINT('',(49.25,111.18909930414,-143.399999864));
#10001 = VECTOR('',#10002,1.);
#10002 = DIRECTION('',(0.,1.,7.314590599883E-10));
#10003 = PCURVE('',#9232,#10004);
#10004 = DEFINITIONAL_REPRESENTATION('',(#10005),#10009);
#10005 = LINE('',#10006,#10007);
#10006 = CARTESIAN_POINT('',(-16.75,14.391270261393));
#10007 = VECTOR('',#10008,1.);
#10008 = DIRECTION('',(0.,1.));
#10009 = ( GEOMETRIC_REPRESENTATION_CONTEXT(2) 
PARAMETRIC_REPRESENTATION_CONTEXT() REPRESENTATION_CONTEXT('2D SPACE',''
  ) );
#10010 = PCURVE('',#9734,#10011);
#10011 = DEFINITIONAL_REPRESENTATION('',(#10012),#10016);
#10012 = LINE('',#10013,#10014);
#10013 = CARTESIAN_POINT('',(-0.5,7.5));
#10014 = VECTOR('',#10015,1.);
#10015 = DIRECTION('',(0.,-1.));
#10016 = ( GEOMETRIC_REPRESENTATION_CONTEXT(2) 
PARAMETRIC_REPRESENTATION_CONTEXT() REPRESENTATION_CONTEXT('2D SPACE',''
  ) );
#10017 = ADVANCED_FACE('',(#10018),#9340,.F.);
#10018 = FACE_BOUND('',#10019,.F.);
#10019 = EDGE_LOOP('',(#10020,#10043,#10044));
#10020 = ORIENTED_EDGE('',*,*,#10021,.T.);
#10021 = EDGE_CURVE('',#9324,#10022,#10024,.T.);
#10022 = VERTEX_POINT('',#10023);
#10023 = CARTESIAN_POINT('',(12.184314575051,118.6890993045,
    -143.8999998585));
#10024 = SEAM_CURVE('',#10025,(#10029,#10036),.PCURVE_S1.);
#10025 = LINE('',#10026,#10027);
#10026 = CARTESIAN_POINT('',(16.25,118.68909930748,-147.9656852834));
#10027 = VECTOR('',#10028,1.);
#10028 = DIRECTION('',(-0.707106781187,-5.172198346693E-10,
    0.707106781187));
#10029 = PCURVE('',#9340,#10030);
#10030 = DEFINITIONAL_REPRESENTATION('',(#10031),#10035);
#10031 = LINE('',#10032,#10033);
#10032 = CARTESIAN_POINT('',(-6.28318530718,0.));
#10033 = VECTOR('',#10034,1.);
#10034 = DIRECTION('',(-0.,-1.));
#10035 = ( GEOMETRIC_REPRESENTATION_CONTEXT(2) 
PARAMETRIC_REPRESENTATION_CONTEXT() REPRESENTATION_CONTEXT('2D SPACE',''
  ) );
#10036 = PCURVE('',#9340,#10037);
#10037 = DEFINITIONAL_REPRESENTATION('',(#10038),#10042);
#10038 = LINE('',#10039,#10040);
#10039 = CARTESIAN_POINT('',(0.,-0.));
#10040 = VECTOR('',#10041,1.);
#10041 = DIRECTION('',(-0.,-1.));
#10042 = ( GEOMETRIC_REPRESENTATION_CONTEXT(2) 
PARAMETRIC_REPRESENTATION_CONTEXT() REPRESENTATION_CONTEXT('2D SPACE',''
  ) );
#10043 = ORIENTED_EDGE('',*,*,#10021,.F.);
#10044 = ORIENTED_EDGE('',*,*,#9323,.T.);
#10045 = ADVANCED_FACE('',(#10046),#9420,.F.);
#10046 = FACE_BOUND('',#10047,.F.);
#10047 = EDGE_LOOP('',(#10048,#10069,#10070,#10071));
#10048 = ORIENTED_EDGE('',*,*,#10049,.T.);
#10049 = EDGE_CURVE('',#9644,#9950,#10050,.T.);
#10050 = SURFACE_CURVE('',#10051,(#10055,#10062),.PCURVE_S1.);
#10051 = LINE('',#10052,#10053);
#10052 = CARTESIAN_POINT('',(16.25,75.689099299752,-137.3999998899));
#10053 = VECTOR('',#10054,1.);
#10054 = DIRECTION('',(0.,7.314590599883E-10,-1.));
#10055 = PCURVE('',#9420,#10056);
#10056 = DEFINITIONAL_REPRESENTATION('',(#10057),#10061);
#10057 = LINE('',#10058,#10059);
#10058 = CARTESIAN_POINT('',(0.,0.));
#10059 = VECTOR('',#10060,1.);
#10060 = DIRECTION('',(0.,-1.));
#10061 = ( GEOMETRIC_REPRESENTATION_CONTEXT(2) 
PARAMETRIC_REPRESENTATION_CONTEXT() REPRESENTATION_CONTEXT('2D SPACE',''
  ) );
#10062 = PCURVE('',#9659,#10063);
#10063 = DEFINITIONAL_REPRESENTATION('',(#10064),#10068);
#10064 = LINE('',#10065,#10066);
#10065 = CARTESIAN_POINT('',(7.5,0.));
#10066 = VECTOR('',#10067,1.);
#10067 = DIRECTION('',(0.,-1.));
#10068 = ( GEOMETRIC_REPRESENTATION_CONTEXT(2) 
PARAMETRIC_REPRESENTATION_CONTEXT() REPRESENTATION_CONTEXT('2D SPACE',''
  ) );
#10069 = ORIENTED_EDGE('',*,*,#9972,.T.);
#10070 = ORIENTED_EDGE('',*,*,#9404,.F.);
#10071 = ORIENTED_EDGE('',*,*,#9671,.F.);
#10072 = ADVANCED_FACE('',(#10073),#9549,.F.);
#10073 = FACE_BOUND('',#10074,.F.);
#10074 = EDGE_LOOP('',(#10075,#10105,#10133,#10161,#10182,#10183,#10204,
    #10205));
#10075 = ORIENTED_EDGE('',*,*,#10076,.T.);
#10076 = EDGE_CURVE('',#10077,#10079,#10081,.T.);
#10077 = VERTEX_POINT('',#10078);
#10078 = CARTESIAN_POINT('',(65.,123.6890993034,-142.3999998548));
#10079 = VERTEX_POINT('',#10080);
#10080 = CARTESIAN_POINT('',(65.,123.6890993056,-145.3999998548));
#10081 = SURFACE_CURVE('',#10082,(#10086,#10093),.PCURVE_S1.);
#10082 = LINE('',#10083,#10084);
#10083 = CARTESIAN_POINT('',(65.,123.6890993034,-142.3999998548));
#10084 = VECTOR('',#10085,1.);
#10085 = DIRECTION('',(0.,7.314590599883E-10,-1.));
#10086 = PCURVE('',#9549,#10087);
#10087 = DEFINITIONAL_REPRESENTATION('',(#10088),#10092);
#10088 = LINE('',#10089,#10090);
#10089 = CARTESIAN_POINT('',(-1.5,-5.));
#10090 = VECTOR('',#10091,1.);
#10091 = DIRECTION('',(1.,0.));
#10092 = ( GEOMETRIC_REPRESENTATION_CONTEXT(2) 
PARAMETRIC_REPRESENTATION_CONTEXT() REPRESENTATION_CONTEXT('2D SPACE',''
  ) );
#10093 = PCURVE('',#10094,#10099);
#10094 = PLANE('',#10095);
#10095 = AXIS2_PLACEMENT_3D('',#10096,#10097,#10098);
#10096 = CARTESIAN_POINT('',(65.,123.6890993034,-142.3999998548));
#10097 = DIRECTION('',(0.,-1.,-7.314590599883E-10));
#10098 = DIRECTION('',(0.,7.314590599883E-10,-1.));
#10099 = DEFINITIONAL_REPRESENTATION('',(#10100),#10104);
#10100 = LINE('',#10101,#10102);
#10101 = CARTESIAN_POINT('',(0.,0.));
#10102 = VECTOR('',#10103,1.);
#10103 = DIRECTION('',(1.,0.));
#10104 = ( GEOMETRIC_REPRESENTATION_CONTEXT(2) 
PARAMETRIC_REPRESENTATION_CONTEXT() REPRESENTATION_CONTEXT('2D SPACE',''
  ) );
#10105 = ORIENTED_EDGE('',*,*,#10106,.T.);
#10106 = EDGE_CURVE('',#10079,#10107,#10109,.T.);
#10107 = VERTEX_POINT('',#10108);
#10108 = CARTESIAN_POINT('',(65.,118.68909930926,-150.3999998585));
#10109 = SURFACE_CURVE('',#10110,(#10114,#10121),.PCURVE_S1.);
#10110 = LINE('',#10111,#10112);
#10111 = CARTESIAN_POINT('',(65.,123.6890993056,-145.3999998548));
#10112 = VECTOR('',#10113,1.);
#10113 = DIRECTION('',(0.,-0.707106780669,-0.707106781704));
#10114 = PCURVE('',#9549,#10115);
#10115 = DEFINITIONAL_REPRESENTATION('',(#10116),#10120);
#10116 = LINE('',#10117,#10118);
#10117 = CARTESIAN_POINT('',(1.5,-5.));
#10118 = VECTOR('',#10119,1.);
#10119 = DIRECTION('',(0.707106781187,0.707106781187));
#10120 = ( GEOMETRIC_REPRESENTATION_CONTEXT(2) 
PARAMETRIC_REPRESENTATION_CONTEXT() REPRESENTATION_CONTEXT('2D SPACE',''
  ) );
#10121 = PCURVE('',#10122,#10127);
#10122 = PLANE('',#10123);
#10123 = AXIS2_PLACEMENT_3D('',#10124,#10125,#10126);
#10124 = CARTESIAN_POINT('',(65.,123.6890993056,-145.3999998548));
#10125 = DIRECTION('',(-0.,-0.707106781704,0.707106780669));
#10126 = DIRECTION('',(0.,-0.707106780669,-0.707106781704));
#10127 = DEFINITIONAL_REPRESENTATION('',(#10128),#10132);
#10128 = LINE('',#10129,#10130);
#10129 = CARTESIAN_POINT('',(0.,0.));
#10130 = VECTOR('',#10131,1.);
#10131 = DIRECTION('',(1.,0.));
#10132 = ( GEOMETRIC_REPRESENTATION_CONTEXT(2) 
PARAMETRIC_REPRESENTATION_CONTEXT() REPRESENTATION_CONTEXT('2D SPACE',''
  ) );
#10133 = ORIENTED_EDGE('',*,*,#10134,.T.);
#10134 = EDGE_CURVE('',#10107,#10135,#10137,.T.);
#10135 = VERTEX_POINT('',#10136);
#10136 = CARTESIAN_POINT('',(65.,113.6890993056,-145.3999998621));
#10137 = SURFACE_CURVE('',#10138,(#10142,#10149),.PCURVE_S1.);
#10138 = LINE('',#10139,#10140);
#10139 = CARTESIAN_POINT('',(65.,118.68909930926,-150.3999998585));
#10140 = VECTOR('',#10141,1.);
#10141 = DIRECTION('',(-0.,-0.707106781704,0.707106780669));
#10142 = PCURVE('',#9549,#10143);
#10143 = DEFINITIONAL_REPRESENTATION('',(#10144),#10148);
#10144 = LINE('',#10145,#10146);
#10145 = CARTESIAN_POINT('',(6.5,0.));
#10146 = VECTOR('',#10147,1.);
#10147 = DIRECTION('',(-0.707106781187,0.707106781187));
#10148 = ( GEOMETRIC_REPRESENTATION_CONTEXT(2) 
PARAMETRIC_REPRESENTATION_CONTEXT() REPRESENTATION_CONTEXT('2D SPACE',''
  ) );
#10149 = PCURVE('',#10150,#10155);
#10150 = PLANE('',#10151);
#10151 = AXIS2_PLACEMENT_3D('',#10152,#10153,#10154);
#10152 = CARTESIAN_POINT('',(65.,118.68909930926,-150.3999998585));
#10153 = DIRECTION('',(0.,0.707106780669,0.707106781704));
#10154 = DIRECTION('',(-0.,-0.707106781704,0.707106780669));
#10155 = DEFINITIONAL_REPRESENTATION('',(#10156),#10160);
#10156 = LINE('',#10157,#10158);
#10157 = CARTESIAN_POINT('',(0.,0.));
#10158 = VECTOR('',#10159,1.);
#10159 = DIRECTION('',(1.,0.));
#10160 = ( GEOMETRIC_REPRESENTATION_CONTEXT(2) 
PARAMETRIC_REPRESENTATION_CONTEXT() REPRESENTATION_CONTEXT('2D SPACE',''
  ) );
#10161 = ORIENTED_EDGE('',*,*,#10162,.T.);
#10162 = EDGE_CURVE('',#10135,#9827,#10163,.T.);
#10163 = SURFACE_CURVE('',#10164,(#10168,#10175),.PCURVE_S1.);
#10164 = LINE('',#10165,#10166);
#10165 = CARTESIAN_POINT('',(65.,113.6890993056,-145.3999998621));
#10166 = VECTOR('',#10167,1.);
#10167 = DIRECTION('',(0.,-7.314590599883E-10,1.));
#10168 = PCURVE('',#9549,#10169);
#10169 = DEFINITIONAL_REPRESENTATION('',(#10170),#10174);
#10170 = LINE('',#10171,#10172);
#10171 = CARTESIAN_POINT('',(1.5,5.));
#10172 = VECTOR('',#10173,1.);
#10173 = DIRECTION('',(-1.,0.));
#10174 = ( GEOMETRIC_REPRESENTATION_CONTEXT(2) 
PARAMETRIC_REPRESENTATION_CONTEXT() REPRESENTATION_CONTEXT('2D SPACE',''
  ) );
#10175 = PCURVE('',#9841,#10176);
#10176 = DEFINITIONAL_REPRESENTATION('',(#10177),#10181);
#10177 = LINE('',#10178,#10179);
#10178 = CARTESIAN_POINT('',(0.,0.));
#10179 = VECTOR('',#10180,1.);
#10180 = DIRECTION('',(1.,0.));
#10181 = ( GEOMETRIC_REPRESENTATION_CONTEXT(2) 
PARAMETRIC_REPRESENTATION_CONTEXT() REPRESENTATION_CONTEXT('2D SPACE',''
  ) );
#10182 = ORIENTED_EDGE('',*,*,#9852,.T.);
#10183 = ORIENTED_EDGE('',*,*,#10184,.F.);
#10184 = EDGE_CURVE('',#9534,#9853,#10185,.T.);
#10185 = SURFACE_CURVE('',#10186,(#10190,#10197),.PCURVE_S1.);
#10186 = LINE('',#10187,#10188);
#10187 = CARTESIAN_POINT('',(65.,91.939099299752,-137.3999998781));
#10188 = VECTOR('',#10189,1.);
#10189 = DIRECTION('',(0.,7.314590599883E-10,-1.));
#10190 = PCURVE('',#9549,#10191);
#10191 = DEFINITIONAL_REPRESENTATION('',(#10192),#10196);
#10192 = LINE('',#10193,#10194);
#10193 = CARTESIAN_POINT('',(-6.5,26.75));
#10194 = VECTOR('',#10195,1.);
#10195 = DIRECTION('',(1.,0.));
#10196 = ( GEOMETRIC_REPRESENTATION_CONTEXT(2) 
PARAMETRIC_REPRESENTATION_CONTEXT() REPRESENTATION_CONTEXT('2D SPACE',''
  ) );
#10197 = PCURVE('',#9577,#10198);
#10198 = DEFINITIONAL_REPRESENTATION('',(#10199),#10203);
#10199 = LINE('',#10200,#10201);
#10200 = CARTESIAN_POINT('',(0.,0.));
#10201 = VECTOR('',#10202,1.);
#10202 = DIRECTION('',(0.,-1.));
#10203 = ( GEOMETRIC_REPRESENTATION_CONTEXT(2) 
PARAMETRIC_REPRESENTATION_CONTEXT() REPRESENTATION_CONTEXT('2D SPACE',''
  ) );
#10204 = ORIENTED_EDGE('',*,*,#9531,.F.);
#10205 = ORIENTED_EDGE('',*,*,#10206,.T.);
#10206 = EDGE_CURVE('',#9532,#10077,#10207,.T.);
#10207 = SURFACE_CURVE('',#10208,(#10212,#10219),.PCURVE_S1.);
#10208 = LINE('',#10209,#10210);
#10209 = CARTESIAN_POINT('',(65.,118.68909929975,-137.3999998585));
#10210 = VECTOR('',#10211,1.);
#10211 = DIRECTION('',(0.,0.707106781704,-0.707106780669));
#10212 = PCURVE('',#9549,#10213);
#10213 = DEFINITIONAL_REPRESENTATION('',(#10214),#10218);
#10214 = LINE('',#10215,#10216);
#10215 = CARTESIAN_POINT('',(-6.5,0.));
#10216 = VECTOR('',#10217,1.);
#10217 = DIRECTION('',(0.707106781187,-0.707106781187));
#10218 = ( GEOMETRIC_REPRESENTATION_CONTEXT(2) 
PARAMETRIC_REPRESENTATION_CONTEXT() REPRESENTATION_CONTEXT('2D SPACE',''
  ) );
#10219 = PCURVE('',#9760,#10220);
#10220 = DEFINITIONAL_REPRESENTATION('',(#10221),#10225);
#10221 = LINE('',#10222,#10223);
#10222 = CARTESIAN_POINT('',(0.,0.));
#10223 = VECTOR('',#10224,1.);
#10224 = DIRECTION('',(1.,0.));
#10225 = ( GEOMETRIC_REPRESENTATION_CONTEXT(2) 
PARAMETRIC_REPRESENTATION_CONTEXT() REPRESENTATION_CONTEXT('2D SPACE',''
  ) );
#10226 = ADVANCED_FACE('',(#10227),#9760,.F.);
#10227 = FACE_BOUND('',#10228,.F.);
#10228 = EDGE_LOOP('',(#10229,#10230,#10253,#10274));
#10229 = ORIENTED_EDGE('',*,*,#9746,.F.);
#10230 = ORIENTED_EDGE('',*,*,#10231,.T.);
#10231 = EDGE_CURVE('',#9719,#10232,#10234,.T.);
#10232 = VERTEX_POINT('',#10233);
#10233 = CARTESIAN_POINT('',(49.25,123.6890993034,-142.3999998548));
#10234 = SURFACE_CURVE('',#10235,(#10239,#10246),.PCURVE_S1.);
#10235 = LINE('',#10236,#10237);
#10236 = CARTESIAN_POINT('',(49.25,118.68909929975,-137.3999998585));
#10237 = VECTOR('',#10238,1.);
#10238 = DIRECTION('',(0.,0.707106781704,-0.707106780669));
#10239 = PCURVE('',#9760,#10240);
#10240 = DEFINITIONAL_REPRESENTATION('',(#10241),#10245);
#10241 = LINE('',#10242,#10243);
#10242 = CARTESIAN_POINT('',(0.,-15.75));
#10243 = VECTOR('',#10244,1.);
#10244 = DIRECTION('',(1.,0.));
#10245 = ( GEOMETRIC_REPRESENTATION_CONTEXT(2) 
PARAMETRIC_REPRESENTATION_CONTEXT() REPRESENTATION_CONTEXT('2D SPACE',''
  ) );
#10246 = PCURVE('',#9734,#10247);
#10247 = DEFINITIONAL_REPRESENTATION('',(#10248),#10252);
#10248 = LINE('',#10249,#10250);
#10249 = CARTESIAN_POINT('',(-6.5,0.));
#10250 = VECTOR('',#10251,1.);
#10251 = DIRECTION('',(0.707106781187,-0.707106781187));
#10252 = ( GEOMETRIC_REPRESENTATION_CONTEXT(2) 
PARAMETRIC_REPRESENTATION_CONTEXT() REPRESENTATION_CONTEXT('2D SPACE',''
  ) );
#10253 = ORIENTED_EDGE('',*,*,#10254,.F.);
#10254 = EDGE_CURVE('',#10077,#10232,#10255,.T.);
#10255 = SURFACE_CURVE('',#10256,(#10260,#10267),.PCURVE_S1.);
#10256 = LINE('',#10257,#10258);
#10257 = CARTESIAN_POINT('',(65.,123.6890993034,-142.3999998548));
#10258 = VECTOR('',#10259,1.);
#10259 = DIRECTION('',(-1.,0.,0.));
#10260 = PCURVE('',#9760,#10261);
#10261 = DEFINITIONAL_REPRESENTATION('',(#10262),#10266);
#10262 = LINE('',#10263,#10264);
#10263 = CARTESIAN_POINT('',(7.071067811865,0.));
#10264 = VECTOR('',#10265,1.);
#10265 = DIRECTION('',(0.,-1.));
#10266 = ( GEOMETRIC_REPRESENTATION_CONTEXT(2) 
PARAMETRIC_REPRESENTATION_CONTEXT() REPRESENTATION_CONTEXT('2D SPACE',''
  ) );
#10267 = PCURVE('',#10094,#10268);
#10268 = DEFINITIONAL_REPRESENTATION('',(#10269),#10273);
#10269 = LINE('',#10270,#10271);
#10270 = CARTESIAN_POINT('',(0.,0.));
#10271 = VECTOR('',#10272,1.);
#10272 = DIRECTION('',(0.,-1.));
#10273 = ( GEOMETRIC_REPRESENTATION_CONTEXT(2) 
PARAMETRIC_REPRESENTATION_CONTEXT() REPRESENTATION_CONTEXT('2D SPACE',''
  ) );
#10274 = ORIENTED_EDGE('',*,*,#10206,.F.);
#10275 = ADVANCED_FACE('',(#10276,#10372),#9734,.T.);
#10276 = FACE_BOUND('',#10277,.T.);
#10277 = EDGE_LOOP('',(#10278,#10301,#10324,#10347,#10368,#10369,#10370,
    #10371));
#10278 = ORIENTED_EDGE('',*,*,#10279,.T.);
#10279 = EDGE_CURVE('',#10232,#10280,#10282,.T.);
#10280 = VERTEX_POINT('',#10281);
#10281 = CARTESIAN_POINT('',(49.25,123.6890993056,-145.3999998548));
#10282 = SURFACE_CURVE('',#10283,(#10287,#10294),.PCURVE_S1.);
#10283 = LINE('',#10284,#10285);
#10284 = CARTESIAN_POINT('',(49.25,123.6890993034,-142.3999998548));
#10285 = VECTOR('',#10286,1.);
#10286 = DIRECTION('',(0.,7.314590599883E-10,-1.));
#10287 = PCURVE('',#9734,#10288);
#10288 = DEFINITIONAL_REPRESENTATION('',(#10289),#10293);
#10289 = LINE('',#10290,#10291);
#10290 = CARTESIAN_POINT('',(-1.5,-5.));
#10291 = VECTOR('',#10292,1.);
#10292 = DIRECTION('',(1.,0.));
#10293 = ( GEOMETRIC_REPRESENTATION_CONTEXT(2) 
PARAMETRIC_REPRESENTATION_CONTEXT() REPRESENTATION_CONTEXT('2D SPACE',''
  ) );
#10294 = PCURVE('',#10094,#10295);
#10295 = DEFINITIONAL_REPRESENTATION('',(#10296),#10300);
#10296 = LINE('',#10297,#10298);
#10297 = CARTESIAN_POINT('',(0.,-15.75));
#10298 = VECTOR('',#10299,1.);
#10299 = DIRECTION('',(1.,0.));
#10300 = ( GEOMETRIC_REPRESENTATION_CONTEXT(2) 
PARAMETRIC_REPRESENTATION_CONTEXT() REPRESENTATION_CONTEXT('2D SPACE',''
  ) );
#10301 = ORIENTED_EDGE('',*,*,#10302,.T.);
#10302 = EDGE_CURVE('',#10280,#10303,#10305,.T.);
#10303 = VERTEX_POINT('',#10304);
#10304 = CARTESIAN_POINT('',(49.25,118.68909930926,-150.3999998585));
#10305 = SURFACE_CURVE('',#10306,(#10310,#10317),.PCURVE_S1.);
#10306 = LINE('',#10307,#10308);
#10307 = CARTESIAN_POINT('',(49.25,123.6890993056,-145.3999998548));
#10308 = VECTOR('',#10309,1.);
#10309 = DIRECTION('',(0.,-0.707106780669,-0.707106781704));
#10310 = PCURVE('',#9734,#10311);
#10311 = DEFINITIONAL_REPRESENTATION('',(#10312),#10316);
#10312 = LINE('',#10313,#10314);
#10313 = CARTESIAN_POINT('',(1.5,-5.));
#10314 = VECTOR('',#10315,1.);
#10315 = DIRECTION('',(0.707106781187,0.707106781187));
#10316 = ( GEOMETRIC_REPRESENTATION_CONTEXT(2) 
PARAMETRIC_REPRESENTATION_CONTEXT() REPRESENTATION_CONTEXT('2D SPACE',''
  ) );
#10317 = PCURVE('',#10122,#10318);
#10318 = DEFINITIONAL_REPRESENTATION('',(#10319),#10323);
#10319 = LINE('',#10320,#10321);
#10320 = CARTESIAN_POINT('',(0.,-15.75));
#10321 = VECTOR('',#10322,1.);
#10322 = DIRECTION('',(1.,0.));
#10323 = ( GEOMETRIC_REPRESENTATION_CONTEXT(2) 
PARAMETRIC_REPRESENTATION_CONTEXT() REPRESENTATION_CONTEXT('2D SPACE',''
  ) );
#10324 = ORIENTED_EDGE('',*,*,#10325,.T.);
#10325 = EDGE_CURVE('',#10303,#10326,#10328,.T.);
#10326 = VERTEX_POINT('',#10327);
#10327 = CARTESIAN_POINT('',(49.25,113.6890993056,-145.3999998621));
#10328 = SURFACE_CURVE('',#10329,(#10333,#10340),.PCURVE_S1.);
#10329 = LINE('',#10330,#10331);
#10330 = CARTESIAN_POINT('',(49.25,118.68909930926,-150.3999998585));
#10331 = VECTOR('',#10332,1.);
#10332 = DIRECTION('',(-0.,-0.707106781704,0.707106780669));
#10333 = PCURVE('',#9734,#10334);
#10334 = DEFINITIONAL_REPRESENTATION('',(#10335),#10339);
#10335 = LINE('',#10336,#10337);
#10336 = CARTESIAN_POINT('',(6.5,0.));
#10337 = VECTOR('',#10338,1.);
#10338 = DIRECTION('',(-0.707106781187,0.707106781187));
#10339 = ( GEOMETRIC_REPRESENTATION_CONTEXT(2) 
PARAMETRIC_REPRESENTATION_CONTEXT() REPRESENTATION_CONTEXT('2D SPACE',''
  ) );
#10340 = PCURVE('',#10150,#10341);
#10341 = DEFINITIONAL_REPRESENTATION('',(#10342),#10346);
#10342 = LINE('',#10343,#10344);
#10343 = CARTESIAN_POINT('',(0.,-15.75));
#10344 = VECTOR('',#10345,1.);
#10345 = DIRECTION('',(1.,0.));
#10346 = ( GEOMETRIC_REPRESENTATION_CONTEXT(2) 
PARAMETRIC_REPRESENTATION_CONTEXT() REPRESENTATION_CONTEXT('2D SPACE',''
  ) );
#10347 = ORIENTED_EDGE('',*,*,#10348,.T.);
#10348 = EDGE_CURVE('',#10326,#9825,#10349,.T.);
#10349 = SURFACE_CURVE('',#10350,(#10354,#10361),.PCURVE_S1.);
#10350 = LINE('',#10351,#10352);
#10351 = CARTESIAN_POINT('',(49.25,113.6890993056,-145.3999998621));
#10352 = VECTOR('',#10353,1.);
#10353 = DIRECTION('',(0.,-7.314590599883E-10,1.));
#10354 = PCURVE('',#9734,#10355);
#10355 = DEFINITIONAL_REPRESENTATION('',(#10356),#10360);
#10356 = LINE('',#10357,#10358);
#10357 = CARTESIAN_POINT('',(1.5,5.));
#10358 = VECTOR('',#10359,1.);
#10359 = DIRECTION('',(-1.,0.));
#10360 = ( GEOMETRIC_REPRESENTATION_CONTEXT(2) 
PARAMETRIC_REPRESENTATION_CONTEXT() REPRESENTATION_CONTEXT('2D SPACE',''
  ) );
#10361 = PCURVE('',#9841,#10362);
#10362 = DEFINITIONAL_REPRESENTATION('',(#10363),#10367);
#10363 = LINE('',#10364,#10365);
#10364 = CARTESIAN_POINT('',(0.,-15.75));
#10365 = VECTOR('',#10366,1.);
#10366 = DIRECTION('',(1.,0.));
#10367 = ( GEOMETRIC_REPRESENTATION_CONTEXT(2) 
PARAMETRIC_REPRESENTATION_CONTEXT() REPRESENTATION_CONTEXT('2D SPACE',''
  ) );
#10368 = ORIENTED_EDGE('',*,*,#9997,.F.);
#10369 = ORIENTED_EDGE('',*,*,#9799,.F.);
#10370 = ORIENTED_EDGE('',*,*,#9718,.T.);
#10371 = ORIENTED_EDGE('',*,*,#10231,.T.);
#10372 = FACE_BOUND('',#10373,.T.);
#10373 = EDGE_LOOP('',(#10374));
#10374 = ORIENTED_EDGE('',*,*,#10375,.T.);
#10375 = EDGE_CURVE('',#10376,#10376,#10378,.T.);
#10376 = VERTEX_POINT('',#10377);
#10377 = CARTESIAN_POINT('',(49.25,118.68909930189,-140.3343144335));
#10378 = SURFACE_CURVE('',#10379,(#10384,#10395),.PCURVE_S1.);
#10379 = CIRCLE('',#10380,3.565685424949);
#10380 = AXIS2_PLACEMENT_3D('',#10381,#10382,#10383);
#10381 = CARTESIAN_POINT('',(49.25,118.6890993045,-143.8999998585));
#10382 = DIRECTION('',(1.,0.,0.));
#10383 = DIRECTION('',(0.,-7.314590599883E-10,1.));
#10384 = PCURVE('',#9734,#10385);
#10385 = DEFINITIONAL_REPRESENTATION('',(#10386),#10394);
#10386 = ( BOUNDED_CURVE() B_SPLINE_CURVE(2,(#10387,#10388,#10389,#10390
    ,#10391,#10392,#10393),.UNSPECIFIED.,.T.,.F.) 
B_SPLINE_CURVE_WITH_KNOTS((1,2,2,2,2,1),(-2.094395102393,0.,
    2.094395102393,4.188790204786,6.28318530718,8.377580409573),
.UNSPECIFIED.) CURVE() GEOMETRIC_REPRESENTATION_ITEM() 
RATIONAL_B_SPLINE_CURVE((1.,0.5,1.,0.5,1.,0.5,1.)) REPRESENTATION_ITEM(
  '') );
#10387 = CARTESIAN_POINT('',(-3.565685424949,0.));
#10388 = CARTESIAN_POINT('',(-3.565685424949,6.17594831982));
#10389 = CARTESIAN_POINT('',(1.782842712475,3.08797415991));
#10390 = CARTESIAN_POINT('',(7.131370849898,8.733410484861E-16));
#10391 = CARTESIAN_POINT('',(1.782842712475,-3.08797415991));
#10392 = CARTESIAN_POINT('',(-3.565685424949,-6.17594831982));
#10393 = CARTESIAN_POINT('',(-3.565685424949,0.));
#10394 = ( GEOMETRIC_REPRESENTATION_CONTEXT(2) 
PARAMETRIC_REPRESENTATION_CONTEXT() REPRESENTATION_CONTEXT('2D SPACE',''
  ) );
#10395 = PCURVE('',#10396,#10401);
#10396 = CONICAL_SURFACE('',#10397,4.065685424949,0.785398163397);
#10397 = AXIS2_PLACEMENT_3D('',#10398,#10399,#10400);
#10398 = CARTESIAN_POINT('',(48.75,118.6890993045,-143.8999998585));
#10399 = DIRECTION('',(-1.,0.,0.));
#10400 = DIRECTION('',(0.,-7.314590599883E-10,1.));
#10401 = DEFINITIONAL_REPRESENTATION('',(#10402),#10406);
#10402 = LINE('',#10403,#10404);
#10403 = CARTESIAN_POINT('',(-0.,-0.5));
#10404 = VECTOR('',#10405,1.);
#10405 = DIRECTION('',(-1.,-0.));
#10406 = ( GEOMETRIC_REPRESENTATION_CONTEXT(2) 
PARAMETRIC_REPRESENTATION_CONTEXT() REPRESENTATION_CONTEXT('2D SPACE',''
  ) );
#10407 = ADVANCED_FACE('',(#10408,#10541),#9659,.F.);
#10408 = FACE_BOUND('',#10409,.F.);
#10409 = EDGE_LOOP('',(#10410,#10411,#10434,#10462,#10490,#10518,#10539,
    #10540));
#10410 = ORIENTED_EDGE('',*,*,#9643,.F.);
#10411 = ORIENTED_EDGE('',*,*,#10412,.F.);
#10412 = EDGE_CURVE('',#10413,#9618,#10415,.T.);
#10413 = VERTEX_POINT('',#10414);
#10414 = CARTESIAN_POINT('',(16.25,73.189099298289,-135.3999998918));
#10415 = SURFACE_CURVE('',#10416,(#10420,#10427),.PCURVE_S1.);
#10416 = LINE('',#10417,#10418);
#10417 = CARTESIAN_POINT('',(16.25,73.189099298289,-135.3999998918));
#10418 = VECTOR('',#10419,1.);
#10419 = DIRECTION('',(0.,7.314590599883E-10,-1.));
#10420 = PCURVE('',#9659,#10421);
#10421 = DEFINITIONAL_REPRESENTATION('',(#10422),#10426);
#10422 = LINE('',#10423,#10424);
#10423 = CARTESIAN_POINT('',(5.,2.));
#10424 = VECTOR('',#10425,1.);
#10425 = DIRECTION('',(0.,-1.));
#10426 = ( GEOMETRIC_REPRESENTATION_CONTEXT(2) 
PARAMETRIC_REPRESENTATION_CONTEXT() REPRESENTATION_CONTEXT('2D SPACE',''
  ) );
#10427 = PCURVE('',#9632,#10428);
#10428 = DEFINITIONAL_REPRESENTATION('',(#10429),#10433);
#10429 = LINE('',#10430,#10431);
#10430 = CARTESIAN_POINT('',(0.,-32.5));
#10431 = VECTOR('',#10432,1.);
#10432 = DIRECTION('',(1.,0.));
#10433 = ( GEOMETRIC_REPRESENTATION_CONTEXT(2) 
PARAMETRIC_REPRESENTATION_CONTEXT() REPRESENTATION_CONTEXT('2D SPACE',''
  ) );
#10434 = ORIENTED_EDGE('',*,*,#10435,.F.);
#10435 = EDGE_CURVE('',#10436,#10413,#10438,.T.);
#10436 = VERTEX_POINT('',#10437);
#10437 = CARTESIAN_POINT('',(16.25,68.189099294632,-130.3999998954));
#10438 = SURFACE_CURVE('',#10439,(#10443,#10450),.PCURVE_S1.);
#10439 = LINE('',#10440,#10441);
#10440 = CARTESIAN_POINT('',(16.25,68.189099294632,-130.3999998954));
#10441 = VECTOR('',#10442,1.);
#10442 = DIRECTION('',(0.,0.707106781704,-0.707106780669));
#10443 = PCURVE('',#9659,#10444);
#10444 = DEFINITIONAL_REPRESENTATION('',(#10445),#10449);
#10445 = LINE('',#10446,#10447);
#10446 = CARTESIAN_POINT('',(0.,7.));
#10447 = VECTOR('',#10448,1.);
#10448 = DIRECTION('',(0.707106781187,-0.707106781187));
#10449 = ( GEOMETRIC_REPRESENTATION_CONTEXT(2) 
PARAMETRIC_REPRESENTATION_CONTEXT() REPRESENTATION_CONTEXT('2D SPACE',''
  ) );
#10450 = PCURVE('',#10451,#10456);
#10451 = PLANE('',#10452);
#10452 = AXIS2_PLACEMENT_3D('',#10453,#10454,#10455);
#10453 = CARTESIAN_POINT('',(48.75,68.189099294632,-130.3999998954));
#10454 = DIRECTION('',(0.,-0.707106780669,-0.707106781704));
#10455 = DIRECTION('',(0.,0.707106781704,-0.707106780669));
#10456 = DEFINITIONAL_REPRESENTATION('',(#10457),#10461);
#10457 = LINE('',#10458,#10459);
#10458 = CARTESIAN_POINT('',(0.,-32.5));
#10459 = VECTOR('',#10460,1.);
#10460 = DIRECTION('',(1.,0.));
#10461 = ( GEOMETRIC_REPRESENTATION_CONTEXT(2) 
PARAMETRIC_REPRESENTATION_CONTEXT() REPRESENTATION_CONTEXT('2D SPACE',''
  ) );
#10462 = ORIENTED_EDGE('',*,*,#10463,.F.);
#10463 = EDGE_CURVE('',#10464,#10436,#10466,.T.);
#10464 = VERTEX_POINT('',#10465);
#10465 = CARTESIAN_POINT('',(16.25,63.189099298289,-135.3999998991));
#10466 = SURFACE_CURVE('',#10467,(#10471,#10478),.PCURVE_S1.);
#10467 = LINE('',#10468,#10469);
#10468 = CARTESIAN_POINT('',(16.25,63.189099298289,-135.3999998991));
#10469 = VECTOR('',#10470,1.);
#10470 = DIRECTION('',(0.,0.707106780669,0.707106781704));
#10471 = PCURVE('',#9659,#10472);
#10472 = DEFINITIONAL_REPRESENTATION('',(#10473),#10477);
#10473 = LINE('',#10474,#10475);
#10474 = CARTESIAN_POINT('',(-5.,2.));
#10475 = VECTOR('',#10476,1.);
#10476 = DIRECTION('',(0.707106781187,0.707106781187));
#10477 = ( GEOMETRIC_REPRESENTATION_CONTEXT(2) 
PARAMETRIC_REPRESENTATION_CONTEXT() REPRESENTATION_CONTEXT('2D SPACE',''
  ) );
#10478 = PCURVE('',#10479,#10484);
#10479 = PLANE('',#10480);
#10480 = AXIS2_PLACEMENT_3D('',#10481,#10482,#10483);
#10481 = CARTESIAN_POINT('',(48.75,63.189099298289,-135.3999998991));
#10482 = DIRECTION('',(0.,0.707106781704,-0.707106780669));
#10483 = DIRECTION('',(0.,0.707106780669,0.707106781704));
#10484 = DEFINITIONAL_REPRESENTATION('',(#10485),#10489);
#10485 = LINE('',#10486,#10487);
#10486 = CARTESIAN_POINT('',(0.,-32.5));
#10487 = VECTOR('',#10488,1.);
#10488 = DIRECTION('',(1.,0.));
#10489 = ( GEOMETRIC_REPRESENTATION_CONTEXT(2) 
PARAMETRIC_REPRESENTATION_CONTEXT() REPRESENTATION_CONTEXT('2D SPACE',''
  ) );
#10490 = ORIENTED_EDGE('',*,*,#10491,.F.);
#10491 = EDGE_CURVE('',#10492,#10464,#10494,.T.);
#10492 = VERTEX_POINT('',#10493);
#10493 = CARTESIAN_POINT('',(16.25,63.189099300484,-138.3999998991));
#10494 = SURFACE_CURVE('',#10495,(#10499,#10506),.PCURVE_S1.);
#10495 = LINE('',#10496,#10497);
#10496 = CARTESIAN_POINT('',(16.25,63.189099300484,-138.3999998991));
#10497 = VECTOR('',#10498,1.);
#10498 = DIRECTION('',(0.,-7.314590599883E-10,1.));
#10499 = PCURVE('',#9659,#10500);
#10500 = DEFINITIONAL_REPRESENTATION('',(#10501),#10505);
#10501 = LINE('',#10502,#10503);
#10502 = CARTESIAN_POINT('',(-5.,-1.));
#10503 = VECTOR('',#10504,1.);
#10504 = DIRECTION('',(0.,1.));
#10505 = ( GEOMETRIC_REPRESENTATION_CONTEXT(2) 
PARAMETRIC_REPRESENTATION_CONTEXT() REPRESENTATION_CONTEXT('2D SPACE',''
  ) );
#10506 = PCURVE('',#10507,#10512);
#10507 = PLANE('',#10508);
#10508 = AXIS2_PLACEMENT_3D('',#10509,#10510,#10511);
#10509 = CARTESIAN_POINT('',(48.75,63.189099300484,-138.3999998991));
#10510 = DIRECTION('',(0.,1.,7.314590599883E-10));
#10511 = DIRECTION('',(0.,-7.314590599883E-10,1.));
#10512 = DEFINITIONAL_REPRESENTATION('',(#10513),#10517);
#10513 = LINE('',#10514,#10515);
#10514 = CARTESIAN_POINT('',(0.,-32.5));
#10515 = VECTOR('',#10516,1.);
#10516 = DIRECTION('',(1.,0.));
#10517 = ( GEOMETRIC_REPRESENTATION_CONTEXT(2) 
PARAMETRIC_REPRESENTATION_CONTEXT() REPRESENTATION_CONTEXT('2D SPACE',''
  ) );
#10518 = ORIENTED_EDGE('',*,*,#10519,.F.);
#10519 = EDGE_CURVE('',#9922,#10492,#10520,.T.);
#10520 = SURFACE_CURVE('',#10521,(#10525,#10532),.PCURVE_S1.);
#10521 = LINE('',#10522,#10523);
#10522 = CARTESIAN_POINT('',(16.25,68.189099304141,-143.3999998954));
#10523 = VECTOR('',#10524,1.);
#10524 = DIRECTION('',(-0.,-0.707106781704,0.707106780669));
#10525 = PCURVE('',#9659,#10526);
#10526 = DEFINITIONAL_REPRESENTATION('',(#10527),#10531);
#10527 = LINE('',#10528,#10529);
#10528 = CARTESIAN_POINT('',(0.,-6.));
#10529 = VECTOR('',#10530,1.);
#10530 = DIRECTION('',(-0.707106781187,0.707106781187));
#10531 = ( GEOMETRIC_REPRESENTATION_CONTEXT(2) 
PARAMETRIC_REPRESENTATION_CONTEXT() REPRESENTATION_CONTEXT('2D SPACE',''
  ) );
#10532 = PCURVE('',#9937,#10533);
#10533 = DEFINITIONAL_REPRESENTATION('',(#10534),#10538);
#10534 = LINE('',#10535,#10536);
#10535 = CARTESIAN_POINT('',(0.,-32.5));
#10536 = VECTOR('',#10537,1.);
#10537 = DIRECTION('',(1.,0.));
#10538 = ( GEOMETRIC_REPRESENTATION_CONTEXT(2) 
PARAMETRIC_REPRESENTATION_CONTEXT() REPRESENTATION_CONTEXT('2D SPACE',''
  ) );
#10539 = ORIENTED_EDGE('',*,*,#9949,.T.);
#10540 = ORIENTED_EDGE('',*,*,#10049,.F.);
#10541 = FACE_BOUND('',#10542,.F.);
#10542 = EDGE_LOOP('',(#10543));
#10543 = ORIENTED_EDGE('',*,*,#10544,.T.);
#10544 = EDGE_CURVE('',#10545,#10545,#10547,.T.);
#10545 = VERTEX_POINT('',#10546);
#10546 = CARTESIAN_POINT('',(16.25,68.189099301946,-140.3999998954));
#10547 = SURFACE_CURVE('',#10548,(#10553,#10564),.PCURVE_S1.);
#10548 = CIRCLE('',#10549,3.5);
#10549 = AXIS2_PLACEMENT_3D('',#10550,#10551,#10552);
#10550 = CARTESIAN_POINT('',(16.25,68.189099299386,-136.8999998954));
#10551 = DIRECTION('',(-1.,0.,-0.));
#10552 = DIRECTION('',(0.,7.314590599883E-10,-1.));
#10553 = PCURVE('',#9659,#10554);
#10554 = DEFINITIONAL_REPRESENTATION('',(#10555),#10563);
#10555 = ( BOUNDED_CURVE() B_SPLINE_CURVE(2,(#10556,#10557,#10558,#10559
    ,#10560,#10561,#10562),.UNSPECIFIED.,.T.,.F.) 
B_SPLINE_CURVE_WITH_KNOTS((1,2,2,2,2,1),(-2.094395102393,0.,
    2.094395102393,4.188790204786,6.28318530718,8.377580409573),
.UNSPECIFIED.) CURVE() GEOMETRIC_REPRESENTATION_ITEM() 
RATIONAL_B_SPLINE_CURVE((1.,0.5,1.,0.5,1.,0.5,1.)) REPRESENTATION_ITEM(
  '') );
#10556 = CARTESIAN_POINT('',(0.,-3.));
#10557 = CARTESIAN_POINT('',(-6.062177826491,-3.));
#10558 = CARTESIAN_POINT('',(-3.031088913246,2.25));
#10559 = CARTESIAN_POINT('',(-8.572527594031E-16,7.5));
#10560 = CARTESIAN_POINT('',(3.031088913246,2.25));
#10561 = CARTESIAN_POINT('',(6.062177826491,-3.));
#10562 = CARTESIAN_POINT('',(0.,-3.));
#10563 = ( GEOMETRIC_REPRESENTATION_CONTEXT(2) 
PARAMETRIC_REPRESENTATION_CONTEXT() REPRESENTATION_CONTEXT('2D SPACE',''
  ) );
#10564 = PCURVE('',#10565,#10570);
#10565 = CONICAL_SURFACE('',#10566,3.5,0.785398163397);
#10566 = AXIS2_PLACEMENT_3D('',#10567,#10568,#10569);
#10567 = CARTESIAN_POINT('',(16.25,68.189099299386,-136.8999998954));
#10568 = DIRECTION('',(1.,-0.,0.));
#10569 = DIRECTION('',(0.,7.314590599883E-10,-1.));
#10570 = DEFINITIONAL_REPRESENTATION('',(#10571),#10575);
#10571 = LINE('',#10572,#10573);
#10572 = CARTESIAN_POINT('',(-0.,-0.));
#10573 = VECTOR('',#10574,1.);
#10574 = DIRECTION('',(-1.,-0.));
#10575 = ( GEOMETRIC_REPRESENTATION_CONTEXT(2) 
PARAMETRIC_REPRESENTATION_CONTEXT() REPRESENTATION_CONTEXT('2D SPACE',''
  ) );
#10576 = ADVANCED_FACE('',(#10577),#9632,.F.);
#10577 = FACE_BOUND('',#10578,.F.);
#10578 = EDGE_LOOP('',(#10579,#10602,#10623,#10624));
#10579 = ORIENTED_EDGE('',*,*,#10580,.F.);
#10580 = EDGE_CURVE('',#10581,#9590,#10583,.T.);
#10581 = VERTEX_POINT('',#10582);
#10582 = CARTESIAN_POINT('',(48.75,73.189099298289,-135.3999998918));
#10583 = SURFACE_CURVE('',#10584,(#10588,#10595),.PCURVE_S1.);
#10584 = LINE('',#10585,#10586);
#10585 = CARTESIAN_POINT('',(48.75,73.189099298289,-135.3999998918));
#10586 = VECTOR('',#10587,1.);
#10587 = DIRECTION('',(0.,7.314590599883E-10,-1.));
#10588 = PCURVE('',#9632,#10589);
#10589 = DEFINITIONAL_REPRESENTATION('',(#10590),#10594);
#10590 = LINE('',#10591,#10592);
#10591 = CARTESIAN_POINT('',(0.,0.));
#10592 = VECTOR('',#10593,1.);
#10593 = DIRECTION('',(1.,0.));
#10594 = ( GEOMETRIC_REPRESENTATION_CONTEXT(2) 
PARAMETRIC_REPRESENTATION_CONTEXT() REPRESENTATION_CONTEXT('2D SPACE',''
  ) );
#10595 = PCURVE('',#9605,#10596);
#10596 = DEFINITIONAL_REPRESENTATION('',(#10597),#10601);
#10597 = LINE('',#10598,#10599);
#10598 = CARTESIAN_POINT('',(2.5,2.));
#10599 = VECTOR('',#10600,1.);
#10600 = DIRECTION('',(0.,-1.));
#10601 = ( GEOMETRIC_REPRESENTATION_CONTEXT(2) 
PARAMETRIC_REPRESENTATION_CONTEXT() REPRESENTATION_CONTEXT('2D SPACE',''
  ) );
#10602 = ORIENTED_EDGE('',*,*,#10603,.T.);
#10603 = EDGE_CURVE('',#10581,#10413,#10604,.T.);
#10604 = SURFACE_CURVE('',#10605,(#10609,#10616),.PCURVE_S1.);
#10605 = LINE('',#10606,#10607);
#10606 = CARTESIAN_POINT('',(48.75,73.189099298289,-135.3999998918));
#10607 = VECTOR('',#10608,1.);
#10608 = DIRECTION('',(-1.,0.,0.));
#10609 = PCURVE('',#9632,#10610);
#10610 = DEFINITIONAL_REPRESENTATION('',(#10611),#10615);
#10611 = LINE('',#10612,#10613);
#10612 = CARTESIAN_POINT('',(0.,0.));
#10613 = VECTOR('',#10614,1.);
#10614 = DIRECTION('',(0.,-1.));
#10615 = ( GEOMETRIC_REPRESENTATION_CONTEXT(2) 
PARAMETRIC_REPRESENTATION_CONTEXT() REPRESENTATION_CONTEXT('2D SPACE',''
  ) );
#10616 = PCURVE('',#10451,#10617);
#10617 = DEFINITIONAL_REPRESENTATION('',(#10618),#10622);
#10618 = LINE('',#10619,#10620);
#10619 = CARTESIAN_POINT('',(7.071067811865,0.));
#10620 = VECTOR('',#10621,1.);
#10621 = DIRECTION('',(0.,-1.));
#10622 = ( GEOMETRIC_REPRESENTATION_CONTEXT(2) 
PARAMETRIC_REPRESENTATION_CONTEXT() REPRESENTATION_CONTEXT('2D SPACE',''
  ) );
#10623 = ORIENTED_EDGE('',*,*,#10412,.T.);
#10624 = ORIENTED_EDGE('',*,*,#9617,.F.);
#10625 = ADVANCED_FACE('',(#10626,#10742),#9605,.F.);
#10626 = FACE_BOUND('',#10627,.F.);
#10627 = EDGE_LOOP('',(#10628,#10629,#10650,#10651,#10674,#10697,#10720,
    #10741));
#10628 = ORIENTED_EDGE('',*,*,#9589,.F.);
#10629 = ORIENTED_EDGE('',*,*,#10630,.T.);
#10630 = EDGE_CURVE('',#9562,#9876,#10631,.T.);
#10631 = SURFACE_CURVE('',#10632,(#10636,#10643),.PCURVE_S1.);
#10632 = LINE('',#10633,#10634);
#10633 = CARTESIAN_POINT('',(48.75,75.689099299752,-137.3999998899));
#10634 = VECTOR('',#10635,1.);
#10635 = DIRECTION('',(0.,7.314590599883E-10,-1.));
#10636 = PCURVE('',#9605,#10637);
#10637 = DEFINITIONAL_REPRESENTATION('',(#10638),#10642);
#10638 = LINE('',#10639,#10640);
#10639 = CARTESIAN_POINT('',(0.,0.));
#10640 = VECTOR('',#10641,1.);
#10641 = DIRECTION('',(0.,-1.));
#10642 = ( GEOMETRIC_REPRESENTATION_CONTEXT(2) 
PARAMETRIC_REPRESENTATION_CONTEXT() REPRESENTATION_CONTEXT('2D SPACE',''
  ) );
#10643 = PCURVE('',#9577,#10644);
#10644 = DEFINITIONAL_REPRESENTATION('',(#10645),#10649);
#10645 = LINE('',#10646,#10647);
#10646 = CARTESIAN_POINT('',(22.980970388563,0.));
#10647 = VECTOR('',#10648,1.);
#10648 = DIRECTION('',(0.,-1.));
#10649 = ( GEOMETRIC_REPRESENTATION_CONTEXT(2) 
PARAMETRIC_REPRESENTATION_CONTEXT() REPRESENTATION_CONTEXT('2D SPACE',''
  ) );
#10650 = ORIENTED_EDGE('',*,*,#9898,.T.);
#10651 = ORIENTED_EDGE('',*,*,#10652,.T.);
#10652 = EDGE_CURVE('',#9899,#10653,#10655,.T.);
#10653 = VERTEX_POINT('',#10654);
#10654 = CARTESIAN_POINT('',(48.75,63.189099300484,-138.3999998991));
#10655 = SURFACE_CURVE('',#10656,(#10660,#10667),.PCURVE_S1.);
#10656 = LINE('',#10657,#10658);
#10657 = CARTESIAN_POINT('',(48.75,68.189099304141,-143.3999998954));
#10658 = VECTOR('',#10659,1.);
#10659 = DIRECTION('',(-0.,-0.707106781704,0.707106780669));
#10660 = PCURVE('',#9605,#10661);
#10661 = DEFINITIONAL_REPRESENTATION('',(#10662),#10666);
#10662 = LINE('',#10663,#10664);
#10663 = CARTESIAN_POINT('',(7.5,-6.));
#10664 = VECTOR('',#10665,1.);
#10665 = DIRECTION('',(0.707106781187,0.707106781187));
#10666 = ( GEOMETRIC_REPRESENTATION_CONTEXT(2) 
PARAMETRIC_REPRESENTATION_CONTEXT() REPRESENTATION_CONTEXT('2D SPACE',''
  ) );
#10667 = PCURVE('',#9937,#10668);
#10668 = DEFINITIONAL_REPRESENTATION('',(#10669),#10673);
#10669 = LINE('',#10670,#10671);
#10670 = CARTESIAN_POINT('',(0.,0.));
#10671 = VECTOR('',#10672,1.);
#10672 = DIRECTION('',(1.,0.));
#10673 = ( GEOMETRIC_REPRESENTATION_CONTEXT(2) 
PARAMETRIC_REPRESENTATION_CONTEXT() REPRESENTATION_CONTEXT('2D SPACE',''
  ) );
#10674 = ORIENTED_EDGE('',*,*,#10675,.T.);
#10675 = EDGE_CURVE('',#10653,#10676,#10678,.T.);
#10676 = VERTEX_POINT('',#10677);
#10677 = CARTESIAN_POINT('',(48.75,63.189099298289,-135.3999998991));
#10678 = SURFACE_CURVE('',#10679,(#10683,#10690),.PCURVE_S1.);
#10679 = LINE('',#10680,#10681);
#10680 = CARTESIAN_POINT('',(48.75,63.189099300484,-138.3999998991));
#10681 = VECTOR('',#10682,1.);
#10682 = DIRECTION('',(0.,-7.314590599883E-10,1.));
#10683 = PCURVE('',#9605,#10684);
#10684 = DEFINITIONAL_REPRESENTATION('',(#10685),#10689);
#10685 = LINE('',#10686,#10687);
#10686 = CARTESIAN_POINT('',(12.5,-1.));
#10687 = VECTOR('',#10688,1.);
#10688 = DIRECTION('',(0.,1.));
#10689 = ( GEOMETRIC_REPRESENTATION_CONTEXT(2) 
PARAMETRIC_REPRESENTATION_CONTEXT() REPRESENTATION_CONTEXT('2D SPACE',''
  ) );
#10690 = PCURVE('',#10507,#10691);
#10691 = DEFINITIONAL_REPRESENTATION('',(#10692),#10696);
#10692 = LINE('',#10693,#10694);
#10693 = CARTESIAN_POINT('',(0.,0.));
#10694 = VECTOR('',#10695,1.);
#10695 = DIRECTION('',(1.,0.));
#10696 = ( GEOMETRIC_REPRESENTATION_CONTEXT(2) 
PARAMETRIC_REPRESENTATION_CONTEXT() REPRESENTATION_CONTEXT('2D SPACE',''
  ) );
#10697 = ORIENTED_EDGE('',*,*,#10698,.T.);
#10698 = EDGE_CURVE('',#10676,#10699,#10701,.T.);
#10699 = VERTEX_POINT('',#10700);
#10700 = CARTESIAN_POINT('',(48.75,68.189099294632,-130.3999998954));
#10701 = SURFACE_CURVE('',#10702,(#10706,#10713),.PCURVE_S1.);
#10702 = LINE('',#10703,#10704);
#10703 = CARTESIAN_POINT('',(48.75,63.189099298289,-135.3999998991));
#10704 = VECTOR('',#10705,1.);
#10705 = DIRECTION('',(0.,0.707106780669,0.707106781704));
#10706 = PCURVE('',#9605,#10707);
#10707 = DEFINITIONAL_REPRESENTATION('',(#10708),#10712);
#10708 = LINE('',#10709,#10710);
#10709 = CARTESIAN_POINT('',(12.5,2.));
#10710 = VECTOR('',#10711,1.);
#10711 = DIRECTION('',(-0.707106781187,0.707106781187));
#10712 = ( GEOMETRIC_REPRESENTATION_CONTEXT(2) 
PARAMETRIC_REPRESENTATION_CONTEXT() REPRESENTATION_CONTEXT('2D SPACE',''
  ) );
#10713 = PCURVE('',#10479,#10714);
#10714 = DEFINITIONAL_REPRESENTATION('',(#10715),#10719);
#10715 = LINE('',#10716,#10717);
#10716 = CARTESIAN_POINT('',(0.,0.));
#10717 = VECTOR('',#10718,1.);
#10718 = DIRECTION('',(1.,0.));
#10719 = ( GEOMETRIC_REPRESENTATION_CONTEXT(2) 
PARAMETRIC_REPRESENTATION_CONTEXT() REPRESENTATION_CONTEXT('2D SPACE',''
  ) );
#10720 = ORIENTED_EDGE('',*,*,#10721,.T.);
#10721 = EDGE_CURVE('',#10699,#10581,#10722,.T.);
#10722 = SURFACE_CURVE('',#10723,(#10727,#10734),.PCURVE_S1.);
#10723 = LINE('',#10724,#10725);
#10724 = CARTESIAN_POINT('',(48.75,68.189099294632,-130.3999998954));
#10725 = VECTOR('',#10726,1.);
#10726 = DIRECTION('',(0.,0.707106781704,-0.707106780669));
#10727 = PCURVE('',#9605,#10728);
#10728 = DEFINITIONAL_REPRESENTATION('',(#10729),#10733);
#10729 = LINE('',#10730,#10731);
#10730 = CARTESIAN_POINT('',(7.5,7.));
#10731 = VECTOR('',#10732,1.);
#10732 = DIRECTION('',(-0.707106781187,-0.707106781187));
#10733 = ( GEOMETRIC_REPRESENTATION_CONTEXT(2) 
PARAMETRIC_REPRESENTATION_CONTEXT() REPRESENTATION_CONTEXT('2D SPACE',''
  ) );
#10734 = PCURVE('',#10451,#10735);
#10735 = DEFINITIONAL_REPRESENTATION('',(#10736),#10740);
#10736 = LINE('',#10737,#10738);
#10737 = CARTESIAN_POINT('',(0.,0.));
#10738 = VECTOR('',#10739,1.);
#10739 = DIRECTION('',(1.,0.));
#10740 = ( GEOMETRIC_REPRESENTATION_CONTEXT(2) 
PARAMETRIC_REPRESENTATION_CONTEXT() REPRESENTATION_CONTEXT('2D SPACE',''
  ) );
#10741 = ORIENTED_EDGE('',*,*,#10580,.T.);
#10742 = FACE_BOUND('',#10743,.F.);
#10743 = EDGE_LOOP('',(#10744));
#10744 = ORIENTED_EDGE('',*,*,#10745,.T.);
#10745 = EDGE_CURVE('',#10746,#10746,#10748,.T.);
#10746 = VERTEX_POINT('',#10747);
#10747 = CARTESIAN_POINT('',(48.75,68.189099296826,-133.3999998954));
#10748 = SURFACE_CURVE('',#10749,(#10754,#10765),.PCURVE_S1.);
#10749 = CIRCLE('',#10750,3.5);
#10750 = AXIS2_PLACEMENT_3D('',#10751,#10752,#10753);
#10751 = CARTESIAN_POINT('',(48.75,68.189099299386,-136.8999998954));
#10752 = DIRECTION('',(1.,0.,0.));
#10753 = DIRECTION('',(0.,-7.314590599883E-10,1.));
#10754 = PCURVE('',#9605,#10755);
#10755 = DEFINITIONAL_REPRESENTATION('',(#10756),#10764);
#10756 = ( BOUNDED_CURVE() B_SPLINE_CURVE(2,(#10757,#10758,#10759,#10760
    ,#10761,#10762,#10763),.UNSPECIFIED.,.T.,.F.) 
B_SPLINE_CURVE_WITH_KNOTS((1,2,2,2,2,1),(-2.094395102393,0.,
    2.094395102393,4.188790204786,6.28318530718,8.377580409573),
.UNSPECIFIED.) CURVE() GEOMETRIC_REPRESENTATION_ITEM() 
RATIONAL_B_SPLINE_CURVE((1.,0.5,1.,0.5,1.,0.5,1.)) REPRESENTATION_ITEM(
  '') );
#10757 = CARTESIAN_POINT('',(7.5,4.));
#10758 = CARTESIAN_POINT('',(13.562177826491,4.));
#10759 = CARTESIAN_POINT('',(10.531088913246,-1.25));
#10760 = CARTESIAN_POINT('',(7.5,-6.5));
#10761 = CARTESIAN_POINT('',(4.468911086754,-1.25));
#10762 = CARTESIAN_POINT('',(1.437822173509,4.));
#10763 = CARTESIAN_POINT('',(7.5,4.));
#10764 = ( GEOMETRIC_REPRESENTATION_CONTEXT(2) 
PARAMETRIC_REPRESENTATION_CONTEXT() REPRESENTATION_CONTEXT('2D SPACE',''
  ) );
#10765 = PCURVE('',#10766,#10771);
#10766 = CONICAL_SURFACE('',#10767,3.5,0.785398163397);
#10767 = AXIS2_PLACEMENT_3D('',#10768,#10769,#10770);
#10768 = CARTESIAN_POINT('',(48.75,68.189099299386,-136.8999998954));
#10769 = DIRECTION('',(-1.,0.,0.));
#10770 = DIRECTION('',(0.,-7.314590599883E-10,1.));
#10771 = DEFINITIONAL_REPRESENTATION('',(#10772),#10776);
#10772 = LINE('',#10773,#10774);
#10773 = CARTESIAN_POINT('',(-0.,-0.));
#10774 = VECTOR('',#10775,1.);
#10775 = DIRECTION('',(-1.,-0.));
#10776 = ( GEOMETRIC_REPRESENTATION_CONTEXT(2) 
PARAMETRIC_REPRESENTATION_CONTEXT() REPRESENTATION_CONTEXT('2D SPACE',''
  ) );
#10777 = ADVANCED_FACE('',(#10778),#9577,.F.);
#10778 = FACE_BOUND('',#10779,.F.);
#10779 = EDGE_LOOP('',(#10780,#10781,#10782,#10783));
#10780 = ORIENTED_EDGE('',*,*,#10184,.T.);
#10781 = ORIENTED_EDGE('',*,*,#9875,.T.);
#10782 = ORIENTED_EDGE('',*,*,#10630,.F.);
#10783 = ORIENTED_EDGE('',*,*,#9561,.F.);
#10784 = ADVANCED_FACE('',(#10785),#9841,.F.);
#10785 = FACE_BOUND('',#10786,.F.);
#10786 = EDGE_LOOP('',(#10787,#10788,#10809,#10810));
#10787 = ORIENTED_EDGE('',*,*,#10162,.F.);
#10788 = ORIENTED_EDGE('',*,*,#10789,.T.);
#10789 = EDGE_CURVE('',#10135,#10326,#10790,.T.);
#10790 = SURFACE_CURVE('',#10791,(#10795,#10802),.PCURVE_S1.);
#10791 = LINE('',#10792,#10793);
#10792 = CARTESIAN_POINT('',(65.,113.6890993056,-145.3999998621));
#10793 = VECTOR('',#10794,1.);
#10794 = DIRECTION('',(-1.,0.,0.));
#10795 = PCURVE('',#9841,#10796);
#10796 = DEFINITIONAL_REPRESENTATION('',(#10797),#10801);
#10797 = LINE('',#10798,#10799);
#10798 = CARTESIAN_POINT('',(0.,0.));
#10799 = VECTOR('',#10800,1.);
#10800 = DIRECTION('',(0.,-1.));
#10801 = ( GEOMETRIC_REPRESENTATION_CONTEXT(2) 
PARAMETRIC_REPRESENTATION_CONTEXT() REPRESENTATION_CONTEXT('2D SPACE',''
  ) );
#10802 = PCURVE('',#10150,#10803);
#10803 = DEFINITIONAL_REPRESENTATION('',(#10804),#10808);
#10804 = LINE('',#10805,#10806);
#10805 = CARTESIAN_POINT('',(7.071067811865,0.));
#10806 = VECTOR('',#10807,1.);
#10807 = DIRECTION('',(0.,-1.));
#10808 = ( GEOMETRIC_REPRESENTATION_CONTEXT(2) 
PARAMETRIC_REPRESENTATION_CONTEXT() REPRESENTATION_CONTEXT('2D SPACE',''
  ) );
#10809 = ORIENTED_EDGE('',*,*,#10348,.T.);
#10810 = ORIENTED_EDGE('',*,*,#9824,.T.);
#10811 = ADVANCED_FACE('',(#10812),#9937,.F.);
#10812 = FACE_BOUND('',#10813,.F.);
#10813 = EDGE_LOOP('',(#10814,#10815,#10816,#10837));
#10814 = ORIENTED_EDGE('',*,*,#9921,.T.);
#10815 = ORIENTED_EDGE('',*,*,#10519,.T.);
#10816 = ORIENTED_EDGE('',*,*,#10817,.F.);
#10817 = EDGE_CURVE('',#10653,#10492,#10818,.T.);
#10818 = SURFACE_CURVE('',#10819,(#10823,#10830),.PCURVE_S1.);
#10819 = LINE('',#10820,#10821);
#10820 = CARTESIAN_POINT('',(48.75,63.189099300484,-138.3999998991));
#10821 = VECTOR('',#10822,1.);
#10822 = DIRECTION('',(-1.,0.,0.));
#10823 = PCURVE('',#9937,#10824);
#10824 = DEFINITIONAL_REPRESENTATION('',(#10825),#10829);
#10825 = LINE('',#10826,#10827);
#10826 = CARTESIAN_POINT('',(7.071067811865,0.));
#10827 = VECTOR('',#10828,1.);
#10828 = DIRECTION('',(0.,-1.));
#10829 = ( GEOMETRIC_REPRESENTATION_CONTEXT(2) 
PARAMETRIC_REPRESENTATION_CONTEXT() REPRESENTATION_CONTEXT('2D SPACE',''
  ) );
#10830 = PCURVE('',#10507,#10831);
#10831 = DEFINITIONAL_REPRESENTATION('',(#10832),#10836);
#10832 = LINE('',#10833,#10834);
#10833 = CARTESIAN_POINT('',(0.,0.));
#10834 = VECTOR('',#10835,1.);
#10835 = DIRECTION('',(0.,-1.));
#10836 = ( GEOMETRIC_REPRESENTATION_CONTEXT(2) 
PARAMETRIC_REPRESENTATION_CONTEXT() REPRESENTATION_CONTEXT('2D SPACE',''
  ) );
#10837 = ORIENTED_EDGE('',*,*,#10652,.F.);
#10838 = ADVANCED_FACE('',(#10839),#10094,.F.);
#10839 = FACE_BOUND('',#10840,.F.);
#10840 = EDGE_LOOP('',(#10841,#10842,#10843,#10864));
#10841 = ORIENTED_EDGE('',*,*,#10254,.T.);
#10842 = ORIENTED_EDGE('',*,*,#10279,.T.);
#10843 = ORIENTED_EDGE('',*,*,#10844,.F.);
#10844 = EDGE_CURVE('',#10079,#10280,#10845,.T.);
#10845 = SURFACE_CURVE('',#10846,(#10850,#10857),.PCURVE_S1.);
#10846 = LINE('',#10847,#10848);
#10847 = CARTESIAN_POINT('',(65.,123.6890993056,-145.3999998548));
#10848 = VECTOR('',#10849,1.);
#10849 = DIRECTION('',(-1.,0.,0.));
#10850 = PCURVE('',#10094,#10851);
#10851 = DEFINITIONAL_REPRESENTATION('',(#10852),#10856);
#10852 = LINE('',#10853,#10854);
#10853 = CARTESIAN_POINT('',(3.,0.));
#10854 = VECTOR('',#10855,1.);
#10855 = DIRECTION('',(0.,-1.));
#10856 = ( GEOMETRIC_REPRESENTATION_CONTEXT(2) 
PARAMETRIC_REPRESENTATION_CONTEXT() REPRESENTATION_CONTEXT('2D SPACE',''
  ) );
#10857 = PCURVE('',#10122,#10858);
#10858 = DEFINITIONAL_REPRESENTATION('',(#10859),#10863);
#10859 = LINE('',#10860,#10861);
#10860 = CARTESIAN_POINT('',(0.,0.));
#10861 = VECTOR('',#10862,1.);
#10862 = DIRECTION('',(0.,-1.));
#10863 = ( GEOMETRIC_REPRESENTATION_CONTEXT(2) 
PARAMETRIC_REPRESENTATION_CONTEXT() REPRESENTATION_CONTEXT('2D SPACE',''
  ) );
#10864 = ORIENTED_EDGE('',*,*,#10076,.F.);
#10865 = ADVANCED_FACE('',(#10866),#10122,.F.);
#10866 = FACE_BOUND('',#10867,.F.);
#10867 = EDGE_LOOP('',(#10868,#10869,#10870,#10891));
#10868 = ORIENTED_EDGE('',*,*,#10844,.T.);
#10869 = ORIENTED_EDGE('',*,*,#10302,.T.);
#10870 = ORIENTED_EDGE('',*,*,#10871,.F.);
#10871 = EDGE_CURVE('',#10107,#10303,#10872,.T.);
#10872 = SURFACE_CURVE('',#10873,(#10877,#10884),.PCURVE_S1.);
#10873 = LINE('',#10874,#10875);
#10874 = CARTESIAN_POINT('',(65.,118.68909930926,-150.3999998585));
#10875 = VECTOR('',#10876,1.);
#10876 = DIRECTION('',(-1.,0.,0.));
#10877 = PCURVE('',#10122,#10878);
#10878 = DEFINITIONAL_REPRESENTATION('',(#10879),#10883);
#10879 = LINE('',#10880,#10881);
#10880 = CARTESIAN_POINT('',(7.071067811865,0.));
#10881 = VECTOR('',#10882,1.);
#10882 = DIRECTION('',(0.,-1.));
#10883 = ( GEOMETRIC_REPRESENTATION_CONTEXT(2) 
PARAMETRIC_REPRESENTATION_CONTEXT() REPRESENTATION_CONTEXT('2D SPACE',''
  ) );
#10884 = PCURVE('',#10150,#10885);
#10885 = DEFINITIONAL_REPRESENTATION('',(#10886),#10890);
#10886 = LINE('',#10887,#10888);
#10887 = CARTESIAN_POINT('',(0.,0.));
#10888 = VECTOR('',#10889,1.);
#10889 = DIRECTION('',(0.,-1.));
#10890 = ( GEOMETRIC_REPRESENTATION_CONTEXT(2) 
PARAMETRIC_REPRESENTATION_CONTEXT() REPRESENTATION_CONTEXT('2D SPACE',''
  ) );
#10891 = ORIENTED_EDGE('',*,*,#10106,.F.);
#10892 = ADVANCED_FACE('',(#10893),#10150,.F.);
#10893 = FACE_BOUND('',#10894,.F.);
#10894 = EDGE_LOOP('',(#10895,#10896,#10897,#10898));
#10895 = ORIENTED_EDGE('',*,*,#10871,.T.);
#10896 = ORIENTED_EDGE('',*,*,#10325,.T.);
#10897 = ORIENTED_EDGE('',*,*,#10789,.F.);
#10898 = ORIENTED_EDGE('',*,*,#10134,.F.);
#10899 = ADVANCED_FACE('',(#10900),#10396,.F.);
#10900 = FACE_BOUND('',#10901,.F.);
#10901 = EDGE_LOOP('',(#10902,#10925,#10926));
#10902 = ORIENTED_EDGE('',*,*,#10903,.T.);
#10903 = EDGE_CURVE('',#10376,#10904,#10906,.T.);
#10904 = VERTEX_POINT('',#10905);
#10905 = CARTESIAN_POINT('',(52.815685424949,118.6890993045,
    -143.8999998585));
#10906 = SEAM_CURVE('',#10907,(#10911,#10918),.PCURVE_S1.);
#10907 = LINE('',#10908,#10909);
#10908 = CARTESIAN_POINT('',(48.75,118.68909930153,-139.8343144335));
#10909 = VECTOR('',#10910,1.);
#10910 = DIRECTION('',(0.707106781187,5.172194882868E-10,-0.707106781187
    ));
#10911 = PCURVE('',#10396,#10912);
#10912 = DEFINITIONAL_REPRESENTATION('',(#10913),#10917);
#10913 = LINE('',#10914,#10915);
#10914 = CARTESIAN_POINT('',(-6.28318530718,0.));
#10915 = VECTOR('',#10916,1.);
#10916 = DIRECTION('',(-0.,-1.));
#10917 = ( GEOMETRIC_REPRESENTATION_CONTEXT(2) 
PARAMETRIC_REPRESENTATION_CONTEXT() REPRESENTATION_CONTEXT('2D SPACE',''
  ) );
#10918 = PCURVE('',#10396,#10919);
#10919 = DEFINITIONAL_REPRESENTATION('',(#10920),#10924);
#10920 = LINE('',#10921,#10922);
#10921 = CARTESIAN_POINT('',(0.,-0.));
#10922 = VECTOR('',#10923,1.);
#10923 = DIRECTION('',(-0.,-1.));
#10924 = ( GEOMETRIC_REPRESENTATION_CONTEXT(2) 
PARAMETRIC_REPRESENTATION_CONTEXT() REPRESENTATION_CONTEXT('2D SPACE',''
  ) );
#10925 = ORIENTED_EDGE('',*,*,#10903,.F.);
#10926 = ORIENTED_EDGE('',*,*,#10375,.T.);
#10927 = ADVANCED_FACE('',(#10928),#10451,.F.);
#10928 = FACE_BOUND('',#10929,.F.);
#10929 = EDGE_LOOP('',(#10930,#10951,#10952,#10953));
#10930 = ORIENTED_EDGE('',*,*,#10931,.T.);
#10931 = EDGE_CURVE('',#10699,#10436,#10932,.T.);
#10932 = SURFACE_CURVE('',#10933,(#10937,#10944),.PCURVE_S1.);
#10933 = LINE('',#10934,#10935);
#10934 = CARTESIAN_POINT('',(48.75,68.189099294632,-130.3999998954));
#10935 = VECTOR('',#10936,1.);
#10936 = DIRECTION('',(-1.,0.,0.));
#10937 = PCURVE('',#10451,#10938);
#10938 = DEFINITIONAL_REPRESENTATION('',(#10939),#10943);
#10939 = LINE('',#10940,#10941);
#10940 = CARTESIAN_POINT('',(0.,0.));
#10941 = VECTOR('',#10942,1.);
#10942 = DIRECTION('',(0.,-1.));
#10943 = ( GEOMETRIC_REPRESENTATION_CONTEXT(2) 
PARAMETRIC_REPRESENTATION_CONTEXT() REPRESENTATION_CONTEXT('2D SPACE',''
  ) );
#10944 = PCURVE('',#10479,#10945);
#10945 = DEFINITIONAL_REPRESENTATION('',(#10946),#10950);
#10946 = LINE('',#10947,#10948);
#10947 = CARTESIAN_POINT('',(7.071067811865,0.));
#10948 = VECTOR('',#10949,1.);
#10949 = DIRECTION('',(0.,-1.));
#10950 = ( GEOMETRIC_REPRESENTATION_CONTEXT(2) 
PARAMETRIC_REPRESENTATION_CONTEXT() REPRESENTATION_CONTEXT('2D SPACE',''
  ) );
#10951 = ORIENTED_EDGE('',*,*,#10435,.T.);
#10952 = ORIENTED_EDGE('',*,*,#10603,.F.);
#10953 = ORIENTED_EDGE('',*,*,#10721,.F.);
#10954 = ADVANCED_FACE('',(#10955),#10479,.F.);
#10955 = FACE_BOUND('',#10956,.F.);
#10956 = EDGE_LOOP('',(#10957,#10978,#10979,#10980));
#10957 = ORIENTED_EDGE('',*,*,#10958,.T.);
#10958 = EDGE_CURVE('',#10676,#10464,#10959,.T.);
#10959 = SURFACE_CURVE('',#10960,(#10964,#10971),.PCURVE_S1.);
#10960 = LINE('',#10961,#10962);
#10961 = CARTESIAN_POINT('',(48.75,63.189099298289,-135.3999998991));
#10962 = VECTOR('',#10963,1.);
#10963 = DIRECTION('',(-1.,0.,0.));
#10964 = PCURVE('',#10479,#10965);
#10965 = DEFINITIONAL_REPRESENTATION('',(#10966),#10970);
#10966 = LINE('',#10967,#10968);
#10967 = CARTESIAN_POINT('',(0.,0.));
#10968 = VECTOR('',#10969,1.);
#10969 = DIRECTION('',(0.,-1.));
#10970 = ( GEOMETRIC_REPRESENTATION_CONTEXT(2) 
PARAMETRIC_REPRESENTATION_CONTEXT() REPRESENTATION_CONTEXT('2D SPACE',''
  ) );
#10971 = PCURVE('',#10507,#10972);
#10972 = DEFINITIONAL_REPRESENTATION('',(#10973),#10977);
#10973 = LINE('',#10974,#10975);
#10974 = CARTESIAN_POINT('',(3.,0.));
#10975 = VECTOR('',#10976,1.);
#10976 = DIRECTION('',(0.,-1.));
#10977 = ( GEOMETRIC_REPRESENTATION_CONTEXT(2) 
PARAMETRIC_REPRESENTATION_CONTEXT() REPRESENTATION_CONTEXT('2D SPACE',''
  ) );
#10978 = ORIENTED_EDGE('',*,*,#10463,.T.);
#10979 = ORIENTED_EDGE('',*,*,#10931,.F.);
#10980 = ORIENTED_EDGE('',*,*,#10698,.F.);
#10981 = ADVANCED_FACE('',(#10982),#10507,.F.);
#10982 = FACE_BOUND('',#10983,.F.);
#10983 = EDGE_LOOP('',(#10984,#10985,#10986,#10987));
#10984 = ORIENTED_EDGE('',*,*,#10817,.T.);
#10985 = ORIENTED_EDGE('',*,*,#10491,.T.);
#10986 = ORIENTED_EDGE('',*,*,#10958,.F.);
#10987 = ORIENTED_EDGE('',*,*,#10675,.F.);
#10988 = ADVANCED_FACE('',(#10989),#10565,.T.);
#10989 = FACE_BOUND('',#10990,.T.);
#10990 = EDGE_LOOP('',(#10991,#11014,#11015));
#10991 = ORIENTED_EDGE('',*,*,#10992,.F.);
#10992 = EDGE_CURVE('',#10545,#10993,#10995,.T.);
#10993 = VERTEX_POINT('',#10994);
#10994 = CARTESIAN_POINT('',(12.75,68.189099299386,-136.8999998954));
#10995 = SEAM_CURVE('',#10996,(#11000,#11007),.PCURVE_S1.);
#10996 = LINE('',#10997,#10998);
#10997 = CARTESIAN_POINT('',(16.25,68.189099301946,-140.3999998954));
#10998 = VECTOR('',#10999,1.);
#10999 = DIRECTION('',(-0.707106781187,-5.172198346693E-10,
    0.707106781187));
#11000 = PCURVE('',#10565,#11001);
#11001 = DEFINITIONAL_REPRESENTATION('',(#11002),#11006);
#11002 = LINE('',#11003,#11004);
#11003 = CARTESIAN_POINT('',(-6.28318530718,0.));
#11004 = VECTOR('',#11005,1.);
#11005 = DIRECTION('',(-0.,-1.));
#11006 = ( GEOMETRIC_REPRESENTATION_CONTEXT(2) 
PARAMETRIC_REPRESENTATION_CONTEXT() REPRESENTATION_CONTEXT('2D SPACE',''
  ) );
#11007 = PCURVE('',#10565,#11008);
#11008 = DEFINITIONAL_REPRESENTATION('',(#11009),#11013);
#11009 = LINE('',#11010,#11011);
#11010 = CARTESIAN_POINT('',(0.,-0.));
#11011 = VECTOR('',#11012,1.);
#11012 = DIRECTION('',(-0.,-1.));
#11013 = ( GEOMETRIC_REPRESENTATION_CONTEXT(2) 
PARAMETRIC_REPRESENTATION_CONTEXT() REPRESENTATION_CONTEXT('2D SPACE',''
  ) );
#11014 = ORIENTED_EDGE('',*,*,#10544,.T.);
#11015 = ORIENTED_EDGE('',*,*,#10992,.T.);
#11016 = ADVANCED_FACE('',(#11017),#10766,.T.);
#11017 = FACE_BOUND('',#11018,.T.);
#11018 = EDGE_LOOP('',(#11019,#11042,#11043));
#11019 = ORIENTED_EDGE('',*,*,#11020,.F.);
#11020 = EDGE_CURVE('',#10746,#11021,#11023,.T.);
#11021 = VERTEX_POINT('',#11022);
#11022 = CARTESIAN_POINT('',(52.25,68.189099299386,-136.8999998954));
#11023 = SEAM_CURVE('',#11024,(#11028,#11035),.PCURVE_S1.);
#11024 = LINE('',#11025,#11026);
#11025 = CARTESIAN_POINT('',(48.75,68.189099296826,-133.3999998954));
#11026 = VECTOR('',#11027,1.);
#11027 = DIRECTION('',(0.707106781187,5.172194882868E-10,-0.707106781187
    ));
#11028 = PCURVE('',#10766,#11029);
#11029 = DEFINITIONAL_REPRESENTATION('',(#11030),#11034);
#11030 = LINE('',#11031,#11032);
#11031 = CARTESIAN_POINT('',(-6.28318530718,0.));
#11032 = VECTOR('',#11033,1.);
#11033 = DIRECTION('',(-0.,-1.));
#11034 = ( GEOMETRIC_REPRESENTATION_CONTEXT(2) 
PARAMETRIC_REPRESENTATION_CONTEXT() REPRESENTATION_CONTEXT('2D SPACE',''
  ) );
#11035 = PCURVE('',#10766,#11036);
#11036 = DEFINITIONAL_REPRESENTATION('',(#11037),#11041);
#11037 = LINE('',#11038,#11039);
#11038 = CARTESIAN_POINT('',(0.,-0.));
#11039 = VECTOR('',#11040,1.);
#11040 = DIRECTION('',(-0.,-1.));
#11041 = ( GEOMETRIC_REPRESENTATION_CONTEXT(2) 
PARAMETRIC_REPRESENTATION_CONTEXT() REPRESENTATION_CONTEXT('2D SPACE',''
  ) );
#11042 = ORIENTED_EDGE('',*,*,#10745,.T.);
#11043 = ORIENTED_EDGE('',*,*,#11020,.T.);
#11044 = ( GEOMETRIC_REPRESENTATION_CONTEXT(3) 
GLOBAL_UNCERTAINTY_ASSIGNED_CONTEXT((#11048)) 
GLOBAL_UNIT_ASSIGNED_CONTEXT((#11045,#11046,#11047)) 
REPRESENTATION_CONTEXT('Context #1',
  '3D Context with UNIT and UNCERTAINTY') );
#11045 = ( LENGTH_UNIT() NAMED_UNIT(*) SI_UNIT(.MILLI.,.METRE.) );
#11046 = ( NAMED_UNIT(*) PLANE_ANGLE_UNIT() SI_UNIT($,.RADIAN.) );
#11047 = ( NAMED_UNIT(*) SI_UNIT($,.STERADIAN.) SOLID_ANGLE_UNIT() );
#11048 = UNCERTAINTY_MEASURE_WITH_UNIT(LENGTH_MEASURE(1.E-07),#11045,
  'distance_accuracy_value','confusion accuracy');
#11049 = CONTEXT_DEPENDENT_SHAPE_REPRESENTATION(#11050,#11052);
#11050 = ( REPRESENTATION_RELATIONSHIP('','',#8911,#8888) 
REPRESENTATION_RELATIONSHIP_WITH_TRANSFORMATION(#11051) 
SHAPE_REPRESENTATION_RELATIONSHIP() );
#11051 = ITEM_DEFINED_TRANSFORMATION('','',#11,#8889);
#11052 = PRODUCT_DEFINITION_SHAPE('Placement','Placement of an item',
  #11053);
#11053 = NEXT_ASSEMBLY_USAGE_OCCURRENCE('16','','',#8883,#8906,$);
#11054 = PRODUCT_RELATED_PRODUCT_CATEGORY('part',$,(#8908));
#11055 = SHAPE_DEFINITION_REPRESENTATION(#11056,#11062);
#11056 = PRODUCT_DEFINITION_SHAPE('','',#11057);
#11057 = PRODUCT_DEFINITION('design','',#11058,#11061);
#11058 = PRODUCT_DEFINITION_FORMATION('','',#11059);
#11059 = PRODUCT('link5','link5','',(#11060));
#11060 = PRODUCT_CONTEXT('',#2,'mechanical');
#11061 = PRODUCT_DEFINITION_CONTEXT('part definition',#2,'design');
#11062 = SHAPE_REPRESENTATION('',(#11,#11063),#11067);
#11063 = AXIS2_PLACEMENT_3D('',#11064,#11065,#11066);
#11064 = CARTESIAN_POINT('',(0.,0.,0.));
#11065 = DIRECTION('',(0.,0.,1.));
#11066 = DIRECTION('',(1.,0.,-0.));
#11067 = ( GEOMETRIC_REPRESENTATION_CONTEXT(3) 
GLOBAL_UNCERTAINTY_ASSIGNED_CONTEXT((#11071)) 
GLOBAL_UNIT_ASSIGNED_CONTEXT((#11068,#11069,#11070)) 
REPRESENTATION_CONTEXT('Context #1',
  '3D Context with UNIT and UNCERTAINTY') );
#11068 = ( LENGTH_UNIT() NAMED_UNIT(*) SI_UNIT(.MILLI.,.METRE.) );
#11069 = ( NAMED_UNIT(*) PLANE_ANGLE_UNIT() SI_UNIT($,.RADIAN.) );
#11070 = ( NAMED_UNIT(*) SI_UNIT($,.STERADIAN.) SOLID_ANGLE_UNIT() );
#11071 = UNCERTAINTY_MEASURE_WITH_UNIT(LENGTH_MEASURE(1.E-07),#11068,
  'distance_accuracy_value','confusion accuracy');
#11072 = CONTEXT_DEPENDENT_SHAPE_REPRESENTATION(#11073,#11075);
#11073 = ( REPRESENTATION_RELATIONSHIP('','',#11062,#10) 
REPRESENTATION_RELATIONSHIP_WITH_TRANSFORMATION(#11074) 
SHAPE_REPRESENTATION_RELATIONSHIP() );
#11074 = ITEM_DEFINED_TRANSFORMATION('','',#11,#35);
#11075 = PRODUCT_DEFINITION_SHAPE('Placement','Placement of an item',
  #11076);
#11076 = NEXT_ASSEMBLY_USAGE_OCCURRENCE('19','','',#5,#11057,$);
#11077 = PRODUCT_RELATED_PRODUCT_CATEGORY('part',$,(#11059));
#11078 = SHAPE_DEFINITION_REPRESENTATION(#11079,#11085);
#11079 = PRODUCT_DEFINITION_SHAPE('','',#11080);
#11080 = PRODUCT_DEFINITION('design','',#11081,#11084);
#11081 = PRODUCT_DEFINITION_FORMATION('','',#11082);
#11082 = PRODUCT('link5_part','link5_part','',(#11083));
#11083 = PRODUCT_CONTEXT('',#2,'mechanical');
#11084 = PRODUCT_DEFINITION_CONTEXT('part definition',#2,'design');
#11085 = ADVANCED_BREP_SHAPE_REPRESENTATION('',(#11,#11086),#12164);
#11086 = MANIFOLD_SOLID_BREP('',#11087);
#11087 = CLOSED_SHELL('',(#11088,#11208,#11284,#11507,#11639,#11758,
    #11785,#11834,#11883,#11932,#11981,#12008,#12036,#12063,#12090,
    #12136));
#11088 = ADVANCED_FACE('',(#11089),#11103,.F.);
#11089 = FACE_BOUND('',#11090,.F.);
#11090 = EDGE_LOOP('',(#11091,#11126,#11154,#11182));
#11091 = ORIENTED_EDGE('',*,*,#11092,.T.);
#11092 = EDGE_CURVE('',#11093,#11095,#11097,.T.);
#11093 = VERTEX_POINT('',#11094);
#11094 = CARTESIAN_POINT('',(0.,142.31268094417,-146.397776973));
#11095 = VERTEX_POINT('',#11096);
#11096 = CARTESIAN_POINT('',(0.,143.06900653281,-140.445636887));
#11097 = SURFACE_CURVE('',#11098,(#11102,#11114),.PCURVE_S1.);
#11098 = LINE('',#11099,#11100);
#11099 = CARTESIAN_POINT('',(0.,142.31268094417,-146.397776973));
#11100 = VECTOR('',#11101,1.);
#11101 = DIRECTION('',(0.,0.126054264774,0.992023347675));
#11102 = PCURVE('',#11103,#11108);
#11103 = PLANE('',#11104);
#11104 = AXIS2_PLACEMENT_3D('',#11105,#11106,#11107);
#11105 = CARTESIAN_POINT('',(0.,142.31268094417,-146.397776973));
#11106 = DIRECTION('',(0.707106781187,0.701466436236,-8.913382541887E-02
    ));
#11107 = DIRECTION('',(0.707106781187,-0.701466436236,8.913382541887E-02
    ));
#11108 = DEFINITIONAL_REPRESENTATION('',(#11109),#11113);
#11109 = LINE('',#11110,#11111);
#11110 = CARTESIAN_POINT('',(0.,0.));
#11111 = VECTOR('',#11112,1.);
#11112 = DIRECTION('',(0.,-1.));
#11113 = ( GEOMETRIC_REPRESENTATION_CONTEXT(2) 
PARAMETRIC_REPRESENTATION_CONTEXT() REPRESENTATION_CONTEXT('2D SPACE',''
  ) );
#11114 = PCURVE('',#11115,#11120);
#11115 = PLANE('',#11116);
#11116 = AXIS2_PLACEMENT_3D('',#11117,#11118,#11119);
#11117 = CARTESIAN_POINT('',(0.,173.80942223285,-150.3999998796));
#11118 = DIRECTION('',(1.,0.,0.));
#11119 = DIRECTION('',(0.,-0.992023347675,0.126054264774));
#11120 = DEFINITIONAL_REPRESENTATION('',(#11121),#11125);
#11121 = LINE('',#11122,#11123);
#11122 = CARTESIAN_POINT('',(31.75,0.));
#11123 = VECTOR('',#11124,1.);
#11124 = DIRECTION('',(0.,-1.));
#11125 = ( GEOMETRIC_REPRESENTATION_CONTEXT(2) 
PARAMETRIC_REPRESENTATION_CONTEXT() REPRESENTATION_CONTEXT('2D SPACE',''
  ) );
#11126 = ORIENTED_EDGE('',*,*,#11127,.T.);
#11127 = EDGE_CURVE('',#11095,#11128,#11130,.T.);
#11128 = VERTEX_POINT('',#11129);
#11129 = CARTESIAN_POINT('',(16.25,126.94862713309,-138.3972550844));
#11130 = SURFACE_CURVE('',#11131,(#11135,#11142),.PCURVE_S1.);
#11131 = LINE('',#11132,#11133);
#11132 = CARTESIAN_POINT('',(0.,143.06900653281,-140.445636887));
#11133 = VECTOR('',#11134,1.);
#11134 = DIRECTION('',(0.707106781187,-0.701466436236,8.913382541887E-02
    ));
#11135 = PCURVE('',#11103,#11136);
#11136 = DEFINITIONAL_REPRESENTATION('',(#11137),#11141);
#11137 = LINE('',#11138,#11139);
#11138 = CARTESIAN_POINT('',(0.,-6.));
#11139 = VECTOR('',#11140,1.);
#11140 = DIRECTION('',(1.,0.));
#11141 = ( GEOMETRIC_REPRESENTATION_CONTEXT(2) 
PARAMETRIC_REPRESENTATION_CONTEXT() REPRESENTATION_CONTEXT('2D SPACE',''
  ) );
#11142 = PCURVE('',#11143,#11148);
#11143 = PLANE('',#11144);
#11144 = AXIS2_PLACEMENT_3D('',#11145,#11146,#11147);
#11145 = CARTESIAN_POINT('',(32.5,150.33837319362,-141.3693396123));
#11146 = DIRECTION('',(0.,0.126054264774,0.992023347675));
#11147 = DIRECTION('',(1.,0.,0.));
#11148 = DEFINITIONAL_REPRESENTATION('',(#11149),#11153);
#11149 = LINE('',#11150,#11151);
#11150 = CARTESIAN_POINT('',(-32.5,-7.327818118238));
#11151 = VECTOR('',#11152,1.);
#11152 = DIRECTION('',(0.707106781187,-0.707106781187));
#11153 = ( GEOMETRIC_REPRESENTATION_CONTEXT(2) 
PARAMETRIC_REPRESENTATION_CONTEXT() REPRESENTATION_CONTEXT('2D SPACE',''
  ) );
#11154 = ORIENTED_EDGE('',*,*,#11155,.F.);
#11155 = EDGE_CURVE('',#11156,#11128,#11158,.T.);
#11156 = VERTEX_POINT('',#11157);
#11157 = CARTESIAN_POINT('',(16.25,126.19230154445,-144.3493951705));
#11158 = SURFACE_CURVE('',#11159,(#11163,#11170),.PCURVE_S1.);
#11159 = LINE('',#11160,#11161);
#11160 = CARTESIAN_POINT('',(16.25,126.19230154445,-144.3493951705));
#11161 = VECTOR('',#11162,1.);
#11162 = DIRECTION('',(0.,0.126054264774,0.992023347675));
#11163 = PCURVE('',#11103,#11164);
#11164 = DEFINITIONAL_REPRESENTATION('',(#11165),#11169);
#11165 = LINE('',#11166,#11167);
#11166 = CARTESIAN_POINT('',(22.980970388563,0.));
#11167 = VECTOR('',#11168,1.);
#11168 = DIRECTION('',(0.,-1.));
#11169 = ( GEOMETRIC_REPRESENTATION_CONTEXT(2) 
PARAMETRIC_REPRESENTATION_CONTEXT() REPRESENTATION_CONTEXT('2D SPACE',''
  ) );
#11170 = PCURVE('',#11171,#11176);
#11171 = PLANE('',#11172);
#11172 = AXIS2_PLACEMENT_3D('',#11173,#11174,#11175);
#11173 = CARTESIAN_POINT('',(16.25,126.19230154445,-144.3493951705));
#11174 = DIRECTION('',(1.,0.,0.));
#11175 = DIRECTION('',(0.,-0.992023347675,0.126054264774));
#11176 = DEFINITIONAL_REPRESENTATION('',(#11177),#11181);
#11177 = LINE('',#11178,#11179);
#11178 = CARTESIAN_POINT('',(0.,0.));
#11179 = VECTOR('',#11180,1.);
#11180 = DIRECTION('',(0.,-1.));
#11181 = ( GEOMETRIC_REPRESENTATION_CONTEXT(2) 
PARAMETRIC_REPRESENTATION_CONTEXT() REPRESENTATION_CONTEXT('2D SPACE',''
  ) );
#11182 = ORIENTED_EDGE('',*,*,#11183,.F.);
#11183 = EDGE_CURVE('',#11093,#11156,#11184,.T.);
#11184 = SURFACE_CURVE('',#11185,(#11189,#11196),.PCURVE_S1.);
#11185 = LINE('',#11186,#11187);
#11186 = CARTESIAN_POINT('',(0.,142.31268094417,-146.397776973));
#11187 = VECTOR('',#11188,1.);
#11188 = DIRECTION('',(0.707106781187,-0.701466436236,8.913382541887E-02
    ));
#11189 = PCURVE('',#11103,#11190);
#11190 = DEFINITIONAL_REPRESENTATION('',(#11191),#11195);
#11191 = LINE('',#11192,#11193);
#11192 = CARTESIAN_POINT('',(0.,0.));
#11193 = VECTOR('',#11194,1.);
#11194 = DIRECTION('',(1.,0.));
#11195 = ( GEOMETRIC_REPRESENTATION_CONTEXT(2) 
PARAMETRIC_REPRESENTATION_CONTEXT() REPRESENTATION_CONTEXT('2D SPACE',''
  ) );
#11196 = PCURVE('',#11197,#11202);
#11197 = PLANE('',#11198);
#11198 = AXIS2_PLACEMENT_3D('',#11199,#11200,#11201);
#11199 = CARTESIAN_POINT('',(32.5,149.58204760498,-147.3214796983));
#11200 = DIRECTION('',(0.,0.126054264774,0.992023347675));
#11201 = DIRECTION('',(1.,0.,0.));
#11202 = DEFINITIONAL_REPRESENTATION('',(#11203),#11207);
#11203 = LINE('',#11204,#11205);
#11204 = CARTESIAN_POINT('',(-32.5,-7.327818118238));
#11205 = VECTOR('',#11206,1.);
#11206 = DIRECTION('',(0.707106781187,-0.707106781187));
#11207 = ( GEOMETRIC_REPRESENTATION_CONTEXT(2) 
PARAMETRIC_REPRESENTATION_CONTEXT() REPRESENTATION_CONTEXT('2D SPACE',''
  ) );
#11208 = ADVANCED_FACE('',(#11209),#11115,.F.);
#11209 = FACE_BOUND('',#11210,.F.);
#11210 = EDGE_LOOP('',(#11211,#11241,#11262,#11263));
#11211 = ORIENTED_EDGE('',*,*,#11212,.T.);
#11212 = EDGE_CURVE('',#11213,#11215,#11217,.T.);
#11213 = VERTEX_POINT('',#11214);
#11214 = CARTESIAN_POINT('',(0.,173.80942223285,-150.3999998796));
#11215 = VERTEX_POINT('',#11216);
#11216 = CARTESIAN_POINT('',(0.,174.5657478215,-144.4478597935));
#11217 = SURFACE_CURVE('',#11218,(#11222,#11229),.PCURVE_S1.);
#11218 = LINE('',#11219,#11220);
#11219 = CARTESIAN_POINT('',(0.,173.80942223285,-150.3999998796));
#11220 = VECTOR('',#11221,1.);
#11221 = DIRECTION('',(0.,0.126054264774,0.992023347675));
#11222 = PCURVE('',#11115,#11223);
#11223 = DEFINITIONAL_REPRESENTATION('',(#11224),#11228);
#11224 = LINE('',#11225,#11226);
#11225 = CARTESIAN_POINT('',(0.,0.));
#11226 = VECTOR('',#11227,1.);
#11227 = DIRECTION('',(0.,-1.));
#11228 = ( GEOMETRIC_REPRESENTATION_CONTEXT(2) 
PARAMETRIC_REPRESENTATION_CONTEXT() REPRESENTATION_CONTEXT('2D SPACE',''
  ) );
#11229 = PCURVE('',#11230,#11235);
#11230 = PLANE('',#11231);
#11231 = AXIS2_PLACEMENT_3D('',#11232,#11233,#11234);
#11232 = CARTESIAN_POINT('',(65.,173.80942223285,-150.3999998796));
#11233 = DIRECTION('',(0.,-0.992023347675,0.126054264774));
#11234 = DIRECTION('',(-1.,0.,0.));
#11235 = DEFINITIONAL_REPRESENTATION('',(#11236),#11240);
#11236 = LINE('',#11237,#11238);
#11237 = CARTESIAN_POINT('',(65.,0.));
#11238 = VECTOR('',#11239,1.);
#11239 = DIRECTION('',(0.,-1.));
#11240 = ( GEOMETRIC_REPRESENTATION_CONTEXT(2) 
PARAMETRIC_REPRESENTATION_CONTEXT() REPRESENTATION_CONTEXT('2D SPACE',''
  ) );
#11241 = ORIENTED_EDGE('',*,*,#11242,.T.);
#11242 = EDGE_CURVE('',#11215,#11095,#11243,.T.);
#11243 = SURFACE_CURVE('',#11244,(#11248,#11255),.PCURVE_S1.);
#11244 = LINE('',#11245,#11246);
#11245 = CARTESIAN_POINT('',(0.,174.5657478215,-144.4478597935));
#11246 = VECTOR('',#11247,1.);
#11247 = DIRECTION('',(0.,-0.992023347675,0.126054264774));
#11248 = PCURVE('',#11115,#11249);
#11249 = DEFINITIONAL_REPRESENTATION('',(#11250),#11254);
#11250 = LINE('',#11251,#11252);
#11251 = CARTESIAN_POINT('',(0.,-6.));
#11252 = VECTOR('',#11253,1.);
#11253 = DIRECTION('',(1.,0.));
#11254 = ( GEOMETRIC_REPRESENTATION_CONTEXT(2) 
PARAMETRIC_REPRESENTATION_CONTEXT() REPRESENTATION_CONTEXT('2D SPACE',''
  ) );
#11255 = PCURVE('',#11143,#11256);
#11256 = DEFINITIONAL_REPRESENTATION('',(#11257),#11261);
#11257 = LINE('',#11258,#11259);
#11258 = CARTESIAN_POINT('',(-32.5,24.422181881762));
#11259 = VECTOR('',#11260,1.);
#11260 = DIRECTION('',(0.,-1.));
#11261 = ( GEOMETRIC_REPRESENTATION_CONTEXT(2) 
PARAMETRIC_REPRESENTATION_CONTEXT() REPRESENTATION_CONTEXT('2D SPACE',''
  ) );
#11262 = ORIENTED_EDGE('',*,*,#11092,.F.);
#11263 = ORIENTED_EDGE('',*,*,#11264,.F.);
#11264 = EDGE_CURVE('',#11213,#11093,#11265,.T.);
#11265 = SURFACE_CURVE('',#11266,(#11270,#11277),.PCURVE_S1.);
#11266 = LINE('',#11267,#11268);
#11267 = CARTESIAN_POINT('',(0.,173.80942223285,-150.3999998796));
#11268 = VECTOR('',#11269,1.);
#11269 = DIRECTION('',(0.,-0.992023347675,0.126054264774));
#11270 = PCURVE('',#11115,#11271);
#11271 = DEFINITIONAL_REPRESENTATION('',(#11272),#11276);
#11272 = LINE('',#11273,#11274);
#11273 = CARTESIAN_POINT('',(0.,0.));
#11274 = VECTOR('',#11275,1.);
#11275 = DIRECTION('',(1.,0.));
#11276 = ( GEOMETRIC_REPRESENTATION_CONTEXT(2) 
PARAMETRIC_REPRESENTATION_CONTEXT() REPRESENTATION_CONTEXT('2D SPACE',''
  ) );
#11277 = PCURVE('',#11197,#11278);
#11278 = DEFINITIONAL_REPRESENTATION('',(#11279),#11283);
#11279 = LINE('',#11280,#11281);
#11280 = CARTESIAN_POINT('',(-32.5,24.422181881762));
#11281 = VECTOR('',#11282,1.);
#11282 = DIRECTION('',(0.,-1.));
#11283 = ( GEOMETRIC_REPRESENTATION_CONTEXT(2) 
PARAMETRIC_REPRESENTATION_CONTEXT() REPRESENTATION_CONTEXT('2D SPACE',''
  ) );
#11284 = ADVANCED_FACE('',(#11285,#11472),#11171,.F.);
#11285 = FACE_BOUND('',#11286,.F.);
#11286 = EDGE_LOOP('',(#11287,#11310,#11311,#11334,#11362,#11390,#11418,
    #11446));
#11287 = ORIENTED_EDGE('',*,*,#11288,.F.);
#11288 = EDGE_CURVE('',#11156,#11289,#11291,.T.);
#11289 = VERTEX_POINT('',#11290);
#11290 = CARTESIAN_POINT('',(16.25,123.71224317526,-144.0342595085));
#11291 = SURFACE_CURVE('',#11292,(#11296,#11303),.PCURVE_S1.);
#11292 = LINE('',#11293,#11294);
#11293 = CARTESIAN_POINT('',(16.25,126.19230154445,-144.3493951705));
#11294 = VECTOR('',#11295,1.);
#11295 = DIRECTION('',(0.,-0.992023347675,0.126054264774));
#11296 = PCURVE('',#11171,#11297);
#11297 = DEFINITIONAL_REPRESENTATION('',(#11298),#11302);
#11298 = LINE('',#11299,#11300);
#11299 = CARTESIAN_POINT('',(0.,0.));
#11300 = VECTOR('',#11301,1.);
#11301 = DIRECTION('',(1.,0.));
#11302 = ( GEOMETRIC_REPRESENTATION_CONTEXT(2) 
PARAMETRIC_REPRESENTATION_CONTEXT() REPRESENTATION_CONTEXT('2D SPACE',''
  ) );
#11303 = PCURVE('',#11197,#11304);
#11304 = DEFINITIONAL_REPRESENTATION('',(#11305),#11309);
#11305 = LINE('',#11306,#11307);
#11306 = CARTESIAN_POINT('',(-16.25,-23.57781811823));
#11307 = VECTOR('',#11308,1.);
#11308 = DIRECTION('',(0.,-1.));
#11309 = ( GEOMETRIC_REPRESENTATION_CONTEXT(2) 
PARAMETRIC_REPRESENTATION_CONTEXT() REPRESENTATION_CONTEXT('2D SPACE',''
  ) );
#11310 = ORIENTED_EDGE('',*,*,#11155,.T.);
#11311 = ORIENTED_EDGE('',*,*,#11312,.T.);
#11312 = EDGE_CURVE('',#11128,#11313,#11315,.T.);
#11313 = VERTEX_POINT('',#11314);
#11314 = CARTESIAN_POINT('',(16.25,119.50845202553,-137.4518480986));
#11315 = SURFACE_CURVE('',#11316,(#11320,#11327),.PCURVE_S1.);
#11316 = LINE('',#11317,#11318);
#11317 = CARTESIAN_POINT('',(16.25,126.94862713309,-138.3972550844));
#11318 = VECTOR('',#11319,1.);
#11319 = DIRECTION('',(0.,-0.992023347675,0.126054264774));
#11320 = PCURVE('',#11171,#11321);
#11321 = DEFINITIONAL_REPRESENTATION('',(#11322),#11326);
#11322 = LINE('',#11323,#11324);
#11323 = CARTESIAN_POINT('',(0.,-6.));
#11324 = VECTOR('',#11325,1.);
#11325 = DIRECTION('',(1.,0.));
#11326 = ( GEOMETRIC_REPRESENTATION_CONTEXT(2) 
PARAMETRIC_REPRESENTATION_CONTEXT() REPRESENTATION_CONTEXT('2D SPACE',''
  ) );
#11327 = PCURVE('',#11143,#11328);
#11328 = DEFINITIONAL_REPRESENTATION('',(#11329),#11333);
#11329 = LINE('',#11330,#11331);
#11330 = CARTESIAN_POINT('',(-16.25,-23.57781811823));
#11331 = VECTOR('',#11332,1.);
#11332 = DIRECTION('',(0.,-1.));
#11333 = ( GEOMETRIC_REPRESENTATION_CONTEXT(2) 
PARAMETRIC_REPRESENTATION_CONTEXT() REPRESENTATION_CONTEXT('2D SPACE',''
  ) );
#11334 = ORIENTED_EDGE('',*,*,#11335,.T.);
#11335 = EDGE_CURVE('',#11313,#11336,#11338,.T.);
#11336 = VERTEX_POINT('',#11337);
#11337 = CARTESIAN_POINT('',(16.25,113.91806396329,-141.7816935131));
#11338 = SURFACE_CURVE('',#11339,(#11343,#11350),.PCURVE_S1.);
#11339 = LINE('',#11340,#11341);
#11340 = CARTESIAN_POINT('',(16.25,119.50845202553,-137.4518480986));
#11341 = VECTOR('',#11342,1.);
#11342 = DIRECTION('',(0.,-0.790600261655,-0.612332610818));
#11343 = PCURVE('',#11171,#11344);
#11344 = DEFINITIONAL_REPRESENTATION('',(#11345),#11349);
#11345 = LINE('',#11346,#11347);
#11346 = CARTESIAN_POINT('',(7.5,-6.));
#11347 = VECTOR('',#11348,1.);
#11348 = DIRECTION('',(0.707106781187,0.707106781187));
#11349 = ( GEOMETRIC_REPRESENTATION_CONTEXT(2) 
PARAMETRIC_REPRESENTATION_CONTEXT() REPRESENTATION_CONTEXT('2D SPACE',''
  ) );
#11350 = PCURVE('',#11351,#11356);
#11351 = PLANE('',#11352);
#11352 = AXIS2_PLACEMENT_3D('',#11353,#11354,#11355);
#11353 = CARTESIAN_POINT('',(16.25,119.50845202553,-137.4518480986));
#11354 = DIRECTION('',(0.,0.612332610818,-0.790600261655));
#11355 = DIRECTION('',(0.,-0.790600261655,-0.612332610818));
#11356 = DEFINITIONAL_REPRESENTATION('',(#11357),#11361);
#11357 = LINE('',#11358,#11359);
#11358 = CARTESIAN_POINT('',(0.,0.));
#11359 = VECTOR('',#11360,1.);
#11360 = DIRECTION('',(1.,0.));
#11361 = ( GEOMETRIC_REPRESENTATION_CONTEXT(2) 
PARAMETRIC_REPRESENTATION_CONTEXT() REPRESENTATION_CONTEXT('2D SPACE',''
  ) );
#11362 = ORIENTED_EDGE('',*,*,#11363,.T.);
#11363 = EDGE_CURVE('',#11336,#11364,#11366,.T.);
#11364 = VERTEX_POINT('',#11365);
#11365 = CARTESIAN_POINT('',(16.25,113.53990116897,-144.7577635561));
#11366 = SURFACE_CURVE('',#11367,(#11371,#11378),.PCURVE_S1.);
#11367 = LINE('',#11368,#11369);
#11368 = CARTESIAN_POINT('',(16.25,113.91806396329,-141.7816935131));
#11369 = VECTOR('',#11370,1.);
#11370 = DIRECTION('',(0.,-0.126054264774,-0.992023347675));
#11371 = PCURVE('',#11171,#11372);
#11372 = DEFINITIONAL_REPRESENTATION('',(#11373),#11377);
#11373 = LINE('',#11374,#11375);
#11374 = CARTESIAN_POINT('',(12.5,-1.));
#11375 = VECTOR('',#11376,1.);
#11376 = DIRECTION('',(0.,1.));
#11377 = ( GEOMETRIC_REPRESENTATION_CONTEXT(2) 
PARAMETRIC_REPRESENTATION_CONTEXT() REPRESENTATION_CONTEXT('2D SPACE',''
  ) );
#11378 = PCURVE('',#11379,#11384);
#11379 = PLANE('',#11380);
#11380 = AXIS2_PLACEMENT_3D('',#11381,#11382,#11383);
#11381 = CARTESIAN_POINT('',(16.25,113.91806396329,-141.7816935131));
#11382 = DIRECTION('',(0.,0.992023347675,-0.126054264774));
#11383 = DIRECTION('',(0.,-0.126054264774,-0.992023347675));
#11384 = DEFINITIONAL_REPRESENTATION('',(#11385),#11389);
#11385 = LINE('',#11386,#11387);
#11386 = CARTESIAN_POINT('',(0.,0.));
#11387 = VECTOR('',#11388,1.);
#11388 = DIRECTION('',(1.,0.));
#11389 = ( GEOMETRIC_REPRESENTATION_CONTEXT(2) 
PARAMETRIC_REPRESENTATION_CONTEXT() REPRESENTATION_CONTEXT('2D SPACE',''
  ) );
#11390 = ORIENTED_EDGE('',*,*,#11391,.T.);
#11391 = EDGE_CURVE('',#11364,#11392,#11394,.T.);
#11392 = VERTEX_POINT('',#11393);
#11393 = CARTESIAN_POINT('',(16.25,117.86974658347,-150.3481516184));
#11394 = SURFACE_CURVE('',#11395,(#11399,#11406),.PCURVE_S1.);
#11395 = LINE('',#11396,#11397);
#11396 = CARTESIAN_POINT('',(16.25,113.53990116897,-144.7577635561));
#11397 = VECTOR('',#11398,1.);
#11398 = DIRECTION('',(0.,0.612332610818,-0.790600261655));
#11399 = PCURVE('',#11171,#11400);
#11400 = DEFINITIONAL_REPRESENTATION('',(#11401),#11405);
#11401 = LINE('',#11402,#11403);
#11402 = CARTESIAN_POINT('',(12.5,2.));
#11403 = VECTOR('',#11404,1.);
#11404 = DIRECTION('',(-0.707106781187,0.707106781187));
#11405 = ( GEOMETRIC_REPRESENTATION_CONTEXT(2) 
PARAMETRIC_REPRESENTATION_CONTEXT() REPRESENTATION_CONTEXT('2D SPACE',''
  ) );
#11406 = PCURVE('',#11407,#11412);
#11407 = PLANE('',#11408);
#11408 = AXIS2_PLACEMENT_3D('',#11409,#11410,#11411);
#11409 = CARTESIAN_POINT('',(16.25,113.53990116897,-144.7577635561));
#11410 = DIRECTION('',(0.,0.790600261655,0.612332610818));
#11411 = DIRECTION('',(0.,0.612332610818,-0.790600261655));
#11412 = DEFINITIONAL_REPRESENTATION('',(#11413),#11417);
#11413 = LINE('',#11414,#11415);
#11414 = CARTESIAN_POINT('',(0.,0.));
#11415 = VECTOR('',#11416,1.);
#11416 = DIRECTION('',(1.,0.));
#11417 = ( GEOMETRIC_REPRESENTATION_CONTEXT(2) 
PARAMETRIC_REPRESENTATION_CONTEXT() REPRESENTATION_CONTEXT('2D SPACE',''
  ) );
#11418 = ORIENTED_EDGE('',*,*,#11419,.T.);
#11419 = EDGE_CURVE('',#11392,#11420,#11422,.T.);
#11420 = VERTEX_POINT('',#11421);
#11421 = CARTESIAN_POINT('',(16.25,123.46013464572,-146.0183062039));
#11422 = SURFACE_CURVE('',#11423,(#11427,#11434),.PCURVE_S1.);
#11423 = LINE('',#11424,#11425);
#11424 = CARTESIAN_POINT('',(16.25,117.86974658347,-150.3481516184));
#11425 = VECTOR('',#11426,1.);
#11426 = DIRECTION('',(0.,0.790600261655,0.612332610818));
#11427 = PCURVE('',#11171,#11428);
#11428 = DEFINITIONAL_REPRESENTATION('',(#11429),#11433);
#11429 = LINE('',#11430,#11431);
#11430 = CARTESIAN_POINT('',(7.5,7.));
#11431 = VECTOR('',#11432,1.);
#11432 = DIRECTION('',(-0.707106781187,-0.707106781187));
#11433 = ( GEOMETRIC_REPRESENTATION_CONTEXT(2) 
PARAMETRIC_REPRESENTATION_CONTEXT() REPRESENTATION_CONTEXT('2D SPACE',''
  ) );
#11434 = PCURVE('',#11435,#11440);
#11435 = PLANE('',#11436);
#11436 = AXIS2_PLACEMENT_3D('',#11437,#11438,#11439);
#11437 = CARTESIAN_POINT('',(16.25,117.86974658347,-150.3481516184));
#11438 = DIRECTION('',(0.,-0.612332610818,0.790600261655));
#11439 = DIRECTION('',(0.,0.790600261655,0.612332610818));
#11440 = DEFINITIONAL_REPRESENTATION('',(#11441),#11445);
#11441 = LINE('',#11442,#11443);
#11442 = CARTESIAN_POINT('',(0.,0.));
#11443 = VECTOR('',#11444,1.);
#11444 = DIRECTION('',(1.,0.));
#11445 = ( GEOMETRIC_REPRESENTATION_CONTEXT(2) 
PARAMETRIC_REPRESENTATION_CONTEXT() REPRESENTATION_CONTEXT('2D SPACE',''
  ) );
#11446 = ORIENTED_EDGE('',*,*,#11447,.T.);
#11447 = EDGE_CURVE('',#11420,#11289,#11448,.T.);
#11448 = SURFACE_CURVE('',#11449,(#11453,#11460),.PCURVE_S1.);
#11449 = LINE('',#11450,#11451);
#11450 = CARTESIAN_POINT('',(16.25,123.46013464572,-146.0183062039));
#11451 = VECTOR('',#11452,1.);
#11452 = DIRECTION('',(0.,0.126054264774,0.992023347675));
#11453 = PCURVE('',#11171,#11454);
#11454 = DEFINITIONAL_REPRESENTATION('',(#11455),#11459);
#11455 = LINE('',#11456,#11457);
#11456 = CARTESIAN_POINT('',(2.5,2.));
#11457 = VECTOR('',#11458,1.);
#11458 = DIRECTION('',(0.,-1.));
#11459 = ( GEOMETRIC_REPRESENTATION_CONTEXT(2) 
PARAMETRIC_REPRESENTATION_CONTEXT() REPRESENTATION_CONTEXT('2D SPACE',''
  ) );
#11460 = PCURVE('',#11461,#11466);
#11461 = PLANE('',#11462);
#11462 = AXIS2_PLACEMENT_3D('',#11463,#11464,#11465);
#11463 = CARTESIAN_POINT('',(16.25,123.46013464572,-146.0183062039));
#11464 = DIRECTION('',(0.,-0.992023347675,0.126054264774));
#11465 = DIRECTION('',(0.,0.126054264774,0.992023347675));
#11466 = DEFINITIONAL_REPRESENTATION('',(#11467),#11471);
#11467 = LINE('',#11468,#11469);
#11468 = CARTESIAN_POINT('',(0.,0.));
#11469 = VECTOR('',#11470,1.);
#11470 = DIRECTION('',(1.,0.));
#11471 = ( GEOMETRIC_REPRESENTATION_CONTEXT(2) 
PARAMETRIC_REPRESENTATION_CONTEXT() REPRESENTATION_CONTEXT('2D SPACE',''
  ) );
#11472 = FACE_BOUND('',#11473,.F.);
#11473 = EDGE_LOOP('',(#11474));
#11474 = ORIENTED_EDGE('',*,*,#11475,.T.);
#11475 = EDGE_CURVE('',#11476,#11476,#11478,.T.);
#11476 = VERTEX_POINT('',#11477);
#11477 = CARTESIAN_POINT('',(16.25,118.24790937779,-147.3720815754));
#11478 = SURFACE_CURVE('',#11479,(#11484,#11495),.PCURVE_S1.);
#11479 = CIRCLE('',#11480,3.5);
#11480 = AXIS2_PLACEMENT_3D('',#11481,#11482,#11483);
#11481 = CARTESIAN_POINT('',(16.25,118.6890993045,-143.8999998585));
#11482 = DIRECTION('',(-1.,0.,-0.));
#11483 = DIRECTION('',(0.,-0.126054264774,-0.992023347675));
#11484 = PCURVE('',#11171,#11485);
#11485 = DEFINITIONAL_REPRESENTATION('',(#11486),#11494);
#11486 = ( BOUNDED_CURVE() B_SPLINE_CURVE(2,(#11487,#11488,#11489,#11490
    ,#11491,#11492,#11493),.UNSPECIFIED.,.T.,.F.) 
B_SPLINE_CURVE_WITH_KNOTS((1,2,2,2,2,1),(-2.094395102393,0.,
    2.094395102393,4.188790204786,6.28318530718,8.377580409573),
.UNSPECIFIED.) CURVE() GEOMETRIC_REPRESENTATION_ITEM() 
RATIONAL_B_SPLINE_CURVE((1.,0.5,1.,0.5,1.,0.5,1.)) REPRESENTATION_ITEM(
  '') );
#11487 = CARTESIAN_POINT('',(7.5,4.));
#11488 = CARTESIAN_POINT('',(13.562177826491,4.));
#11489 = CARTESIAN_POINT('',(10.531088913246,-1.25));
#11490 = CARTESIAN_POINT('',(7.5,-6.5));
#11491 = CARTESIAN_POINT('',(4.468911086754,-1.25));
#11492 = CARTESIAN_POINT('',(1.437822173509,4.));
#11493 = CARTESIAN_POINT('',(7.5,4.));
#11494 = ( GEOMETRIC_REPRESENTATION_CONTEXT(2) 
PARAMETRIC_REPRESENTATION_CONTEXT() REPRESENTATION_CONTEXT('2D SPACE',''
  ) );
#11495 = PCURVE('',#11496,#11501);
#11496 = CONICAL_SURFACE('',#11497,3.5,0.785398163397);
#11497 = AXIS2_PLACEMENT_3D('',#11498,#11499,#11500);
#11498 = CARTESIAN_POINT('',(16.25,118.6890993045,-143.8999998585));
#11499 = DIRECTION('',(1.,0.,0.));
#11500 = DIRECTION('',(0.,-0.126054264774,-0.992023347675));
#11501 = DEFINITIONAL_REPRESENTATION('',(#11502),#11506);
#11502 = LINE('',#11503,#11504);
#11503 = CARTESIAN_POINT('',(-0.,-0.));
#11504 = VECTOR('',#11505,1.);
#11505 = DIRECTION('',(-1.,-0.));
#11506 = ( GEOMETRIC_REPRESENTATION_CONTEXT(2) 
PARAMETRIC_REPRESENTATION_CONTEXT() REPRESENTATION_CONTEXT('2D SPACE',''
  ) );
#11507 = ADVANCED_FACE('',(#11508),#11197,.F.);
#11508 = FACE_BOUND('',#11509,.F.);
#11509 = EDGE_LOOP('',(#11510,#11511,#11512,#11513,#11534,#11562,#11590,
    #11618));
#11510 = ORIENTED_EDGE('',*,*,#11264,.T.);
#11511 = ORIENTED_EDGE('',*,*,#11183,.T.);
#11512 = ORIENTED_EDGE('',*,*,#11288,.T.);
#11513 = ORIENTED_EDGE('',*,*,#11514,.T.);
#11514 = EDGE_CURVE('',#11289,#11515,#11517,.T.);
#11515 = VERTEX_POINT('',#11516);
#11516 = CARTESIAN_POINT('',(48.75,123.71224317526,-144.0342595085));
#11517 = SURFACE_CURVE('',#11518,(#11522,#11528),.PCURVE_S1.);
#11518 = LINE('',#11519,#11520);
#11519 = CARTESIAN_POINT('',(24.375,123.71224317526,-144.0342595085));
#11520 = VECTOR('',#11521,1.);
#11521 = DIRECTION('',(1.,0.,0.));
#11522 = PCURVE('',#11197,#11523);
#11523 = DEFINITIONAL_REPRESENTATION('',(#11524),#11527);
#11524 = B_SPLINE_CURVE_WITH_KNOTS('',1,(#11525,#11526),.UNSPECIFIED.,
  .F.,.F.,(2,2),(-8.125,24.375),.PIECEWISE_BEZIER_KNOTS.);
#11525 = CARTESIAN_POINT('',(-16.25,-26.07781811823));
#11526 = CARTESIAN_POINT('',(16.25,-26.07781811823));
#11527 = ( GEOMETRIC_REPRESENTATION_CONTEXT(2) 
PARAMETRIC_REPRESENTATION_CONTEXT() REPRESENTATION_CONTEXT('2D SPACE',''
  ) );
#11528 = PCURVE('',#11461,#11529);
#11529 = DEFINITIONAL_REPRESENTATION('',(#11530),#11533);
#11530 = B_SPLINE_CURVE_WITH_KNOTS('',1,(#11531,#11532),.UNSPECIFIED.,
  .F.,.F.,(2,2),(-8.125,24.375),.PIECEWISE_BEZIER_KNOTS.);
#11531 = CARTESIAN_POINT('',(2.,0.));
#11532 = CARTESIAN_POINT('',(2.,-32.5));
#11533 = ( GEOMETRIC_REPRESENTATION_CONTEXT(2) 
PARAMETRIC_REPRESENTATION_CONTEXT() REPRESENTATION_CONTEXT('2D SPACE',''
  ) );
#11534 = ORIENTED_EDGE('',*,*,#11535,.T.);
#11535 = EDGE_CURVE('',#11515,#11536,#11538,.T.);
#11536 = VERTEX_POINT('',#11537);
#11537 = CARTESIAN_POINT('',(48.75,126.19230154445,-144.3493951705));
#11538 = SURFACE_CURVE('',#11539,(#11543,#11550),.PCURVE_S1.);
#11539 = LINE('',#11540,#11541);
#11540 = CARTESIAN_POINT('',(48.75,118.75212643689,-143.4039881847));
#11541 = VECTOR('',#11542,1.);
#11542 = DIRECTION('',(0.,0.992023347675,-0.126054264774));
#11543 = PCURVE('',#11197,#11544);
#11544 = DEFINITIONAL_REPRESENTATION('',(#11545),#11549);
#11545 = LINE('',#11546,#11547);
#11546 = CARTESIAN_POINT('',(16.25,-31.07781811823));
#11547 = VECTOR('',#11548,1.);
#11548 = DIRECTION('',(0.,1.));
#11549 = ( GEOMETRIC_REPRESENTATION_CONTEXT(2) 
PARAMETRIC_REPRESENTATION_CONTEXT() REPRESENTATION_CONTEXT('2D SPACE',''
  ) );
#11550 = PCURVE('',#11551,#11556);
#11551 = PLANE('',#11552);
#11552 = AXIS2_PLACEMENT_3D('',#11553,#11554,#11555);
#11553 = CARTESIAN_POINT('',(48.75,118.75212643689,-143.4039881847));
#11554 = DIRECTION('',(-1.,0.,0.));
#11555 = DIRECTION('',(0.,0.992023347675,-0.126054264774));
#11556 = DEFINITIONAL_REPRESENTATION('',(#11557),#11561);
#11557 = LINE('',#11558,#11559);
#11558 = CARTESIAN_POINT('',(0.,0.));
#11559 = VECTOR('',#11560,1.);
#11560 = DIRECTION('',(1.,0.));
#11561 = ( GEOMETRIC_REPRESENTATION_CONTEXT(2) 
PARAMETRIC_REPRESENTATION_CONTEXT() REPRESENTATION_CONTEXT('2D SPACE',''
  ) );
#11562 = ORIENTED_EDGE('',*,*,#11563,.T.);
#11563 = EDGE_CURVE('',#11536,#11564,#11566,.T.);
#11564 = VERTEX_POINT('',#11565);
#11565 = CARTESIAN_POINT('',(65.,142.31268094417,-146.397776973));
#11566 = SURFACE_CURVE('',#11567,(#11571,#11578),.PCURVE_S1.);
#11567 = LINE('',#11568,#11569);
#11568 = CARTESIAN_POINT('',(48.75,126.19230154445,-144.3493951705));
#11569 = VECTOR('',#11570,1.);
#11570 = DIRECTION('',(0.707106781187,0.701466436236,-8.913382541887E-02
    ));
#11571 = PCURVE('',#11197,#11572);
#11572 = DEFINITIONAL_REPRESENTATION('',(#11573),#11577);
#11573 = LINE('',#11574,#11575);
#11574 = CARTESIAN_POINT('',(16.25,-23.57781811823));
#11575 = VECTOR('',#11576,1.);
#11576 = DIRECTION('',(0.707106781187,0.707106781187));
#11577 = ( GEOMETRIC_REPRESENTATION_CONTEXT(2) 
PARAMETRIC_REPRESENTATION_CONTEXT() REPRESENTATION_CONTEXT('2D SPACE',''
  ) );
#11578 = PCURVE('',#11579,#11584);
#11579 = PLANE('',#11580);
#11580 = AXIS2_PLACEMENT_3D('',#11581,#11582,#11583);
#11581 = CARTESIAN_POINT('',(48.75,126.19230154445,-144.3493951705));
#11582 = DIRECTION('',(-0.707106781187,0.701466436236,
    -8.913382541887E-02));
#11583 = DIRECTION('',(0.707106781187,0.701466436236,-8.913382541887E-02
    ));
#11584 = DEFINITIONAL_REPRESENTATION('',(#11585),#11589);
#11585 = LINE('',#11586,#11587);
#11586 = CARTESIAN_POINT('',(0.,0.));
#11587 = VECTOR('',#11588,1.);
#11588 = DIRECTION('',(1.,0.));
#11589 = ( GEOMETRIC_REPRESENTATION_CONTEXT(2) 
PARAMETRIC_REPRESENTATION_CONTEXT() REPRESENTATION_CONTEXT('2D SPACE',''
  ) );
#11590 = ORIENTED_EDGE('',*,*,#11591,.T.);
#11591 = EDGE_CURVE('',#11564,#11592,#11594,.T.);
#11592 = VERTEX_POINT('',#11593);
#11593 = CARTESIAN_POINT('',(65.,173.80942223285,-150.3999998796));
#11594 = SURFACE_CURVE('',#11595,(#11599,#11606),.PCURVE_S1.);
#11595 = LINE('',#11596,#11597);
#11596 = CARTESIAN_POINT('',(65.,142.31268094417,-146.397776973));
#11597 = VECTOR('',#11598,1.);
#11598 = DIRECTION('',(0.,0.992023347675,-0.126054264774));
#11599 = PCURVE('',#11197,#11600);
#11600 = DEFINITIONAL_REPRESENTATION('',(#11601),#11605);
#11601 = LINE('',#11602,#11603);
#11602 = CARTESIAN_POINT('',(32.5,-7.327818118238));
#11603 = VECTOR('',#11604,1.);
#11604 = DIRECTION('',(0.,1.));
#11605 = ( GEOMETRIC_REPRESENTATION_CONTEXT(2) 
PARAMETRIC_REPRESENTATION_CONTEXT() REPRESENTATION_CONTEXT('2D SPACE',''
  ) );
#11606 = PCURVE('',#11607,#11612);
#11607 = PLANE('',#11608);
#11608 = AXIS2_PLACEMENT_3D('',#11609,#11610,#11611);
#11609 = CARTESIAN_POINT('',(65.,142.31268094417,-146.397776973));
#11610 = DIRECTION('',(-1.,0.,0.));
#11611 = DIRECTION('',(0.,0.992023347675,-0.126054264774));
#11612 = DEFINITIONAL_REPRESENTATION('',(#11613),#11617);
#11613 = LINE('',#11614,#11615);
#11614 = CARTESIAN_POINT('',(0.,0.));
#11615 = VECTOR('',#11616,1.);
#11616 = DIRECTION('',(1.,0.));
#11617 = ( GEOMETRIC_REPRESENTATION_CONTEXT(2) 
PARAMETRIC_REPRESENTATION_CONTEXT() REPRESENTATION_CONTEXT('2D SPACE',''
  ) );
#11618 = ORIENTED_EDGE('',*,*,#11619,.T.);
#11619 = EDGE_CURVE('',#11592,#11213,#11620,.T.);
#11620 = SURFACE_CURVE('',#11621,(#11625,#11632),.PCURVE_S1.);
#11621 = LINE('',#11622,#11623);
#11622 = CARTESIAN_POINT('',(65.,173.80942223285,-150.3999998796));
#11623 = VECTOR('',#11624,1.);
#11624 = DIRECTION('',(-1.,0.,0.));
#11625 = PCURVE('',#11197,#11626);
#11626 = DEFINITIONAL_REPRESENTATION('',(#11627),#11631);
#11627 = LINE('',#11628,#11629);
#11628 = CARTESIAN_POINT('',(32.5,24.422181881762));
#11629 = VECTOR('',#11630,1.);
#11630 = DIRECTION('',(-1.,0.));
#11631 = ( GEOMETRIC_REPRESENTATION_CONTEXT(2) 
PARAMETRIC_REPRESENTATION_CONTEXT() REPRESENTATION_CONTEXT('2D SPACE',''
  ) );
#11632 = PCURVE('',#11230,#11633);
#11633 = DEFINITIONAL_REPRESENTATION('',(#11634),#11638);
#11634 = LINE('',#11635,#11636);
#11635 = CARTESIAN_POINT('',(0.,-0.));
#11636 = VECTOR('',#11637,1.);
#11637 = DIRECTION('',(1.,0.));
#11638 = ( GEOMETRIC_REPRESENTATION_CONTEXT(2) 
PARAMETRIC_REPRESENTATION_CONTEXT() REPRESENTATION_CONTEXT('2D SPACE',''
  ) );
#11639 = ADVANCED_FACE('',(#11640),#11143,.T.);
#11640 = FACE_BOUND('',#11641,.T.);
#11641 = EDGE_LOOP('',(#11642,#11643,#11644,#11667,#11690,#11713,#11736,
    #11757));
#11642 = ORIENTED_EDGE('',*,*,#11127,.T.);
#11643 = ORIENTED_EDGE('',*,*,#11312,.T.);
#11644 = ORIENTED_EDGE('',*,*,#11645,.T.);
#11645 = EDGE_CURVE('',#11313,#11646,#11648,.T.);
#11646 = VERTEX_POINT('',#11647);
#11647 = CARTESIAN_POINT('',(48.75,119.50845202553,-137.4518480986));
#11648 = SURFACE_CURVE('',#11649,(#11653,#11660),.PCURVE_S1.);
#11649 = LINE('',#11650,#11651);
#11650 = CARTESIAN_POINT('',(16.25,119.50845202553,-137.4518480986));
#11651 = VECTOR('',#11652,1.);
#11652 = DIRECTION('',(1.,0.,0.));
#11653 = PCURVE('',#11143,#11654);
#11654 = DEFINITIONAL_REPRESENTATION('',(#11655),#11659);
#11655 = LINE('',#11656,#11657);
#11656 = CARTESIAN_POINT('',(-16.25,-31.07781811823));
#11657 = VECTOR('',#11658,1.);
#11658 = DIRECTION('',(1.,0.));
#11659 = ( GEOMETRIC_REPRESENTATION_CONTEXT(2) 
PARAMETRIC_REPRESENTATION_CONTEXT() REPRESENTATION_CONTEXT('2D SPACE',''
  ) );
#11660 = PCURVE('',#11351,#11661);
#11661 = DEFINITIONAL_REPRESENTATION('',(#11662),#11666);
#11662 = LINE('',#11663,#11664);
#11663 = CARTESIAN_POINT('',(0.,0.));
#11664 = VECTOR('',#11665,1.);
#11665 = DIRECTION('',(0.,-1.));
#11666 = ( GEOMETRIC_REPRESENTATION_CONTEXT(2) 
PARAMETRIC_REPRESENTATION_CONTEXT() REPRESENTATION_CONTEXT('2D SPACE',''
  ) );
#11667 = ORIENTED_EDGE('',*,*,#11668,.T.);
#11668 = EDGE_CURVE('',#11646,#11669,#11671,.T.);
#11669 = VERTEX_POINT('',#11670);
#11670 = CARTESIAN_POINT('',(48.75,126.94862713309,-138.3972550844));
#11671 = SURFACE_CURVE('',#11672,(#11676,#11683),.PCURVE_S1.);
#11672 = LINE('',#11673,#11674);
#11673 = CARTESIAN_POINT('',(48.75,119.50845202553,-137.4518480986));
#11674 = VECTOR('',#11675,1.);
#11675 = DIRECTION('',(0.,0.992023347675,-0.126054264774));
#11676 = PCURVE('',#11143,#11677);
#11677 = DEFINITIONAL_REPRESENTATION('',(#11678),#11682);
#11678 = LINE('',#11679,#11680);
#11679 = CARTESIAN_POINT('',(16.25,-31.07781811823));
#11680 = VECTOR('',#11681,1.);
#11681 = DIRECTION('',(0.,1.));
#11682 = ( GEOMETRIC_REPRESENTATION_CONTEXT(2) 
PARAMETRIC_REPRESENTATION_CONTEXT() REPRESENTATION_CONTEXT('2D SPACE',''
  ) );
#11683 = PCURVE('',#11551,#11684);
#11684 = DEFINITIONAL_REPRESENTATION('',(#11685),#11689);
#11685 = LINE('',#11686,#11687);
#11686 = CARTESIAN_POINT('',(0.,-6.));
#11687 = VECTOR('',#11688,1.);
#11688 = DIRECTION('',(1.,0.));
#11689 = ( GEOMETRIC_REPRESENTATION_CONTEXT(2) 
PARAMETRIC_REPRESENTATION_CONTEXT() REPRESENTATION_CONTEXT('2D SPACE',''
  ) );
#11690 = ORIENTED_EDGE('',*,*,#11691,.T.);
#11691 = EDGE_CURVE('',#11669,#11692,#11694,.T.);
#11692 = VERTEX_POINT('',#11693);
#11693 = CARTESIAN_POINT('',(65.,143.06900653281,-140.445636887));
#11694 = SURFACE_CURVE('',#11695,(#11699,#11706),.PCURVE_S1.);
#11695 = LINE('',#11696,#11697);
#11696 = CARTESIAN_POINT('',(48.75,126.94862713309,-138.3972550844));
#11697 = VECTOR('',#11698,1.);
#11698 = DIRECTION('',(0.707106781187,0.701466436236,-8.913382541887E-02
    ));
#11699 = PCURVE('',#11143,#11700);
#11700 = DEFINITIONAL_REPRESENTATION('',(#11701),#11705);
#11701 = LINE('',#11702,#11703);
#11702 = CARTESIAN_POINT('',(16.25,-23.57781811823));
#11703 = VECTOR('',#11704,1.);
#11704 = DIRECTION('',(0.707106781187,0.707106781187));
#11705 = ( GEOMETRIC_REPRESENTATION_CONTEXT(2) 
PARAMETRIC_REPRESENTATION_CONTEXT() REPRESENTATION_CONTEXT('2D SPACE',''
  ) );
#11706 = PCURVE('',#11579,#11707);
#11707 = DEFINITIONAL_REPRESENTATION('',(#11708),#11712);
#11708 = LINE('',#11709,#11710);
#11709 = CARTESIAN_POINT('',(0.,-6.));
#11710 = VECTOR('',#11711,1.);
#11711 = DIRECTION('',(1.,0.));
#11712 = ( GEOMETRIC_REPRESENTATION_CONTEXT(2) 
PARAMETRIC_REPRESENTATION_CONTEXT() REPRESENTATION_CONTEXT('2D SPACE',''
  ) );
#11713 = ORIENTED_EDGE('',*,*,#11714,.T.);
#11714 = EDGE_CURVE('',#11692,#11715,#11717,.T.);
#11715 = VERTEX_POINT('',#11716);
#11716 = CARTESIAN_POINT('',(65.,174.5657478215,-144.4478597935));
#11717 = SURFACE_CURVE('',#11718,(#11722,#11729),.PCURVE_S1.);
#11718 = LINE('',#11719,#11720);
#11719 = CARTESIAN_POINT('',(65.,143.06900653281,-140.445636887));
#11720 = VECTOR('',#11721,1.);
#11721 = DIRECTION('',(0.,0.992023347675,-0.126054264774));
#11722 = PCURVE('',#11143,#11723);
#11723 = DEFINITIONAL_REPRESENTATION('',(#11724),#11728);
#11724 = LINE('',#11725,#11726);
#11725 = CARTESIAN_POINT('',(32.5,-7.327818118238));
#11726 = VECTOR('',#11727,1.);
#11727 = DIRECTION('',(0.,1.));
#11728 = ( GEOMETRIC_REPRESENTATION_CONTEXT(2) 
PARAMETRIC_REPRESENTATION_CONTEXT() REPRESENTATION_CONTEXT('2D SPACE',''
  ) );
#11729 = PCURVE('',#11607,#11730);
#11730 = DEFINITIONAL_REPRESENTATION('',(#11731),#11735);
#11731 = LINE('',#11732,#11733);
#11732 = CARTESIAN_POINT('',(0.,-6.));
#11733 = VECTOR('',#11734,1.);
#11734 = DIRECTION('',(1.,0.));
#11735 = ( GEOMETRIC_REPRESENTATION_CONTEXT(2) 
PARAMETRIC_REPRESENTATION_CONTEXT() REPRESENTATION_CONTEXT('2D SPACE',''
  ) );
#11736 = ORIENTED_EDGE('',*,*,#11737,.T.);
#11737 = EDGE_CURVE('',#11715,#11215,#11738,.T.);
#11738 = SURFACE_CURVE('',#11739,(#11743,#11750),.PCURVE_S1.);
#11739 = LINE('',#11740,#11741);
#11740 = CARTESIAN_POINT('',(65.,174.5657478215,-144.4478597935));
#11741 = VECTOR('',#11742,1.);
#11742 = DIRECTION('',(-1.,0.,0.));
#11743 = PCURVE('',#11143,#11744);
#11744 = DEFINITIONAL_REPRESENTATION('',(#11745),#11749);
#11745 = LINE('',#11746,#11747);
#11746 = CARTESIAN_POINT('',(32.5,24.422181881762));
#11747 = VECTOR('',#11748,1.);
#11748 = DIRECTION('',(-1.,0.));
#11749 = ( GEOMETRIC_REPRESENTATION_CONTEXT(2) 
PARAMETRIC_REPRESENTATION_CONTEXT() REPRESENTATION_CONTEXT('2D SPACE',''
  ) );
#11750 = PCURVE('',#11230,#11751);
#11751 = DEFINITIONAL_REPRESENTATION('',(#11752),#11756);
#11752 = LINE('',#11753,#11754);
#11753 = CARTESIAN_POINT('',(0.,-6.));
#11754 = VECTOR('',#11755,1.);
#11755 = DIRECTION('',(1.,0.));
#11756 = ( GEOMETRIC_REPRESENTATION_CONTEXT(2) 
PARAMETRIC_REPRESENTATION_CONTEXT() REPRESENTATION_CONTEXT('2D SPACE',''
  ) );
#11757 = ORIENTED_EDGE('',*,*,#11242,.T.);
#11758 = ADVANCED_FACE('',(#11759),#11230,.F.);
#11759 = FACE_BOUND('',#11760,.F.);
#11760 = EDGE_LOOP('',(#11761,#11782,#11783,#11784));
#11761 = ORIENTED_EDGE('',*,*,#11762,.T.);
#11762 = EDGE_CURVE('',#11592,#11715,#11763,.T.);
#11763 = SURFACE_CURVE('',#11764,(#11768,#11775),.PCURVE_S1.);
#11764 = LINE('',#11765,#11766);
#11765 = CARTESIAN_POINT('',(65.,173.80942223285,-150.3999998796));
#11766 = VECTOR('',#11767,1.);
#11767 = DIRECTION('',(0.,0.126054264774,0.992023347675));
#11768 = PCURVE('',#11230,#11769);
#11769 = DEFINITIONAL_REPRESENTATION('',(#11770),#11774);
#11770 = LINE('',#11771,#11772);
#11771 = CARTESIAN_POINT('',(0.,-0.));
#11772 = VECTOR('',#11773,1.);
#11773 = DIRECTION('',(0.,-1.));
#11774 = ( GEOMETRIC_REPRESENTATION_CONTEXT(2) 
PARAMETRIC_REPRESENTATION_CONTEXT() REPRESENTATION_CONTEXT('2D SPACE',''
  ) );
#11775 = PCURVE('',#11607,#11776);
#11776 = DEFINITIONAL_REPRESENTATION('',(#11777),#11781);
#11777 = LINE('',#11778,#11779);
#11778 = CARTESIAN_POINT('',(31.75,0.));
#11779 = VECTOR('',#11780,1.);
#11780 = DIRECTION('',(0.,-1.));
#11781 = ( GEOMETRIC_REPRESENTATION_CONTEXT(2) 
PARAMETRIC_REPRESENTATION_CONTEXT() REPRESENTATION_CONTEXT('2D SPACE',''
  ) );
#11782 = ORIENTED_EDGE('',*,*,#11737,.T.);
#11783 = ORIENTED_EDGE('',*,*,#11212,.F.);
#11784 = ORIENTED_EDGE('',*,*,#11619,.F.);
#11785 = ADVANCED_FACE('',(#11786),#11461,.F.);
#11786 = FACE_BOUND('',#11787,.F.);
#11787 = EDGE_LOOP('',(#11788,#11789,#11812,#11833));
#11788 = ORIENTED_EDGE('',*,*,#11447,.F.);
#11789 = ORIENTED_EDGE('',*,*,#11790,.T.);
#11790 = EDGE_CURVE('',#11420,#11791,#11793,.T.);
#11791 = VERTEX_POINT('',#11792);
#11792 = CARTESIAN_POINT('',(48.75,123.46013464572,-146.0183062039));
#11793 = SURFACE_CURVE('',#11794,(#11798,#11805),.PCURVE_S1.);
#11794 = LINE('',#11795,#11796);
#11795 = CARTESIAN_POINT('',(16.25,123.46013464572,-146.0183062039));
#11796 = VECTOR('',#11797,1.);
#11797 = DIRECTION('',(1.,0.,0.));
#11798 = PCURVE('',#11461,#11799);
#11799 = DEFINITIONAL_REPRESENTATION('',(#11800),#11804);
#11800 = LINE('',#11801,#11802);
#11801 = CARTESIAN_POINT('',(0.,0.));
#11802 = VECTOR('',#11803,1.);
#11803 = DIRECTION('',(0.,-1.));
#11804 = ( GEOMETRIC_REPRESENTATION_CONTEXT(2) 
PARAMETRIC_REPRESENTATION_CONTEXT() REPRESENTATION_CONTEXT('2D SPACE',''
  ) );
#11805 = PCURVE('',#11435,#11806);
#11806 = DEFINITIONAL_REPRESENTATION('',(#11807),#11811);
#11807 = LINE('',#11808,#11809);
#11808 = CARTESIAN_POINT('',(7.071067811865,0.));
#11809 = VECTOR('',#11810,1.);
#11810 = DIRECTION('',(0.,-1.));
#11811 = ( GEOMETRIC_REPRESENTATION_CONTEXT(2) 
PARAMETRIC_REPRESENTATION_CONTEXT() REPRESENTATION_CONTEXT('2D SPACE',''
  ) );
#11812 = ORIENTED_EDGE('',*,*,#11813,.T.);
#11813 = EDGE_CURVE('',#11791,#11515,#11814,.T.);
#11814 = SURFACE_CURVE('',#11815,(#11819,#11826),.PCURVE_S1.);
#11815 = LINE('',#11816,#11817);
#11816 = CARTESIAN_POINT('',(48.75,123.46013464572,-146.0183062039));
#11817 = VECTOR('',#11818,1.);
#11818 = DIRECTION('',(0.,0.126054264774,0.992023347675));
#11819 = PCURVE('',#11461,#11820);
#11820 = DEFINITIONAL_REPRESENTATION('',(#11821),#11825);
#11821 = LINE('',#11822,#11823);
#11822 = CARTESIAN_POINT('',(0.,-32.5));
#11823 = VECTOR('',#11824,1.);
#11824 = DIRECTION('',(1.,0.));
#11825 = ( GEOMETRIC_REPRESENTATION_CONTEXT(2) 
PARAMETRIC_REPRESENTATION_CONTEXT() REPRESENTATION_CONTEXT('2D SPACE',''
  ) );
#11826 = PCURVE('',#11551,#11827);
#11827 = DEFINITIONAL_REPRESENTATION('',(#11828),#11832);
#11828 = LINE('',#11829,#11830);
#11829 = CARTESIAN_POINT('',(5.,2.));
#11830 = VECTOR('',#11831,1.);
#11831 = DIRECTION('',(0.,-1.));
#11832 = ( GEOMETRIC_REPRESENTATION_CONTEXT(2) 
PARAMETRIC_REPRESENTATION_CONTEXT() REPRESENTATION_CONTEXT('2D SPACE',''
  ) );
#11833 = ORIENTED_EDGE('',*,*,#11514,.F.);
#11834 = ADVANCED_FACE('',(#11835),#11435,.F.);
#11835 = FACE_BOUND('',#11836,.F.);
#11836 = EDGE_LOOP('',(#11837,#11860,#11881,#11882));
#11837 = ORIENTED_EDGE('',*,*,#11838,.T.);
#11838 = EDGE_CURVE('',#11392,#11839,#11841,.T.);
#11839 = VERTEX_POINT('',#11840);
#11840 = CARTESIAN_POINT('',(48.75,117.86974658347,-150.3481516184));
#11841 = SURFACE_CURVE('',#11842,(#11846,#11853),.PCURVE_S1.);
#11842 = LINE('',#11843,#11844);
#11843 = CARTESIAN_POINT('',(16.25,117.86974658347,-150.3481516184));
#11844 = VECTOR('',#11845,1.);
#11845 = DIRECTION('',(1.,0.,0.));
#11846 = PCURVE('',#11435,#11847);
#11847 = DEFINITIONAL_REPRESENTATION('',(#11848),#11852);
#11848 = LINE('',#11849,#11850);
#11849 = CARTESIAN_POINT('',(0.,0.));
#11850 = VECTOR('',#11851,1.);
#11851 = DIRECTION('',(0.,-1.));
#11852 = ( GEOMETRIC_REPRESENTATION_CONTEXT(2) 
PARAMETRIC_REPRESENTATION_CONTEXT() REPRESENTATION_CONTEXT('2D SPACE',''
  ) );
#11853 = PCURVE('',#11407,#11854);
#11854 = DEFINITIONAL_REPRESENTATION('',(#11855),#11859);
#11855 = LINE('',#11856,#11857);
#11856 = CARTESIAN_POINT('',(7.071067811865,0.));
#11857 = VECTOR('',#11858,1.);
#11858 = DIRECTION('',(0.,-1.));
#11859 = ( GEOMETRIC_REPRESENTATION_CONTEXT(2) 
PARAMETRIC_REPRESENTATION_CONTEXT() REPRESENTATION_CONTEXT('2D SPACE',''
  ) );
#11860 = ORIENTED_EDGE('',*,*,#11861,.T.);
#11861 = EDGE_CURVE('',#11839,#11791,#11862,.T.);
#11862 = SURFACE_CURVE('',#11863,(#11867,#11874),.PCURVE_S1.);
#11863 = LINE('',#11864,#11865);
#11864 = CARTESIAN_POINT('',(48.75,117.86974658347,-150.3481516184));
#11865 = VECTOR('',#11866,1.);
#11866 = DIRECTION('',(0.,0.790600261655,0.612332610818));
#11867 = PCURVE('',#11435,#11868);
#11868 = DEFINITIONAL_REPRESENTATION('',(#11869),#11873);
#11869 = LINE('',#11870,#11871);
#11870 = CARTESIAN_POINT('',(0.,-32.5));
#11871 = VECTOR('',#11872,1.);
#11872 = DIRECTION('',(1.,0.));
#11873 = ( GEOMETRIC_REPRESENTATION_CONTEXT(2) 
PARAMETRIC_REPRESENTATION_CONTEXT() REPRESENTATION_CONTEXT('2D SPACE',''
  ) );
#11874 = PCURVE('',#11551,#11875);
#11875 = DEFINITIONAL_REPRESENTATION('',(#11876),#11880);
#11876 = LINE('',#11877,#11878);
#11877 = CARTESIAN_POINT('',(0.,7.));
#11878 = VECTOR('',#11879,1.);
#11879 = DIRECTION('',(0.707106781187,-0.707106781187));
#11880 = ( GEOMETRIC_REPRESENTATION_CONTEXT(2) 
PARAMETRIC_REPRESENTATION_CONTEXT() REPRESENTATION_CONTEXT('2D SPACE',''
  ) );
#11881 = ORIENTED_EDGE('',*,*,#11790,.F.);
#11882 = ORIENTED_EDGE('',*,*,#11419,.F.);
#11883 = ADVANCED_FACE('',(#11884),#11351,.F.);
#11884 = FACE_BOUND('',#11885,.F.);
#11885 = EDGE_LOOP('',(#11886,#11887,#11910,#11931));
#11886 = ORIENTED_EDGE('',*,*,#11645,.T.);
#11887 = ORIENTED_EDGE('',*,*,#11888,.T.);
#11888 = EDGE_CURVE('',#11646,#11889,#11891,.T.);
#11889 = VERTEX_POINT('',#11890);
#11890 = CARTESIAN_POINT('',(48.75,113.91806396329,-141.7816935131));
#11891 = SURFACE_CURVE('',#11892,(#11896,#11903),.PCURVE_S1.);
#11892 = LINE('',#11893,#11894);
#11893 = CARTESIAN_POINT('',(48.75,119.50845202553,-137.4518480986));
#11894 = VECTOR('',#11895,1.);
#11895 = DIRECTION('',(0.,-0.790600261655,-0.612332610818));
#11896 = PCURVE('',#11351,#11897);
#11897 = DEFINITIONAL_REPRESENTATION('',(#11898),#11902);
#11898 = LINE('',#11899,#11900);
#11899 = CARTESIAN_POINT('',(0.,-32.5));
#11900 = VECTOR('',#11901,1.);
#11901 = DIRECTION('',(1.,0.));
#11902 = ( GEOMETRIC_REPRESENTATION_CONTEXT(2) 
PARAMETRIC_REPRESENTATION_CONTEXT() REPRESENTATION_CONTEXT('2D SPACE',''
  ) );
#11903 = PCURVE('',#11551,#11904);
#11904 = DEFINITIONAL_REPRESENTATION('',(#11905),#11909);
#11905 = LINE('',#11906,#11907);
#11906 = CARTESIAN_POINT('',(0.,-6.));
#11907 = VECTOR('',#11908,1.);
#11908 = DIRECTION('',(-0.707106781187,0.707106781187));
#11909 = ( GEOMETRIC_REPRESENTATION_CONTEXT(2) 
PARAMETRIC_REPRESENTATION_CONTEXT() REPRESENTATION_CONTEXT('2D SPACE',''
  ) );
#11910 = ORIENTED_EDGE('',*,*,#11911,.F.);
#11911 = EDGE_CURVE('',#11336,#11889,#11912,.T.);
#11912 = SURFACE_CURVE('',#11913,(#11917,#11924),.PCURVE_S1.);
#11913 = LINE('',#11914,#11915);
#11914 = CARTESIAN_POINT('',(16.25,113.91806396329,-141.7816935131));
#11915 = VECTOR('',#11916,1.);
#11916 = DIRECTION('',(1.,0.,0.));
#11917 = PCURVE('',#11351,#11918);
#11918 = DEFINITIONAL_REPRESENTATION('',(#11919),#11923);
#11919 = LINE('',#11920,#11921);
#11920 = CARTESIAN_POINT('',(7.071067811865,0.));
#11921 = VECTOR('',#11922,1.);
#11922 = DIRECTION('',(0.,-1.));
#11923 = ( GEOMETRIC_REPRESENTATION_CONTEXT(2) 
PARAMETRIC_REPRESENTATION_CONTEXT() REPRESENTATION_CONTEXT('2D SPACE',''
  ) );
#11924 = PCURVE('',#11379,#11925);
#11925 = DEFINITIONAL_REPRESENTATION('',(#11926),#11930);
#11926 = LINE('',#11927,#11928);
#11927 = CARTESIAN_POINT('',(0.,0.));
#11928 = VECTOR('',#11929,1.);
#11929 = DIRECTION('',(0.,-1.));
#11930 = ( GEOMETRIC_REPRESENTATION_CONTEXT(2) 
PARAMETRIC_REPRESENTATION_CONTEXT() REPRESENTATION_CONTEXT('2D SPACE',''
  ) );
#11931 = ORIENTED_EDGE('',*,*,#11335,.F.);
#11932 = ADVANCED_FACE('',(#11933),#11407,.F.);
#11933 = FACE_BOUND('',#11934,.F.);
#11934 = EDGE_LOOP('',(#11935,#11958,#11979,#11980));
#11935 = ORIENTED_EDGE('',*,*,#11936,.T.);
#11936 = EDGE_CURVE('',#11364,#11937,#11939,.T.);
#11937 = VERTEX_POINT('',#11938);
#11938 = CARTESIAN_POINT('',(48.75,113.53990116897,-144.7577635561));
#11939 = SURFACE_CURVE('',#11940,(#11944,#11951),.PCURVE_S1.);
#11940 = LINE('',#11941,#11942);
#11941 = CARTESIAN_POINT('',(16.25,113.53990116897,-144.7577635561));
#11942 = VECTOR('',#11943,1.);
#11943 = DIRECTION('',(1.,0.,0.));
#11944 = PCURVE('',#11407,#11945);
#11945 = DEFINITIONAL_REPRESENTATION('',(#11946),#11950);
#11946 = LINE('',#11947,#11948);
#11947 = CARTESIAN_POINT('',(0.,0.));
#11948 = VECTOR('',#11949,1.);
#11949 = DIRECTION('',(0.,-1.));
#11950 = ( GEOMETRIC_REPRESENTATION_CONTEXT(2) 
PARAMETRIC_REPRESENTATION_CONTEXT() REPRESENTATION_CONTEXT('2D SPACE',''
  ) );
#11951 = PCURVE('',#11379,#11952);
#11952 = DEFINITIONAL_REPRESENTATION('',(#11953),#11957);
#11953 = LINE('',#11954,#11955);
#11954 = CARTESIAN_POINT('',(3.,0.));
#11955 = VECTOR('',#11956,1.);
#11956 = DIRECTION('',(0.,-1.));
#11957 = ( GEOMETRIC_REPRESENTATION_CONTEXT(2) 
PARAMETRIC_REPRESENTATION_CONTEXT() REPRESENTATION_CONTEXT('2D SPACE',''
  ) );
#11958 = ORIENTED_EDGE('',*,*,#11959,.T.);
#11959 = EDGE_CURVE('',#11937,#11839,#11960,.T.);
#11960 = SURFACE_CURVE('',#11961,(#11965,#11972),.PCURVE_S1.);
#11961 = LINE('',#11962,#11963);
#11962 = CARTESIAN_POINT('',(48.75,113.53990116897,-144.7577635561));
#11963 = VECTOR('',#11964,1.);
#11964 = DIRECTION('',(0.,0.612332610818,-0.790600261655));
#11965 = PCURVE('',#11407,#11966);
#11966 = DEFINITIONAL_REPRESENTATION('',(#11967),#11971);
#11967 = LINE('',#11968,#11969);
#11968 = CARTESIAN_POINT('',(0.,-32.5));
#11969 = VECTOR('',#11970,1.);
#11970 = DIRECTION('',(1.,0.));
#11971 = ( GEOMETRIC_REPRESENTATION_CONTEXT(2) 
PARAMETRIC_REPRESENTATION_CONTEXT() REPRESENTATION_CONTEXT('2D SPACE',''
  ) );
#11972 = PCURVE('',#11551,#11973);
#11973 = DEFINITIONAL_REPRESENTATION('',(#11974),#11978);
#11974 = LINE('',#11975,#11976);
#11975 = CARTESIAN_POINT('',(-5.,2.));
#11976 = VECTOR('',#11977,1.);
#11977 = DIRECTION('',(0.707106781187,0.707106781187));
#11978 = ( GEOMETRIC_REPRESENTATION_CONTEXT(2) 
PARAMETRIC_REPRESENTATION_CONTEXT() REPRESENTATION_CONTEXT('2D SPACE',''
  ) );
#11979 = ORIENTED_EDGE('',*,*,#11838,.F.);
#11980 = ORIENTED_EDGE('',*,*,#11391,.F.);
#11981 = ADVANCED_FACE('',(#11982),#11379,.F.);
#11982 = FACE_BOUND('',#11983,.F.);
#11983 = EDGE_LOOP('',(#11984,#11985,#12006,#12007));
#11984 = ORIENTED_EDGE('',*,*,#11911,.T.);
#11985 = ORIENTED_EDGE('',*,*,#11986,.T.);
#11986 = EDGE_CURVE('',#11889,#11937,#11987,.T.);
#11987 = SURFACE_CURVE('',#11988,(#11992,#11999),.PCURVE_S1.);
#11988 = LINE('',#11989,#11990);
#11989 = CARTESIAN_POINT('',(48.75,113.91806396329,-141.7816935131));
#11990 = VECTOR('',#11991,1.);
#11991 = DIRECTION('',(0.,-0.126054264774,-0.992023347675));
#11992 = PCURVE('',#11379,#11993);
#11993 = DEFINITIONAL_REPRESENTATION('',(#11994),#11998);
#11994 = LINE('',#11995,#11996);
#11995 = CARTESIAN_POINT('',(0.,-32.5));
#11996 = VECTOR('',#11997,1.);
#11997 = DIRECTION('',(1.,0.));
#11998 = ( GEOMETRIC_REPRESENTATION_CONTEXT(2) 
PARAMETRIC_REPRESENTATION_CONTEXT() REPRESENTATION_CONTEXT('2D SPACE',''
  ) );
#11999 = PCURVE('',#11551,#12000);
#12000 = DEFINITIONAL_REPRESENTATION('',(#12001),#12005);
#12001 = LINE('',#12002,#12003);
#12002 = CARTESIAN_POINT('',(-5.,-1.));
#12003 = VECTOR('',#12004,1.);
#12004 = DIRECTION('',(0.,1.));
#12005 = ( GEOMETRIC_REPRESENTATION_CONTEXT(2) 
PARAMETRIC_REPRESENTATION_CONTEXT() REPRESENTATION_CONTEXT('2D SPACE',''
  ) );
#12006 = ORIENTED_EDGE('',*,*,#11936,.F.);
#12007 = ORIENTED_EDGE('',*,*,#11363,.F.);
#12008 = ADVANCED_FACE('',(#12009),#11496,.T.);
#12009 = FACE_BOUND('',#12010,.T.);
#12010 = EDGE_LOOP('',(#12011,#12034,#12035));
#12011 = ORIENTED_EDGE('',*,*,#12012,.F.);
#12012 = EDGE_CURVE('',#11476,#12013,#12015,.T.);
#12013 = VERTEX_POINT('',#12014);
#12014 = CARTESIAN_POINT('',(12.75,118.6890993045,-143.8999998585));
#12015 = SEAM_CURVE('',#12016,(#12020,#12027),.PCURVE_S1.);
#12016 = LINE('',#12017,#12018);
#12017 = CARTESIAN_POINT('',(16.25,118.24790937779,-147.3720815754));
#12018 = VECTOR('',#12019,1.);
#12019 = DIRECTION('',(-0.707106781187,8.913382541887E-02,0.701466436236
    ));
#12020 = PCURVE('',#11496,#12021);
#12021 = DEFINITIONAL_REPRESENTATION('',(#12022),#12026);
#12022 = LINE('',#12023,#12024);
#12023 = CARTESIAN_POINT('',(-6.28318530718,0.));
#12024 = VECTOR('',#12025,1.);
#12025 = DIRECTION('',(-0.,-1.));
#12026 = ( GEOMETRIC_REPRESENTATION_CONTEXT(2) 
PARAMETRIC_REPRESENTATION_CONTEXT() REPRESENTATION_CONTEXT('2D SPACE',''
  ) );
#12027 = PCURVE('',#11496,#12028);
#12028 = DEFINITIONAL_REPRESENTATION('',(#12029),#12033);
#12029 = LINE('',#12030,#12031);
#12030 = CARTESIAN_POINT('',(0.,-0.));
#12031 = VECTOR('',#12032,1.);
#12032 = DIRECTION('',(-0.,-1.));
#12033 = ( GEOMETRIC_REPRESENTATION_CONTEXT(2) 
PARAMETRIC_REPRESENTATION_CONTEXT() REPRESENTATION_CONTEXT('2D SPACE',''
  ) );
#12034 = ORIENTED_EDGE('',*,*,#11475,.T.);
#12035 = ORIENTED_EDGE('',*,*,#12012,.T.);
#12036 = ADVANCED_FACE('',(#12037),#11607,.F.);
#12037 = FACE_BOUND('',#12038,.F.);
#12038 = EDGE_LOOP('',(#12039,#12060,#12061,#12062));
#12039 = ORIENTED_EDGE('',*,*,#12040,.T.);
#12040 = EDGE_CURVE('',#11564,#11692,#12041,.T.);
#12041 = SURFACE_CURVE('',#12042,(#12046,#12053),.PCURVE_S1.);
#12042 = LINE('',#12043,#12044);
#12043 = CARTESIAN_POINT('',(65.,142.31268094417,-146.397776973));
#12044 = VECTOR('',#12045,1.);
#12045 = DIRECTION('',(0.,0.126054264774,0.992023347675));
#12046 = PCURVE('',#11607,#12047);
#12047 = DEFINITIONAL_REPRESENTATION('',(#12048),#12052);
#12048 = LINE('',#12049,#12050);
#12049 = CARTESIAN_POINT('',(0.,0.));
#12050 = VECTOR('',#12051,1.);
#12051 = DIRECTION('',(0.,-1.));
#12052 = ( GEOMETRIC_REPRESENTATION_CONTEXT(2) 
PARAMETRIC_REPRESENTATION_CONTEXT() REPRESENTATION_CONTEXT('2D SPACE',''
  ) );
#12053 = PCURVE('',#11579,#12054);
#12054 = DEFINITIONAL_REPRESENTATION('',(#12055),#12059);
#12055 = LINE('',#12056,#12057);
#12056 = CARTESIAN_POINT('',(22.980970388563,0.));
#12057 = VECTOR('',#12058,1.);
#12058 = DIRECTION('',(0.,-1.));
#12059 = ( GEOMETRIC_REPRESENTATION_CONTEXT(2) 
PARAMETRIC_REPRESENTATION_CONTEXT() REPRESENTATION_CONTEXT('2D SPACE',''
  ) );
#12060 = ORIENTED_EDGE('',*,*,#11714,.T.);
#12061 = ORIENTED_EDGE('',*,*,#11762,.F.);
#12062 = ORIENTED_EDGE('',*,*,#11591,.F.);
#12063 = ADVANCED_FACE('',(#12064),#11579,.F.);
#12064 = FACE_BOUND('',#12065,.F.);
#12065 = EDGE_LOOP('',(#12066,#12087,#12088,#12089));
#12066 = ORIENTED_EDGE('',*,*,#12067,.T.);
#12067 = EDGE_CURVE('',#11536,#11669,#12068,.T.);
#12068 = SURFACE_CURVE('',#12069,(#12073,#12080),.PCURVE_S1.);
#12069 = LINE('',#12070,#12071);
#12070 = CARTESIAN_POINT('',(48.75,126.19230154445,-144.3493951705));
#12071 = VECTOR('',#12072,1.);
#12072 = DIRECTION('',(0.,0.126054264774,0.992023347675));
#12073 = PCURVE('',#11579,#12074);
#12074 = DEFINITIONAL_REPRESENTATION('',(#12075),#12079);
#12075 = LINE('',#12076,#12077);
#12076 = CARTESIAN_POINT('',(0.,0.));
#12077 = VECTOR('',#12078,1.);
#12078 = DIRECTION('',(0.,-1.));
#12079 = ( GEOMETRIC_REPRESENTATION_CONTEXT(2) 
PARAMETRIC_REPRESENTATION_CONTEXT() REPRESENTATION_CONTEXT('2D SPACE',''
  ) );
#12080 = PCURVE('',#11551,#12081);
#12081 = DEFINITIONAL_REPRESENTATION('',(#12082),#12086);
#12082 = LINE('',#12083,#12084);
#12083 = CARTESIAN_POINT('',(7.5,0.));
#12084 = VECTOR('',#12085,1.);
#12085 = DIRECTION('',(0.,-1.));
#12086 = ( GEOMETRIC_REPRESENTATION_CONTEXT(2) 
PARAMETRIC_REPRESENTATION_CONTEXT() REPRESENTATION_CONTEXT('2D SPACE',''
  ) );
#12087 = ORIENTED_EDGE('',*,*,#11691,.T.);
#12088 = ORIENTED_EDGE('',*,*,#12040,.F.);
#12089 = ORIENTED_EDGE('',*,*,#11563,.F.);
#12090 = ADVANCED_FACE('',(#12091,#12101),#11551,.F.);
#12091 = FACE_BOUND('',#12092,.F.);
#12092 = EDGE_LOOP('',(#12093,#12094,#12095,#12096,#12097,#12098,#12099,
    #12100));
#12093 = ORIENTED_EDGE('',*,*,#11535,.F.);
#12094 = ORIENTED_EDGE('',*,*,#11813,.F.);
#12095 = ORIENTED_EDGE('',*,*,#11861,.F.);
#12096 = ORIENTED_EDGE('',*,*,#11959,.F.);
#12097 = ORIENTED_EDGE('',*,*,#11986,.F.);
#12098 = ORIENTED_EDGE('',*,*,#11888,.F.);
#12099 = ORIENTED_EDGE('',*,*,#11668,.T.);
#12100 = ORIENTED_EDGE('',*,*,#12067,.F.);
#12101 = FACE_BOUND('',#12102,.F.);
#12102 = EDGE_LOOP('',(#12103));
#12103 = ORIENTED_EDGE('',*,*,#12104,.T.);
#12104 = EDGE_CURVE('',#12105,#12105,#12107,.T.);
#12105 = VERTEX_POINT('',#12106);
#12106 = CARTESIAN_POINT('',(48.75,119.13028923121,-140.4279181416));
#12107 = SURFACE_CURVE('',#12108,(#12113,#12124),.PCURVE_S1.);
#12108 = CIRCLE('',#12109,3.5);
#12109 = AXIS2_PLACEMENT_3D('',#12110,#12111,#12112);
#12110 = CARTESIAN_POINT('',(48.75,118.6890993045,-143.8999998585));
#12111 = DIRECTION('',(1.,0.,-0.));
#12112 = DIRECTION('',(0.,0.126054264774,0.992023347675));
#12113 = PCURVE('',#11551,#12114);
#12114 = DEFINITIONAL_REPRESENTATION('',(#12115),#12123);
#12115 = ( BOUNDED_CURVE() B_SPLINE_CURVE(2,(#12116,#12117,#12118,#12119
    ,#12120,#12121,#12122),.UNSPECIFIED.,.T.,.F.) 
B_SPLINE_CURVE_WITH_KNOTS((1,2,2,2,2,1),(-2.094395102393,0.,
    2.094395102393,4.188790204786,6.28318530718,8.377580409573),
.UNSPECIFIED.) CURVE() GEOMETRIC_REPRESENTATION_ITEM() 
RATIONAL_B_SPLINE_CURVE((1.,0.5,1.,0.5,1.,0.5,1.)) REPRESENTATION_ITEM(
  '') );
#12116 = CARTESIAN_POINT('',(0.,-3.));
#12117 = CARTESIAN_POINT('',(-6.062177826491,-3.));
#12118 = CARTESIAN_POINT('',(-3.031088913246,2.25));
#12119 = CARTESIAN_POINT('',(-8.572527594031E-16,7.5));
#12120 = CARTESIAN_POINT('',(3.031088913246,2.25));
#12121 = CARTESIAN_POINT('',(6.062177826491,-3.));
#12122 = CARTESIAN_POINT('',(0.,-3.));
#12123 = ( GEOMETRIC_REPRESENTATION_CONTEXT(2) 
PARAMETRIC_REPRESENTATION_CONTEXT() REPRESENTATION_CONTEXT('2D SPACE',''
  ) );
#12124 = PCURVE('',#12125,#12130);
#12125 = CONICAL_SURFACE('',#12126,3.5,0.785398163397);
#12126 = AXIS2_PLACEMENT_3D('',#12127,#12128,#12129);
#12127 = CARTESIAN_POINT('',(48.75,118.6890993045,-143.8999998585));
#12128 = DIRECTION('',(-1.,-0.,0.));
#12129 = DIRECTION('',(0.,0.126054264774,0.992023347675));
#12130 = DEFINITIONAL_REPRESENTATION('',(#12131),#12135);
#12131 = LINE('',#12132,#12133);
#12132 = CARTESIAN_POINT('',(-0.,-0.));
#12133 = VECTOR('',#12134,1.);
#12134 = DIRECTION('',(-1.,-0.));
#12135 = ( GEOMETRIC_REPRESENTATION_CONTEXT(2) 
PARAMETRIC_REPRESENTATION_CONTEXT() REPRESENTATION_CONTEXT('2D SPACE',''
  ) );
#12136 = ADVANCED_FACE('',(#12137),#12125,.T.);
#12137 = FACE_BOUND('',#12138,.T.);
#12138 = EDGE_LOOP('',(#12139,#12162,#12163));
#12139 = ORIENTED_EDGE('',*,*,#12140,.F.);
#12140 = EDGE_CURVE('',#12105,#12141,#12143,.T.);
#12141 = VERTEX_POINT('',#12142);
#12142 = CARTESIAN_POINT('',(52.25,118.6890993045,-143.8999998585));
#12143 = SEAM_CURVE('',#12144,(#12148,#12155),.PCURVE_S1.);
#12144 = LINE('',#12145,#12146);
#12145 = CARTESIAN_POINT('',(48.75,119.13028923121,-140.4279181416));
#12146 = VECTOR('',#12147,1.);
#12147 = DIRECTION('',(0.707106781187,-8.913382541887E-02,
    -0.701466436236));
#12148 = PCURVE('',#12125,#12149);
#12149 = DEFINITIONAL_REPRESENTATION('',(#12150),#12154);
#12150 = LINE('',#12151,#12152);
#12151 = CARTESIAN_POINT('',(-6.28318530718,0.));
#12152 = VECTOR('',#12153,1.);
#12153 = DIRECTION('',(-0.,-1.));
#12154 = ( GEOMETRIC_REPRESENTATION_CONTEXT(2) 
PARAMETRIC_REPRESENTATION_CONTEXT() REPRESENTATION_CONTEXT('2D SPACE',''
  ) );
#12155 = PCURVE('',#12125,#12156);
#12156 = DEFINITIONAL_REPRESENTATION('',(#12157),#12161);
#12157 = LINE('',#12158,#12159);
#12158 = CARTESIAN_POINT('',(0.,-0.));
#12159 = VECTOR('',#12160,1.);
#12160 = DIRECTION('',(-0.,-1.));
#12161 = ( GEOMETRIC_REPRESENTATION_CONTEXT(2) 
PARAMETRIC_REPRESENTATION_CONTEXT() REPRESENTATION_CONTEXT('2D SPACE',''
  ) );
#12162 = ORIENTED_EDGE('',*,*,#12104,.T.);
#12163 = ORIENTED_EDGE('',*,*,#12140,.T.);
#12164 = ( GEOMETRIC_REPRESENTATION_CONTEXT(3) 
GLOBAL_UNCERTAINTY_ASSIGNED_CONTEXT((#12168)) 
GLOBAL_UNIT_ASSIGNED_CONTEXT((#12165,#12166,#12167)) 
REPRESENTATION_CONTEXT('Context #1',
  '3D Context with UNIT and UNCERTAINTY') );
#12165 = ( LENGTH_UNIT() NAMED_UNIT(*) SI_UNIT(.MILLI.,.METRE.) );
#12166 = ( NAMED_UNIT(*) PLANE_ANGLE_UNIT() SI_UNIT($,.RADIAN.) );
#12167 = ( NAMED_UNIT(*) SI_UNIT($,.STERADIAN.) SOLID_ANGLE_UNIT() );
#12168 = UNCERTAINTY_MEASURE_WITH_UNIT(LENGTH_MEASURE(1.E-07),#12165,
  'distance_accuracy_value','confusion accuracy');
#12169 = CONTEXT_DEPENDENT_SHAPE_REPRESENTATION(#12170,#12172);
#12170 = ( REPRESENTATION_RELATIONSHIP('','',#11085,#11062) 
REPRESENTATION_RELATIONSHIP_WITH_TRANSFORMATION(#12171) 
SHAPE_REPRESENTATION_RELATIONSHIP() );
#12171 = ITEM_DEFINED_TRANSFORMATION('','',#11,#11063);
#12172 = PRODUCT_DEFINITION_SHAPE('Placement','Placement of an item',
  #12173);
#12173 = NEXT_ASSEMBLY_USAGE_OCCURRENCE('18','','',#11057,#11080,$);
#12174 = PRODUCT_RELATED_PRODUCT_CATEGORY('part',$,(#11082));
#12175 = SHAPE_DEFINITION_REPRESENTATION(#12176,#12182);
#12176 = PRODUCT_DEFINITION_SHAPE('','',#12177);
#12177 = PRODUCT_DEFINITION('design','',#12178,#12181);
#12178 = PRODUCT_DEFINITION_FORMATION('','',#12179);
#12179 = PRODUCT('table','table','',(#12180));
#12180 = PRODUCT_CONTEXT('',#2,'mechanical');
#12181 = PRODUCT_DEFINITION_CONTEXT('part definition',#2,'design');
#12182 = SHAPE_REPRESENTATION('',(#11,#12183),#12187);
#12183 = AXIS2_PLACEMENT_3D('',#12184,#12185,#12186);
#12184 = CARTESIAN_POINT('',(0.,0.,0.));
#12185 = DIRECTION('',(0.,0.,1.));
#12186 = DIRECTION('',(1.,0.,-0.));
#12187 = ( GEOMETRIC_REPRESENTATION_CONTEXT(3) 
GLOBAL_UNCERTAINTY_ASSIGNED_CONTEXT((#12191)) 
GLOBAL_UNIT_ASSIGNED_CONTEXT((#12188,#12189,#12190)) 
REPRESENTATION_CONTEXT('Context #1',
  '3D Context with UNIT and UNCERTAINTY') );
#12188 = ( LENGTH_UNIT() NAMED_UNIT(*) SI_UNIT(.MILLI.,.METRE.) );
#12189 = ( NAMED_UNIT(*) PLANE_ANGLE_UNIT() SI_UNIT($,.RADIAN.) );
#12190 = ( NAMED_UNIT(*) SI_UNIT($,.STERADIAN.) SOLID_ANGLE_UNIT() );
#12191 = UNCERTAINTY_MEASURE_WITH_UNIT(LENGTH_MEASURE(1.E-07),#12188,
  'distance_accuracy_value','confusion accuracy');
#12192 = CONTEXT_DEPENDENT_SHAPE_REPRESENTATION(#12193,#12195);
#12193 = ( REPRESENTATION_RELATIONSHIP('','',#12182,#10) 
REPRESENTATION_RELATIONSHIP_WITH_TRANSFORMATION(#12194) 
SHAPE_REPRESENTATION_RELATIONSHIP() );
#12194 = ITEM_DEFINED_TRANSFORMATION('','',#11,#39);
#12195 = PRODUCT_DEFINITION_SHAPE('Placement','Placement of an item',
  #12196);
#12196 = NEXT_ASSEMBLY_USAGE_OCCURRENCE('21','','',#5,#12177,$);
#12197 = PRODUCT_RELATED_PRODUCT_CATEGORY('part',$,(#12179));
#12198 = SHAPE_DEFINITION_REPRESENTATION(#12199,#12205);
#12199 = PRODUCT_DEFINITION_SHAPE('','',#12200);
#12200 = PRODUCT_DEFINITION('design','',#12201,#12204);
#12201 = PRODUCT_DEFINITION_FORMATION('','',#12202);
#12202 = PRODUCT('table_part','table_part','',(#12203));
#12203 = PRODUCT_CONTEXT('',#2,'mechanical');
#12204 = PRODUCT_DEFINITION_CONTEXT('part definition',#2,'design');
#12205 = ADVANCED_BREP_SHAPE_REPRESENTATION('',(#11,#12206),#12536);
#12206 = MANIFOLD_SOLID_BREP('',#12207);
#12207 = CLOSED_SHELL('',(#12208,#12328,#12428,#12475,#12522,#12529));
#12208 = ADVANCED_FACE('',(#12209),#12223,.F.);
#12209 = FACE_BOUND('',#12210,.F.);
#12210 = EDGE_LOOP('',(#12211,#12246,#12274,#12302));
#12211 = ORIENTED_EDGE('',*,*,#12212,.F.);
#12212 = EDGE_CURVE('',#12213,#12215,#12217,.T.);
#12213 = VERTEX_POINT('',#12214);
#12214 = CARTESIAN_POINT('',(-20.,-40.,-155.4));
#12215 = VERTEX_POINT('',#12216);
#12216 = CARTESIAN_POINT('',(-20.,-40.,-150.4));
#12217 = SURFACE_CURVE('',#12218,(#12222,#12234),.PCURVE_S1.);
#12218 = LINE('',#12219,#12220);
#12219 = CARTESIAN_POINT('',(-20.,-40.,-155.4));
#12220 = VECTOR('',#12221,1.);
#12221 = DIRECTION('',(0.,0.,1.));
#12222 = PCURVE('',#12223,#12228);
#12223 = PLANE('',#12224);
#12224 = AXIS2_PLACEMENT_3D('',#12225,#12226,#12227);
#12225 = CARTESIAN_POINT('',(-20.,-40.,-155.4));
#12226 = DIRECTION('',(1.,0.,0.));
#12227 = DIRECTION('',(0.,0.,1.));
#12228 = DEFINITIONAL_REPRESENTATION('',(#12229),#12233);
#12229 = LINE('',#12230,#12231);
#12230 = CARTESIAN_POINT('',(0.,0.));
#12231 = VECTOR('',#12232,1.);
#12232 = DIRECTION('',(1.,0.));
#12233 = ( GEOMETRIC_REPRESENTATION_CONTEXT(2) 
PARAMETRIC_REPRESENTATION_CONTEXT() REPRESENTATION_CONTEXT('2D SPACE',''
  ) );
#12234 = PCURVE('',#12235,#12240);
#12235 = PLANE('',#12236);
#12236 = AXIS2_PLACEMENT_3D('',#12237,#12238,#12239);
#12237 = CARTESIAN_POINT('',(-20.,-40.,-155.4));
#12238 = DIRECTION('',(0.,1.,0.));
#12239 = DIRECTION('',(0.,0.,1.));
#12240 = DEFINITIONAL_REPRESENTATION('',(#12241),#12245);
#12241 = LINE('',#12242,#12243);
#12242 = CARTESIAN_POINT('',(0.,0.));
#12243 = VECTOR('',#12244,1.);
#12244 = DIRECTION('',(1.,0.));
#12245 = ( GEOMETRIC_REPRESENTATION_CONTEXT(2) 
PARAMETRIC_REPRESENTATION_CONTEXT() REPRESENTATION_CONTEXT('2D SPACE',''
  ) );
#12246 = ORIENTED_EDGE('',*,*,#12247,.T.);
#12247 = EDGE_CURVE('',#12213,#12248,#12250,.T.);
#12248 = VERTEX_POINT('',#12249);
#12249 = CARTESIAN_POINT('',(-20.,320.,-155.4));
#12250 = SURFACE_CURVE('',#12251,(#12255,#12262),.PCURVE_S1.);
#12251 = LINE('',#12252,#12253);
#12252 = CARTESIAN_POINT('',(-20.,-40.,-155.4));
#12253 = VECTOR('',#12254,1.);
#12254 = DIRECTION('',(0.,1.,0.));
#12255 = PCURVE('',#12223,#12256);
#12256 = DEFINITIONAL_REPRESENTATION('',(#12257),#12261);
#12257 = LINE('',#12258,#12259);
#12258 = CARTESIAN_POINT('',(0.,0.));
#12259 = VECTOR('',#12260,1.);
#12260 = DIRECTION('',(0.,-1.));
#12261 = ( GEOMETRIC_REPRESENTATION_CONTEXT(2) 
PARAMETRIC_REPRESENTATION_CONTEXT() REPRESENTATION_CONTEXT('2D SPACE',''
  ) );
#12262 = PCURVE('',#12263,#12268);
#12263 = PLANE('',#12264);
#12264 = AXIS2_PLACEMENT_3D('',#12265,#12266,#12267);
#12265 = CARTESIAN_POINT('',(-20.,-40.,-155.4));
#12266 = DIRECTION('',(0.,0.,1.));
#12267 = DIRECTION('',(1.,0.,0.));
#12268 = DEFINITIONAL_REPRESENTATION('',(#12269),#12273);
#12269 = LINE('',#12270,#12271);
#12270 = CARTESIAN_POINT('',(0.,0.));
#12271 = VECTOR('',#12272,1.);
#12272 = DIRECTION('',(0.,1.));
#12273 = ( GEOMETRIC_REPRESENTATION_CONTEXT(2) 
PARAMETRIC_REPRESENTATION_CONTEXT() REPRESENTATION_CONTEXT('2D SPACE',''
  ) );
#12274 = ORIENTED_EDGE('',*,*,#12275,.T.);
#12275 = EDGE_CURVE('',#12248,#12276,#12278,.T.);
#12276 = VERTEX_POINT('',#12277);
#12277 = CARTESIAN_POINT('',(-20.,320.,-150.4));
#12278 = SURFACE_CURVE('',#12279,(#12283,#12290),.PCURVE_S1.);
#12279 = LINE('',#12280,#12281);
#12280 = CARTESIAN_POINT('',(-20.,320.,-155.4));
#12281 = VECTOR('',#12282,1.);
#12282 = DIRECTION('',(0.,0.,1.));
#12283 = PCURVE('',#12223,#12284);
#12284 = DEFINITIONAL_REPRESENTATION('',(#12285),#12289);
#12285 = LINE('',#12286,#12287);
#12286 = CARTESIAN_POINT('',(0.,-360.));
#12287 = VECTOR('',#12288,1.);
#12288 = DIRECTION('',(1.,0.));
#12289 = ( GEOMETRIC_REPRESENTATION_CONTEXT(2) 
PARAMETRIC_REPRESENTATION_CONTEXT() REPRESENTATION_CONTEXT('2D SPACE',''
  ) );
#12290 = PCURVE('',#12291,#12296);
#12291 = PLANE('',#12292);
#12292 = AXIS2_PLACEMENT_3D('',#12293,#12294,#12295);
#12293 = CARTESIAN_POINT('',(-20.,320.,-155.4));
#12294 = DIRECTION('',(0.,1.,0.));
#12295 = DIRECTION('',(0.,0.,1.));
#12296 = DEFINITIONAL_REPRESENTATION('',(#12297),#12301);
#12297 = LINE('',#12298,#12299);
#12298 = CARTESIAN_POINT('',(0.,0.));
#12299 = VECTOR('',#12300,1.);
#12300 = DIRECTION('',(1.,0.));
#12301 = ( GEOMETRIC_REPRESENTATION_CONTEXT(2) 
PARAMETRIC_REPRESENTATION_CONTEXT() REPRESENTATION_CONTEXT('2D SPACE',''
  ) );
#12302 = ORIENTED_EDGE('',*,*,#12303,.F.);
#12303 = EDGE_CURVE('',#12215,#12276,#12304,.T.);
#12304 = SURFACE_CURVE('',#12305,(#12309,#12316),.PCURVE_S1.);
#12305 = LINE('',#12306,#12307);
#12306 = CARTESIAN_POINT('',(-20.,-40.,-150.4));
#12307 = VECTOR('',#12308,1.);
#12308 = DIRECTION('',(0.,1.,0.));
#12309 = PCURVE('',#12223,#12310);
#12310 = DEFINITIONAL_REPRESENTATION('',(#12311),#12315);
#12311 = LINE('',#12312,#12313);
#12312 = CARTESIAN_POINT('',(5.,0.));
#12313 = VECTOR('',#12314,1.);
#12314 = DIRECTION('',(0.,-1.));
#12315 = ( GEOMETRIC_REPRESENTATION_CONTEXT(2) 
PARAMETRIC_REPRESENTATION_CONTEXT() REPRESENTATION_CONTEXT('2D SPACE',''
  ) );
#12316 = PCURVE('',#12317,#12322);
#12317 = PLANE('',#12318);
#12318 = AXIS2_PLACEMENT_3D('',#12319,#12320,#12321);
#12319 = CARTESIAN_POINT('',(-20.,-40.,-150.4));
#12320 = DIRECTION('',(0.,0.,1.));
#12321 = DIRECTION('',(1.,0.,0.));
#12322 = DEFINITIONAL_REPRESENTATION('',(#12323),#12327);
#12323 = LINE('',#12324,#12325);
#12324 = CARTESIAN_POINT('',(0.,0.));
#12325 = VECTOR('',#12326,1.);
#12326 = DIRECTION('',(0.,1.));
#12327 = ( GEOMETRIC_REPRESENTATION_CONTEXT(2) 
PARAMETRIC_REPRESENTATION_CONTEXT() REPRESENTATION_CONTEXT('2D SPACE',''
  ) );
#12328 = ADVANCED_FACE('',(#12329),#12343,.T.);
#12329 = FACE_BOUND('',#12330,.T.);
#12330 = EDGE_LOOP('',(#12331,#12361,#12384,#12407));
#12331 = ORIENTED_EDGE('',*,*,#12332,.F.);
#12332 = EDGE_CURVE('',#12333,#12335,#12337,.T.);
#12333 = VERTEX_POINT('',#12334);
#12334 = CARTESIAN_POINT('',(85.,-40.,-155.4));
#12335 = VERTEX_POINT('',#12336);
#12336 = CARTESIAN_POINT('',(85.,-40.,-150.4));
#12337 = SURFACE_CURVE('',#12338,(#12342,#12354),.PCURVE_S1.);
#12338 = LINE('',#12339,#12340);
#12339 = CARTESIAN_POINT('',(85.,-40.,-155.4));
#12340 = VECTOR('',#12341,1.);
#12341 = DIRECTION('',(0.,0.,1.));
#12342 = PCURVE('',#12343,#12348);
#12343 = PLANE('',#12344);
#12344 = AXIS2_PLACEMENT_3D('',#12345,#12346,#12347);
#12345 = CARTESIAN_POINT('',(85.,-40.,-155.4));
#12346 = DIRECTION('',(1.,0.,0.));
#12347 = DIRECTION('',(0.,0.,1.));
#12348 = DEFINITIONAL_REPRESENTATION('',(#12349),#12353);
#12349 = LINE('',#12350,#12351);
#12350 = CARTESIAN_POINT('',(0.,0.));
#12351 = VECTOR('',#12352,1.);
#12352 = DIRECTION('',(1.,0.));
#12353 = ( GEOMETRIC_REPRESENTATION_CONTEXT(2) 
PARAMETRIC_REPRESENTATION_CONTEXT() REPRESENTATION_CONTEXT('2D SPACE',''
  ) );
#12354 = PCURVE('',#12235,#12355);
#12355 = DEFINITIONAL_REPRESENTATION('',(#12356),#12360);
#12356 = LINE('',#12357,#12358);
#12357 = CARTESIAN_POINT('',(0.,105.));
#12358 = VECTOR('',#12359,1.);
#12359 = DIRECTION('',(1.,0.));
#12360 = ( GEOMETRIC_REPRESENTATION_CONTEXT(2) 
PARAMETRIC_REPRESENTATION_CONTEXT() REPRESENTATION_CONTEXT('2D SPACE',''
  ) );
#12361 = ORIENTED_EDGE('',*,*,#12362,.T.);
#12362 = EDGE_CURVE('',#12333,#12363,#12365,.T.);
#12363 = VERTEX_POINT('',#12364);
#12364 = CARTESIAN_POINT('',(85.,320.,-155.4));
#12365 = SURFACE_CURVE('',#12366,(#12370,#12377),.PCURVE_S1.);
#12366 = LINE('',#12367,#12368);
#12367 = CARTESIAN_POINT('',(85.,-40.,-155.4));
#12368 = VECTOR('',#12369,1.);
#12369 = DIRECTION('',(0.,1.,0.));
#12370 = PCURVE('',#12343,#12371);
#12371 = DEFINITIONAL_REPRESENTATION('',(#12372),#12376);
#12372 = LINE('',#12373,#12374);
#12373 = CARTESIAN_POINT('',(0.,0.));
#12374 = VECTOR('',#12375,1.);
#12375 = DIRECTION('',(0.,-1.));
#12376 = ( GEOMETRIC_REPRESENTATION_CONTEXT(2) 
PARAMETRIC_REPRESENTATION_CONTEXT() REPRESENTATION_CONTEXT('2D SPACE',''
  ) );
#12377 = PCURVE('',#12263,#12378);
#12378 = DEFINITIONAL_REPRESENTATION('',(#12379),#12383);
#12379 = LINE('',#12380,#12381);
#12380 = CARTESIAN_POINT('',(105.,0.));
#12381 = VECTOR('',#12382,1.);
#12382 = DIRECTION('',(0.,1.));
#12383 = ( GEOMETRIC_REPRESENTATION_CONTEXT(2) 
PARAMETRIC_REPRESENTATION_CONTEXT() REPRESENTATION_CONTEXT('2D SPACE',''
  ) );
#12384 = ORIENTED_EDGE('',*,*,#12385,.T.);
#12385 = EDGE_CURVE('',#12363,#12386,#12388,.T.);
#12386 = VERTEX_POINT('',#12387);
#12387 = CARTESIAN_POINT('',(85.,320.,-150.4));
#12388 = SURFACE_CURVE('',#12389,(#12393,#12400),.PCURVE_S1.);
#12389 = LINE('',#12390,#12391);
#12390 = CARTESIAN_POINT('',(85.,320.,-155.4));
#12391 = VECTOR('',#12392,1.);
#12392 = DIRECTION('',(0.,0.,1.));
#12393 = PCURVE('',#12343,#12394);
#12394 = DEFINITIONAL_REPRESENTATION('',(#12395),#12399);
#12395 = LINE('',#12396,#12397);
#12396 = CARTESIAN_POINT('',(0.,-360.));
#12397 = VECTOR('',#12398,1.);
#12398 = DIRECTION('',(1.,0.));
#12399 = ( GEOMETRIC_REPRESENTATION_CONTEXT(2) 
PARAMETRIC_REPRESENTATION_CONTEXT() REPRESENTATION_CONTEXT('2D SPACE',''
  ) );
#12400 = PCURVE('',#12291,#12401);
#12401 = DEFINITIONAL_REPRESENTATION('',(#12402),#12406);
#12402 = LINE('',#12403,#12404);
#12403 = CARTESIAN_POINT('',(0.,105.));
#12404 = VECTOR('',#12405,1.);
#12405 = DIRECTION('',(1.,0.));
#12406 = ( GEOMETRIC_REPRESENTATION_CONTEXT(2) 
PARAMETRIC_REPRESENTATION_CONTEXT() REPRESENTATION_CONTEXT('2D SPACE',''
  ) );
#12407 = ORIENTED_EDGE('',*,*,#12408,.F.);
#12408 = EDGE_CURVE('',#12335,#12386,#12409,.T.);
#12409 = SURFACE_CURVE('',#12410,(#12414,#12421),.PCURVE_S1.);
#12410 = LINE('',#12411,#12412);
#12411 = CARTESIAN_POINT('',(85.,-40.,-150.4));
#12412 = VECTOR('',#12413,1.);
#12413 = DIRECTION('',(0.,1.,0.));
#12414 = PCURVE('',#12343,#12415);
#12415 = DEFINITIONAL_REPRESENTATION('',(#12416),#12420);
#12416 = LINE('',#12417,#12418);
#12417 = CARTESIAN_POINT('',(5.,0.));
#12418 = VECTOR('',#12419,1.);
#12419 = DIRECTION('',(0.,-1.));
#12420 = ( GEOMETRIC_REPRESENTATION_CONTEXT(2) 
PARAMETRIC_REPRESENTATION_CONTEXT() REPRESENTATION_CONTEXT('2D SPACE',''
  ) );
#12421 = PCURVE('',#12317,#12422);
#12422 = DEFINITIONAL_REPRESENTATION('',(#12423),#12427);
#12423 = LINE('',#12424,#12425);
#12424 = CARTESIAN_POINT('',(105.,0.));
#12425 = VECTOR('',#12426,1.);
#12426 = DIRECTION('',(0.,1.));
#12427 = ( GEOMETRIC_REPRESENTATION_CONTEXT(2) 
PARAMETRIC_REPRESENTATION_CONTEXT() REPRESENTATION_CONTEXT('2D SPACE',''
  ) );
#12428 = ADVANCED_FACE('',(#12429),#12235,.F.);
#12429 = FACE_BOUND('',#12430,.F.);
#12430 = EDGE_LOOP('',(#12431,#12452,#12453,#12474));
#12431 = ORIENTED_EDGE('',*,*,#12432,.F.);
#12432 = EDGE_CURVE('',#12213,#12333,#12433,.T.);
#12433 = SURFACE_CURVE('',#12434,(#12438,#12445),.PCURVE_S1.);
#12434 = LINE('',#12435,#12436);
#12435 = CARTESIAN_POINT('',(-20.,-40.,-155.4));
#12436 = VECTOR('',#12437,1.);
#12437 = DIRECTION('',(1.,0.,0.));
#12438 = PCURVE('',#12235,#12439);
#12439 = DEFINITIONAL_REPRESENTATION('',(#12440),#12444);
#12440 = LINE('',#12441,#12442);
#12441 = CARTESIAN_POINT('',(0.,0.));
#12442 = VECTOR('',#12443,1.);
#12443 = DIRECTION('',(0.,1.));
#12444 = ( GEOMETRIC_REPRESENTATION_CONTEXT(2) 
PARAMETRIC_REPRESENTATION_CONTEXT() REPRESENTATION_CONTEXT('2D SPACE',''
  ) );
#12445 = PCURVE('',#12263,#12446);
#12446 = DEFINITIONAL_REPRESENTATION('',(#12447),#12451);
#12447 = LINE('',#12448,#12449);
#12448 = CARTESIAN_POINT('',(0.,0.));
#12449 = VECTOR('',#12450,1.);
#12450 = DIRECTION('',(1.,0.));
#12451 = ( GEOMETRIC_REPRESENTATION_CONTEXT(2) 
PARAMETRIC_REPRESENTATION_CONTEXT() REPRESENTATION_CONTEXT('2D SPACE',''
  ) );
#12452 = ORIENTED_EDGE('',*,*,#12212,.T.);
#12453 = ORIENTED_EDGE('',*,*,#12454,.T.);
#12454 = EDGE_CURVE('',#12215,#12335,#12455,.T.);
#12455 = SURFACE_CURVE('',#12456,(#12460,#12467),.PCURVE_S1.);
#12456 = LINE('',#12457,#12458);
#12457 = CARTESIAN_POINT('',(-20.,-40.,-150.4));
#12458 = VECTOR('',#12459,1.);
#12459 = DIRECTION('',(1.,0.,0.));
#12460 = PCURVE('',#12235,#12461);
#12461 = DEFINITIONAL_REPRESENTATION('',(#12462),#12466);
#12462 = LINE('',#12463,#12464);
#12463 = CARTESIAN_POINT('',(5.,0.));
#12464 = VECTOR('',#12465,1.);
#12465 = DIRECTION('',(0.,1.));
#12466 = ( GEOMETRIC_REPRESENTATION_CONTEXT(2) 
PARAMETRIC_REPRESENTATION_CONTEXT() REPRESENTATION_CONTEXT('2D SPACE',''
  ) );
#12467 = PCURVE('',#12317,#12468);
#12468 = DEFINITIONAL_REPRESENTATION('',(#12469),#12473);
#12469 = LINE('',#12470,#12471);
#12470 = CARTESIAN_POINT('',(0.,0.));
#12471 = VECTOR('',#12472,1.);
#12472 = DIRECTION('',(1.,0.));
#12473 = ( GEOMETRIC_REPRESENTATION_CONTEXT(2) 
PARAMETRIC_REPRESENTATION_CONTEXT() REPRESENTATION_CONTEXT('2D SPACE',''
  ) );
#12474 = ORIENTED_EDGE('',*,*,#12332,.F.);
#12475 = ADVANCED_FACE('',(#12476),#12291,.T.);
#12476 = FACE_BOUND('',#12477,.T.);
#12477 = EDGE_LOOP('',(#12478,#12499,#12500,#12521));
#12478 = ORIENTED_EDGE('',*,*,#12479,.F.);
#12479 = EDGE_CURVE('',#12248,#12363,#12480,.T.);
#12480 = SURFACE_CURVE('',#12481,(#12485,#12492),.PCURVE_S1.);
#12481 = LINE('',#12482,#12483);
#12482 = CARTESIAN_POINT('',(-20.,320.,-155.4));
#12483 = VECTOR('',#12484,1.);
#12484 = DIRECTION('',(1.,0.,0.));
#12485 = PCURVE('',#12291,#12486);
#12486 = DEFINITIONAL_REPRESENTATION('',(#12487),#12491);
#12487 = LINE('',#12488,#12489);
#12488 = CARTESIAN_POINT('',(0.,0.));
#12489 = VECTOR('',#12490,1.);
#12490 = DIRECTION('',(0.,1.));
#12491 = ( GEOMETRIC_REPRESENTATION_CONTEXT(2) 
PARAMETRIC_REPRESENTATION_CONTEXT() REPRESENTATION_CONTEXT('2D SPACE',''
  ) );
#12492 = PCURVE('',#12263,#12493);
#12493 = DEFINITIONAL_REPRESENTATION('',(#12494),#12498);
#12494 = LINE('',#12495,#12496);
#12495 = CARTESIAN_POINT('',(0.,360.));
#12496 = VECTOR('',#12497,1.);
#12497 = DIRECTION('',(1.,0.));
#12498 = ( GEOMETRIC_REPRESENTATION_CONTEXT(2) 
PARAMETRIC_REPRESENTATION_CONTEXT() REPRESENTATION_CONTEXT('2D SPACE',''
  ) );
#12499 = ORIENTED_EDGE('',*,*,#12275,.T.);
#12500 = ORIENTED_EDGE('',*,*,#12501,.T.);
#12501 = EDGE_CURVE('',#12276,#12386,#12502,.T.);
#12502 = SURFACE_CURVE('',#12503,(#12507,#12514),.PCURVE_S1.);
#12503 = LINE('',#12504,#12505);
#12504 = CARTESIAN_POINT('',(-20.,320.,-150.4));
#12505 = VECTOR('',#12506,1.);
#12506 = DIRECTION('',(1.,0.,0.));
#12507 = PCURVE('',#12291,#12508);
#12508 = DEFINITIONAL_REPRESENTATION('',(#12509),#12513);
#12509 = LINE('',#12510,#12511);
#12510 = CARTESIAN_POINT('',(5.,0.));
#12511 = VECTOR('',#12512,1.);
#12512 = DIRECTION('',(0.,1.));
#12513 = ( GEOMETRIC_REPRESENTATION_CONTEXT(2) 
PARAMETRIC_REPRESENTATION_CONTEXT() REPRESENTATION_CONTEXT('2D SPACE',''
  ) );
#12514 = PCURVE('',#12317,#12515);
#12515 = DEFINITIONAL_REPRESENTATION('',(#12516),#12520);
#12516 = LINE('',#12517,#12518);
#12517 = CARTESIAN_POINT('',(0.,360.));
#12518 = VECTOR('',#12519,1.);
#12519 = DIRECTION('',(1.,0.));
#12520 = ( GEOMETRIC_REPRESENTATION_CONTEXT(2) 
PARAMETRIC_REPRESENTATION_CONTEXT() REPRESENTATION_CONTEXT('2D SPACE',''
  ) );
#12521 = ORIENTED_EDGE('',*,*,#12385,.F.);
#12522 = ADVANCED_FACE('',(#12523),#12263,.F.);
#12523 = FACE_BOUND('',#12524,.F.);
#12524 = EDGE_LOOP('',(#12525,#12526,#12527,#12528));
#12525 = ORIENTED_EDGE('',*,*,#12247,.F.);
#12526 = ORIENTED_EDGE('',*,*,#12432,.T.);
#12527 = ORIENTED_EDGE('',*,*,#12362,.T.);
#12528 = ORIENTED_EDGE('',*,*,#12479,.F.);
#12529 = ADVANCED_FACE('',(#12530),#12317,.T.);
#12530 = FACE_BOUND('',#12531,.T.);
#12531 = EDGE_LOOP('',(#12532,#12533,#12534,#12535));
#12532 = ORIENTED_EDGE('',*,*,#12303,.F.);
#12533 = ORIENTED_EDGE('',*,*,#12454,.T.);
#12534 = ORIENTED_EDGE('',*,*,#12408,.T.);
#12535 = ORIENTED_EDGE('',*,*,#12501,.F.);
#12536 = ( GEOMETRIC_REPRESENTATION_CONTEXT(3) 
GLOBAL_UNCERTAINTY_ASSIGNED_CONTEXT((#12540)) 
GLOBAL_UNIT_ASSIGNED_CONTEXT((#12537,#12538,#12539)) 
REPRESENTATION_CONTEXT('Context #1',
  '3D Context with UNIT and UNCERTAINTY') );
#12537 = ( LENGTH_UNIT() NAMED_UNIT(*) SI_UNIT(.MILLI.,.METRE.) );
#12538 = ( NAMED_UNIT(*) PLANE_ANGLE_UNIT() SI_UNIT($,.RADIAN.) );
#12539 = ( NAMED_UNIT(*) SI_UNIT($,.STERADIAN.) SOLID_ANGLE_UNIT() );
#12540 = UNCERTAINTY_MEASURE_WITH_UNIT(LENGTH_MEASURE(1.E-07),#12537,
  'distance_accuracy_value','confusion accuracy');
#12541 = CONTEXT_DEPENDENT_SHAPE_REPRESENTATION(#12542,#12544);
#12542 = ( REPRESENTATION_RELATIONSHIP('','',#12205,#12182) 
REPRESENTATION_RELATIONSHIP_WITH_TRANSFORMATION(#12543) 
SHAPE_REPRESENTATION_RELATIONSHIP() );
#12543 = ITEM_DEFINED_TRANSFORMATION('','',#11,#12183);
#12544 = PRODUCT_DEFINITION_SHAPE('Placement','Placement of an item',
  #12545);
#12545 = NEXT_ASSEMBLY_USAGE_OCCURRENCE('20','','',#12177,#12200,$);
#12546 = PRODUCT_RELATED_PRODUCT_CATEGORY('part',$,(#12202));
#12547 = MECHANICAL_DESIGN_GEOMETRIC_PRESENTATION_REPRESENTATION('',(
    #12548),#11044);
#12548 = STYLED_ITEM('color',(#12549),#8912);
#12549 = PRESENTATION_STYLE_ASSIGNMENT((#12550));
#12550 = SURFACE_STYLE_USAGE(.BOTH.,#12551);
#12551 = SURFACE_SIDE_STYLE('',(#12552));
#12552 = SURFACE_STYLE_FILL_AREA(#12553);
#12553 = FILL_AREA_STYLE('',(#12554));
#12554 = FILL_AREA_STYLE_COLOUR('',#12555);
#12555 = COLOUR_RGB('',0.583831500637,0.854305825093,0.701410709185);
#12556 = MECHANICAL_DESIGN_GEOMETRIC_PRESENTATION_REPRESENTATION('',(
    #12557),#4522);
#12557 = STYLED_ITEM('color',(#12558),#2390);
#12558 = PRESENTATION_STYLE_ASSIGNMENT((#12559));
#12559 = SURFACE_STYLE_USAGE(.BOTH.,#12560);
#12560 = SURFACE_SIDE_STYLE('',(#12561));
#12561 = SURFACE_STYLE_FILL_AREA(#12562);
#12562 = FILL_AREA_STYLE('',(#12563));
#12563 = FILL_AREA_STYLE_COLOUR('',#12564);
#12564 = COLOUR_RGB('',0.527112787404,0.715240883319,0.896243869286);
#12565 = MECHANICAL_DESIGN_GEOMETRIC_PRESENTATION_REPRESENTATION('',(
    #12566),#12164);
#12566 = STYLED_ITEM('color',(#12567),#11086);
#12567 = PRESENTATION_STYLE_ASSIGNMENT((#12568));
#12568 = SURFACE_STYLE_USAGE(.BOTH.,#12569);
#12569 = SURFACE_SIDE_STYLE('',(#12570));
#12570 = SURFACE_STYLE_FILL_AREA(#12571);
#12571 = FILL_AREA_STYLE('',(#12572));
#12572 = FILL_AREA_STYLE_COLOUR('',#12564);
#12573 = MECHANICAL_DESIGN_GEOMETRIC_PRESENTATION_REPRESENTATION('',(
    #12574),#2348);
#12574 = STYLED_ITEM('color',(#12575),#80);
#12575 = PRESENTATION_STYLE_ASSIGNMENT((#12576));
#12576 = SURFACE_STYLE_USAGE(.BOTH.,#12577);
#12577 = SURFACE_SIDE_STYLE('',(#12578));
#12578 = SURFACE_STYLE_FILL_AREA(#12579);
#12579 = FILL_AREA_STYLE('',(#12580));
#12580 = FILL_AREA_STYLE_COLOUR('',#12581);
#12581 = COLOUR_RGB('',0.954687160741,0.715240883319,0.381091854454);
#12582 = MECHANICAL_DESIGN_GEOMETRIC_PRESENTATION_REPRESENTATION('',(
    #12583),#12536);
#12583 = STYLED_ITEM('color',(#12584),#12206);
#12584 = PRESENTATION_STYLE_ASSIGNMENT((#12585));
#12585 = SURFACE_STYLE_USAGE(.BOTH.,#12586);
#12586 = SURFACE_SIDE_STYLE('',(#12587));
#12587 = SURFACE_STYLE_FILL_AREA(#12588);
#12588 = FILL_AREA_STYLE('',(#12589));
#12589 = FILL_AREA_STYLE_COLOUR('',#12590);
#12590 = COLOUR_RGB('',0.906331759313,0.865042042985,0.791786885084);
#12591 = MECHANICAL_DESIGN_GEOMETRIC_PRESENTATION_REPRESENTATION('',(
    #12592),#6696);
#12592 = STYLED_ITEM('color',(#12593),#4564);
#12593 = PRESENTATION_STYLE_ASSIGNMENT((#12594));
#12594 = SURFACE_STYLE_USAGE(.BOTH.,#12595);
#12595 = SURFACE_SIDE_STYLE('',(#12596));
#12596 = SURFACE_STYLE_FILL_AREA(#12597);
#12597 = FILL_AREA_STYLE('',(#12598));
#12598 = FILL_AREA_STYLE_COLOUR('',#12555);
#12599 = MECHANICAL_DESIGN_GEOMETRIC_PRESENTATION_REPRESENTATION('',(
    #12600),#8870);
#12600 = STYLED_ITEM('color',(#12601),#6738);
#12601 = PRESENTATION_STYLE_ASSIGNMENT((#12602));
#12602 = SURFACE_STYLE_USAGE(.BOTH.,#12603);
#12603 = SURFACE_SIDE_STYLE('',(#12604));
#12604 = SURFACE_STYLE_FILL_AREA(#12605);
#12605 = FILL_AREA_STYLE('',(#12606));
#12606 = FILL_AREA_STYLE_COLOUR('',#12564);
ENDSEC;
END-ISO-10303-21;
